Date,X_exc1d_DJI,X_exc5d_DJI,X_exc1d_IXIC,X_exc5d_IXIC,X_exc1d_RUT,X_exc5d_RUT,X_breadth_up,X_disp_std,X_corr20_mean,X_corr20_chg5,X_volratio_RUT_GSPC,X_lead_RUT_1d
2005-01-04,0.002503193,,-0.009054027,,-0.007015805,,0,0.005521156,,,,
2005-01-05,0.000530117,,-0.00428164,,-0.014118548,,0,0.006785082,,,,-0.007015805
2005-01-06,-0.001138843,,-0.004092848,,0.000282751,,3,0.002000443,,,,-0.014118548
2005-01-07,-0.000350446,,0.000766954,,-0.009289439,,0,0.004737175,,,,0.000282751
2005-01-10,-0.001808417,-0.000264396,0.000611092,-0.016050468,0.003943222,-0.026197819,4,0.002401931,,,,-0.009289439
2005-01-11,-2.54E-06,-0.002770134,-0.002223359,-0.0092198,-0.003985334,-0.023167348,0,0.001930574,,,,0.003943222
2005-01-12,0.001841247,-0.001459004,0.002215134,-0.002723026,-0.001262718,-0.010311518,4,0.001626891,,,,-0.003985334
2005-01-13,-0.001932051,-0.002252211,-0.001887163,-0.000517341,0.003664795,-0.006929473,0,0.002627988,,,,-0.001262718
2005-01-14,-0.001033086,-0.002934851,0.002357789,0.001073494,0.005987986,0.008347952,4,0.003115208,,,,0.003664795
2005-01-18,-0.002945777,-0.00407221,-0.000982369,-0.000519967,0.002268702,0.006673432,4,0.002168042,,,,0.005987986
2005-01-19,0.001143733,-0.002925933,-0.005992555,-0.004289164,-0.001665425,0.008993341,0,0.003129624,,,,0.002268702
2005-01-20,0.001293161,-0.003474019,-0.005639988,-0.012144286,-0.001241603,0.009014455,0,0.003011958,,,,-0.001665425
2005-01-21,-0.001087348,-0.002629317,0.000744504,-0.00951262,0.004375663,0.009725323,0,0.002367638,,,,-0.001241603
2005-01-24,0.001185467,-0.000410764,-0.009115296,-0.020985705,-0.007242543,-0.003505206,0,0.005144517,,,,0.004375663
2005-01-25,0.00492821,0.007463222,0.001588682,-0.018414654,-0.000742947,-0.006516855,4,0.002518499,,,,-0.007242543
2005-01-26,-0.001299018,0.005020471,0.008025484,-0.004396614,0.011634724,0.006783294,4,0.006249782,,,,-0.000742947
2005-01-27,-0.003384083,0.000343228,0.000109118,0.001352492,0.000126266,0.008151163,3,0.001732175,,,,0.011634724
2005-01-28,-0.001128225,0.000302351,-0.002825335,-0.002217347,-0.003622357,0.000153143,0,0.001635874,,,,0.000126266
2005-01-31,-0.002425745,-0.003308861,0.00454689,0.011444839,0.009392821,0.016788508,4,0.005216662,,,,-0.003622357
2005-02-01,-0.000974241,-0.009211311,-0.003822059,0.006034097,-0.000286623,0.017244831,4,0.001749325,0.884040677,,1.682303523,0.009392821
2005-02-02,0.00106843,-0.006843863,-0.000103199,-0.002094586,0.002921693,0.0085318,4,0.001403738,0.868999748,,1.704578313,-0.000286623
2005-02-03,0.002421146,-0.001038635,-0.005660989,-0.007864692,-0.001448369,0.006957166,0,0.003391739,0.875880594,,1.569379197,0.002921693
2005-02-04,0.000564743,0.000654332,0.003022496,-0.002016861,0.001837755,0.012417279,4,0.001350817,0.889624563,,1.518333008,-0.001448369
2005-02-07,0.00105502,0.004135097,-0.001131707,-0.007695458,-0.000197676,0.002826781,0,0.000897048,0.901870956,,1.456745101,0.001837755
2005-02-08,0.000344831,0.005454169,0.00174827,-0.002125129,0.002810614,0.005924018,4,0.001299141,0.901897313,0.017856636,1.451414427,-0.000197676
2005-02-09,0.002953235,0.007338975,-0.007879049,-0.009900978,-0.011966829,-0.008964505,0,0.006896029,0.896363359,0.027363611,1.562725798,0.002810614
2005-02-10,0.003782959,0.008700788,-0.003934671,-0.00817466,-0.002446197,-0.009962333,4,0.003370905,0.887694008,0.011813414,1.560227719,-0.011966829
2005-02-11,-0.002594658,0.005541387,0.004508148,-0.006689008,0.005701779,-0.006098309,4,0.003875902,0.89239002,0.002765457,1.645611604,-0.002446197
2005-02-14,-0.001148761,0.003337606,0.00230847,-0.003248832,-0.000287116,-0.006187749,3,0.001476569,0.886749969,-0.015120987,1.629609079,0.005701779
2005-02-15,0.000976938,0.003969713,-0.000274261,-0.005271363,-0.003420349,-0.012418712,3,0.001904554,0.879002594,-0.022894718,1.665400137,-0.000287116
2005-02-16,-0.000406972,0.000609506,-0.001034133,0.001573553,0.005957377,0.005505494,2,0.003246856,0.858212429,-0.03815093,1.754238325,-0.003420349
2005-02-17,0.000486307,-0.002687147,-0.00462239,0.000885833,-0.004186994,0.003764698,0,0.002696633,0.863105722,-0.024588286,1.788844869,0.005957377
2005-02-18,0.00217543,0.002082941,-0.002019677,-0.005641991,-0.002300866,-0.004237947,2,0.002078076,0.870915878,-0.021474141,1.891006942,-0.004186994
2005-02-22,-0.001654628,0.001577075,0.000769437,-0.007181024,-0.004939024,-0.008889856,0,0.002532681,0.888601744,0.001851775,1.688443529,-0.002300866
2005-02-23,0.000289442,0.000889579,-0.005133722,-0.012040485,-0.001376839,-0.006846346,4,0.002493925,0.889389268,0.010386674,1.676105757,-0.004939024
2005-02-24,-0.000860791,0.00043576,0.002154549,-0.008851803,0.003386471,-0.009417252,4,0.001947228,0.905973135,0.047760706,1.585769177,-0.001376839
2005-02-25,-0.000666421,-0.000716968,-0.002608607,-0.006838019,0.006498323,0.001268065,4,0.003953047,0.912644972,0.049539249,1.605962666,0.003386471
2005-02-28,-0.000541223,-0.00343362,-0.000210512,-0.005028855,0.000977104,0.004546034,0,0.000653011,0.910698221,0.039782343,1.559124704,0.006498323
2005-03-01,0.000263506,-0.001515487,0.00383171,-0.001966582,0.001382994,0.010868053,4,0.001747514,0.912927526,0.024325782,1.496702486,0.000977104
2005-03-02,-0.001393496,-0.003198425,-0.001539405,0.001627735,-0.001608367,0.010636525,0,0.00076216,0.913550514,0.024161246,1.516612735,0.001382994
2005-03-03,0.001623744,-0.000713889,-0.004733466,-0.00526028,0.001182837,0.00843289,3,0.002916226,0.909048887,0.003075752,1.509708755,-0.001608367
2005-03-04,0.000297865,0.000250396,-0.003663995,-0.006315668,0.00080176,0.002736328,4,0.002042254,0.913356296,0.000711324,1.482857178,0.001182837
2005-03-07,-0.002944154,-0.002152535,0.00681435,0.000709194,-0.004298394,-0.00253917,2,0.004950884,0.882917807,-0.027780414,1.514465163,0.00080176
2005-03-08,0.002591501,0.00017546,-0.003192042,-0.006314559,-0.004364044,-0.008286208,0,0.00315109,0.884503972,-0.028423554,1.52397848,-0.004298394
2005-03-09,0.000383797,0.001952753,0.004307227,-0.000467927,-0.000636894,-0.007314736,0,0.002235781,0.884823506,-0.028727008,1.462810116,-0.004364044
2005-03-10,0.002383742,0.002712751,-0.00261608,0.001649459,-0.008435916,-0.016933488,2,0.004651384,0.871580381,-0.037468506,1.376978553,-0.000636894
2005-03-11,0.000477199,0.002892085,-0.001224087,0.004089367,0.007452669,-0.010282579,0,0.003916908,0.870260922,-0.043095373,1.335652984,-0.008435916
2005-03-14,-0.002814518,0.00302172,-0.000995668,-0.00372065,-0.000104356,-0.006088541,4,0.001302926,0.870385564,-0.012532243,1.290221863,0.007452669
2005-03-15,0.002038436,0.002468656,-0.000308765,-0.000837373,0.002015807,0.000291309,0,0.001265818,0.875352611,-0.009151361,1.262073995,-0.000104356
2005-03-16,-0.002366115,-0.000281256,-0.001379946,-0.006524546,0.001873343,0.002801546,0,0.00183806,0.879238147,-0.005585359,1.247290182,0.002015807
2005-03-17,-0.002431889,-0.005096887,-0.001467284,-0.00537575,0.002269709,0.013507171,3,0.002045711,0.882520293,0.010939912,1.232725497,0.001873343
2005-03-18,0.000782974,-0.004791112,-0.003818487,-0.00797015,-0.004160768,0.001893734,1,0.002553381,0.871897871,0.001636948,1.218395854,0.002269709
2005-03-21,-0.001119175,-0.003095769,0.004806952,-0.00216753,0.003338897,0.005336988,0,0.002778731,0.867181337,-0.003204227,1.207056764,-0.004160768
2005-03-22,0.001227727,-0.003906479,0.001156301,-0.000702463,0.005426555,0.008747736,0,0.002383313,0.836092515,-0.039260096,1.101797282,0.003338897
2005-03-23,-0.002084513,-0.003624877,-0.000257383,0.0004201,-0.011295889,-0.004421495,2,0.00533889,0.814058119,-0.065180028,1.174675145,0.005426555
2005-03-24,-0.000311277,-0.001504265,0.001369126,0.00325651,0.006178021,-0.000513183,2,0.003002771,0.78421067,-0.098309623,1.174039316,-0.011295889
2005-03-28,0.00164974,-0.000637499,-0.001705504,0.005369493,-0.002682358,0.000965227,3,0.001910593,0.745374495,-0.126523376,1.058505405,0.006178021
2005-03-29,-2.88E-05,0.000452914,-0.001773849,-0.001211308,-0.009575475,-0.011949145,0,0.004563328,0.755980623,-0.111200713,1.202905856,-0.002682358
2005-03-30,-0.000766637,-0.001541449,0.00229841,-6.92E-05,0.003164354,-0.014211346,4,0.001859225,0.812066542,-0.024025973,1.212563502,-0.009575475
2005-03-31,-0.002838094,-0.00229503,-0.00252171,-0.002333526,0.000970786,-0.001944671,1,0.001874421,0.808972886,-0.005085233,1.2153292,0.003164354
2005-04-01,-0.002996222,-0.004979975,-0.000720995,-0.004423646,0.000778485,-0.007344208,0,0.001627286,0.818455783,0.034245113,1.199229901,0.000970786
2005-04-04,-0.001107239,-0.007736954,0.000424457,-0.002293686,0.000882813,-0.003779037,4,0.000851567,0.802676502,0.057302007,1.21647512,0.000778485
2005-04-05,-0.000896028,-0.008604219,-0.000335903,-0.00085574,-0.003265902,0.002530536,4,0.001474696,0.826345299,0.070364675,1.206723735,0.000882813
2005-04-06,0.000365793,-0.00747179,-0.002355888,-0.005510038,0.000513034,-0.000120784,3,0.001341863,0.832923886,0.020857344,1.186604211,-0.003265902
2005-04-07,-0.000219116,-0.004852812,0.003828013,0.000839685,-0.000208761,-0.001300332,4,0.001987884,0.833158033,0.024185147,1.191193436,0.000513034
2005-04-08,0.000289544,-0.001567047,-0.001296211,0.000264468,-0.006264597,-0.008343414,0,0.003043647,0.866881911,0.048426128,1.237860577,-0.000208761
2005-04-11,-0.001230888,-0.001690696,-0.003631194,-0.003791183,-0.005887395,-0.015113621,1,0.002612423,0.876250376,0.073573875,1.284730771,-0.006264597
2005-04-12,0.000139977,-0.000654691,0.001114274,-0.002341006,0.004075248,-0.007772472,4,0.00189455,0.881013466,0.054668167,1.325799319,-0.005887395
2005-04-13,0.001880924,0.000860441,-0.003762871,-0.00374799,-0.00542858,-0.013714086,0,0.003356864,0.895731433,0.062807547,1.371091132,0.004075248
2005-04-14,-0.002052798,-0.000973241,-0.004056475,-0.011632478,-0.0076966,-0.021201924,0,0.003279029,0.911180247,0.078022214,1.443360928,-0.00542858
2005-04-15,-0.001918794,-0.003181578,-0.003144687,-0.013480954,-0.002171342,-0.017108669,0,0.001316547,0.925390202,0.058508291,1.352917394,-0.0076966
2005-04-18,-0.004549454,-0.006500144,-0.000439588,-0.010289348,0.00486746,-0.006353815,3,0.003854834,0.923368543,0.047118167,1.381992987,-0.002171342
2005-04-19,-0.000355498,-0.006995619,0.00419486,-0.007208761,0.010368451,-6.06E-05,4,0.004992078,0.931053509,0.050040044,1.468036678,0.00486746
2005-04-20,0.00191831,-0.006958233,0.003671422,0.000225532,-0.003573488,0.001794481,0,0.003104446,0.938189029,0.042457596,1.48659852,0.010368451
2005-04-21,0.000845199,-0.004060236,0.005559442,0.009841449,0.004140683,0.013631764,4,0.002643612,0.95950585,0.048325603,1.411428844,-0.003573488
2005-04-22,0.000796608,-0.001344835,-0.008746143,0.004239993,-0.009129378,0.006673728,0,0.005402247,0.95783281,0.032442608,1.429600403,0.004140683
2005-04-25,-0.000315217,0.002889402,0.00095029,0.005629871,0.003028022,0.004834291,4,0.0015074,0.961699004,0.03833046,1.434224077,-0.009129378
2005-04-26,-8.10E-05,0.003163891,-0.003159892,-0.001724881,-0.005953402,-0.011487562,0,0.002846089,0.964321918,0.033268409,1.41205473,0.003028022
2005-04-27,0.000742533,0.001988114,-0.00239236,-0.007788663,-0.004827683,-0.012741758,3,0.002522679,0.956712847,0.018523818,1.417845311,-0.005953402
2005-04-28,-0.001226963,-8.40E-05,-0.002245682,-0.015593787,-0.009412837,-0.026295277,0,0.004228519,0.960248889,0.000743039,1.441504145,-0.004827683
2005-04-29,0.000203697,-0.000676959,-0.00271925,-0.009566893,-0.004298239,-0.021464138,4,0.002183554,0.960786135,0.002953325,1.404564474,-0.009412837
2005-05-02,0.001210852,0.00084911,-0.000943515,-0.011460698,0.006542655,-0.017949505,4,0.003345082,0.958934098,-0.002764905,1.427646632,-0.004298239
2005-05-03,0.001364196,0.002294314,0.003141313,-0.005159494,-0.001506082,-0.013502186,2,0.00197889,0.95801966,-0.006302258,1.435964591,0.006542655
2005-05-04,-2.08E-05,0.001530944,0.002579135,-0.000187999,0.005815455,-0.002859048,4,0.002765378,0.962225972,0.005513126,1.446354287,-0.001506082
2005-05-05,-0.001699037,0.00105887,0.002352986,0.004410669,0.00327756,0.009831349,1,0.002258427,0.95961435,-0.000634539,1.451733826,0.005815455
2005-05-06,0.001577591,0.002432765,0.003917188,0.011047107,0.002568505,0.016698092,3,0.001650882,0.957428566,-0.003357569,1.445255014,0.00327756
2005-05-09,-0.002617093,-0.001395181,-0.000131227,0.011859394,0.004281119,0.014436556,4,0.002863972,0.958388601,-0.000545497,1.447569739,0.002568505
2005-05-10,0.000772529,-0.001986848,0.002189715,0.010907797,-0.002376143,0.013566495,0,0.001910657,0.95801265,-7.01E-06,1.42864225,0.004281119
2005-05-11,-0.002324379,-0.004290388,0.000279029,0.008607691,-0.003293931,0.004457109,4,0.001751532,0.95537895,-0.006847022,1.420364508,-0.002376143
2005-05-12,-0.000728417,-0.003319769,0.006185939,0.012440644,-0.00459762,-0.003418071,0,0.004462798,0.948720447,-0.010893903,1.401481257,-0.003293931
2005-05-13,-0.000265438,-0.005162798,0.011137741,0.019661198,-0.00374201,-0.009728586,1,0.006465604,0.928499802,-0.028928764,1.454491738,-0.00459762
2005-05-16,0.000965656,-0.001580049,-0.00114655,0.018645875,0.006476243,-0.007533461,4,0.003380382,0.934771619,-0.023616983,1.461061716,-0.00374201
2005-05-17,0.000799896,-0.001552682,-0.002071534,0.014384626,-0.000934825,-0.006092143,4,0.001236644,0.93667914,-0.021333511,1.409077682,0.006476243
2005-05-18,0.002780672,0.003552369,0.003167012,0.017272609,0.01099349,0.008195278,4,0.004721161,0.933555874,-0.021823077,1.494180804,-0.000934825
2005-05-19,-0.001902436,0.002378349,0.001212607,0.012299277,-0.00040983,0.012383068,4,0.001285214,0.919383015,-0.029337432,1.550143061,0.01099349
2005-05-20,-0.000517752,0.002126036,0.003390568,0.004552104,-0.00020926,0.015915817,1,0.001828859,0.925715956,-0.002783846,1.508516919,-0.00040983
2005-05-23,0.001076427,0.002236806,0.001142815,0.006841469,0.001817966,0.01125754,4,0.000751656,0.922876413,-0.011895206,1.513969486,-0.00020926
2005-05-24,-0.002066722,-0.000629811,0.002237889,0.011150891,-4.53E-05,0.012147066,3,0.001758558,0.916719156,-0.019959984,1.505299698,0.001817966
2005-05-25,-0.000971673,-0.004382157,-0.002187877,0.005796002,-0.007337636,-0.00618406,0,0.003267217,0.923219534,-0.010336339,1.539940592,-4.53E-05
2005-05-26,0.001227152,-0.001252568,0.003874541,0.008457936,0.007219958,0.001445728,4,0.003198437,0.909186346,-0.010196669,1.52163148,-0.007337636
2005-05-27,-0.000498493,-0.001233309,0.001197285,0.006264652,0.002604465,0.004259453,4,0.001382913,0.916635575,-0.009080381,1.606617536,0.007219958
2005-05-31,-0.001054698,-0.003364434,0.00246681,0.007588647,0.005783337,0.008224824,0,0.00303869,0.916207001,-0.006669412,1.534054773,0.002604465
2005-06-01,-0.00111661,-0.002414322,0.000494544,0.005845303,0.002377861,0.010647984,4,0.001457728,0.920620513,0.003901357,1.505219662,0.005783337
2005-06-02,-0.001377306,-0.002819955,0.00302914,0.011062319,0.00068157,0.01866719,4,0.001841739,0.907440713,-0.015778822,1.520784178,0.002377861
2005-06-03,-0.001914651,-0.005961758,-0.005759223,0.001428556,-0.001041528,0.010405704,0,0.002511955,0.901327401,-0.007858945,1.514411866,0.00068157
2005-06-06,-0.000665834,-0.006129099,0.000843184,0.001074455,0.003001983,0.010803222,4,0.00159574,0.901729898,-0.014905677,1.520577744,-0.001041528
2005-06-07,0.00174005,-0.003334352,-0.003942926,-0.005335281,0.001556368,0.006576253,2,0.002638953,0.890319593,-0.025887408,1.515996253,0.003001983
2005-06-08,0.001573032,-0.00064471,-0.00121673,-0.007046555,-0.003154993,0.001043399,0,0.001995886,0.871888488,-0.048732025,1.578326323,0.001556368
2005-06-09,-0.002732527,-0.00199993,0.002861578,-0.007214117,0.004014208,0.004376037,4,0.003026414,0.874913499,-0.032527214,1.592351536,-0.003154993
2005-06-10,0.003265588,0.003180309,-0.004368937,-0.005823832,0.00251073,0.007928295,2,0.00344288,0.85656275,-0.044764652,1.592145418,0.004014208
2005-06-13,-0.001315207,0.002530937,0.000625504,-0.006041513,0.002026359,0.006952671,4,0.001388103,0.897733271,-0.003996626,1.567000871,0.00251073
2005-06-14,-0.000195961,0.000594926,-0.002531306,-0.004629892,0.005930837,0.01132714,4,0.003608094,0.882552058,-0.007767535,1.58554372,0.002026359
2005-06-15,-0.000434457,-0.001412564,0.000622557,-0.002790605,0.002188704,0.016670838,4,0.001148108,0.890075887,0.018187399,1.641009513,0.005930837
2005-06-16,-0.002461997,-0.001142034,0.003211151,-0.002441032,0.00705394,0.01971057,4,0.004119422,0.854661264,-0.020252235,1.569669102,0.002188704
2005-06-17,-0.000752288,-0.00515991,-0.004483003,-0.002555097,-0.004694149,0.012505691,4,0.002452879,0.83395809,-0.02260466,1.568531953,0.00705394
2005-06-20,-0.000608065,-0.004452769,-0.000240958,-0.003421559,-0.002947707,0.007531625,0,0.001355605,0.838605775,-0.059127497,1.598932218,-0.004694149
2005-06-21,0.001159382,-0.003097425,0.003456677,0.002566424,0.00080235,0.002403138,1,0.001482875,0.831422723,-0.051129335,1.599756755,-0.002947707
2005-06-22,-0.001330686,-0.003993654,0.000236503,0.002180369,0.003530052,0.003744485,3,0.002065959,0.834317725,-0.055758162,1.596971374,0.00080235
2005-06-23,-0.004957224,-0.00648888,0.00062461,-0.000406171,-0.003713984,-0.007023439,0,0.002742927,0.867672403,0.013011139,1.45624539,0.003530052
2005-06-24,-0.004273146,-0.010009738,-0.000775732,0.0033011,0.001790124,-0.000539165,0,0.002543699,0.861587748,0.027629658,1.354746817,-0.003713984
2005-06-27,5.30E-05,-0.009348649,-0.003199295,0.000342763,-0.002597889,-0.000189347,0,0.001706701,0.855551305,0.01694553,1.368054126,0.001790124
2005-06-28,0.002002551,-0.00850548,0.002903785,-0.000210129,0.011648236,0.01065654,4,0.005151379,0.887289999,0.055867276,1.568829008,-0.002597889
2005-06-29,-0.001565543,-0.008740338,0.000949227,0.000502596,0.003425905,0.010552393,1,0.00209088,0.874604263,0.040286538,1.638693849,0.011648236
2005-06-30,-0.00251194,-0.006295054,0.001343201,0.001221187,0.002291559,0.016557936,0,0.002085673,0.88010487,0.012432467,1.586338508,0.003425905
2005-07-01,0.000159934,-0.001861975,-0.002407735,-0.000410816,0.002663039,0.017430851,4,0.002071347,0.870979376,0.009391629,1.596788375,0.002291559
2005-07-05,-0.002181149,-0.004096148,0.001544374,0.004332853,0.006928509,0.026957248,4,0.003883738,0.883643739,0.028092434,1.592170236,0.002663039
2005-07-06,-0.001422028,-0.007520727,0.003504756,0.004933824,0.000753383,0.016062395,0,0.002070602,0.895756611,0.008466612,1.542787401,0.006928509
2005-07-07,0.000623951,-0.005331232,0.00093391,0.004918507,-0.000861515,0.011774974,4,0.000792146,0.898545998,0.023941735,1.50945733,0.000753383
2005-07-08,0.002542059,-0.000277233,0.006161375,0.00973668,0.007970814,0.017454229,4,0.003580077,0.918285156,0.038180286,1.514074314,-0.000861515
2005-07-11,0.000496589,5.94E-05,0.004380778,0.016525193,0.008158979,0.022950168,4,0.003808769,0.934159093,0.063179717,1.546006388,0.007970814
2005-07-12,-0.002823333,-0.000582763,0.00133969,0.016320509,-0.003684231,0.012337428,2,0.00235675,0.927846421,0.044202682,1.556202981,0.008158979
2005-07-13,0.00324553,0.004084795,-0.000435385,0.012380368,-0.005575288,0.006008758,3,0.003646704,0.918321007,0.022564396,1.571592758,-0.003684231
2005-07-14,0.004129075,0.007589919,0.001433442,0.0128799,-0.009579538,-0.002709265,3,0.005967619,0.889219602,-0.009326396,1.606939482,-0.005575288
2005-07-15,-3.44E-05,0.005013492,0.000680608,0.007399133,-7.18E-05,-0.010751904,4,0.000359203,0.892845313,-0.025439843,1.579980678,-0.009579538
2005-07-18,-0.000661641,0.003855262,7.67E-06,0.003026025,-0.002289809,-0.021200692,0,0.001082373,0.906897713,-0.02726138,1.599833575,-7.18E-05
2005-07-19,3.61E-05,0.006714697,0.006403611,0.008089946,0.008810228,-0.008706232,4,0.004490266,0.910097692,-0.017748729,1.627804362,-0.002289809
2005-07-20,-0.000754856,0.002714311,0.002309586,0.010834917,0.008176051,0.005045107,4,0.004044741,0.911024781,-0.007296226,1.658075827,0.008810228
2005-07-21,0.000869162,-0.000545602,0.002062184,0.011463659,-0.008930119,0.005694526,0,0.005025228,0.910942997,0.021723396,1.720732346,0.008176051
2005-07-22,-0.003196507,-0.00370774,-0.004873734,0.005909318,0.010486052,0.016252404,4,0.006891279,0.87978118,-0.013064133,1.820230543,-0.008930119
2005-07-25,-0.001372388,-0.004418487,-0.002205518,0.00369613,-0.006292224,0.012249989,0,0.002707088,0.883799719,-0.023097994,1.939296673,0.010486052
2005-07-26,-0.00330985,-0.00776444,0.002528422,-0.00017906,0.003604503,0.007044264,3,0.003073978,0.881348632,-0.02874906,1.930979683,-0.006292224
2005-07-27,0.00084079,-0.006168794,0.00012778,-0.002360866,-0.004117899,-0.005249686,4,0.002250983,0.860011467,-0.051013314,1.871659187,0.003604503
2005-07-28,0.000827825,-0.00621013,-1.35E-05,-0.00443659,0.006430966,0.0101114,4,0.003104802,0.863820114,-0.047122883,1.900269694,-0.004117899
2005-07-29,0.00164378,-0.001369843,0.001490106,0.00192725,0.002871732,0.002497079,0,0.001176494,0.86434278,-0.0154384,1.883027136,0.006430966
2005-08-01,-0.002617888,-0.002615343,0.003869555,0.008002323,0.003529404,0.012318707,3,0.003085927,0.863042872,-0.020756847,1.881970177,0.002871732
2005-08-02,-0.001386775,-0.000692268,0.003244234,0.008718136,0.001253746,0.00996795,4,0.0019664,0.857352971,-0.023995661,1.853697039,0.003529404
2005-08-03,0.000556246,-0.000976812,-0.00134346,0.007246896,-0.008218016,0.005867832,2,0.00405695,0.846064085,-0.013947382,2.048623337,0.001253746
2005-08-04,-0.00081151,-0.002616147,-0.004164502,0.003095935,-0.009630207,-0.010193341,0,0.004374437,0.871310391,0.007490277,2.05500841,-0.008218016
2005-08-05,0.002748073,-0.001511854,0.001529208,0.003135036,-0.005894412,-0.018959485,0,0.003828868,0.853260299,-0.011082481,2.05691827,-0.009630207
2005-08-08,0.000685707,0.001791741,-0.003540903,-0.004275422,-0.00213837,-0.024627259,0,0.001944813,0.837706409,-0.025336463,2.008941487,-0.005894412
2005-08-09,0.00072266,0.003901176,-0.002204707,-0.009724364,-0.005389084,-0.03127009,4,0.002746033,0.833441169,-0.023911803,1.937430929,-0.00213837
2005-08-10,-0.000175796,0.003169134,-0.005733419,-0.014114323,0.001344265,-0.021707808,0,0.003135834,0.832689147,-0.013374938,1.921718953,-0.005389084
2005-08-11,0.001560498,0.005541142,0.000690793,-0.009259028,0.002325745,-0.009751857,4,0.001013924,0.867823684,-0.003486707,1.874446468,0.001344265
2005-08-12,-0.002028409,0.00076466,-0.002137276,-0.012925513,-0.003592697,-0.007450142,0,0.001476679,0.874571908,0.021311609,1.854251146,0.002325745
2005-08-15,0.000384569,0.000463522,0.001865875,-0.007518734,0.005684808,0.000373036,4,0.002595147,0.872179603,0.034473194,1.901682587,-0.003592697
2005-08-16,0.000409137,0.000149999,-0.002085252,-0.007399279,-0.004863523,0.000898597,0,0.002413698,0.883053225,0.049612056,1.76809937,0.005684808
2005-08-17,0.002799892,0.003125688,0.003040502,0.001374642,-0.000417068,-0.000862736,4,0.001817038,0.875957145,0.043267998,1.71484467,-0.004863523
2005-08-18,0.001400147,0.002965336,-0.003236745,-0.002552896,-0.004558658,-0.007747139,1,0.002768481,0.872298926,0.004475242,1.68053399,-0.000417068
2005-08-19,-0.000158437,0.004835309,-0.000809296,-0.001224915,0.001459197,-0.002695245,3,0.000957242,0.892665926,0.018094018,1.57566629,-0.004558658
2005-08-22,-0.000645821,0.003804918,0.001080737,-0.002010053,0.005917834,-0.002462218,4,0.002973016,0.886049056,0.013869453,1.589119286,0.001459197
2005-08-23,-0.001376666,0.002019115,0.00144991,0.001525109,0.000347804,0.002749108,0,0.001165346,0.892092835,0.00903961,1.561425406,0.005917834
2005-08-24,-0.00149316,-0.002273937,0.002682151,0.001166758,0.005890063,0.009056239,0,0.003244896,0.879114029,0.003156884,1.554260772,0.000347804
2005-08-25,-0.000786528,-0.004460612,0.000265819,0.004669322,0.001802715,0.015417613,4,0.001084463,0.871787467,-0.000511459,1.510803251,0.005890063
2005-08-26,0.000897533,-0.003404642,-0.00037775,0.005100867,-0.007856446,0.006101969,0,0.004050323,0.876433779,-0.016232147,1.616360583,0.001802715
2005-08-29,0.000364408,-0.002394412,0.001987432,0.006007562,0.004305414,0.004489549,4,0.00196125,0.896522103,0.010473047,1.612356178,-0.007856446
2005-08-30,-0.001614781,-0.002632528,-0.000500313,0.004057339,0.000814083,0.004955829,0,0.001016105,0.886990807,-0.005102028,1.645089407,0.004305414
2005-08-31,-0.003232271,-0.004371639,0.000614398,0.001989586,0.009499028,0.008564793,4,0.005453409,0.909558128,0.030444099,1.693096515,0.000814083
2005-09-01,-0.003130211,-0.006715322,-0.002980912,-0.001257144,0.001874477,0.008636555,2,0.002429707,0.897403714,0.025616246,1.623100087,0.009499028
2005-09-02,0.001753865,-0.00585899,-0.000258184,-0.001137578,-0.004762333,0.011730669,0,0.002778174,0.893486997,0.017053218,1.621510198,0.001874477
2005-09-06,0.000948248,-0.005275151,-0.000566454,-0.003691464,0.004129483,0.011554738,4,0.002096407,0.912875629,0.016353526,1.547392586,-0.004762333
2005-09-07,0.001765902,-0.001894467,-2.20E-05,-0.003213167,0.001796772,0.012537426,4,0.001034927,0.924107031,0.037116225,1.594744616,0.004129483
2005-09-08,0.0002611,0.001598904,0.001034344,-0.002793221,-0.001899879,0.00113852,0,0.001245826,0.933833372,0.024275244,1.60147291,0.001796772
2005-09-09,-0.000165176,0.004563939,-0.003566081,-0.00337839,-0.001155587,-0.001891544,4,0.001644109,0.927372128,0.029968414,1.568513508,-0.001899879
2005-09-12,0.001151427,0.003961501,0.004100374,0.000980168,0.004818214,0.007689003,3,0.002309599,0.91790282,0.024415823,1.56154288,-0.001155587
2005-09-13,-0.00046194,0.002551314,0.002484732,0.004031353,-0.003785808,-0.000226288,0,0.002578279,0.921639051,0.008763422,1.547809092,0.004818214
2005-09-14,-0.001683456,-0.000898045,-0.007090413,-0.003037043,-0.006836782,-0.008859842,0,0.00360215,0.896185622,-0.027921409,1.62022129,-0.003785808
2005-09-15,0.000848197,-0.000310948,-0.001945044,-0.006016431,-0.001860962,-0.008820926,2,0.001387883,0.899140697,-0.034692675,1.623068983,-0.006836782
2005-09-16,-0.000409643,-0.000555415,-0.001662784,-0.004113134,0.001552573,-0.006112765,4,0.001326095,0.910999763,-0.016372364,1.56096959,-0.001860962
2005-09-19,-0.002372637,-0.004079479,-0.001428138,-0.009641646,-0.001827098,-0.012758077,0,0.00101473,0.915957202,-0.001945618,1.552353458,0.001552573
2005-09-20,0.000659373,-0.002958166,0.001379994,-0.010746384,-0.001731606,-0.010703875,0,0.001330907,0.923225287,0.001586236,1.50896657,-0.001827098
2005-09-21,-0.00075957,-0.00203428,-0.002489031,-0.006145002,-0.007150884,-0.011017977,0,0.003207805,0.932561904,0.036376282,1.547787878,-0.001731606
2005-09-22,0.000586965,-0.002295511,-0.001682321,-0.005882279,-0.00177038,-0.010927395,4,0.001191059,0.943184523,0.044043826,1.579232207,-0.007150884
2005-09-23,-0.000787559,-0.002673428,0.002315394,-0.001904101,0.006030469,-0.006449499,3,0.003058642,0.937784866,0.026785103,1.595333911,-0.00177038
2005-09-26,0.002024837,0.001724047,0.001900359,0.001424396,0.006925824,0.002303423,4,0.002957601,0.934292185,0.018334982,1.571201175,0.006030469
2005-09-27,0.001179142,0.002243816,-0.00240327,-0.002358868,-0.001586098,0.002448931,2,0.001602857,0.929051887,0.0058266,1.566580412,0.006925824
2005-09-28,0.00060177,0.003605156,-0.00149334,-0.001363177,-0.005770981,0.003828834,2,0.002875124,0.924463292,-0.008098612,1.588105928,-0.001586098
2005-09-29,-0.001247555,0.001770636,0.003304055,0.003623199,0.00478265,0.010381863,4,0.00280793,0.927741362,-0.015443161,1.51804978,-0.005770981
2005-09-30,0.000587447,0.003145643,0.00395779,0.005265595,0.003236497,0.007587891,4,0.001944673,0.929740144,-0.008044722,1.522756843,0.00478265
2005-10-03,-0.001429496,-0.000308691,0.003455327,0.006820563,0.005828216,0.006490283,2,0.003292888,0.920344418,-0.013947766,1.505856131,0.003236497
2005-10-04,0.001022133,-0.0004657,0.002536415,0.011760248,-3.72E-05,0.008039179,0,0.001208246,0.906863897,-0.02218799,1.486807178,0.005828216
2005-10-05,0.003076057,0.002008586,-0.002133311,0.011120277,-0.013822877,-1.27E-05,0,0.007384909,0.921363116,-0.003100176,1.620020709,-3.72E-05
2005-10-06,0.001166783,0.004422924,-0.004942783,0.002873439,-0.004506742,-0.009302109,0,0.003106566,0.917090456,-0.010650905,1.629450389,-0.013822877
2005-10-07,-0.003188116,0.00064736,-0.000690429,-0.001774781,0.003908149,-0.008630457,4,0.002939058,0.916839244,-0.012900901,1.709674165,-0.004506742
2005-10-10,0.001975532,0.004052388,0.001708936,-0.003521172,-0.002727821,-0.017186493,0,0.002162976,0.919231758,-0.00111266,1.680091287,0.003908149
2005-10-11,0.003480415,0.00651067,-0.006539487,-0.012597074,-0.0103704,-0.027519691,1,0.00625395,0.89676105,-0.010102847,1.724557122,-0.002727821
2005-10-12,0.0025439,0.005978513,-0.005439571,-0.015903334,-0.007511663,-0.021208477,0,0.004669307,0.896751946,-0.02461117,1.730256494,-0.0103704
2005-10-13,0.000682244,0.005493975,0.005487529,-0.005473022,0.003460952,-0.013240783,2,0.002540925,0.893303057,-0.023787399,1.749666581,-0.007511663
2005-10-14,-0.001332752,0.007349339,0.00033128,-0.004451313,0.007477601,-0.009671331,4,0.003971374,0.899280421,-0.017558822,1.825039717,0.003460952
2005-10-17,0.002918323,0.00829213,-0.000324958,-0.006485208,-0.002623207,-0.009566717,4,0.002273265,0.896027816,-0.023203942,1.807354485,0.007477601
2005-10-18,0.00400927,0.008820985,0.00316918,0.00322346,-0.002626921,-0.001823238,0,0.003046285,0.896257895,-0.000503155,1.788009444,-0.002623207
2005-10-19,-0.002393291,0.003883793,0.002149801,0.010812832,0.005604605,0.01129303,4,0.003394883,0.911388127,0.014636181,1.685396434,-0.002626921
2005-10-20,0.002277335,0.005478884,0.004011654,0.009336956,-0.001836084,0.005995994,0,0.002562143,0.916148498,0.022845441,1.612923282,0.005604605
2005-10-21,-0.00794704,-0.001135404,0.005276054,0.01428173,0.006717823,0.005236216,3,0.006633931,0.887254454,-0.012025967,1.617812062,-0.001836084
2005-10-24,-0.00015415,-0.004207877,-0.000620473,0.013986216,0.005046198,0.012905622,4,0.002665288,0.90756765,0.011539834,1.538499522,0.006717823
2005-10-25,0.001683878,-0.006533269,-0.000649311,0.010167724,-0.003632459,0.011900083,0,0.002218449,0.90852136,0.012263466,1.542663062,0.005046198
2005-10-26,0.001147546,-0.002992432,-0.000144262,0.007873662,-0.002422243,0.003873235,0,0.001494609,0.912115635,0.000727508,1.542462066,-0.003632459
2005-10-27,-0.00065123,-0.005920997,-0.006876878,-0.003014869,-0.012251695,-0.006542376,0,0.005773775,0.91120346,-0.004945038,1.594818314,-0.002422243
2005-10-28,0.000338475,0.002364518,-0.003861111,-0.012152034,0.001532199,-0.011727999,4,0.002336658,0.919139433,0.031884979,1.515152611,-0.012251695
2005-10-31,-0.003571283,-0.001052614,0.007300491,-0.004231071,0.010448204,-0.006325994,4,0.006454106,0.918169644,0.010601993,1.551112697,0.001532199
2005-11-01,0.000332505,-0.002403987,0.000575262,-0.003006497,-0.002040138,-0.004733673,0,0.001194862,0.918218982,0.009697622,1.576505667,0.010448204
2005-11-02,-0.003609341,-0.007160874,0.004284677,0.001422441,0.011656632,0.009345201,4,0.006563625,0.907891963,-0.004223672,1.57653208,-0.002040138
2005-11-03,0.000494485,-0.00601516,0.00313711,0.011436429,-0.001640706,0.01995619,4,0.001982169,0.907063144,-0.004140316,1.564941037,0.011656632
2005-11-04,0.000612127,-0.005741507,0.004090385,0.019387925,-0.001090457,0.017333535,3,0.002238549,0.907923565,-0.011215868,1.560709395,-0.001640706
2005-11-07,0.00306775,0.000897525,0.001866859,0.013954294,0.002482905,0.009368236,4,0.001329936,0.904176725,-0.013992919,1.571954081,-0.001090457
2005-11-08,-0.000946081,-0.00038106,0.000620567,0.013999599,-0.004148426,0.007259949,0,0.002120187,0.917424997,-0.000793985,1.541204856,0.002482905
2005-11-09,-0.001073501,0.00215478,3.13E-05,0.009746197,0.003781845,-0.000614838,4,0.002127546,0.919084149,0.011192186,1.516249061,-0.004148426
2005-11-10,0.000452498,0.002112794,0.001135265,0.007744352,-0.000711288,0.00031458,4,0.0007762,0.920653405,0.013590261,1.50377748,0.003781845
2005-11-11,0.001258496,0.002759163,-0.000417533,0.003236434,-0.000451509,0.000953527,4,0.000800851,0.919171992,0.011248427,1.484957324,-0.000711288
2005-11-14,0.001818768,0.001510181,8.74E-05,0.001456968,-0.003325644,-0.004855022,1,0.002150328,0.922057788,0.017881063,1.490858574,-0.000451509
2005-11-15,0.002853925,0.005310186,-0.002619767,-0.001783366,-0.007807954,-0.008514551,0,0.004532535,0.91516067,-0.002264327,1.544257432,-0.003325644
2005-11-16,-0.002882053,0.003501634,-0.001244404,-0.003059046,-0.004214238,-0.016510634,2,0.001845966,0.904063884,-0.015020265,1.565819567,-0.007807954
2005-11-17,-0.005119946,-0.00207081,0.00538896,0.001194649,0.009544908,-0.006254437,4,0.006384401,0.885088228,-0.035565177,1.732816903,-0.004214238
2005-11-18,-9.96E-05,-0.00342895,-0.001419184,0.000192998,0.003194013,-0.002608915,4,0.001959946,0.914365084,-0.004806908,1.729782294,0.009544908
2005-11-21,-0.000258918,-0.005506636,0.001276822,0.001382427,0.004719208,0.005435938,4,0.002290533,0.904077099,-0.017980688,1.831169106,0.003194013
2005-11-22,-0.000355354,-0.008715914,0.000218729,0.004220924,0.000202123,0.013446014,4,0.00026702,0.902682534,-0.012478136,1.82548899,0.004719208
2005-11-23,0.000632827,-0.005201035,-0.000622047,0.004843281,-0.002602717,0.015057536,4,0.001400239,0.895806689,-0.008257195,1.85619638,0.000202123
2005-11-25,-0.000662105,-0.000743194,-0.000743955,-0.001289634,-0.001439909,0.004072718,4,0.00058887,0.847038132,-0.038050096,1.8292421,-0.002602717
2005-11-28,0.004795723,0.004152172,-0.001956946,-0.001827396,-0.009285488,-0.008406782,0,0.005849754,0.87640268,-0.037962404,2.07169384,-0.001439909
2005-11-29,-0.000250971,0.00416012,-0.002994472,-0.006098691,0.003240132,-0.009885859,2,0.002551359,0.879892372,-0.024184727,1.984067345,-0.009285488
2005-11-30,-0.001204205,0.003311268,0.006431568,0.000114148,0.011711695,0.001623713,2,0.006006831,0.809876715,-0.092805819,1.864131506,0.003240132
2005-12-01,-0.002257956,0.000420486,0.003183128,0.003919323,0.006812618,0.011039047,4,0.003944366,0.82883799,-0.066968699,1.733743598,0.011711695
2005-12-02,-0.003542104,-0.002459514,0.002406967,0.007070245,0.00019735,0.012676306,3,0.00246029,0.822434251,-0.02460388,1.741027354,0.006812618
2005-12-05,-0.00154852,-0.008803757,-0.004577115,0.004450076,-0.00344288,0.018518914,0,0.002025849,0.833512501,-0.042890179,1.747249648,0.00019735
2005-12-06,0.000739797,-0.007812988,0.000106235,0.007550783,0.000195177,0.015473959,4,0.00032947,0.835852146,-0.044040226,1.743675454,-0.00344288
2005-12-07,0.000780306,-0.005828477,0.001143764,0.002262979,-0.001647043,0.002115221,0,0.001239709,0.837132729,0.027256014,1.703249982,0.000195177
2005-12-08,-0.003956303,-0.007526824,-0.001249939,-0.002170088,0.004447987,-0.00024941,1,0.003505021,0.825970912,-0.002867078,1.685395674,-0.001647043
2005-12-09,-0.00062804,-0.00461276,0.00175428,-0.002822775,0.002360567,0.001913807,4,0.001414774,0.820814201,-0.001620051,1.754645197,0.004447987
2005-12-12,-0.001844852,-0.004909092,0.00102682,0.00278116,0.000275867,0.005632554,3,0.001219352,0.822840756,-0.010671744,1.761387806,0.002360567
2005-12-13,-0.000355668,-0.006004557,-0.003748594,-0.001073669,-0.006278118,-0.000840741,3,0.0029802,0.810209823,-0.025642322,1.717588406,0.000275867
2005-12-14,0.001328003,-0.005456861,-0.005245324,-0.007462757,-0.00204966,-0.001243357,3,0.00286222,0.793541674,-0.043591055,1.637231341,-0.006278118
2005-12-15,0.001246248,-0.00025431,0.000548581,-0.005664237,-0.006961472,-0.012652816,0,0.003814124,0.790853739,-0.035117173,1.679640341,-0.00204966
2005-12-16,0.002293445,0.002667175,-0.000759315,-0.008177832,0.000439818,-0.014573565,0,0.001298174,0.78230496,-0.03850924,1.578031168,-0.006961472
2005-12-19,0.002258176,0.006770203,-0.007435028,-0.016639679,-0.010140236,-0.024989668,0,0.005903391,0.789232137,-0.033608619,1.67945605,0.000439818
2005-12-20,-0.002624809,0.004501062,9.42E-05,-0.012796916,0.001026308,-0.017685242,1,0.001569081,0.769919127,-0.040290697,1.655106885,-0.010140236
2005-12-21,9.11E-05,0.00326414,0.001635501,-0.00591609,0.007778427,-0.007857156,4,0.003678804,0.763378933,-0.030162741,1.748554764,0.001026308
2005-12-22,0.000917198,0.00293509,0.002411435,-0.004053237,0.002152642,0.001256958,4,0.001122355,0.77537296,-0.015480778,1.764288087,0.007778427
2005-12-23,-0.000992614,-0.000350969,0.000877609,-0.002416312,0.003018163,0.003835303,3,0.001708577,0.774021059,-0.008283901,1.779785067,0.002152642
2005-12-27,-0.000141759,-0.002750905,-0.000467116,0.004551599,-0.004868794,0.009106745,0,0.002341099,0.800703445,0.011471307,1.666522957,0.003018163
2005-12-28,0.000417744,0.000291648,-0.000376211,0.004081218,0.003863366,0.011943803,4,0.001951886,0.805921907,0.03600278,1.673127075,-0.004868794
2005-12-29,0.001924832,0.0021254,-0.001863156,0.00058256,-0.000137172,0.004028204,0,0.001548518,0.854548516,0.091169583,1.728657876,0.003863366
2005-12-30,-0.001362996,-0.000154793,-0.000906626,-0.002735501,-0.002117491,-0.000241929,0,0.000885401,0.800903667,0.025530707,1.778792979,-0.000137172
2006-01-03,-0.004248528,-0.003410707,0.000974494,-0.002638617,-0.000338095,-0.003598187,4,0.0022987,0.870038775,0.096017716,1.450420739,-0.002117491
2006-01-04,-0.000652257,-0.003921204,0.005084522,0.002913022,0.003907089,0.005177697,4,0.00283766,0.867412024,0.066708579,1.461797605,-0.000338095
2006-01-05,0.000168084,-0.004170864,0.005891425,0.009180658,0.003633788,0.004948119,4,0.002854911,0.85965298,0.053731073,1.468745759,0.003907089
2006-01-06,-0.002290102,-0.008385799,0.003192409,0.014236224,0.00159947,0.006684762,4,0.002340201,0.868373719,0.013825203,1.446347928,0.003633788
2006-01-09,0.001137562,-0.005885241,0.002002978,0.017145828,0.006096866,0.014899118,4,0.00265489,0.884073758,0.08317009,1.484828549,0.00159947
2006-01-10,0.000327587,-0.001309126,0.001059467,0.017230801,0.007059918,0.022297131,2,0.003328382,0.875474029,0.005435254,1.492079627,0.006096866
2006-01-11,-0.000586325,-0.001243195,0.0012712,0.013417479,-0.003194222,0.01519582,4,0.001878703,0.874240929,0.006828905,1.486971911,0.007059918
2006-01-12,-0.001075002,-0.002486281,-1.84E-05,0.007507642,8.79E-05,0.011649971,0,0.000551046,0.891558842,0.031905863,1.476298386,-0.003194222
2006-01-13,-0.001431637,-0.001627815,-0.00105334,0.003261892,0.001127363,0.011177864,3,0.001150258,0.90545115,0.037077431,1.490831315,8.79E-05
2006-01-17,-0.002174076,-0.004939452,-0.002571338,-0.001312423,-0.003185733,0.001895265,0,0.001385822,0.917810905,0.033737148,1.459968912,0.001127363
2006-01-18,9.27E-05,-0.005174305,-0.006155548,-0.008527437,0.004132361,-0.001032292,1,0.004244373,0.908790793,0.033316764,1.443674124,-0.003185733
2006-01-19,-0.003169699,-0.007757678,0.004130054,-0.005668584,0.010184524,0.012346455,4,0.005767055,0.914187922,0.039946993,1.379709313,0.004132361
2006-01-20,-0.001303779,-0.007986455,-0.005292024,-0.010942196,0.003927927,0.016186443,0,0.003801516,0.931576363,0.040017521,1.226425973,0.010184524
2006-01-23,0.000156939,-0.00639788,-0.001502761,-0.011391617,0.002714319,0.017773399,4,0.0017495,0.932602967,0.027151817,1.202957258,0.003927927
2006-01-24,-0.000211042,-0.004434846,0.005032608,-0.003787671,0.011905068,0.0328642,4,0.005690848,0.924434321,0.006623416,1.264029751,0.002714319
2006-01-25,0.001490728,-0.003036853,-0.000310571,0.002057306,-0.000466755,0.028265084,0,0.000896167,0.921980125,0.013189331,1.270065323,0.011905068
2006-01-26,0.002060039,0.002192884,0.002629121,0.000556373,0.009442759,0.027523319,4,0.004098534,0.920122463,0.005934542,1.255255806,-0.000466755
2006-01-27,0.001267444,0.004764108,0.001522174,0.00737057,-0.002613184,0.020982208,4,0.001892474,0.912486779,-0.019089584,1.224282671,0.009442759
2006-01-30,-0.001813024,0.002794145,-3.84E-05,0.00883497,-0.002989808,0.015278081,2,0.001456959,0.910185806,-0.022417161,1.228237613,-0.002613184
2006-01-31,0.000762298,0.003767485,0.003567746,0.007370108,0.007166914,0.010539926,1,0.003247027,0.903424939,-0.021009382,1.181969098,-0.002989808
2006-02-01,0.006308843,0.0085856,0.000196017,0.007876696,0.001247252,0.012253933,4,0.002964892,0.87779394,-0.044186185,1.288598452,0.007166914
2006-02-02,-0.000250539,0.006275022,-0.003524107,0.001723468,-0.003527007,-0.000715833,0,0.00196582,0.891761126,-0.028361338,1.339051122,0.001247252
2006-02-03,-1.93E-05,0.004988232,-0.002985023,-0.002783729,0.002573884,0.004471235,0,0.002272245,0.897809447,-0.014677332,1.329317111,-0.003527007
2006-02-06,-0.000352232,0.006449024,-0.002454964,-0.005200331,0.00427189,0.011732933,3,0.00282038,0.891541702,-0.018644104,1.38225151,0.002573884
2006-02-07,0.00362518,0.009311906,0.001981632,-0.006786445,-0.006695447,-0.002129428,0,0.004531428,0.877127988,-0.026296951,1.449729774,0.00427189
2006-02-08,0.001450277,0.00445334,0.001135293,-0.00584717,-0.003091417,-0.006468097,4,0.002072445,0.876406401,-0.001387539,1.358957494,-0.006695447
2006-02-09,0.003753408,0.008457287,-0.00343419,-0.005757254,-0.002690051,-0.005631141,1,0.003251302,0.873000935,-0.018760191,1.385988504,-0.003091417
2006-02-10,0.000738142,0.009214774,0.000123766,-0.002648464,-0.003971954,-0.012176979,3,0.002153949,0.864104773,-0.033704675,1.38084924,-0.002690051
2006-02-13,0.000814053,0.010381059,-0.006540185,-0.006733684,-0.005980908,-0.022429777,0,0.003870584,0.861400225,-0.030141477,1.419824577,-0.003971954
2006-02-14,0.00243202,0.009187899,-4.94E-05,-0.008764711,0.002840441,-0.012893889,4,0.001545441,0.872038318,-0.00508967,1.373815701,-0.005980908
2006-02-15,-0.000729263,0.007008359,0.002785625,-0.007114379,0.003976791,-0.005825681,4,0.002236565,0.877404803,0.000998402,1.389711852,0.002840441
2006-02-16,-0.001736837,0.001518114,0.000661755,-0.003018434,0.002060244,-0.001075386,4,0.001576546,0.889562921,0.016561986,1.31542531,0.003976791
2006-02-17,0.001179058,0.00195903,-0.003700414,-0.006842615,0.000321288,0.003217855,0,0.002158425,0.862794943,-0.001309829,1.545467256,0.002060244
2006-02-21,-0.000894682,0.000250295,-0.005260476,-0.005562906,-0.002431629,0.006767134,0,0.002305982,0.868364094,0.006963869,1.548314197,0.000321288
2006-02-22,-0.001351024,-0.003532749,0.00140573,-0.00410778,0.001759288,0.005685982,4,0.001422884,0.890400933,0.018362615,1.43727664,-0.002431629
2006-02-23,-0.002337617,-0.005141103,0.002094668,-0.004798737,0.002308839,0.00401803,0,0.002169167,0.881262356,0.003857554,1.417624962,0.001759288
2006-02-24,-0.001938743,-0.005343009,0.002108539,-0.003351953,0.004377174,0.00633496,3,0.002720023,0.865715073,-0.023847848,1.329651416,0.002308839
2006-02-27,-0.000408492,-0.006930559,0.005136926,0.005485388,0.001825589,0.007839262,4,0.00252645,0.860071788,-0.002723156,1.381827295,0.004377174
2006-02-28,0.001026998,-0.005008879,-0.000785784,0.00996008,-0.003124973,0.007145918,0,0.001766222,0.88150234,0.013138246,1.368839518,0.001825589
2006-03-01,-0.002773551,-0.006431406,0.00624187,0.014796219,0.007672522,0.013059152,4,0.004983022,0.892771407,0.002370473,1.440661502,-0.003124973
2006-03-02,-0.000910553,-0.005004341,0.000101502,0.012803053,-0.001326806,0.009423507,0,0.00069746,0.90253698,0.021274623,1.441347773,0.007672522
2006-03-03,0.001127138,-0.00193846,-0.00220628,0.008488234,-0.000843753,0.00420258,0,0.001405424,0.88801953,0.022304457,1.450109708,-0.001326806
2006-03-06,0.001260369,-0.000269598,-0.000229438,0.003121869,-0.002914757,-0.000537767,0,0.001755921,0.895919988,0.035848201,1.478233405,-0.000843753
2006-03-07,0.003878351,0.002581754,-0.005887187,-0.001979534,-0.012046284,-0.009459078,1,0.006962445,0.876187062,-0.005315278,1.556847952,-0.002914757
2006-03-08,0.000250774,0.005606079,-0.002433511,-0.010654915,-0.00094669,-0.01807829,3,0.00121556,0.873224796,-0.01954661,1.538681315,-0.012046284
2006-03-09,0.001847918,0.00836455,-0.002961717,-0.013718134,-5.13E-05,-0.016802747,0,0.001987449,0.874632438,-0.027904542,1.583629784,-0.00094669
2006-03-10,0.002241549,0.009478961,-0.001736294,-0.013248148,0.003961134,-0.011997859,4,0.002499512,0.885407855,-0.002611675,1.582447762,-5.13E-05
2006-03-13,-0.002141497,0.006077095,9.10E-05,-0.012927748,0.000225122,-0.00885798,3,0.001127228,0.887932323,-0.007987665,1.583480098,0.003961134
2006-03-14,-0.003565169,-0.001366425,0.002311807,-0.004728754,0.000667528,0.003855832,4,0.002477544,0.89383483,0.017647768,1.489878961,0.000225122
2006-03-15,0.000965266,-0.000651933,0.002658146,0.000362903,0.00498859,0.009791112,4,0.002186463,0.891694071,0.018469274,1.536919296,0.000667528
2006-03-16,0.002099244,-0.000400607,-0.007097143,-0.003772523,-0.00062777,0.009214604,3,0.003968976,0.875057898,0.00042546,1.523783401,0.00498859
2006-03-17,0.000874298,-0.001767858,0.001534873,-0.000501356,0.00161772,0.006871189,4,0.000749063,0.868624254,-0.0167836,1.543216304,-0.00062777
2006-03-20,0.001207358,0.001580997,0.004964053,0.004371735,0.001031194,0.007677261,1,0.002175126,0.864298346,-0.023633978,1.541537344,0.00161772
2006-03-21,0.002562591,0.007708758,-0.002594843,-0.000534914,-0.006817034,0.0001927,0,0.004001827,0.866147829,-0.027687001,1.583897582,0.001031194
2006-03-22,0.001265759,0.008009251,-0.002035154,-0.005228214,0.005814362,0.001018473,4,0.003326053,0.858358749,-0.033335322,1.638709093,-0.006817034
2006-03-23,-0.001588292,0.004321715,0.001195301,0.003064229,0.006270852,0.007917095,1,0.003397925,0.854338794,-0.020719104,1.653278637,0.005814362
2006-03-24,-0.000124299,0.003323118,0.004510495,0.006039852,0.00731606,0.013615436,4,0.00363543,0.853691489,-0.014932765,1.671188629,0.006270852
2006-03-27,-0.001621686,0.000494073,0.00222158,0.003297378,0.001294231,0.013878473,2,0.001667672,0.849364758,-0.014933588,1.673592129,0.00731606
2006-03-28,-0.002072345,-0.004140863,0.001645128,0.007537349,0.002791939,0.023487445,0,0.002113292,0.81485369,-0.05129414,1.676417222,0.001294231
2006-03-29,-0.001973929,-0.007380551,0.006913479,0.016485983,0.009583186,0.027256268,4,0.005501593,0.813910475,-0.044448274,1.719947167,0.002791939
2006-03-30,-0.003783975,-0.009576234,0.003327882,0.018618564,-4.14E-05,0.020944062,1,0.00290592,0.800241884,-0.054096909,1.71191695,0.009583186
2006-03-31,0.000428383,-0.009023552,0.003706127,0.017814196,0.007484527,0.021112528,1,0.003473064,0.789141378,-0.064550111,1.672503543,-4.14E-05
2006-04-03,0.000933225,-0.006468641,-0.00357238,0.012020236,-0.010035264,0.009783033,2,0.004972562,0.741224476,-0.108140282,1.74600625,0.007484527
2006-04-04,-0.000965386,-0.005361681,-0.002555036,0.007820073,-0.002162325,0.004828769,4,0.001163676,0.770171858,-0.044681831,1.519274196,-0.010035264
2006-04-05,-0.001120485,-0.004508237,0.001814886,0.00272148,0.000853285,-0.003901132,4,0.001248807,0.775936023,-0.037974452,1.505462598,-0.002162325
2006-04-06,-0.000129643,-0.000853906,0.002524784,0.001918381,0.001884049,-0.00197573,1,0.001337051,0.764990993,-0.035250891,1.512763106,0.000853285
2006-04-07,0.001760334,0.000478045,0.000972174,-0.000815573,-0.002871682,-0.012331938,0,0.002023661,0.805470644,0.016329266,1.493889315,0.001884049
2006-04-10,0.001048581,0.000593401,-0.003325475,-0.000568667,-0.005078639,-0.007375312,2,0.002853355,0.794024891,0.052800415,1.521512929,-0.002871682
2006-04-11,0.003129957,0.004688744,-0.002090501,-0.000104132,-0.006720226,-0.011933213,0,0.004133621,0.790713762,0.020541904,1.689670782,-0.005078639
2006-04-12,0.002426952,0.00823618,0.000668282,-0.001250736,0.006393943,-0.006392554,4,0.002869848,0.777294789,0.001358766,1.709667353,-0.006720226
2006-04-13,-8.62E-05,0.00827965,0.004149947,0.000374428,0.003680599,-0.004596005,4,0.002293648,0.805364077,0.040373084,1.727589414,0.006393943
2006-04-17,-0.002806769,0.003712548,-0.003503515,-0.004101261,0.000758509,-0.000965814,0,0.002083455,0.801643406,-0.003827238,1.726898757,0.003680599
2006-04-18,0.00052176,0.003185727,0.002341912,0.001566125,0.009844272,0.013957097,4,0.004556809,0.87851466,0.084489769,1.636638018,0.000758509
2006-04-19,-0.001138062,-0.001082292,0.004211427,0.007868053,0.009097398,0.029774721,4,0.00464622,0.874490389,0.083776627,1.615487649,0.009844272
2006-04-20,0.00450168,0.000992436,-0.004686829,0.002512942,-0.005996341,0.017384437,2,0.004783126,0.846360561,0.069065772,1.635904821,0.009097398
2006-04-21,0.00053919,0.0016178,-0.008231905,-0.00986891,-0.003159929,0.010543909,1,0.004024722,0.836987445,0.031623368,1.656323952,-0.005996341
2006-04-24,0.001439137,0.005863706,-0.001634196,-0.007999591,-0.005354587,0.004430813,0,0.002927665,0.839365183,0.037721777,1.661702193,-0.003159929
2006-04-25,0.00018908,0.005531026,0.003560738,-0.006780764,0.003157094,-0.002256365,0,0.001893453,0.839002906,-0.039511754,1.635599179,-0.005354587
2006-04-26,0.003478586,0.010147673,-0.001387461,-0.012379652,-0.002279475,-0.013633238,4,0.002530662,0.833385672,-0.041104717,1.673871346,0.003157094
2006-04-27,-0.000831493,0.0048145,0.001542956,-0.006149867,-0.008313698,-0.015950595,3,0.004387147,0.814415014,-0.031945548,1.607530623,-0.002279475
2006-04-28,-0.002030555,0.002244755,-0.010269013,-0.008186975,0.003436126,-0.00935454,2,0.00582359,0.800292492,-0.036694953,1.621446637,-0.008313698
2006-05-01,0.002043764,0.002849382,-0.00354069,-0.01009347,-0.000339203,-0.004339157,0,0.002308367,0.818565271,-0.020799912,1.625514896,0.003436126
2006-05-02,0.000303019,0.002963321,-0.0039372,-0.017591408,0.002364834,-0.005131417,4,0.002632045,0.835292572,-0.003710334,1.591776802,-0.000339203
2006-05-03,0.002466129,0.001950865,0.001338917,-0.01486503,0.004039814,0.001187872,1,0.001713586,0.831510624,-0.001875048,1.607094371,0.002364834
2006-05-04,0.000226188,0.003008546,0.005460825,-0.010947162,0.00591132,0.01541289,4,0.003224135,0.829754186,0.015339173,1.644653173,0.004039814
2006-05-05,0.001825282,0.006864382,-0.002240786,-0.002918935,-0.001106955,0.01086981,4,0.001731921,0.840687071,0.040394579,1.562968867,0.00591132
2006-05-08,0.001417183,0.006237801,0.001862526,0.002484281,0.000535761,0.011744774,2,0.000841625,0.819998319,0.001433048,1.613829781,-0.001106955
2006-05-09,0.004393912,0.010328694,-0.003240624,0.003180857,-0.001488813,0.007891127,2,0.003265809,0.816322641,-0.018969931,1.598392599,0.000535761
2006-05-10,0.001977115,0.009839679,-0.005787046,-0.003945106,-0.004411689,-0.000560376,1,0.0036498,0.79669093,-0.034819693,1.585252267,-0.001488813
2006-05-11,0.000616114,0.010229605,-0.008036891,-0.017442822,-0.011210632,-0.017682328,0,0.005884078,0.85847642,0.028722234,1.641809792,-0.004411689
2006-05-12,0.000838705,0.009243029,-0.001501756,-0.016703792,-0.008790862,-0.025366235,0,0.004392943,0.880746816,0.040059745,1.648238196,-0.011210632
2006-05-15,0.001667848,0.009493694,-0.004868546,-0.023434863,-0.008953825,-0.034855821,2,0.004820869,0.876330525,0.056332206,1.664122103,-0.008790862
2006-05-16,0.001093953,0.006193735,-0.002332388,-0.022526628,0.00164068,-0.031726327,0,0.00175956,0.814163051,-0.00215959,1.664051945,-0.008953825
2006-05-17,-0.00195747,0.002259151,0.001919639,-0.014819942,0.001102473,-0.026212166,0,0.001678172,0.840310233,0.043619303,1.369758379,0.00164068
2006-05-18,-0.000202509,0.001440528,-0.00035323,-0.007136282,-0.003497888,-0.018499421,0,0.001662631,0.851311831,-0.007164589,1.374789176,0.001102473
2006-05-19,-0.002712294,-0.002110471,0.002071568,-0.003562957,0.001520484,-0.008188076,4,0.002142141,0.857455595,-0.023291221,1.384728336,-0.003497888
2006-05-22,0.00224033,-0.001537989,-0.005704876,-0.004399288,-0.006218205,-0.005452456,0,0.004194911,0.856227358,-0.020103167,1.392573644,0.001520484
2006-05-23,0.001931393,-0.000700549,-0.002150857,-0.004217756,-0.001192462,-0.008285599,0,0.001758792,0.865380666,0.051217615,1.395396878,-0.006218205
2006-05-24,0.000125464,0.001382385,0.003228179,-0.002909215,-0.001610463,-0.010998534,3,0.002022441,0.862171998,0.021861765,1.401811558,-0.001192462
2006-05-25,-0.002910339,-0.001325445,0.002006526,-0.00054946,0.008613286,0.001112639,4,0.004893054,0.888165725,0.036853894,1.48831769,-0.001610463
2006-05-26,0.000305118,0.001691966,-0.000200104,-0.002821132,-0.000246513,-0.000654357,4,0.000250933,0.908830542,0.051374947,1.461268133,0.008613286
2006-05-30,-0.000488331,-0.001036695,-0.004883158,-0.001999414,-0.009722673,-0.004158825,0,0.004533418,0.926862169,0.070634811,1.484843978,-0.000246513
2006-05-31,-0.001442087,-0.004410176,-0.001568528,-0.001417085,0.005845164,0.002878801,4,0.003497484,0.928698062,0.063317395,1.506592783,-0.009722673
2006-06-01,-0.004022079,-0.008557719,0.006409922,0.001764658,0.009032888,0.013522152,4,0.005951163,0.932172498,0.0700005,1.544349158,0.005845164
2006-06-02,-0.003053059,-0.008700438,-0.002153157,-0.002395025,-0.000661263,0.004247603,2,0.001388968,0.932643776,0.044478051,1.52224517,0.009032888
2006-06-05,9.58E-05,-0.008909762,-0.004729242,-0.006924163,-0.014467397,-0.009973281,0,0.006842755,0.94362059,0.034790048,1.602199551,-0.000661263
2006-06-06,-0.003086015,-0.011507446,-0.002018869,-0.004059874,-0.00301591,-0.003266517,0,0.001438542,0.942868013,0.016005843,1.598857048,-0.014467397
2006-06-07,-0.000384999,-0.010450358,0.00102137,-0.001469976,0.000214376,-0.008897305,0,0.000593418,0.94646166,0.017763598,1.593827601,-0.00301591
2006-06-08,-0.000691766,-0.007120046,-0.004432015,-0.012311913,-0.001769828,-0.019700021,2,0.00194706,0.949822682,0.017650184,1.589675806,0.000214376
2006-06-09,0.00018892,-0.003878067,-0.000308325,-0.01046708,-0.002815948,-0.021854706,0,0.001403121,0.947498084,0.014854309,1.5649961,-0.001769828
2006-06-12,0.002774863,-0.001198997,-0.008762081,-0.014499919,-0.014353875,-0.021741185,0,0.007896574,0.941776787,-0.001843803,1.609738964,-0.002815948
2006-06-13,0.003132354,0.005019371,0.002119486,-0.010361564,-0.004270011,-0.022995286,0,0.00328105,0.950829174,0.007961162,1.606964514,-0.014353875
2006-06-14,0.005118307,0.010522677,0.001331353,-0.010051581,0.001299206,-0.021910456,4,0.002209545,0.948068475,0.001606815,1.596144215,-0.004270011
2006-06-15,-0.002849054,0.00836539,0.006482047,0.000862481,0.013762196,-0.006378432,4,0.007391074,0.969069793,0.01924711,1.691563533,0.001299206
2006-06-16,0.003626491,0.011802961,-0.002960024,-0.001789219,-0.007763528,-0.011326011,0,0.004816412,0.965299464,0.017801379,1.708441265,0.013762196
2006-06-19,0.00256018,0.011588278,-5.29E-05,0.00691993,-0.008762572,-0.005734708,0,0.004951691,0.965918784,0.024141996,1.714556033,-0.007763528
2006-06-20,0.002994757,0.011450681,-0.001585232,0.003215211,-0.004792211,-0.006256908,1,0.0032448,0.965496801,0.014667626,1.710369828,-0.008762572
2006-06-21,-0.000206246,0.006126128,0.006378938,0.008262796,0.009558743,0.002002629,4,0.004838507,0.967450104,0.01938163,1.73734588,-0.004792211
2006-06-22,-0.000177227,0.008797956,-0.003261,-0.001480251,0.001469471,-0.010290096,0,0.001987954,0.966377226,-0.002692567,1.728591354,0.009558743
2006-06-23,-0.001844643,0.003326821,0.000171957,0.00165173,0.003931032,0.001404463,1,0.002422826,0.962455592,-0.002843872,1.725695483,0.001469471
2006-06-26,0.000242609,0.00100925,0.000876579,0.002581241,0.007383457,0.017550493,4,0.003524625,0.962848171,-0.003070612,1.7549347,0.003931032
2006-06-27,-0.001847721,-0.003833228,-0.006661553,-0.002495079,-0.007763126,0.014579577,0,0.00373536,0.959823637,-0.005673164,1.780048408,0.007383457
2006-06-28,-0.001013709,-0.004640691,3.08E-05,-0.008843205,-0.003872462,0.001148373,4,0.001837651,0.957825354,-0.00962475,1.759925684,-0.007763126
2006-06-29,-0.001732478,-0.006195943,0.007848096,0.002265892,0.016148338,0.01582724,4,0.008194348,0.967658659,0.001281433,1.763991317,-0.003872462
2006-06-30,-0.001532931,-0.005884231,0.001046225,0.00314016,0.016485163,0.028381371,1,0.008390817,0.954138698,-0.008316894,1.800423049,0.016148338
2006-07-03,-0.000880935,-0.007007775,0.000573834,0.002837414,0.000589324,0.021587238,4,0.000691067,0.945646618,-0.017201553,1.774268294,0.016485163
2006-07-05,0.000465596,-0.004694458,-0.009802422,-0.000303455,-0.007821732,0.021528632,0,0.005287713,0.946764562,-0.013059075,1.782585096,0.000589324
2006-07-06,0.004076292,0.000395543,-0.001678748,-0.002013015,-0.001394205,0.024006888,4,0.002653707,0.944786618,-0.013038737,1.7960572,-0.007821732
2006-07-07,-0.005293101,-0.003165079,-0.004909517,-0.014770629,-0.009088342,-0.001229792,0,0.003727508,0.944181686,-0.023476973,1.812238547,-0.001394205
2006-07-10,-0.000308055,-0.001940204,-0.00765199,-0.023468843,-0.001778879,-0.019493835,2,0.003563734,0.941134415,-0.013004283,1.815154255,-0.009088342
2006-07-11,-0.001200568,-0.002259837,0.00161147,-0.022431206,0.003452361,-0.016630797,4,0.002018729,0.936753886,-0.008892732,1.777910471,-0.001778879
2006-07-12,-5.14E-05,-0.002776799,-0.007379261,-0.020008045,-0.007750181,-0.016559246,0,0.004355349,0.942285303,-0.004479259,1.803789737,0.003452361
2006-07-13,-0.002218071,-0.009071162,-0.004384623,-0.02271392,-0.006942499,-0.02210754,0,0.00297069,0.950012887,0.005226269,1.779981709,-0.007750181
2006-07-14,-0.005002254,-0.008780315,-0.003286479,-0.021090881,-0.003935338,-0.016954536,0,0.002156648,0.934622432,-0.009559254,1.819820191,-0.006942499
2006-07-17,0.002129844,-0.006342416,0.001565787,-0.011873105,-0.003840495,-0.019016152,2,0.002691473,0.937053779,-0.004080636,1.806913319,-0.003935338
2006-07-18,0.002896726,-0.002245122,0.000777482,-0.012707093,0.003893744,-0.018574769,4,0.001810918,0.938239466,0.00148558,1.800107023,-0.003840495
2006-07-19,0.001072966,-0.00112079,-0.000202882,-0.005530714,0.01153091,0.000706322,4,0.005648249,0.950100265,0.007814962,1.754876734,0.003893744
2006-07-20,0.000918158,0.00201544,-0.011530038,-0.01267613,-0.018516448,-0.010867627,0,0.009390221,0.942781579,-0.007231308,1.835996049,0.01153091
2006-07-21,0.001622286,0.00863998,-0.002272848,-0.011662498,-0.010116446,-0.017048734,0,0.005201218,0.94275126,0.008128828,1.86804531,-0.018516448
2006-07-24,0.000179328,0.006689464,0.003819806,-0.009408479,0.011134946,-0.002073293,4,0.005207366,0.952357598,0.015303819,1.847769617,-0.010116446
2006-07-25,-0.001547061,0.002245677,-0.000468901,-0.010654862,0.003323121,-0.002643916,4,0.002099939,0.952736009,0.014496543,1.832177961,0.011134946
2006-07-26,0.000270247,0.001442958,-0.001281717,-0.011733697,-0.003917967,-0.018092793,0,0.001914111,0.949746573,-0.000353692,1.841893209,0.003323121
2006-07-27,0.003920768,0.004445568,-0.003644755,-0.003848415,-0.008586411,-0.008162756,0,0.005326582,0.948216685,0.005435107,1.864810532,-0.003917967
2006-07-28,-0.001391155,0.001432127,0.007046508,0.005470941,0.008619083,0.010572772,4,0.004997909,0.937478991,-0.005272269,1.874069032,-0.008586411
2006-07-31,-0.001557476,-0.000304677,0.00020358,0.001854714,0.002236121,0.001673947,1,0.001557009,0.954494196,0.002136597,1.830144872,0.008619083
2006-08-01,-0.000867638,0.000374746,-0.009689386,-0.007365771,-0.010841589,-0.012490763,0,0.005706776,0.952634611,-0.000101398,1.868440127,0.002236121
2006-08-02,0.001553479,0.001657978,0.003030577,-0.003053477,0.004887052,-0.003685744,4,0.002086105,0.953737137,0.003990565,1.882862683,-0.010841589
2006-08-03,0.00156534,-0.00069745,0.004251065,0.004842343,0.008568826,0.013469493,4,0.003751129,0.954250011,0.006033325,1.91097365,0.004887052
2006-08-04,0.000511784,0.001205489,-0.002779173,-0.004983337,-0.003728192,0.001122218,0,0.002073515,0.954807115,0.017328124,1.905177536,0.008568826
2006-08-07,0.00094269,0.003705655,-0.003227243,-0.00841416,-0.004647243,-0.005761146,0,0.002638698,0.958104634,0.003610438,1.907220448,-0.003728192
2006-08-08,-0.000721313,0.003851979,-0.002268669,-0.000993443,-0.009034957,-0.003954515,0,0.004129076,0.958076325,0.005441714,1.917240082,-0.004647243
2006-08-09,-0.004397345,-0.002098845,0.004082115,5.81E-05,-0.005023672,-0.013865239,0,0.004247023,0.945581963,-0.008155174,1.948015284,-0.009034957
2006-08-10,-0.000276959,-0.003941144,0.00092858,-0.00326439,0.003017119,-0.019416946,4,0.001491874,0.942557045,-0.011692965,2.035102195,-0.005023672
2006-08-11,0.00072243,-0.003730497,-0.002800669,-0.003285886,-0.006596696,-0.022285449,0,0.003320062,0.948432397,-0.006374718,2.053022765,0.003017119
2006-08-14,-0.000272727,-0.004945915,0.004331292,0.004272649,0.00279389,-0.014844316,4,0.002228696,0.946539977,-0.011564657,2.057031343,-0.006596696
2006-08-15,-0.001744826,-0.005969427,0.008371277,0.014912596,0.009738371,0.003929012,4,0.005802491,0.951678078,-0.006398247,2.032080085,0.00279389
2006-08-16,0.000955177,-0.000616906,0.008561555,0.019392036,0.005973833,0.014926516,4,0.004078802,0.95200399,0.006422026,2.115497804,0.009738371
2006-08-17,-0.000889288,-0.001229234,0.002166115,0.02062957,0.00319966,0.015109057,4,0.00188953,0.948637801,0.006080756,2.022497459,0.005973833
2006-08-18,0.000386756,-0.001564908,-0.000774007,0.022656232,-0.002442701,0.019263052,4,0.001253435,0.943296619,-0.005135778,2.008496797,0.00319966
2006-08-21,0.000472142,-0.000820039,-0.003837246,0.014487693,-0.005285355,0.011183808,0,0.002838705,0.935484323,-0.011055654,2.089570302,-0.002442701
2006-08-22,-0.001460687,-0.000535899,5.50E-05,0.006171434,0.002437911,0.003883348,3,0.001613863,0.933995624,-0.017682454,2.106795631,-0.005285355
2006-08-23,0.000793488,-0.000697589,-0.002671051,-0.005061172,-0.00878569,-0.010876175,0,0.004340747,0.936300499,-0.015703491,2.123027983,0.002437911
2006-08-24,-0.001791148,-0.001599449,-0.001224423,-0.00845171,-0.001942149,-0.016017984,4,0.00088216,0.942771811,-0.00586599,2.096524121,-0.00878569
2006-08-25,-0.001058354,-0.003044558,0.002235627,-0.005442076,0.001492743,-0.01208254,2,0.001479209,0.927722392,-0.015574227,2.163096693,-0.001942149
2006-08-28,0.000852176,-0.002664524,0.004338452,0.002733622,0.005389095,-0.00140809,4,0.002620946,0.935563116,7.88E-05,2.185773324,0.001492743
2006-08-29,-0.000340337,-0.001544175,0.00343571,0.006114315,0.009618562,0.005772561,4,0.004619727,0.925960026,-0.008035597,2.178562958,0.005389095
2006-08-30,0.000304718,-0.002032944,0.005327988,0.014113354,0.007148436,0.021706687,4,0.003593561,0.919311202,-0.016989297,2.203574517,0.009618562
2006-08-31,0.001033537,0.00079174,0.000281868,0.015619646,0.001118772,0.024767608,0,0.000553171,0.920590364,-0.022181447,2.144023091,0.007148436
2006-09-01,0.001766833,0.003616927,-0.00119966,0.012184358,-0.004071026,0.019203839,4,0.002453901,0.905718507,-0.022003885,2.081415936,0.001118772
2006-09-05,-0.001259769,0.001504981,0.00399437,0.011840276,0.006505086,0.02031983,4,0.003583071,0.899017347,-0.036545769,2.09886105,-0.004071026
2006-09-06,0.004425633,0.006270951,-0.007372847,0.001031719,-0.01155297,-0.000851703,0,0.007184529,0.902538225,-0.023421802,2.042814153,0.006505086
2006-09-07,-0.001765298,0.004200934,-0.000995432,-0.005291702,-0.003042777,-0.011042915,0,0.001283937,0.921798657,0.002487455,2.016684444,-0.01155297
2006-09-08,0.001560324,0.004727721,0.001080389,-0.004493181,-0.00085373,-0.013015417,4,0.001085108,0.917116934,-0.003473431,2.010553107,-0.003042777
2006-09-11,-6.21E-05,0.002898756,0.002961332,-0.000332189,-0.001847111,-0.010791502,3,0.001992356,0.911050367,0.00533186,1.990260775,-0.00085373
2006-09-12,-0.001459399,0.002699126,0.009094616,0.004768058,0.013313345,-0.003983243,4,0.007126862,0.923933531,0.024916184,2.051525698,-0.001847111
2006-09-13,7.21E-05,-0.001654395,0.001479683,0.013620588,0.004694957,0.012264684,4,0.002197105,0.904841224,0.002303,2.168575687,0.013313345
2006-09-14,-2.21E-05,8.88E-05,0.001834653,0.016450673,-0.002892676,0.012414785,1,0.001952975,0.896006123,-0.025792534,2.216710588,0.004694957
2006-09-15,0.000326962,-0.001144582,0.000508752,0.015879036,-1.14E-05,0.013257111,4,0.000255598,0.896434868,-0.020682065,2.203083443,-0.002892676
2006-09-18,-0.00165035,-0.002732798,-0.001079636,0.011838068,-0.002001462,0.01310276,2,0.000875304,0.901092823,-0.009957544,2.231163864,-1.14E-05
2006-09-19,0.001462932,0.000189533,-0.003319447,-0.000575996,-0.002434066,-0.002644651,0,0.002197067,0.895804905,-0.028128626,2.215224261,-0.002001462
2006-09-20,0.000537359,0.000654781,0.007933471,0.005877793,0.007119517,-0.000220091,4,0.004209177,0.90487268,3.15E-05,2.220218683,-0.002434066
2006-09-21,-0.001498964,-0.000822059,-0.001332772,0.002710368,-0.004647334,-0.001974749,0,0.001969498,0.904296754,0.008290631,2.137070096,0.007119517
2006-09-22,0.000287473,-0.000861548,-0.005976984,-0.003775368,-0.009289811,-0.011253156,0,0.004690861,0.905616515,0.009181647,2.218125644,-0.004647334
2006-09-25,-0.002910073,-0.002121271,0.004715251,0.002019519,0.002927164,-0.006324529,4,0.003350206,0.910832273,0.00973945,2.123726523,-0.009289811
2006-09-26,0.00055549,-0.003028713,-0.002055346,0.00328362,-0.004036293,-0.007926757,4,0.002094632,0.890837716,-0.004967189,2.032925764,0.002927164
2006-09-27,0.001520066,-0.002046007,0.000726475,-0.003923376,0.003828222,-0.011218051,4,0.001660117,0.896743614,-0.008129066,1.981685892,-0.004036293
2006-09-28,0.000783881,0.000236838,0.00121313,-0.001377474,-0.00168455,-0.008255267,4,0.001277948,0.90318065,-0.001116104,1.956531662,0.003828222
2006-09-29,-0.00110049,-0.001151125,-0.002853127,0.001746383,-0.007294419,-0.006259876,0,0.003210939,0.907206909,0.001590394,1.99703949,-0.00168455
2006-10-02,0.00264991,0.004408858,-0.005869061,-0.008837928,-0.005991206,-0.015178247,0,0.004326461,0.915787857,0.004955584,2.043899301,-0.007294419
2006-10-03,0.00277795,0.006631317,0.000606553,-0.00617603,-0.002733683,-0.013875637,3,0.002269511,0.918134786,0.02729707,2.004375981,-0.005991206
2006-10-04,-0.001531784,0.003579467,0.008874295,0.001971791,0.008855121,-0.008848737,4,0.00559529,0.925115684,0.02837207,1.999913553,-0.002733683
2006-10-05,-0.000878244,0.001917343,0.004461111,0.005219771,0.010769207,0.003605019,4,0.005327699,0.910676554,0.007495904,2.120878376,0.008855121
2006-10-06,0.001296333,0.004314166,-7.10E-05,0.008001877,-0.001724242,0.009175197,0,0.00123778,0.915744725,0.008537816,2.097691804,0.010769207
2006-10-09,-0.00015147,0.001512786,0.004316133,0.018187071,0.005620917,0.020787321,4,0.002961264,0.911451382,-0.004336476,2.100999248,-0.001724242
2006-10-10,-0.001252296,-0.00251746,-0.000459455,0.017121063,-0.000283512,0.023237492,4,0.000536798,0.894861654,-0.023273132,2.007669137,0.005620917
2006-10-11,0.001299067,0.000313391,-0.000529815,0.007716952,-0.003039139,0.011343232,0,0.001818108,0.896486306,-0.028629378,1.976480012,-0.000283512
2006-10-12,-0.00146465,-0.000273016,0.006794241,0.010050082,0.011027942,0.011601967,4,0.005860324,0.91059334,-8.32E-05,2.041760719,-0.003039139
2006-10-13,-0.000973584,-0.002542933,0.00267908,0.012800183,0.005271924,0.018598132,4,0.002813504,0.907087162,-0.008657563,2.058218892,0.011027942
2006-10-16,-0.000837609,-0.003229072,0.0002589,0.008742951,0.006399813,0.019377028,4,0.00332941,0.903335766,-0.008115616,2.074570329,0.005271924
2006-10-17,0.001110435,-0.000866341,-0.004357229,0.004845176,-0.002290628,0.017369912,0,0.002435825,0.904932801,0.010071147,2.059461612,0.006399813
2006-10-18,0.002281403,0.000115994,-0.004613984,0.000761007,-0.003258094,0.017150957,2,0.003124895,0.88973361,-0.006752695,2.046919309,-0.002290628
2006-10-19,0.000738379,0.002319024,0.000771442,-0.005261791,0.004364099,0.010487114,4,0.001962987,0.88325353,-0.027339811,2.086566894,-0.003258094
2006-10-20,-0.001978605,0.001314003,-0.000618194,-0.008559065,-0.008077049,-0.002861859,2,0.003699234,0.869646658,-0.037440504,2.061904638,0.004364099
2006-10-23,0.003364414,0.005516026,-0.000488314,-0.009306279,-0.004311263,-0.013572934,4,0.003142706,0.835723796,-0.06761197,2.093342835,-0.008077049
2006-10-24,0.000643525,0.005049116,-0.004822699,-0.009771748,-0.001690043,-0.012972349,2,0.002443827,0.849809563,-0.055123238,2.210115863,-0.004311263
2006-10-25,-0.002947215,-0.000179502,0.001490756,-0.003667008,0.002663956,-0.007050299,4,0.002424911,0.845138727,-0.044594884,2.213247813,-0.001690043
2006-10-26,-0.002565357,-0.003483239,0.004555865,0.000117415,0.006570911,-0.004843487,4,0.004170906,0.843174901,-0.040078628,2.229928342,0.002663956
2006-10-27,0.002434867,0.000930234,-0.003555585,-0.002819977,-0.004743183,-0.001509622,0,0.003289996,0.861106236,-0.008540422,2.035313708,0.006570911
2006-10-30,-0.000739357,-0.003173537,0.005150303,0.00281864,0.005456279,0.00825792,3,0.003291541,0.849621659,0.013897863,2.003083531,-0.004743183
2006-10-31,-0.000484643,-0.004301705,0.001235802,0.008877141,-0.004586885,0.005361078,2,0.002524771,0.860065396,0.010255833,2.027082057,0.005456279
2006-11-01,0.00325524,0.00190075,-0.006388643,0.000997743,-0.011963781,-0.009266659,0,0.006771562,0.840245352,-0.004893375,2.242917883,-0.004586885
2006-11-02,-0.000694073,0.003772034,0.000202331,-0.003355791,-0.002358876,-0.018196445,0,0.001162679,0.847799795,0.004624894,2.157286041,-0.011963781
2006-11-03,-0.000482109,0.000855058,0.000840881,0.001040675,0.005699094,-0.007754168,1,0.002842812,0.834047553,-0.027058682,2.153675879,-0.002358876
2006-11-06,-0.001361209,0.000233206,0.003689754,-0.000419874,0.002373751,-0.010836697,4,0.002278448,0.860592307,0.010970648,1.943136211,0.005699094
2006-11-07,0.002006925,0.002724775,0.001972991,0.000317314,-0.000499992,-0.006749803,4,0.001309321,0.858395291,-0.001670106,1.942298352,0.002373751
2006-11-08,-0.000455533,-0.000985998,0.001725588,0.008431545,0.005024078,0.010238056,4,0.002484787,0.853797321,0.013551969,1.96039423,-0.000499992
2006-11-09,-0.000685777,-0.000977702,0.001595922,0.009825135,-0.004810197,0.007786734,0,0.002729631,0.830471198,-0.017328597,1.880100154,0.005024078
2006-11-10,-0.001439137,-0.00193473,0.003890689,0.012874944,0.007397863,0.009485503,4,0.00398682,0.82477124,-0.009276313,1.902046893,-0.004810197
2006-11-13,-0.000611022,-0.001184544,0.00440147,0.013586659,0.001683589,0.008795341,4,0.002242728,0.827373318,-0.033218989,1.861993026,0.007397863
2006-11-14,0.000738102,-0.002453367,0.003703012,0.01531668,0.0099084,0.019203733,4,0.004507636,0.83829173,-0.020103561,1.964963823,0.001683589
2006-11-15,0.000352844,-0.00164499,0.002560066,0.016151159,0.00634917,0.020528824,4,0.002917983,0.853143981,-0.00065334,1.985294569,0.0099084
2006-11-16,0.002125222,0.001166009,0.000298239,0.014853476,-0.003810659,0.021528362,3,0.002493028,0.846111155,0.015639957,1.980920214,0.00634917
2006-11-17,0.001952894,0.00455804,-0.002335635,0.008627152,-0.003915718,0.010214782,2,0.002580868,0.843636951,0.018865711,1.948419102,-0.003810659
2006-11-20,-0.001610678,0.003558384,0.003300419,0.007526101,0.003222782,0.011753975,2,0.002438589,0.862303847,0.034930529,2.009255106,-0.003915718
2006-11-21,-0.001238176,0.001582106,-0.000784073,0.003039017,0.000310458,0.002156033,4,0.000709854,0.869627803,0.031336073,2.001796751,0.003222782
2006-11-22,-0.001900426,-0.000671164,0.002192296,0.002671246,-0.001401674,-0.005594811,4,0.001832535,0.870018774,0.016874793,2.002183847,0.000310458
2006-11-24,-0.000139943,-0.002936329,0.001339988,0.003712995,0.002867449,0.001083297,0,0.001402532,0.866786441,0.020675286,1.935680493,-0.001401674
2006-11-27,0.000660087,-0.004229137,-0.008686915,-0.002638285,-0.012140104,-0.007141089,0,0.006366685,0.905065259,0.061428308,1.971211468,0.002867449
2006-11-28,-0.002223192,-0.00484165,-0.000661613,-0.006600317,6.53E-05,-0.010298597,4,0.001064133,0.909089715,0.046785868,1.940695388,-0.012140104
2006-11-29,-0.00174826,-0.005351734,-0.001060169,-0.006876413,0.002822793,-0.007786262,4,0.002012336,0.913178564,0.043550761,1.859294707,6.53E-05
2006-11-30,-0.001214137,-0.004665445,-0.001010542,-0.010079252,0.001674986,-0.004709602,2,0.001319768,0.914193507,0.044174733,1.750912105,0.002822793
2006-12-01,0.000525521,-0.003999981,-0.004858904,-0.016278144,-0.003513977,-0.011091028,0,0.00263552,0.913536541,0.046750101,1.754869142,0.001674986
2006-12-04,-0.001515269,-0.006175336,0.005626877,-0.001964352,0.009771972,0.010821048,4,0.00520451,0.92711815,0.022052891,1.81785638,-0.003513977
2006-12-05,-0.000114838,-0.004066982,-0.002366208,-0.003668947,-0.00202372,0.008732054,4,0.001242892,0.916601497,0.007511781,1.91621352,0.009771972
2006-12-06,-0.000498464,-0.002817187,-0.001346525,-0.003955303,-0.00054212,0.00536714,0,0.000557051,0.921851164,0.0086726,1.914633217,-0.00202372
2006-12-07,0.001469886,-0.000133163,-0.003478229,-0.00642299,-0.0006179,0.003074254,0,0.002074942,0.922423192,0.008229686,1.876840836,-0.00054212
2006-12-08,0.000555289,-0.000103395,0.002165065,0.00060098,-0.001469551,0.00511868,4,0.001501589,0.920198321,0.006661779,1.875920625,-0.0006179
2006-12-11,-0.000563209,0.000848664,-1.32E-05,-0.005039141,-0.001623951,-0.006277243,4,0.000762486,0.926983875,-0.000134275,1.842427816,-0.001469551
2006-12-12,9.85E-07,0.000964487,-0.003572089,-0.006245022,-0.004845352,-0.009098875,0,0.002485161,0.929178955,0.012577458,1.862725435,-0.001623951
2006-12-13,-0.001012286,0.000450665,-0.000835185,-0.005733682,-0.000736979,-0.009293733,4,0.000445552,0.924511283,0.002660119,1.775013127,-0.004845352
2006-12-14,-0.000625784,-0.001645005,0.000123838,-0.002131615,-0.001740872,-0.010416705,4,0.000852451,0.926077549,0.003654357,1.650247245,-0.000736979
2006-12-15,0.001191753,-0.001008541,0.000242436,-0.004054243,-0.003024756,-0.01197191,3,0.001825351,0.93097502,0.0107767,1.653830306,-0.001740872
2006-12-18,0.002894022,0.002448689,-0.005606058,-0.009647058,-0.010341573,-0.020689533,0,0.005892148,0.9243315,-0.002652375,1.727518301,-0.003024756
2006-12-19,0.000256574,0.002704278,-0.004630693,-0.010705663,-0.002053687,-0.017897868,3,0.00226551,0.931258719,0.002079764,1.721819835,-0.010341573
2006-12-20,0.000820451,0.004537015,0.000619219,-0.009251259,0.005832273,-0.011328616,1,0.00269887,0.923055333,-0.001455949,1.724852927,-0.002053687
2006-12-21,0.000255364,0.005418163,-0.001175329,-0.010550425,0.000288886,-0.009298857,0,0.000690531,0.925672165,-0.000405384,1.703447154,0.005832273
2006-12-22,-0.000971381,0.00325503,-0.000760545,-0.011553407,0.002670086,-0.003604015,0,0.001676438,0.923708867,-0.007266154,1.679944977,0.000288886
2006-12-26,0.000861864,0.001222872,0.000779038,-0.00516831,0.005026291,0.01176385,4,0.002273063,0.875681047,-0.048650454,1.650532183,0.002670086
2006-12-27,0.001271534,0.002237832,0.000320272,-0.000217345,0.005065608,0.018883145,4,0.002330913,0.887704169,-0.043554551,1.679792391,0.005026291
2006-12-28,0.000756164,0.002173546,-0.000846724,-0.001683287,-0.002602505,0.010448366,0,0.001443215,0.877154971,-0.045900362,1.741744019,0.005065608
2006-12-29,0.001449425,0.003367606,0.000276105,-0.000231854,-0.004097995,0.006061485,0,0.002419606,0.884051377,-0.041620788,1.734944041,-0.002602505
2007-01-03,0.002111193,0.00645018,0.004452447,0.004981139,0.000894655,0.004286054,2,0.001930051,0.872311267,-0.0513976,1.72042578,-0.004097995
2007-01-04,-0.000732975,0.004855342,0.011187048,0.015389148,0.001980379,0.001240141,4,0.005506217,0.79463489,-0.081046157,1.572306033,0.000894655
2007-01-05,-0.00054356,0.003040248,-0.001745149,0.013323727,-0.011881526,-0.015706993,0,0.005606924,0.818655576,-0.069048593,1.80289773,0.001980379
2007-01-08,-0.00016476,0.002119324,-0.000596516,0.013573935,-0.000775363,-0.013879851,4,0.000362331,0.820437065,-0.056717906,1.797935282,-0.011881526
2007-01-09,-3.80E-05,0.00063191,0.00282328,0.01612111,0.002239963,-0.007541893,2,0.00149181,0.812499468,-0.071551909,1.844076466,-0.000775363
2007-01-10,0.000117991,-0.001361292,0.004384002,0.016052666,-0.001244947,-0.009681496,4,0.002458401,0.809643919,-0.062667348,1.843598655,0.002239963
2007-01-11,-0.000484216,-0.001112533,0.004003486,0.008869104,0.005905002,-0.005756873,4,0.003105221,0.831373882,0.036738992,1.887862927,-0.001244947
2007-01-12,-0.001562775,-0.002131748,0.002364362,0.012978614,0.00250044,0.008625094,4,0.001962891,0.835558827,0.016903251,1.856052474,0.005905002
2007-01-16,0.001291623,-0.000675366,-0.002833235,0.010741895,-0.004323751,0.005076706,2,0.002568379,0.82975705,0.009319985,1.868279904,0.00250044
2007-01-17,0.000461944,-0.000175433,-0.006483381,0.001435234,-0.002535454,0.00030129,0,0.003181774,0.816538355,0.004038886,2.05444462,-0.004323751
2007-01-18,0.002241761,0.001948337,-0.011736736,-0.014685505,-0.010503195,-0.008956957,0,0.007144039,0.805919164,-0.003724756,2.16638665,-0.002535454
2007-01-19,-0.003082215,-0.000649662,0.000418585,-0.018270406,0.005999764,-0.008862195,3,0.003781093,0.80030413,-0.031069751,2.103797443,-0.010503195
2007-01-22,-0.001765701,-0.000852588,-0.002999195,-0.023633963,-0.003920461,-0.015283096,0,0.001695487,0.823874209,-0.011684619,2.083136934,0.005999764
2007-01-23,0.000993487,-0.001150724,-0.003395925,-0.024196653,0.005956839,-0.005002506,4,0.003866299,0.823775995,-0.005981055,2.105086418,-0.003920461
2007-01-24,-0.001471452,-0.00308412,0.005774118,-0.011939153,0.002488061,2.10E-05,4,0.003171097,0.840549901,0.024011546,2.029525712,0.005956839
2007-01-25,0.001844113,-0.003481768,-0.001742578,-0.001944995,-0.001136152,0.009388051,0,0.001576976,0.863469742,0.057550578,1.869938688,0.002488061
2007-01-26,-3.51E-05,-0.000434615,0.001722035,-0.000641545,0.006233076,0.009621363,2,0.002951614,0.852114306,0.051810176,1.861867233,-0.001136152
2007-01-29,0.001398678,0.002729763,0.003394283,0.005751934,0.007371079,0.020912904,3,0.003205168,0.837348872,0.013474663,1.901077097,0.006233076
2007-01-30,-0.003154619,-0.001418343,-0.002667471,0.006480388,0.000366181,0.015322246,4,0.001803642,0.834521454,0.010745459,1.843486581,0.007371079
2007-01-31,0.001253877,0.001306987,-0.000346362,0.000359908,-0.003605541,0.009228644,4,0.002071414,0.819440341,-0.02110956,1.766346771,0.000366181
2007-02-01,-0.001228871,-0.001765997,-0.003535042,-0.001432557,0.003901266,0.014266062,4,0.003111296,0.820661717,-0.042808025,1.776348945,-0.003605541
2007-02-02,-0.003287309,-0.005018244,0.001340807,-0.001813785,0.000347516,0.008380502,3,0.002007132,0.837332231,-0.014782075,1.773600746,0.003901266
2007-02-05,0.001618856,-0.004798065,-0.001167691,-0.006375759,-0.002411387,-0.001401965,1,0.001716427,0.82197612,-0.015372752,1.625351828,0.000347516
2007-02-06,-0.000336952,-0.001980397,-0.000337636,-0.004045924,0.003903037,0.002134891,4,0.002070065,0.820419687,-0.014101767,1.631231,-0.002411387
2007-02-07,-0.001349815,-0.00458409,0.006268221,0.002568659,0.00572511,0.011465541,4,0.003897365,0.812000371,-0.007439969,1.65531159,0.003903037
2007-02-08,-0.001131108,-0.004486327,0.000444869,0.006548571,0.001412725,0.008977,1,0.001055329,0.817876803,-0.002784914,1.645664304,0.00572511
2007-02-09,0.002597747,0.001398729,-0.004557819,0.000649944,-0.004329876,0.004299608,0,0.003482287,0.821674335,-0.015657896,1.628824995,0.001412725
2007-02-12,0.001016296,0.000796168,-0.000578425,0.001239209,0.001629899,0.008340895,0,0.000992486,0.81606559,-0.00591053,1.61958675,-0.004329876
2007-02-13,0.000547919,0.001681039,-0.003699321,-0.002122476,0.000760963,0.005198821,4,0.002092503,0.826458945,0.006039258,1.550984168,0.001629899
2007-02-14,-0.000762858,0.002267996,0.003904317,-0.00448638,-0.005819816,-0.006346105,4,0.003995935,0.817393709,0.005393337,1.467407834,0.000760963
2007-02-15,0.000778096,0.0041772,0.002461193,-0.002470056,0.000730448,-0.007028382,4,0.001041914,0.838383935,0.020507133,1.326159924,-0.005819816
2007-02-16,0.001072732,0.002652185,0.000555729,0.002643492,0.004202313,0.001503807,2,0.001881448,0.845489288,0.023814953,1.294618616,0.000730448
2007-02-20,-0.001347816,0.000288073,0.003839248,0.007061166,0.006841917,0.006715825,4,0.003723368,0.821053631,0.004988041,1.275118374,0.004202313
2007-02-21,-0.00237356,-0.002633405,0.003543937,0.014304423,0.002881188,0.00883605,2,0.002731954,0.822901457,-0.003557489,1.238521219,0.006841917
2007-02-22,-0.003263364,-0.005133911,0.003443511,0.013843618,0.003405033,0.018060899,2,0.003208748,0.787900468,-0.029493241,1.250588461,0.002881188
2007-02-23,0.000527499,-0.005384508,-0.000334635,0.01104779,0.000188571,0.017519022,0,0.000360288,0.708815007,-0.129568928,1.265823382,0.003405033
2007-02-26,5.07E-05,-0.006406529,-0.002960603,0.007531459,-0.002320168,0.010996542,0,0.001561254,0.723374835,-0.122114452,1.303375088,0.000188571
2007-02-27,0.001855053,-0.00320366,-0.004016016,-0.000323805,-0.003057243,0.001097381,0,0.002714708,0.941482221,0.12042859,1.14620266,-0.002320168
2007-02-28,-0.00126613,-0.00209623,-0.002108592,-0.005976333,-0.004738384,-0.006522191,4,0.002003822,0.938837689,0.115936233,1.136316271,-0.003057243
2007-03-01,-0.000201043,0.00096609,-0.002356167,-0.011776012,-0.000267708,-0.010194932,0,0.001105828,0.941887373,0.153986905,1.155320459,-0.004738384
2007-03-02,0.001591554,0.002030145,-0.003707372,-0.015148749,-0.008437056,-0.018820559,0,0.004457981,0.943217595,0.234402588,1.202324641,-0.000267708
2007-03-05,0.004180876,0.00616031,-0.002152051,-0.014340198,-0.010581029,-0.027081421,0,0.006212465,0.934769526,0.21139469,1.262388186,-0.008437056
2007-03-06,-0.002415601,0.001889655,0.003441541,-0.006882641,0.009084842,-0.014939336,4,0.004988544,0.945841754,0.004359533,1.310275943,-0.010581029
2007-03-07,0.001227362,0.004383146,-0.001943661,-0.006717711,-0.001365005,-0.011565956,0,0.001421797,0.945810077,0.006972388,1.304443218,0.009084842
2007-03-08,-0.00151923,0.003064959,-0.001604034,-0.005965578,-0.000370615,-0.011668863,4,0.000809638,0.950449631,0.008562258,1.279585683,-0.001365005
2007-03-09,0.000595796,0.002069201,-0.000752752,-0.003010958,0.004404764,0.001172956,3,0.002295836,0.949975504,0.006757909,1.287052669,-0.000370615
2007-03-12,0.000763021,-0.001348654,0.003478011,0.002619104,0.002253056,0.014007042,4,0.001550455,0.951504905,0.016735379,1.281435638,0.004404764
2007-03-13,0.000683323,0.001750271,-0.001186009,-0.002008445,-0.004940748,-1.85E-05,0,0.002508439,0.958834975,0.012993222,1.277259509,0.002253056
2007-03-14,-0.001923564,-0.001400654,0.002297098,0.002232314,0.001824177,0.003170634,4,0.001923269,0.961233626,0.015423549,1.28244614,-0.004940748
2007-03-15,-0.001513458,-0.001394882,-0.000746739,0.003089608,0.006494394,0.010035644,4,0.003676195,0.964905371,0.01445574,1.323295507,0.001824177
2007-03-16,-0.000224453,-0.00221513,0.001293208,0.005135568,-0.002359996,0.003270883,0,0.001513883,0.964548998,0.014573494,1.326332024,0.006494394
2007-03-19,-0.001322265,-0.004300416,-0.001710403,-5.28E-05,-0.000259583,0.000758244,4,0.000822905,0.965603345,0.01409844,1.300237481,-0.002359996
2007-03-20,-0.001260929,-0.006244669,-0.000566582,0.00056658,0.00197428,0.007673272,4,0.001390846,0.968180774,0.009345799,1.283406484,-0.000259583
2007-03-21,-0.004046557,-0.008367662,0.002681045,0.000950527,0.000389698,0.006238793,4,0.002797406,0.972614882,0.011381256,1.255485992,0.00197428
2007-03-22,0.001442088,-0.005412116,-0.001354949,0.000342318,0.001066539,0.000810938,2,0.001254361,0.975833285,0.010927914,1.253914679,0.000389698
2007-03-23,0.000499505,-0.004688159,-0.002240598,-0.003191488,0.000711424,0.003882359,3,0.001355342,0.975489116,0.010940118,1.255774933,0.001066539
2007-03-26,-0.001924502,-0.005290395,0.001764699,0.000283614,-0.001671821,0.00247012,2,0.00171018,0.974826315,0.009222971,1.254477148,0.000711424
2007-03-27,0.000430261,-0.003599205,-0.001235562,-0.000385365,-0.001963825,-0.001467984,0,0.001103227,0.966057045,-0.002123728,1.387935987,-0.001671821
2007-03-28,0.00014834,0.000595692,-0.000377978,-0.003444388,0.001796784,-6.09E-05,0,0.000962517,0.967058694,-0.005556188,1.374796451,-0.001963825
2007-03-29,0.000193536,-0.00065286,-0.003410189,-0.005499627,-0.001803362,-0.0029308,4,0.001694975,0.965263263,-0.010570022,1.37269245,0.001796784
2007-03-30,0.001628038,0.000475673,0.002728563,-0.000530467,0.003387695,-0.00025453,3,0.001480823,0.960833192,-0.014655924,1.332113883,-0.001803362
2007-04-02,-0.000333875,0.0020663,-0.002337656,-0.004632822,0.000536054,0.001953346,4,0.001254777,0.967886647,-0.006939668,1.248256287,0.003387695
2007-04-03,0.001046965,0.002683004,0.002284441,-0.001112819,0.001351153,0.005268324,4,0.000941423,0.96586583,-0.000191215,1.172340613,0.000536054
2007-04-04,0.000465256,0.002999919,0.002293724,0.001558883,-0.002320218,0.001151322,3,0.001898501,0.96342091,-0.003637784,1.171540477,0.001351153
2007-04-05,-0.000641958,0.002164425,0.002086571,0.007055643,0.000107123,0.003061808,4,0.001179745,0.962815839,-0.002447424,1.178602446,-0.002320218
2007-04-09,0.000122925,0.000659312,-0.001463016,0.002864065,-0.002693131,-0.003019018,2,0.001334387,0.964540418,0.003707227,1.180426725,0.000107123
2007-04-10,-0.002238572,-0.001245384,0.000795119,0.00599684,0.000916581,-0.002638491,4,0.001462206,0.96441008,-0.003476567,1.177762613,-0.002693131
2007-04-11,-0.000527208,-0.002819557,-0.000819058,0.002893341,-0.00113316,-0.005122805,0,0.000481653,0.94275377,-0.02311206,1.136498404,0.000916581
2007-04-12,-0.000728122,-0.004012935,0.002319648,0.002919266,0.002203297,-0.00059929,4,0.001545453,0.943627671,-0.019793239,1.139099717,-0.00113316
2007-04-13,0.001220618,-0.002150359,0.001191957,0.002024652,0.001816585,0.001110172,4,0.000761403,0.955936715,-0.006879124,1.105801804,0.002203297
2007-04-16,-0.002045865,-0.00431915,-6.40E-05,0.003423639,0.004012635,0.007815938,4,0.002542033,0.956417041,-0.008123378,1.123998543,0.001816585
2007-04-17,0.001981972,-9.86E-05,-0.002691196,-6.27E-05,-0.005130224,0.001769133,2,0.003107258,0.941680111,-0.02272997,1.165178043,0.004012635
2007-04-18,0.001715458,0.002144061,-0.003258848,-0.002502467,-0.006233288,-0.003330994,2,0.003525979,0.929143671,-0.013610099,1.193754102,-0.005130224
2007-04-19,0.001576813,0.004448996,-0.000850679,-0.005672794,-0.004954084,-0.010488375,1,0.00278592,0.899671512,-0.043956159,1.309305582,-0.006233288
2007-04-20,0.002683253,0.005911631,-0.000855207,-0.007719958,0.002358422,-0.009946539,4,0.001742771,0.910306112,-0.045630603,1.321023017,-0.004954084
2007-04-23,-0.000983761,0.006973736,0.001229441,-0.006426489,0.000724913,-0.013234261,0,0.00096078,0.911378301,-0.04503874,1.305960378,0.002358422
2007-04-24,0.00302114,0.008012904,0.000695929,-0.003039364,-0.001087812,-0.009191849,2,0.001738456,0.913118259,-0.028561851,1.304222702,0.000724913
2007-04-25,0.000352094,0.006649539,-0.000881394,-0.00066191,-0.003201949,-0.006160511,4,0.001599244,0.903641317,-0.025502354,1.251258429,-0.001087812
2007-04-26,0.001974564,0.00704729,0.003358037,0.003546806,0.002859695,0.001653268,3,0.001480399,0.886826845,-0.012844667,1.337528541,-0.003201949
2007-04-27,0.001297976,0.005662013,0.001196474,0.005598487,-0.004808841,-0.005513995,2,0.002881096,0.888799574,-0.021506538,1.373446048,0.002859695
2007-04-30,0.003429217,0.010074991,-0.004778316,-0.00040927,-0.01054208,-0.016780988,0,0.006065675,0.905739235,-0.005639065,1.528171208,-0.004808841
2007-05-01,0.002942567,0.009996418,-0.000100554,-0.001205752,-0.000587383,-0.016280559,4,0.001606548,0.907062025,-0.006056234,1.525551664,-0.01054208
2007-05-02,-0.000702356,0.008941968,0.003887724,0.003563365,0.008396313,-0.004682297,4,0.004186165,0.891247453,-0.012393864,1.647231342,-0.000587383
2007-05-03,-0.002085402,0.004882002,-0.001341154,-0.001135826,-0.003821012,-0.011363004,4,0.001593311,0.890409798,0.003582953,1.63652185,0.008396313
2007-05-04,-0.000394004,0.003190023,0.000456715,-0.001875585,0.002678671,-0.003875491,4,0.001373598,0.889427427,0.000627853,1.644376904,-0.003821012
2007-05-07,0.001077941,0.000838746,-0.003027063,-0.000124332,-0.003773845,0.002892744,2,0.002336585,0.884593772,-0.021145464,1.645039288,0.002678671
2007-05-08,0.000873705,-0.001230116,0.001477791,0.001454013,-4.15E-08,0.003480086,1,0.00072224,0.890530324,-0.016531701,1.626142791,-0.003773845
2007-05-09,0.000815976,0.000288217,-0.001434996,-0.003868707,0.001428565,-0.003487662,4,0.001238546,0.881761524,-0.009485929,1.728818961,-4.15E-08
2007-05-10,0.002936984,0.005310603,-0.002618771,-0.005146324,-0.005469462,-0.005136112,0,0.003594673,0.919525666,0.029115868,1.557089443,0.001428565
2007-05-11,-0.001224189,0.004480417,0.001582275,-0.004020765,0.003643771,-0.004171013,4,0.002103615,0.924972002,0.035544575,1.554903055,-0.005469462
2007-05-14,0.003336259,0.006738736,-0.004383192,-0.005376894,-0.006934924,-0.007332092,1,0.004564671,0.913266708,0.028672936,1.575234975,0.003643771
2007-05-15,0.004077654,0.009942685,-0.007035525,-0.013890209,-0.008655498,-0.015987549,1,0.005981247,0.901380018,0.010849694,1.60998643,-0.006934924
2007-05-16,-0.000871965,0.008254743,0.000135586,-0.012319627,-0.001222778,-0.018638891,4,0.000661896,0.908139299,0.026377775,1.56214374,-0.008655498
2007-05-17,0.000116601,0.00543436,-0.002242697,-0.011943553,-0.004656685,-0.017826114,0,0.002252885,0.908642136,-0.01088353,1.560657387,-0.001222778
2007-05-18,-0.000684086,0.005974464,0.000892952,-0.012632876,0.003195967,-0.018273917,4,0.001691284,0.90712122,-0.017850782,1.582928605,-0.004656685
2007-05-21,-0.002549486,8.87E-05,0.00637667,-0.001873014,0.010513834,-0.000825159,3,0.005952207,0.877183907,-0.0360828,1.669338563,0.003195967
2007-05-22,0.000426424,-0.003562511,0.004215575,0.009378086,0.008135724,0.015966063,2,0.003800235,0.862515619,-0.038864399,1.688488588,0.010513834
2007-05-23,0.000151283,-0.002539263,-0.003039798,0.006202702,-0.002824357,0.014364484,0,0.00173983,0.864652366,-0.043486933,1.787804888,0.008135724
2007-05-24,0.003481429,0.000825565,-0.005550595,0.002894803,-0.005596603,0.013424565,0,0.004455724,0.885666057,-0.02297608,1.738519059,-0.002824357
2007-05-25,-0.000528449,0.000981202,0.002126291,0.004128142,0.001975715,0.012204313,4,0.00135539,0.891900986,-0.015220234,1.725042669,-0.005596603
2007-05-29,-0.000528625,0.003002062,0.004229208,0.00198068,0.007546796,0.009237275,4,0.003807619,0.871081875,-0.006102032,1.694133948,0.001975715
2007-05-30,0.000278124,0.002853762,-1.65E-06,-0.002236549,-0.001027,7.46E-05,4,0.000574822,0.876241963,0.013726345,1.65166542,0.007546796
2007-05-31,-0.000653981,0.002048497,0.004336154,0.005139403,0.004276311,0.007175218,3,0.002688394,0.863150158,-0.001502208,1.60119381,-0.001027
2007-06-01,-0.000764713,-0.002197645,-0.000127488,0.010562511,0.003643731,0.016415553,4,0.001998757,0.866524447,-0.01914161,1.623771487,0.004276311
2007-06-04,-0.001246415,-0.00291561,-0.000176432,0.008259788,7.29E-05,0.014512723,4,0.000614923,0.866037816,-0.025863171,1.61872102,0.003643731
2007-06-05,-0.000568566,-0.002955551,0.002661335,0.006691915,-0.002669938,0.004295989,0,0.002194786,0.87099008,-9.18E-05,1.610670358,7.29E-05
2007-06-06,-0.000689174,-0.003922849,-0.000349655,0.006343915,0.000569213,0.005892202,0,0.000537304,0.87637117,0.000129206,1.549510054,-0.002669938
2007-06-07,0.002841917,-0.000426951,-0.000135297,0.001872464,-0.001344197,0.000271694,0,0.00177366,0.90050764,0.037357482,1.431064303,0.000569213
2007-06-08,0.000507506,0.000845268,0.001268967,0.003268918,0.000725475,-0.002646562,4,0.000525743,0.890507106,0.023982659,1.388226584,-0.001344197
2007-06-11,-0.000918772,0.001172911,-0.001501565,0.001943785,-0.003514468,-0.006233916,2,0.001488271,0.87953204,0.013494225,1.394512216,0.000725475
2007-06-12,0.001012279,0.002753756,0.002000257,0.001282707,-0.00311085,-0.006674828,0,0.002213648,0.90017271,0.029182631,1.358964982,-0.003514468
2007-06-13,-0.001077461,0.002365468,-0.002388893,-0.000756531,-0.001988522,-0.009232563,4,0.001061922,0.92863349,0.05226232,1.243936103,-0.00311085
2007-06-14,0.000475685,-7.63E-07,0.00179535,0.001174116,0.000681439,-0.007206927,4,0.000760404,0.928164025,0.027656385,1.262259435,-0.001988522
2007-06-15,-0.000198813,-0.000707083,0.00394208,0.003847229,0.006631691,-0.00130071,4,0.003298935,0.932600377,0.042093271,1.272395441,0.000681439
2007-06-18,-0.000730673,-0.000518984,0.001172279,0.006521074,-0.001040256,0.001173502,0,0.000983304,0.93048706,0.05095502,1.274175136,0.006631691
2007-06-19,-8.22E-05,-0.001613512,-0.001668398,0.002852418,0.000701943,0.004986295,4,0.001001349,0.94569465,0.04552194,1.233727041,-0.001040256
2007-06-20,0.002929284,0.002393233,0.003439322,0.008680633,-0.00074321,0.006231608,0,0.002085724,0.956439157,0.027805667,1.198446209,0.000701943
2007-06-21,-0.001987584,-7.00E-05,0.000355886,0.007241169,-0.001829612,0.003720557,4,0.001215107,0.958119953,0.029955928,1.182308887,-0.00074321
2007-06-22,-0.000815176,-0.000686398,0.002222602,0.005521691,0.006936296,0.004025162,0,0.003479092,0.958750718,0.026150341,1.089810976,-0.001829612
2007-06-25,0.002598365,0.00264264,-0.00138617,0.002963242,-0.005558424,-0.000493007,0,0.003408158,0.950630884,0.020143824,1.109008333,0.006936296
2007-06-26,0.002165158,0.004890048,0.002109678,0.006741318,0.001634808,0.000439858,0,0.001013291,0.95628355,0.010588899,1.080275865,-0.005558424
2007-06-27,-0.002238614,-0.00027785,0.003074831,0.006376827,0.005845754,0.007028822,4,0.003534432,0.954913621,-0.001525537,1.128899022,0.001634808
2007-06-28,1.23E-05,0.001722083,0.001576812,0.007597753,0.001109776,0.009968209,2,0.000795199,0.957707429,-0.000412524,1.122282648,0.005845754
2007-06-29,0.000550346,0.003087605,-0.000403989,0.004971163,-0.004816128,-0.001784215,0,0.002463702,0.955646705,-0.003104013,1.119430689,0.001109776
2007-07-02,-0.001226488,-0.000737249,0.000465668,0.006823001,0.002894623,0.006668832,4,0.00172836,0.959329441,0.008698557,1.131708538,-0.004816128
2007-07-03,-0.00048526,-0.003387667,0.001220278,0.005933601,0.000134986,0.005169011,4,0.000719618,0.960411159,0.00412761,1.122310307,0.002894623
2007-07-05,-0.001191939,-0.002340992,0.004066221,0.006924991,0.001925284,0.001248541,3,0.002302363,0.956967311,0.00205369,1.131494745,0.000134986
2007-07-06,7.48E-05,-0.002278524,0.00040606,0.005754239,-0.000737528,-0.000598763,4,0.000482342,0.945698377,-0.012009052,1.142095312,0.001925284
2007-07-09,0.001888177,-0.000940693,0.000394564,0.006552792,0.000169647,0.004387012,4,0.000865279,0.93962532,-0.016021385,1.151643623,-0.000737528
2007-07-10,0.003365339,0.003651134,0.002661706,0.008748829,-0.004356472,-0.002864083,0,0.003497205,0.949907373,-0.009422068,1.177713459,0.000169647
2007-07-11,-7.95E-05,0.004056942,-0.000930857,0.006597694,-0.002736322,-0.005735391,4,0.001271607,0.942361522,-0.018049637,1.151415827,-0.004356472
2007-07-12,0.001814862,0.007063743,-0.000218305,0.002313168,-0.000929885,-0.00859056,4,0.001168325,0.946547236,-0.010420075,1.143696107,-0.002736322
2007-07-13,0.000181839,0.007170765,-0.001147899,0.000759208,-0.002406902,-0.010259934,4,0.001197177,0.944522424,-0.001175953,1.14206197,-0.000929885
2007-07-16,0.00506082,0.010343408,-0.00165727,-0.001292625,-0.006645662,-0.017075242,1,0.00482685,0.93335775,-0.00626757,1.127495282,-0.002406902
2007-07-17,0.001570139,0.008548208,0.005627712,0.001673381,0.001769078,-0.010949692,3,0.002391977,0.93005709,-0.019850283,1.127597676,-0.006645662
2007-07-18,-0.001756892,0.006870769,-0.002662988,-5.88E-05,-0.002626548,-0.010839918,0,0.001246848,0.930892837,-0.011468686,1.13121612,0.001769078
2007-07-19,0.001428779,0.006484685,0.003124644,0.003284198,0.002538393,-0.00737164,4,0.001375353,0.921308904,-0.025238331,1.163820534,-0.002626548
2007-07-20,0.001572741,0.007875588,0.000298192,0.004730289,-0.005959479,-0.010924217,0,0.003361486,0.932865111,-0.011657313,1.211628155,0.002538393
2007-07-23,0.001787024,0.004601792,-0.003749294,0.002638264,-0.005838304,-0.010116859,3,0.003470073,0.938112671,0.004754921,1.29869376,-0.005959479
2007-07-24,0.003627763,0.006659416,0.000972275,-0.002017173,-0.008842904,-0.020728841,0,0.005409943,0.957190879,0.027133789,1.306955705,-0.005838304
2007-07-25,0.000299075,0.008715382,-0.001511882,-0.000866066,-0.003866741,-0.021969035,4,0.001904072,0.95729352,0.026400684,1.307095113,-0.008842904
2007-07-26,0.000759015,0.008045619,0.005003943,0.001013233,-0.00259618,-0.027103608,0,0.003154287,0.967308598,0.045999693,1.202356782,-0.003866741
2007-07-27,0.000555216,0.007028093,0.001745101,0.002460142,-0.001275743,-0.022419872,0,0.001254156,0.970089179,0.037224068,1.174742142,-0.00259618
2007-07-30,-0.003227558,0.00201351,-0.002023743,0.004185694,-0.002007485,-0.018589053,4,0.00133793,0.970622876,0.032510205,1.164232299,-0.001275743
2007-07-31,0.00171343,9.92E-05,-0.001703077,0.001510342,0.002332114,-0.007414035,0,0.001816891,0.966021967,0.008831088,1.121976671,-0.002007485
2007-08-01,0.004101221,0.003901324,-0.004236216,-0.001213992,-0.004900039,-0.008447332,4,0.00418083,0.962013453,0.004719933,1.104617711,0.002332114
2007-08-02,0.003177326,0.006319635,0.004270318,-0.001947616,0.003422767,-0.002428386,4,0.001871264,0.965224774,-0.002083823,1.116221202,-0.004900039
2007-08-03,0.005821536,0.011585955,0.001496389,-0.002196329,-0.010176601,-0.011329244,0,0.006773715,0.969334449,-0.00075473,1.157432989,0.003422767
2007-08-06,-0.002335092,0.012478422,-0.009598935,-0.009771521,-0.009446746,-0.018768505,4,0.004917616,0.968619348,-0.002003528,1.086593767,-0.010176601
2007-08-07,-0.003506771,0.00725822,-0.000554156,-0.0086226,0.003908152,-0.017192467,4,0.003048079,0.963317009,-0.002704958,1.104678037,-0.009446746
2007-08-08,-0.002666686,0.000490313,0.005885471,0.001499087,0.013458348,0.00116592,4,0.007149485,0.954414233,-0.007599221,1.186780479,0.003908152
2007-08-09,0.001339928,-0.001347085,0.008241962,0.005470731,0.016444234,0.014187388,0,0.007545383,0.932708803,-0.032515971,1.092506057,0.013458348
2007-08-10,-0.002727723,-0.009896344,-0.004926301,-0.000951959,0.004590927,0.028954915,2,0.004100402,0.927820723,-0.041513726,1.10301209,0.016444234
2007-08-13,0.000268053,-0.007293198,-0.000546396,0.00810058,-0.010941777,0.027459884,0,0.005435075,0.927224842,-0.041394506,1.106010014,0.004590927
2007-08-14,0.002514439,-0.001271988,0.001216534,0.00987127,-0.003639271,0.01991246,0,0.002648556,0.93225694,-0.031060069,1.106583234,-0.010941777
2007-08-15,0.001069961,0.002464659,-0.0022476,0.001738199,-0.000957767,0.005496346,0,0.001411128,0.933128145,-0.021286088,1.104493399,-0.003639271
2007-08-16,-0.004464146,-0.003339415,-0.006404488,-0.01290825,0.019501975,0.008554086,2,0.01186928,0.9105426,-0.022166203,1.173157539,-0.000957767
2007-08-17,-0.006270927,-0.006882619,-0.002493536,-0.010475486,-0.002144471,0.001818689,4,0.002607029,0.919115446,-0.008705277,1.129332769,0.019501975
2007-08-20,0.003496314,-0.003654358,0.001689838,-0.008239252,0.002074578,0.014835044,3,0.001438065,0.921160123,-0.006064719,1.137341364,-0.002144471
2007-08-21,-0.003411806,-0.009580604,0.003968318,-0.005487468,9.49E-05,0.018569171,3,0.003016118,0.914710227,-0.017546713,1.105888046,0.002074578
2007-08-22,-0.000608922,-0.011259487,0.000771333,-0.002468535,0.001185068,0.020712006,4,0.000799208,0.918711734,-0.014416411,1.107657669,9.49E-05
2007-08-23,0.001054004,-0.005741337,-0.003284794,0.000651159,-0.011921912,-0.010711881,0,0.005886653,0.903725966,-0.006816634,1.119139816,0.001185068
2007-08-24,-0.000723728,-0.000194137,0.002203459,0.005348155,0.001989007,-0.006578403,4,0.001452254,0.900674459,-0.018440986,1.11963352,-0.011921912
2007-08-27,0.0042899,0.000599448,0.002529766,0.006188083,-0.003396855,-0.012049837,0,0.003337298,0.899696997,-0.021463126,1.134352013,0.001989007
2007-08-28,0.002489777,0.006501032,-0.000195822,0.002023943,-0.004015196,-0.016159889,0,0.002684429,0.910639004,-0.004071223,1.14948217,-0.003396855
2007-08-29,-0.002889988,0.004219965,0.003009131,0.00426174,0.003381355,-0.013963603,4,0.002931273,0.923157283,0.004445549,1.154073805,-0.004015196
2007-08-30,0.000377984,0.003543945,0.005024387,0.012570921,-0.001171855,-0.003213545,1,0.002725574,0.922177745,0.018451778,1.152652554,0.003381355
2007-08-31,-0.002204953,0.00206272,0.000880752,0.011248214,0.001219187,-0.003983365,4,0.001540693,0.911932922,0.011258463,1.101672044,-0.001171855
2007-09-04,-0.003615449,-0.005842629,0.002550779,0.011269227,-0.000586593,-0.001173103,4,0.00253248,0.91732222,0.017625224,1.151278404,0.001219187
2007-09-05,0.000848612,-0.007483794,0.002289954,0.013755002,-0.001291003,0.001551091,0,0.001503036,0.920087935,0.009448931,1.150984632,-0.000586593
2007-09-06,9.78E-05,-0.004496031,-0.001036094,0.009709777,-0.001135643,-0.002965907,4,0.000657623,0.917273326,-0.005883957,1.095265452,-0.001291003
2007-09-07,-0.001829745,-0.00670376,-0.001719688,0.002965703,-0.004787439,-0.00658149,0,0.001987377,0.937815072,0.015637327,1.2312005,-0.001135643
2007-09-10,0.002376448,-0.002122359,-0.001298119,0.000786831,-0.006464485,-0.014265162,1,0.00373584,0.939858561,0.027925638,1.232494084,-0.004787439
2007-09-11,0.000118503,0.001611592,0.001338063,-0.000425884,0.00251601,-0.011162559,4,0.001181725,0.947327367,0.030005146,1.219227568,-0.006464485
2007-09-12,-0.001306205,-0.000543225,-0.002128689,-0.004844527,-0.005649578,-0.015521134,1,0.002416838,0.940795723,0.020707788,1.231370682,0.00251601
2007-09-13,0.001589329,0.000948329,-0.00492205,-0.008730483,-0.005239823,-0.019625314,4,0.00345621,0.931771628,0.014498302,1.241341713,-0.005649578
2007-09-14,0.001110914,0.003888988,0.000228277,-0.006782518,0.003813605,-0.011024271,4,0.001750428,0.969221251,0.031406179,1.173516134,-0.005239823
2007-09-17,0.002220679,0.003733219,-0.002783391,-0.00826779,-0.004717075,-0.009276862,0,0.003052892,0.96542235,0.025563789,1.217858123,0.003813605
2007-09-18,-0.00403261,-0.000417893,-0.002036325,-0.011642178,0.010167858,-0.001625014,4,0.006313837,0.971168898,0.023841531,1.272796806,-0.004717075
2007-09-19,-0.000539362,0.00034895,-0.000494542,-0.010008032,0.00719556,0.011220124,4,0.00377801,0.971631136,0.030835413,1.288447507,0.010167858
2007-09-20,0.003203123,0.001962744,0.002163909,-0.002922073,-0.002644743,0.013815204,0,0.002587434,0.970922048,0.03915042,1.287020519,0.00719556
2007-09-21,-0.000720514,0.000131317,0.001759608,-0.001390741,-0.00047,0.009531599,4,0.001118823,0.97550166,0.00628041,1.263112247,-0.002644743
2007-09-24,0.000837195,-0.001252167,0.004045391,0.005438041,-0.003760518,0.010488156,0,0.003208989,0.973794888,0.008372539,1.26571497,-0.00047
2007-09-25,0.001765525,0.004545967,0.006135581,0.013609947,-0.003138155,-0.002817856,2,0.003870359,0.971096613,-7.23E-05,1.267675364,-0.003760518
2007-09-26,0.001798653,0.006883983,0.000392484,0.014496973,0.002195803,-0.007817614,4,0.001064493,0.963665174,-0.007965962,1.311088108,-0.003138155
2007-09-27,-0.001395798,0.002285062,5.42E-06,0.012338486,0.00212595,-0.003046921,4,0.001452891,0.957682094,-0.013239954,1.332551064,0.002195803
2007-09-28,0.00178302,0.004788596,3.78E-05,0.010616688,-0.007543521,-0.010120442,0,0.004159247,0.95821329,-0.01728837,1.357159425,0.00212595
2007-10-01,0.000514861,0.004466261,0.001309831,0.007881128,0.010464871,0.004104947,4,0.004957685,0.958622124,-0.015172764,1.413071595,-0.007543521
2007-10-02,-0.002595448,0.000105289,0.002495403,0.00424095,0.008993253,0.016236356,2,0.004968893,0.951399221,-0.019697393,1.433775195,0.010464871
2007-10-03,-0.001096075,-0.002789439,-0.001894469,0.001953997,-0.002457714,0.011582839,0,0.001066126,0.949537496,-0.014127678,1.46452725,0.008993253
2007-10-04,-0.001660678,-0.003054319,-0.000593026,0.001355549,0.001515998,0.010972887,4,0.00132561,0.948972228,-0.008709867,1.466597664,-0.002457714
2007-10-05,-0.002974262,-0.007811601,0.0074427,0.008760439,0.009278621,0.027795029,4,0.005861951,0.929901677,-0.028311614,1.555549767,0.001515998
2007-10-08,0.001636532,-0.006689931,0.005754185,0.013204794,-0.002404351,0.014925807,1,0.003432872,0.929284971,-0.029337153,1.531934886,0.009278621
2007-10-09,0.000501259,-0.003593224,-0.002147347,0.008562043,-0.001443908,0.004488646,4,0.001232911,0.92293022,-0.028469001,1.546816734,-0.002404351
2007-10-10,-0.004364837,-0.006861986,0.004456269,0.014912781,0.001086954,0.008033314,1,0.003639801,0.913847717,-0.035689779,1.520801867,-0.001443908
2007-10-11,0.000646227,-0.004555081,-0.008944291,0.006561516,-0.006981899,-0.000464583,0,0.00485783,0.920377694,-0.028594534,1.566438793,0.001086954
2007-10-12,0.000804188,-0.00077663,0.007261739,0.006380555,0.002643051,-0.007100152,4,0.003250371,0.918221922,-0.011679755,1.569840975,-0.006981899
2007-10-15,0.000703842,-0.001709321,-0.000760246,-0.000133876,-0.005722726,-0.010418527,0,0.002913953,0.924385771,-0.0048992,1.565919023,0.002643051
2007-10-16,0.001443229,-0.000767351,0.000772248,0.002785719,-0.00067808,-0.009652699,0,0.000921624,0.886281248,-0.036648971,1.737772258,-0.005722726
2007-10-17,-0.003227212,0.000370274,0.008591941,0.006921391,0.000108861,-0.010630792,3,0.005058265,0.872180489,-0.041667229,1.709252862,-0.00067808
2007-10-18,0.000495215,0.000219262,0.003127826,0.018993508,0.000922669,-0.002726224,2,0.001380094,0.868749509,-0.051628185,1.731917307,0.000108861
2007-10-19,-0.000825533,-0.001410459,-0.000896558,0.010835211,-0.006372418,-0.011741694,0,0.002927614,0.920915696,0.002693775,1.510942607,0.000922669
2007-10-22,-0.000472467,-0.002586768,0.006710671,0.018306128,0.010243798,0.004224829,4,0.005236972,0.919885187,-0.004500584,1.54571473,-0.006372418
2007-10-23,-0.000743158,-0.004773155,0.007561803,0.025095683,0.001612716,0.006515625,4,0.003766609,0.926094755,0.039813507,1.518929562,0.010243798
2007-10-24,0.002372713,0.000826771,-0.006346432,0.01015731,-0.006982627,-0.000575863,0,0.00464233,0.917600393,0.045419905,1.545213111,0.001612716
2007-10-25,0.000733254,0.001064809,-0.007673837,-0.000644353,-0.004886064,-0.006384596,0,0.004013795,0.909502573,0.040753064,1.554499076,-0.006982627
2007-10-26,-0.00388355,-0.001993208,0.00550762,0.005759826,0.005084397,0.005072219,4,0.004472734,0.921345171,0.000429474,1.507291612,-0.004886064
2007-10-29,0.000887196,-0.000633545,0.001008173,5.73E-05,-0.003304147,-0.008475726,4,0.002018643,0.913404488,-0.006480699,1.462230085,0.005084397
2007-10-30,0.000860181,0.000969794,0.006225245,-0.00127923,-0.000317105,-0.010405546,0,0.003062766,0.920309857,-0.005784898,1.429930325,-0.003304147
2007-10-31,-0.001997944,-0.003400863,0.003023741,0.008090943,0.002518479,-0.00090444,4,0.002333599,0.924715728,0.007115334,1.411804238,-0.000317105
2007-11-01,0.000437906,-0.003696211,0.004036272,0.019801052,-0.013689949,-0.009708325,0,0.007803105,0.939873352,0.030370779,1.438071501,0.002518479
2007-11-02,0.001203012,0.001390351,0.004746467,0.019039899,0.002462525,-0.012330196,4,0.002028938,0.93949991,0.018154739,1.40664416,-0.013689949
2007-11-05,0.001157061,0.001660216,-0.00045609,0.017575637,-0.004288722,-0.01331477,0,0.002360929,0.940612415,0.027207927,1.409265827,0.002462525
2007-11-06,-0.00333588,-0.002535845,-0.001301631,0.010048761,0.002267511,-0.010730154,4,0.002349448,0.943761376,0.023451519,1.412985968,-0.004288722
2007-11-07,0.003034533,0.002496632,0.002387576,0.009412595,-0.002911081,-0.016159715,0,0.002696107,0.955838913,0.031123185,1.328629095,0.002267511
2007-11-08,-0.001963091,9.56E-05,-0.018804533,-0.01342821,0.00692231,0.004452544,1,0.010915728,0.928934711,-0.010938641,1.333193865,-0.002911081
2007-11-09,-0.002604497,-0.003711875,-0.011178884,-0.029353562,0.003419593,0.005409611,0,0.006234112,0.92114268,-0.01835723,1.309139915,0.00692231
2007-11-12,0.005797969,0.000929033,-0.006772946,-0.035670418,0.003165959,0.012864292,0,0.005425631,0.915256447,-0.025355968,1.293291056,0.003419593
2007-11-13,-0.004372011,-0.000107098,0.00537791,-0.028990877,-0.000325506,0.010271275,4,0.004001109,0.931302767,-0.012458609,1.227120707,0.003165959
2007-11-14,0.001360813,-0.001780818,-0.003936097,-0.035314549,-0.001406424,0.011775931,0,0.002262683,0.934594859,-0.021244054,1.227624158,-0.000325506
2007-11-15,0.004116286,0.004298559,0.003491977,-0.013018039,-0.000688808,0.004164814,0,0.00242504,0.934578599,0.005643888,1.222239866,-0.001406424
2007-11-16,-0.000138826,0.006764231,0.001910774,7.16E-05,-0.007941976,-0.007196756,3,0.004367608,0.923336226,0.002193547,1.2083081,-0.000688808
2007-11-19,0.000904877,0.001871139,0.000843569,0.007688134,-0.007613339,-0.017976054,0,0.004118822,0.928435677,0.01317923,1.198029113,-0.007941976
2007-11-20,-0.000494484,0.005748666,-0.003154372,-0.000844148,-0.0058098,-0.023460347,3,0.002682151,0.925461931,-0.005840836,1.188037333,-0.007613339
2007-11-21,-0.000303777,0.004084076,0.002617998,0.005709947,0.003931074,-0.018122848,0,0.00205334,0.926672023,-0.007922836,1.165777042,-0.0058098
2007-11-23,-0.002642101,-0.002674311,-0.003393203,-0.001175233,0.002952603,-0.014481437,4,0.002877304,0.933713792,-0.000864807,1.169004255,0.003931074
2007-11-26,0.005052133,0.002516648,0.001863797,-0.00122221,-0.003278813,-0.009818274,0,0.003485267,0.934185111,0.010848885,1.150585597,0.002952603
2007-11-27,0.001910888,0.003522659,0.000725887,-0.001339893,-0.003726142,-0.005931077,4,0.002433506,0.93630951,0.007873833,1.13599869,-0.003278813
2007-11-28,-0.002936468,0.001080675,0.003160406,0.004974885,0.007223413,0.007102136,4,0.004355952,0.949360858,0.023898927,1.159795661,-0.003726142
2007-11-29,0.001198773,0.002583226,0.00148197,0.003838857,-0.005658302,-0.00248724,3,0.003338323,0.94621506,0.019543036,1.15570159,0.007223413
2007-11-30,-0.003243813,0.001981513,-0.010431048,-0.003198988,-0.005510443,-0.010950287,3,0.004384636,0.943784403,0.010070611,1.094475963,-0.005658302
2007-12-03,0.001621675,-0.001448945,-0.003091049,-0.008153834,-0.004306578,-0.011978052,0,0.002731948,0.944616251,0.01043114,1.095736355,-0.005510443
2007-12-04,0.001604524,-0.001755308,-2.00E-05,-0.008899683,-0.003901078,-0.012152988,0,0.002341776,0.944735671,0.008426161,1.095803371,-0.004306578
2007-12-05,-0.000373337,0.000807822,0.002528912,-0.009531178,0.002820085,-0.016556316,4,0.001663165,0.946805113,-0.002555745,1.098051758,-0.003901078
2007-12-06,-0.001998086,-0.002389037,0.000951389,-0.010061759,0.012527652,0.001629638,4,0.006554553,0.939159065,-0.007055995,1.156357124,0.002820085
2007-12-07,0.002197219,0.003051995,0.000719479,0.001088768,-3.93E-05,0.007100799,1,0.001045161,0.957151481,0.013367078,1.152812549,0.012527652
2007-12-10,-6.39E-05,0.001366414,-0.002766759,0.001413058,-0.000277042,0.011130335,4,0.001331832,0.96327243,0.018656179,1.172938219,-3.93E-05
2007-12-11,0.003926179,0.003688068,0.000796189,0.00222921,-0.006420311,0.008611102,0,0.004341599,0.973007005,0.028271334,1.188086853,-0.000277042
2007-12-12,-0.002974578,0.001086827,0.001027352,0.00072765,0.001042368,0.006833385,4,0.001896084,0.970621711,0.023816598,1.21727241,-0.006420311
2007-12-13,0.002041083,0.005125997,-0.002216117,-0.002439856,-0.004143437,-0.009837705,2,0.002682224,0.970393737,0.031234672,1.220295489,0.001042368
2007-12-14,0.000578221,0.003506998,0.001492831,-0.001666504,-0.00654786,-0.016346283,0,0.003670917,0.971222504,0.014071023,1.239106415,-0.004143437
2007-12-17,0.002107991,0.005678896,-0.008389331,-0.007289076,-0.004785556,-0.020854797,0,0.004729588,0.972473527,0.009201097,1.241096686,-0.00654786
2007-12-18,-0.001315426,0.000437291,0.002083419,-0.006001847,0.013832673,-0.000601813,4,0.006931064,0.964662147,-0.008344858,1.269241789,-0.004785556
2007-12-19,-0.00054448,0.002867389,0.003278225,-0.003750974,0.004103145,0.002458964,2,0.002323306,0.964405418,-0.006216293,1.271338455,0.013832673
2007-12-20,-0.001987221,-0.001160915,0.010316591,0.008781735,0.010089005,0.016691406,4,0.006515622,0.959573748,-0.010819989,1.320356285,0.004103145
2007-12-21,-0.001173377,-0.002912513,0.002643608,0.009932513,0.006724737,0.029964003,4,0.003502294,0.961285026,-0.009937478,1.336028651,0.010089005
2007-12-24,-0.000682519,-0.005703023,-8.59E-05,0.018235904,0.003082257,0.037831816,4,0.001696576,0.956024921,-0.016448606,1.374602231,0.006724737
2007-12-26,-0.000686517,-0.005074114,0.003204235,0.019356721,0.002509504,0.026508647,4,0.001890132,0.95970711,-0.004955037,1.401797285,0.003082257
2007-12-27,0.000109971,-0.004419663,-0.003248265,0.01283023,-0.015568482,0.00683702,0,0.007426419,0.952826713,-0.011578705,1.520283828,0.002509504
2007-12-28,-0.001034191,-0.003466633,-0.002373494,0.000140145,-0.003767618,-0.007019603,2,0.001635719,0.954597307,-0.004976441,1.51655407,-0.015568482
2007-12-31,-0.000713842,-0.003007098,-0.001452649,-0.003956113,-0.000577093,-0.014321433,0,0.00059749,0.96247058,0.001185554,1.528632499,-0.003767618
2008-01-02,-0.00224717,-0.004571749,-0.001668172,-0.005538346,-0.001882932,-0.019286621,0,0.000995491,0.962569384,0.006544463,1.499261682,-0.000577093
2008-01-03,0.000977734,-0.002907498,-0.002666747,-0.011409327,-0.011397702,-0.033193828,1,0.005632039,0.955971926,-0.003735184,1.512031366,-0.001882932
2008-01-04,0.005014256,0.001996788,-0.013534722,-0.021695784,-0.007068749,-0.024694095,0,0.008114653,0.954008489,0.001181776,1.501836132,-0.011397702
2008-01-07,-0.001086742,0.001944237,-0.005292348,-0.024614637,3.33E-05,-0.020893141,3,0.002524805,0.948416817,-0.00618049,1.462716044,-0.007068749
2008-01-08,-0.000238783,0.002419296,-0.005344898,-0.028506885,-0.008200408,-0.028516456,0,0.004015444,0.95302974,-0.009440841,1.462485564,3.33E-05
2008-01-09,-0.001982695,0.002683771,0.000319433,-0.02651928,-0.003284861,-0.029918384,4,0.001703178,0.953578889,-0.008990495,1.428187616,-0.008200408
2008-01-10,0.001289109,0.002995145,-0.002287129,-0.026139662,0.003379725,-0.015140957,4,0.002373266,0.949336663,-0.006635262,1.468508297,-0.003284861
2008-01-11,-0.005698912,-0.007718024,-0.006026088,-0.018631029,-0.008152955,-0.016225163,0,0.003487059,0.949025419,-0.00498307,1.480675096,0.003379725
2008-01-14,0.002728061,-0.003903221,0.004787459,-0.008551222,0.000238577,-0.016019922,4,0.002264766,0.951698452,0.003281635,1.463412703,-0.008152955
2008-01-15,0.003321657,-0.00034278,0.000439252,-0.002767072,0.003891226,-0.003928287,0,0.001977304,0.950327112,-0.002702627,1.373205139,0.000238577
2008-01-16,0.002828203,0.004468118,-0.003931264,-0.007017769,0.009177463,0.008534036,1,0.00551907,0.943496031,-0.010082858,1.378450648,0.003891226
2008-01-17,0.004593295,0.007772304,0.00940738,0.00467674,0.001503153,0.006657464,0,0.004153892,0.94353864,-0.005798023,1.259120129,0.009177463
2008-01-18,0.001124449,0.014595666,0.003127987,0.013830815,-0.004854182,0.009956237,0,0.003392209,0.942505414,-0.006520005,1.256151245,0.001503153
2008-01-22,0.00050244,0.012370044,-0.009469826,-0.00042647,0.008752581,0.018470241,0,0.007450418,0.935591744,-0.016106708,1.216158619,-0.004854182
2008-01-23,0.003452612,0.012500998,-0.010739596,-0.011605318,0.010816491,0.025395506,4,0.008965519,0.925769334,-0.024557778,1.245347404,0.008752581
2008-01-24,-0.001213534,0.008459261,0.009020367,0.001346313,-0.01103689,0.005181153,3,0.008206589,0.910435085,-0.033060946,1.20503678,0.010816491
2008-01-25,0.002052705,0.005918671,0.001183912,-0.006877155,0.01003392,0.01371192,0,0.004555875,0.904386655,-0.039151985,1.181928574,-0.01103689
2008-01-28,-0.003023202,0.001771021,-0.007255152,-0.017260294,0.00243218,0.020998282,4,0.004175399,0.914163093,-0.028342321,1.131917979,0.01003392
2008-01-29,0.001614099,0.00288268,-0.002678601,-0.010469069,-0.002148239,0.010097462,4,0.0019845,0.915469192,-0.020122552,1.129215811,0.00243218
2008-01-30,0.001768553,0.001198621,0.000925812,0.001196339,-0.00908947,-0.009808499,0,0.005045758,0.911272541,-0.014496794,1.138103503,-0.002148239
2008-01-31,-9.20E-05,0.002320144,0.000611973,-0.007212055,0.0086523,0.009880691,4,0.004250987,0.917673254,0.007238169,1.170653409,-0.00908947
2008-02-01,-0.004851875,-0.004584437,-0.002378039,-0.010774006,0.01166394,0.011510712,4,0.007310452,0.921298669,0.016912014,1.196932174,0.0086523
2008-02-04,0.002004361,0.000443127,-0.002204731,-0.005723584,0.000834047,0.009912578,0,0.001777034,0.916855496,0.002692404,1.173321349,0.01166394
2008-02-05,0.002795324,0.001624352,0.001282572,-0.001762412,0.001808144,0.013868961,0,0.001164309,0.929258165,0.013788973,1.143259474,0.000834047
2008-02-06,0.002336698,0.002192498,-0.005781493,-0.008469718,-0.005388326,0.017570105,0,0.004017208,0.923811724,0.012539183,1.124330852,0.001808144
2008-02-07,-0.00401795,-0.001733441,-0.00160779,-0.010689481,0.006895314,0.015813119,4,0.004685841,0.922959648,0.005286394,1.152506881,-0.005388326
2008-02-08,-0.001098315,0.00202012,0.009354121,0.001042679,-0.001323654,0.002825525,1,0.00511352,0.913982645,-0.007316024,1.154432317,0.006895314
2008-02-11,-0.001131766,-0.001116008,0.000705705,0.003953115,-0.004656304,-0.002664826,4,0.002380649,0.909592822,-0.007262675,1.119215319,-0.001323654
2008-02-12,0.003600126,-0.000311207,-0.007248256,-0.004577713,0.000915639,-0.003557331,3,0.004635727,0.905664051,-0.023594114,1.123484247,-0.004656304
2008-02-13,0.000836968,-0.001810937,0.009449979,0.010653759,0.009537419,0.011368413,4,0.005250829,0.899933311,-0.023878413,1.169959581,0.000915639
2008-02-14,-0.000548463,0.001658551,-0.004076603,0.008184946,-0.009764202,-0.005291103,0,0.004490597,0.908009327,-0.01495032,1.207915554,0.009537419
2008-02-15,-0.003164621,-0.000407756,-0.005452449,-0.006621624,-0.006239571,-0.01020702,1,0.00279859,0.897986707,-0.015995939,1.261036085,-0.009764202
2008-02-19,6.25E-06,0.000730264,-0.005844965,-0.013172294,0.002064894,-0.003485822,1,0.003409155,0.898484092,-0.011108729,1.250431271,-0.006239571
2008-02-20,-0.001034537,-0.0039044,0.000715494,-0.005208544,0.002569233,-0.001832228,4,0.001518477,0.906537134,0.000873083,1.276055567,0.002064894
2008-02-21,0.001380445,-0.003360923,0.001141444,-0.013517079,-0.006590381,-0.017960028,0,0.003764018,0.914716382,0.014783071,1.258260813,0.002569233
2008-02-22,-7.11E-06,-0.002819572,-0.006298572,-0.015739047,-0.009071292,-0.017267118,3,0.004577028,0.926161354,0.018152027,1.266058009,-0.006590381
2008-02-25,0.00144774,0.001792789,-0.003296644,-0.013583243,0.007664184,-0.003363363,4,0.004591629,0.933856645,0.035869939,1.337621222,-0.009071292
2008-02-26,0.002189286,0.003975821,0.000600913,-0.007137365,0.002715285,-0.002712972,4,0.001284426,0.932953369,0.034469277,1.355775884,0.007664184
2008-02-27,0.001657507,0.006667866,0.004661293,-0.003191566,-0.000307681,-0.005589885,2,0.002275688,0.931966536,0.025429402,1.361375159,0.002715285
2008-02-28,0.000112076,0.005399496,-0.000498576,-0.004831587,-0.006093897,-0.005093401,0,0.002994319,0.936866142,0.02214976,1.350984333,-0.000307681
2008-02-29,0.002044866,0.007451474,0.001353098,0.002820083,-0.000615148,0.003362742,0,0.001218571,0.939873721,0.013712367,1.270318867,-0.006093897
2008-03-03,-0.001144148,0.004859587,-0.006219807,-0.00010308,-0.003393923,-0.007695364,1,0.002743526,0.942073211,0.008216566,1.219365054,-0.000615148
2008-03-04,-0.000232206,0.002438095,0.004197102,0.00349311,-0.001292967,-0.011703616,1,0.002419129,0.939822516,0.006869147,1.227801943,-0.003393923
2008-03-05,-0.001857879,-0.001077292,0.00030361,-0.000864574,-0.00117985,-0.012575785,4,0.001011119,0.925810322,-0.006156214,1.354803179,-0.001292967
2008-03-06,0.004593441,0.003404073,-0.001024723,-0.001390721,-0.008874701,-0.015356589,0,0.005593797,0.938038146,0.001172004,1.348669697,-0.00117985
2008-03-07,-0.00381283,-0.002453623,0.004832106,0.002088288,0.00440924,-0.010332201,0,0.004080896,0.931831178,-0.008042544,1.310185976,-0.008874701
2008-03-10,0.002590867,0.001281391,-0.004111274,0.004196821,-0.009170084,-0.016108362,0,0.00513595,0.944342516,0.002269305,1.329698368,0.00440924
2008-03-11,-0.001582286,-6.87E-05,0.002606802,0.002606522,0.00883894,-0.005976455,4,0.004586355,0.964669063,0.024846546,1.317002813,-0.009170084
2008-03-12,0.005198202,0.006987393,0.003751435,0.006054347,-0.000657188,-0.005453794,0,0.002848116,0.968080999,0.042270677,1.312728056,0.00883894
2008-03-13,-0.002186708,0.000207244,0.003645002,0.010724072,0.013297744,0.016718651,4,0.006842576,0.962702253,0.024664107,1.32281783,-0.000657188
2008-03-14,0.004846239,0.008866314,-0.001840083,0.004051883,-0.004039808,0.008269603,0,0.00378263,0.963716027,0.031884849,1.291936227,0.013297744
2008-03-17,0.010768051,0.017043498,-0.007167139,0.000996017,-0.00991461,0.007525077,1,0.009231335,0.951765379,0.007422863,1.309643136,-0.004039808
2008-03-18,-0.007021994,0.01160379,-0.000474255,-0.00208504,0.005681584,0.004367721,4,0.005195846,0.96626802,0.001598957,1.260794422,-0.00991461
2008-03-19,0.000659988,0.007065576,-0.001451627,-0.007288103,-0.001862085,0.003162824,0,0.001190183,0.967461491,-0.000619508,1.242285408,0.005681584
2008-03-20,-0.002267384,0.0069849,-0.002108456,-0.013041561,0.002038624,-0.008096295,4,0.002031171,0.969669,0.006966747,1.225358553,-0.001862085
2008-03-24,-0.000165245,0.001973416,0.014738974,0.003537496,0.013523205,0.009466718,4,0.008221563,0.968901008,0.005184981,1.258841542,0.002038624
2008-03-25,-0.003580295,-0.01237493,0.003825876,0.014530511,0.00337221,0.022753538,3,0.003442651,0.96838336,0.016617981,1.251837544,0.013523205
2008-03-26,9.54E-06,-0.005343397,0.001649616,0.016654382,0.004313735,0.021385689,0,0.002033944,0.967633462,0.001365442,1.246768778,0.00337221
2008-03-27,0.001787546,-0.004215839,-0.007378674,0.010727335,-0.002414006,0.020833768,0,0.003976893,0.967154455,-0.000307036,1.247331671,0.004313735
2008-03-28,0.000962062,-0.000986394,-0.000670718,0.012165074,-0.005409087,0.013386057,0,0.00283348,0.967107657,-0.002561343,1.246043294,-0.002414006
2008-03-31,-0.001872879,-0.002694027,0.002222765,-0.000351135,0.001315697,0.001178549,4,0.00177819,0.965130542,-0.003770466,1.266324304,-0.005409087
2008-04-01,-0.003842845,-0.002956577,0.000778432,-0.003398579,-0.002832203,-0.005025864,4,0.002213765,0.968180076,-0.000203284,1.214425556,0.001315697
2008-04-02,-0.001661411,-0.004627527,0.00136437,-0.003683825,0.004212945,-0.005126654,1,0.002485767,0.967905253,0.000271791,1.212886224,-0.002832203
2008-04-03,5.53E-05,-0.00635978,-0.000496446,0.003198403,0.000522678,-0.00218997,4,0.000416752,0.967990115,0.00083566,1.213887659,0.004212945
2008-04-04,-0.00211211,-0.009433952,0.002448716,0.006317837,-0.000571518,0.002647599,3,0.001894734,0.965733799,-0.001373858,1.196003533,0.000522678
2008-04-07,-0.001321717,-0.00888279,-0.004157573,-6.25E-05,-0.003032591,-0.001700689,2,0.001836294,0.968275304,0.003144763,1.20487896,-0.000571518
2008-04-08,0.002255529,-0.002784417,-0.001705554,-0.002546488,0.004046103,0.005177617,0,0.00252232,0.966890156,-0.00128992,1.178214858,-0.003032591
2008-04-09,0.004206785,0.003083779,-0.003281931,-0.007192788,-0.011077156,-0.010112484,0,0.0064654,0.956415796,-0.011489457,1.195061273,0.004046103
2008-04-10,-0.000105455,0.002923032,0.008193765,0.001497423,0.008397077,-0.002238085,4,0.004820713,0.954741968,-0.013248147,1.20417167,-0.011077156
2008-04-11,-1.73E-05,0.00501786,-0.005897241,-0.006848535,-0.007018597,-0.008685165,0,0.003751536,0.963278884,-0.002454915,1.197816296,0.008397077
2008-04-14,0.001492426,0.007832003,-0.002926631,-0.005617593,0.000347867,-0.005304707,0,0.001881355,0.960246988,-0.008028316,1.198015431,-0.007018597
2008-04-15,0.000309226,0.0058857,-0.000108706,-0.004020745,0.00410365,-0.005247159,4,0.002026155,0.971613442,0.004723286,1.177109854,0.000347867
2008-04-16,-0.001877923,-0.000199008,0.005203453,0.004464639,0.007917974,0.013747971,4,0.004534782,0.966965875,0.01055008,1.217120756,0.00410365
2008-04-17,-0.000525992,-0.000619545,-0.004152194,-0.00788132,-0.008206903,-0.002856009,2,0.003801941,0.958943402,0.004201435,1.252852392,0.007917974
2008-04-18,-4.12E-06,-0.000606387,0.007796298,0.00581222,0.000315683,0.004478271,4,0.003849138,0.958263072,-0.005015812,1.259018881,-0.008206903
2008-04-21,-0.000341385,-0.002440198,0.003662428,0.012401279,-0.002711928,0.001418476,1,0.002632598,0.959017046,-0.001229942,1.202175263,0.000315683
2008-04-22,0.000645036,-0.002104388,-0.00414996,0.008360025,-0.011253925,-0.0139391,0,0.005472146,0.960727233,-0.010886208,1.23717174,-0.002711928
2008-04-23,0.000478179,0.000251713,0.008927559,0.012084131,0.003337337,-0.018519737,4,0.004101678,0.960635208,-0.006330667,1.259320011,-0.011253925
2008-04-24,0.00027292,0.001050626,0.003387865,0.01962419,0.006152432,-0.004160402,4,0.002905726,0.95927956,0.000336158,1.28181196,0.003337337
2008-04-25,-0.003139716,-0.002084966,-0.008942895,0.002884997,0.000211715,-0.004264369,3,0.004268039,0.952346376,-0.005916696,1.272748646,0.006152432
2008-04-28,-0.000508989,-0.002252571,0.001658662,0.000881232,0.005875091,0.00432265,2,0.002897706,0.949876973,-0.009140073,1.268886108,0.000211715
2008-04-29,0.000798695,-0.002098912,0.004597312,0.009628504,-0.005021604,0.010554971,1,0.003956204,0.938499874,-0.022227359,1.480677963,0.005875091
2008-04-30,0.002932892,0.000355802,-0.001643433,-0.000942487,2.13E-05,0.007238889,0,0.001903828,0.941303065,-0.019332143,1.477382282,-0.005021604
2008-05-01,-0.002293759,-0.002210877,0.010761406,0.006431053,0.00177502,0.002861476,4,0.005715238,0.945401574,-0.013877987,1.434751606,2.13E-05
2008-05-02,0.000467636,0.001396475,-0.00473106,0.010642889,-0.008740575,-0.006090814,2,0.004348305,0.941091856,-0.011254521,1.441585832,0.00177502
2008-05-05,-0.002268878,-0.000363414,-0.000665424,0.008318802,0.002626748,-0.009339156,0,0.002038525,0.938490042,-0.011386931,1.42840652,-0.008740575
2008-05-06,-0.003675951,-0.00483806,0.000134772,0.003856262,-0.000140682,-0.004458234,4,0.00184043,0.940335854,0.00183598,1.438427015,0.002626748
2008-05-07,0.00229507,-0.005475882,6.65E-05,0.005566167,-0.000503488,-0.004982976,0,0.001246619,0.948054229,0.006751164,1.332377867,-0.000140682
2008-05-08,0.000420376,-0.002761747,0.001552188,-0.003643051,0.000989714,-0.005768282,4,0.000676206,0.95112793,0.005726357,1.311736136,-0.000503488
2008-05-09,-0.002692579,-0.005921962,0.004411938,0.005499947,0.007442803,0.010415096,1,0.004513838,0.924641706,-0.01645015,1.285725481,0.000989714
2008-05-12,-0.00077941,-0.004432494,0.006457817,0.012623189,0.007178276,0.014966623,4,0.004183896,0.927902947,-0.010587095,1.314820705,0.007442803
2008-05-13,-0.003048356,-0.003804899,0.00304552,0.015533936,0.005309651,0.020416955,2,0.003638658,0.92469126,-0.015644594,1.307161717,0.007178276
2008-05-14,0.001148076,-0.004951893,-0.003364614,0.012102849,-0.005056661,0.015863782,3,0.002885808,0.896941569,-0.051112661,1.288041873,0.005309651
2008-05-15,-0.00324596,-0.008618228,0.004193836,0.014744497,-0.000646713,0.014227355,4,0.003083292,0.904610216,-0.046517715,1.246697931,-0.005056661
2008-05-16,-0.00170077,-0.00762642,-0.003177442,0.007155117,-0.004226982,0.00255757,1,0.00183757,0.88691078,-0.037730926,1.302235029,-0.000646713
2008-05-19,0.002282096,-0.004564914,-0.005956191,-0.005258892,-0.004574227,-0.009194932,2,0.003855689,0.878274433,-0.049628514,1.304587104,-0.004226982
2008-05-20,-0.006113059,-0.007629617,-0.000199354,-0.008503766,0.005504334,-0.00900025,0,0.004744951,0.864222545,-0.060468716,1.145561529,-0.004574227
2008-05-21,-0.001708191,-0.010485883,-0.001624486,-0.006763638,0.004520651,0.000577062,0,0.002923487,0.88453565,-0.012405919,1.080167207,0.005504334
2008-05-22,-0.000677155,-0.007917078,0.004025819,-0.006931654,0.005467646,0.006691421,4,0.003007163,0.880697477,-0.023912739,1.065890623,0.004520651
2008-05-23,0.001668048,-0.004548261,0.005187107,0.001432895,0.001068547,0.01198695,0,0.002246033,0.894685518,0.007774739,1.062466496,0.005467646
2008-05-27,-0.001331446,-0.008161803,0.008025426,0.015414512,0.007287879,0.023849057,4,0.004844939,0.89896193,0.020687497,1.092943767,0.001068547
2008-05-28,-0.000321297,-0.002370041,-0.00175698,0.013856887,0.001571665,0.019916388,4,0.001365793,0.904947812,0.040725267,1.069806842,0.007287879
2008-05-29,-0.001185336,-0.001847187,0.003335966,0.018817339,0.004234461,0.019630199,4,0.002599488,0.909123721,0.024588071,1.075807443,0.001571665
2008-05-30,-0.00213986,-0.003309891,0.004185614,0.018977134,0.002140076,0.016302628,3,0.002726291,0.893790885,0.013093408,1.089291365,0.004234461
2008-06-02,-0.000139448,-0.005117387,-0.001857051,0.011932975,0.000810186,0.016044267,0,0.001121406,0.918741214,0.024055696,1.081670251,0.002140076
2008-06-03,-0.002303327,-0.006089267,0.001359733,0.005267282,0.003074921,0.011831309,0,0.0022711,0.918926535,0.019964605,1.079509954,0.000810186
2008-06-04,-0.00067103,-0.006439001,0.009420569,0.01644483,0.006680032,0.016939677,2,0.004976689,0.912196762,0.007248951,1.105468747,0.003074921
2008-06-05,-0.002187067,-0.007440732,-0.00078463,0.012324234,0.006652122,0.019357337,4,0.003926969,0.913296915,0.004173194,1.118083786,0.006680032
2008-06-06,-0.000433912,-0.005734784,0.001369158,0.009507778,0.000914532,0.018131794,0,0.000825393,0.945098113,0.051307228,1.098222453,0.006652122
2008-06-09,0.004964941,-0.000630395,-0.006914202,0.004450627,-0.007732851,0.009588757,2,0.006022679,0.928000649,0.009259435,1.117300927,0.000914532
2008-06-10,0.003209418,0.00488235,-0.001845495,0.001245399,-0.001142386,0.00537145,1,0.002235993,0.919505714,0.000579179,1.095138068,-0.007732851
2008-06-11,0.000135496,0.005688876,-0.005646785,-0.013821954,-0.003286031,-0.004594614,0,0.002790121,0.928539171,0.016342409,1.111678223,-0.001142386
2008-06-12,0.001498408,0.009374352,0.001035517,-0.012001808,-0.000547761,-0.011794497,4,0.000936546,0.933063248,0.019766333,1.116569565,-0.003286031
2008-06-13,-0.001373508,0.008434756,0.005709248,-0.007661717,0.004014341,-0.008694688,4,0.003324956,0.938961254,-0.006136859,1.135906976,-0.000547761
2008-06-16,-0.003195197,0.000274618,0.008147574,0.007400059,0.009591275,0.008629437,3,0.00621035,0.934699464,0.006698815,1.153450332,0.004014341
2008-06-17,-0.002111389,-0.00504619,-0.000119001,0.009126553,0.001148975,0.010920798,0,0.001353994,0.94375539,0.024249675,1.155070469,0.009591275
2008-06-18,-0.001091887,-0.006273572,-0.001706968,0.01306637,0.0017717,0.015978529,0,0.001525463,0.948494021,0.019954849,1.161691785,0.001148975
2008-06-19,-0.000920291,-0.008692271,0.009481227,0.02151208,0.005951473,0.022477763,4,0.004950021,0.944994282,0.011931034,1.190529108,0.0017717
2008-06-20,0.000277401,-0.007041362,-0.004278432,0.011524401,0.002181479,0.020644901,0,0.002727214,0.948927432,0.009966178,1.168961847,0.005951473
2008-06-23,-8.09E-05,-0.003927109,-0.008546787,-0.00516996,-0.008243804,0.002809822,1,0.004825358,0.939212681,0.004513217,1.180982655,0.002181479
2008-06-24,-0.000135185,-0.001950905,-0.004526569,-0.009577528,-0.013837406,-0.012176558,0,0.006491717,0.925210681,-0.018544708,1.203344596,-0.008243804
2008-06-25,-0.00545379,-0.006312809,0.008003237,0.000132677,0.005941587,-0.008006671,4,0.006084781,0.92117424,-0.027319781,1.218047577,-0.013837406
2008-06-26,-0.001008195,-0.006400713,-0.00403101,-0.013379559,0.004526575,-0.009431569,0,0.003544464,0.930740854,-0.014253429,1.144528915,0.005941587
2008-06-27,-0.005653825,-0.012331939,0.001248515,-0.007852612,0.003323416,-0.008289632,0,0.003841745,0.927778877,-0.021148555,1.145253472,0.004526575
2008-06-30,-0.000958005,-0.013209001,-0.011095888,-0.010401713,-0.013487416,-0.013533243,2,0.006900659,0.912856936,-0.026355745,1.152196751,0.003323416
2008-07-01,-0.000991248,-0.014065063,0.00138675,-0.004488395,-0.001033976,-0.000729814,4,0.001136198,0.914824636,-0.010386046,1.147794822,-0.013487416
2008-07-02,0.003612983,-0.00499829,-0.005117426,-0.017609059,-0.009857783,-0.016529184,0,0.005891874,0.918715273,-0.002458967,1.175139731,-0.001033976
2008-07-03,0.00539711,0.001407015,-0.003797482,-0.017375531,-0.0108982,-0.031953959,2,0.006848469,0.892422332,-0.038318522,1.136595693,-0.009857783
2008-07-07,0.003396018,0.010456858,0.007503013,-0.011121034,-0.002938534,-0.038215909,0,0.00449521,0.866198836,-0.061580041,1.207745027,-0.0108982
2008-07-08,-0.003472098,0.007942765,0.005595718,0.005570572,0.019548652,-0.005179841,4,0.010134026,0.891582602,-0.021274334,1.380680428,-0.002938534
2008-07-09,0.002022166,0.010956179,-0.003257261,0.000926561,-0.005139648,-0.009285513,0,0.003212245,0.905147158,-0.009677477,1.364112458,0.019548652
2008-07-10,0.000326107,0.007669303,0.003255678,0.009299665,0.003063208,0.003635478,4,0.00173686,0.903713877,-0.015001396,1.371228437,-0.005139648
2008-07-11,-0.000355802,0.00191639,0.002803921,0.015901069,0.017856311,0.032389989,1,0.00863653,0.887205832,-0.005216499,1.376701841,0.003063208
2008-07-14,0.004975138,0.003495511,-0.002705876,0.00569218,-0.006534896,0.028793627,0,0.004838379,0.86794695,0.001748114,1.417642715,0.017856311
2008-07-15,0.002545081,0.00951269,0.012243619,0.012340081,0.007720313,0.016965288,1,0.005456585,0.862148721,-0.02943388,1.38502179,-0.006534896
2008-07-16,0.000176195,0.007666719,0.005972938,0.021570281,0.01142164,0.033526575,4,0.005446035,0.898826458,-0.006320701,1.383090369,0.007720313
2008-07-17,0.006342207,0.013682819,1.32E-06,0.018315923,0.002343124,0.032806491,4,0.002991618,0.900030906,-0.00368297,1.371500497,0.01142164
2008-07-18,0.004065073,0.018103694,-0.013134396,0.002377605,-0.005394659,0.009555521,2,0.007435004,0.890139793,0.002933961,1.362707189,0.002343124
2008-07-21,-0.002006196,0.01112236,-0.000885138,0.004198344,0.007083006,0.023173423,1,0.004106285,0.883561056,0.015614105,1.402577768,-0.005394659
2008-07-22,-0.001684245,0.006893033,-0.002741786,-0.010787061,0.013734034,0.029187144,4,0.007688043,0.891232461,0.029083739,1.432500291,0.007083006
2008-07-23,-0.001483944,0.005232894,0.005413116,-0.011346883,-0.000755122,0.017010382,4,0.003138762,0.89462528,-0.004201178,1.398425349,0.013734034
2008-07-24,-0.001242262,-0.002351575,0.00352131,-0.007826893,-0.000240769,0.014426489,0,0.002078634,0.90530667,0.005275763,1.364253775,-0.000755122
2008-07-25,-0.002274148,-0.008690796,0.009094366,0.014401869,0.007096092,0.026917241,4,0.00547168,0.891498025,0.001358233,1.463706257,-0.000240769
2008-07-28,-0.002526173,-0.009210772,-0.001474978,0.013812028,-0.001464439,0.018369796,0,0.001038191,0.902356801,0.018795745,1.44228311,0.007096092
2008-07-29,0.000570626,-0.006955901,0.001085683,0.017639497,0.003057853,0.007693615,4,0.001329029,0.920154939,0.028922478,1.376542802,-0.001464439
2008-07-30,-0.000335688,-0.005807644,-0.012189893,3.65E-05,-0.010520893,-0.002072155,4,0.006496419,0.909347861,0.014722582,1.33425714,0.003057853
2008-07-31,-0.004683825,-0.009249207,0.011439418,0.007954596,0.007175316,0.005343929,0,0.007205695,0.894267625,-0.011039045,1.280390972,-0.010520893
2008-08-01,0.001039878,-0.005935181,-0.000699573,-0.001839343,0.007886565,0.006134402,1,0.003951721,0.903743848,0.012245823,1.259249719,0.007175316
2008-08-04,0.005276396,0.001867387,-0.002045386,-0.00240975,-0.007919824,-0.000320983,0,0.005454396,0.903207744,0.000850944,1.276386251,0.007886565
2008-08-05,0.000650409,0.00194717,-0.000582165,-0.004077599,-0.004596724,-0.00797556,4,0.002363968,0.910401325,-0.009753614,1.14132316,-0.007919824
2008-08-06,0.000114748,0.002397606,0.008723674,0.016835968,0.003368978,0.00591431,4,0.004091068,0.895060269,-0.014287592,1.114420387,-0.004596724
2008-08-07,-0.001364052,0.005717378,0.008531718,0.013928268,0.000740451,-0.000520554,0,0.004455878,0.898766934,0.004499308,1.113556599,0.003368978
2008-08-08,0.002539488,0.007216989,0.00086407,0.015491911,0.005249528,-0.003157591,4,0.002311867,0.918708996,0.014965148,1.132908427,0.000740451
2008-08-11,-0.002834033,-0.00089344,0.003732199,0.021269496,0.01564915,0.020411383,4,0.008132313,0.914169367,0.010961622,1.135166626,0.005249528
2008-08-12,0.000180848,-0.001363001,0.00828864,0.030140301,0.003942011,0.028950118,0,0.003905653,0.917940344,0.00753902,1.141936554,0.01564915
2008-08-13,-0.006530654,-0.008008403,0.002100866,0.023517493,0.006604697,0.032185838,1,0.005462068,0.905090167,0.010029898,1.105548158,0.003942011
2008-08-14,0.001661773,-0.004982577,0.004754976,0.019740751,0.003401157,0.034846544,4,0.002068924,0.904729521,0.005962587,1.109305156,0.006604697
2008-08-15,-0.000289417,-0.007811482,-0.004536406,0.014340276,-0.005407408,0.024189608,2,0.00281206,0.918082161,-0.000626835,1.102430733,0.003401157
2008-08-18,-0.000389473,-0.005366923,0.000615685,0.011223762,-3.48E-05,0.008505703,0,0.000417453,0.925026817,0.01085745,1.105283417,-0.005407408
2008-08-19,-0.0021047,-0.007652471,-0.004229472,-0.00129435,-0.006864545,-0.002300853,0,0.002937609,0.929552685,0.011612341,1.084353123,-3.48E-05
2008-08-20,-0.000127065,-0.001248882,-0.004200609,-0.007595826,-0.004029993,-0.012935543,4,0.002340902,0.928441777,0.02335161,1.080977208,-0.006864545
2008-08-21,-0.001373118,-0.004283773,-0.006140155,-0.018490956,-0.011209317,-0.027546018,2,0.005085991,0.911326064,0.006596543,1.09736442,-0.004029993
2008-08-22,0.005892321,0.001897965,0.003050154,-0.010904397,0.005616278,-0.016522332,4,0.002743243,0.918921103,0.000838941,1.10053432,-0.011209317
2008-08-25,-0.001194048,0.001093391,-0.000731111,-0.012251193,-0.003580168,-0.020067745,0,0.001549271,0.919970802,-0.005056015,1.111814625,0.005616278
2008-08-26,-0.001344405,0.001853685,-0.00521109,-0.013232811,0.000433886,-0.012769314,3,0.002567918,0.906136119,-0.023416566,1.110256636,-0.003580168
2008-08-27,-0.000127385,0.001853365,0.000686586,-0.008345616,0.005012161,-0.003727159,4,0.002439219,0.918179477,-0.010262301,1.162240036,0.000433886
2008-08-28,0.003589051,0.006815534,-0.002557688,-0.004763149,0.005313551,0.012795708,4,0.003539887,0.93080605,0.019479986,1.197799899,0.005012161
2008-08-29,-0.000904352,1.89E-05,-0.004645262,-0.012458565,0.002670827,0.009850257,0,0.003025325,0.934805585,0.015884482,1.187426554,0.005313551
2008-09-02,0.00175581,0.002968719,-0.003650223,-0.015377677,0.002761286,0.01619171,0,0.00281921,0.937609117,0.017638315,1.156175236,0.002670827
2008-09-03,0.003421977,0.007735101,-0.004586878,-0.014753465,0.006630402,0.022388226,2,0.004804292,0.92460142,0.018465301,1.249310955,0.002761286
2008-09-04,3.92E-05,0.007901643,-0.002149018,-0.017589069,-0.001516349,0.015859716,0,0.001100269,0.945338888,0.027159411,1.214826733,0.006630402
2008-09-05,-0.001499898,0.002812693,-0.005820851,-0.020852232,-0.004100998,0.006445167,3,0.002603594,0.946572666,0.015766616,1.222077582,-0.001516349
2008-09-08,0.005194417,0.008911463,-0.014168646,-0.030375616,-0.001000672,0.002773668,4,0.008243365,0.925495448,-0.009310137,1.189889589,-0.004100998
2008-09-09,0.010107766,0.017263418,0.007966948,-0.018758445,-0.000779447,-0.000767064,0,0.005521629,0.942391212,0.004782095,1.099792214,-0.001000672
2008-09-10,-0.002735918,0.011105524,0.002381277,-0.011790291,0.007727604,0.000330138,4,0.004445276,0.94456888,0.01996746,1.127664138,-0.000779447
2008-09-11,0.000805582,0.011871949,-0.000553492,-0.010194764,-0.01114951,-0.009303024,4,0.00564442,0.945749407,0.000410519,1.093354889,0.007727604
2008-09-12,-0.003144828,0.010227019,-0.000769555,-0.005143469,-0.000368373,-0.005570399,3,0.001418022,0.946258969,-0.000313698,1.086321765,-0.01114951
2008-09-15,0.00311042,0.008143022,0.011639925,0.020665102,0.005014438,0.000444712,0,0.004920891,0.958330679,0.032835231,1.026211187,-0.000368373
2008-09-16,-0.004493084,-0.006457828,-0.004613283,0.008084871,0.012464828,0.013688987,4,0.008042021,0.954475734,0.012084522,1.073844531,0.005014438
2008-09-17,0.006806612,0.003084702,-0.002364138,0.003339456,-0.00113699,0.004824393,0,0.004102045,0.963278713,0.018709833,1.057955311,0.012464828
2008-09-18,-0.004510016,-0.002230896,0.004229802,0.00812275,0.025165434,0.041139337,4,0.013123922,0.965929789,0.020180382,1.169015304,-0.00113699
2008-09-19,-0.006552246,-0.005638314,-0.006019232,0.002873073,0.001230794,0.042738504,4,0.004021822,0.971682352,0.025423384,1.140733489,0.025165434
2008-09-22,0.00570862,-0.003040114,-0.003652703,-0.012419555,-0.006198524,0.031525542,0,0.005165978,0.974450864,0.016120185,1.149653359,0.001230794
2008-09-23,0.000984783,0.002437753,0.003914761,-0.003891511,1.74E-05,0.019078163,0,0.001848535,0.973751391,0.019275657,1.145383558,-0.006198524
2008-09-24,-0.000695674,-0.005064533,0.003070356,0.001542983,-0.014254228,0.005960926,1,0.007698769,0.9689552,0.005676487,1.15385696,1.74E-05
2008-09-25,-0.001441101,-0.001995617,-0.00523786,-0.007924679,-0.00810849,-0.027312998,4,0.003678423,0.967495413,0.001565624,1.13566213,-0.014254228
2008-09-26,0.007547752,0.012104381,-0.004855004,-0.006760451,-0.004723751,-0.033267542,2,0.005825868,0.964375723,-0.007306629,1.130830901,-0.00810849
2008-09-29,0.019844617,0.026240378,-0.003687361,-0.006795109,0.023069002,-0.004000017,0,0.013600361,0.96563881,-0.008812054,1.009115146,-0.004723751
2008-09-30,-0.007010415,0.01824518,0.000326068,-0.010383802,-0.020062437,-0.024079903,4,0.00953775,0.964806433,-0.008944958,0.965041799,0.023069002
2008-10-01,0.002747307,0.021688161,-0.00625012,-0.019704277,-0.007272566,-0.017098241,0,0.00484681,0.964820147,-0.004135053,0.964503856,-0.020062437
2008-10-02,0.008446615,0.031575877,-0.004694824,-0.019161241,-0.010702245,-0.019691997,0,0.008079759,0.96510657,-0.002388843,0.98179117,-0.007272566
2008-10-03,-0.001537055,0.02249107,-0.001350303,-0.01565654,-0.015471009,-0.030439255,0,0.00728653,0.963610002,-0.000765722,0.991775707,-0.010702245
2008-10-06,0.002799501,0.005445953,-0.005044153,-0.017013331,0.000617567,-0.05289069,0,0.003316636,0.966920904,0.001282094,0.989162674,-0.015471009
2008-10-07,0.006691541,0.019147909,-0.000658327,-0.017997726,-0.004921767,-0.03775002,0,0.004800176,0.970095512,0.005289079,0.997295686,0.000617567
2008-10-08,-0.008812703,0.0075879,0.003071651,-0.008675956,-0.011000238,-0.041477692,0,0.006783222,0.968454871,0.003634724,0.991106037,-0.004921767
2008-10-09,0.003064815,0.002206099,0.022962665,0.018981533,-0.011431496,-0.042206943,0,0.014307288,0.966149981,0.001043411,1.019732623,-0.011000238
2008-10-10,-0.003203266,0.000539888,0.01449393,0.034825766,0.057408803,0.030672869,2,0.027905802,0.943075953,-0.020534048,1.082143248,-0.011431496
2008-10-13,-0.004488506,-0.00674812,0.002022443,0.041892361,-0.020962064,0.009093239,4,0.010431136,0.95508222,-0.011838684,1.009021004,0.057408803
2008-10-14,-0.002858974,-0.016298635,-0.030679306,0.011871383,-0.023522894,-0.009507888,0,0.01515174,0.951081252,-0.01901426,1.001623475,-0.020962064
2008-10-15,0.012689989,0.005204057,0.006193012,0.014992744,-0.004823013,-0.003330664,0,0.0075989,0.956393976,-0.012060895,1.006316435,-0.023522894
2008-10-16,0.004098313,0.006237555,0.011808241,0.00383832,0.02474903,0.032849862,4,0.01088617,0.957686473,-0.008463508,1.005167613,-0.004823013
2008-10-17,-0.008016997,0.001423824,0.002487715,-0.008167894,-0.012846481,-0.037405422,0,0.007096381,0.954682583,0.01160663,0.999711356,0.02474903
2008-10-20,-0.000960885,0.004951445,-0.01283386,-0.023024198,-0.008544929,-0.024988287,4,0.006161218,0.956001502,0.000919282,0.99238364,-0.012846481
2008-10-21,0.005951375,0.013761794,-0.011039088,-0.003383979,0.001230405,-0.000234988,0,0.00718968,0.955590466,0.004509214,0.990865873,-0.008544929
2008-10-22,0.00431907,0.005390875,0.014078893,0.004501901,0.007390723,0.011978748,0,0.005922508,0.956859307,0.00046533,0.98302655,0.001230405
2008-10-23,0.007438266,0.008730828,-0.019909724,-0.027216063,-0.036853117,-0.0496234,2,0.020013735,0.949490388,-0.008196085,0.979271541,0.007390723
2008-10-24,-0.001473363,0.015274462,0.002240129,-0.02746365,-0.004008534,-0.040785452,0,0.002622343,0.949707473,-0.00497511,0.97962411,-0.036853117
2008-10-27,0.007732062,0.02396741,0.002106761,-0.012523028,-0.017147361,-0.049387885,0,0.010722275,0.948946945,-0.007054557,1.022835168,-0.004008534
2008-10-28,0.000801832,0.018817867,-0.011394094,-0.012878035,-0.029058519,-0.079676809,4,0.013926231,0.954618069,-0.000972398,0.990409739,-0.017147361
2008-10-29,0.002926436,0.017425233,0.015822343,-0.011134585,0.028256099,-0.058811433,2,0.01297373,0.95048111,-0.006378197,1.001040241,-0.029058519
2008-10-30,-0.004593862,0.005393105,-0.000854797,0.007920341,0.020897026,-0.00106129,4,0.011530495,0.948821134,-0.000669254,1.017930578,0.028256099
2008-10-31,0.000349055,0.007215523,-0.002129405,0.003550807,0.029144075,0.032091319,4,0.014909057,0.946410232,-0.003297241,1.035472603,0.020897026
2008-11-03,0.001976632,0.001460093,0.005653555,0.007097601,0.00435374,0.05359242,2,0.002511386,0.94547329,-0.003473655,1.037480659,0.029144075
2008-11-04,-0.007765876,-0.007107615,-0.009331446,0.009160249,-0.026238,0.056412939,4,0.011050337,0.94082363,-0.013794439,1.020513858,0.00435374
2008-11-05,0.002302722,-0.007731329,-0.002796,-0.009458093,-0.004981061,0.02317578,0,0.003185332,0.944497288,-0.005983822,1.020292742,-0.026238
2008-11-06,0.001829751,-0.001307716,0.007228061,-0.001375235,0.014356839,0.016635593,0,0.006445935,0.941888723,-0.006932411,0.991676499,-0.004981061
2008-11-07,-0.000323562,-0.001980333,-0.004674249,-0.003920078,-0.008577888,-0.02108637,4,0.004060319,0.958369546,0.011959314,0.968680858,0.014356839
2008-11-10,0.00450795,0.000550985,-0.006052636,-0.015626269,-0.012675678,-0.038115788,0,0.007462666,0.949107932,0.003634642,1.009414665,-0.008577888
2008-11-11,0.002180049,0.01049691,-0.000130249,-0.006425073,0.000120805,-0.011756983,0,0.001096402,0.954275859,0.013452229,1.002478009,-0.012675678
2008-11-12,0.00482453,0.013018718,0.000232822,-0.003396251,-0.009806245,-0.016582167,0,0.006160485,0.947324526,0.002827238,1.007275153,0.000120805
2008-11-13,-0.002337381,0.008851587,-0.003921899,-0.014546211,0.014539382,-0.016399625,4,0.00846755,0.952944329,0.011055606,0.999993721,-0.009806245
2008-11-14,0.003593681,0.01276883,-0.008709678,-0.01858164,-0.030686495,-0.038508231,0,0.015383751,0.953529281,-0.004840266,1.035767952,0.014539382
2008-11-17,-0.000532927,0.007727953,0.002939847,-0.009589157,0.014649143,-0.01118341,0,0.007089823,0.949120416,1.25E-05,1.039936625,-0.030686495
2008-11-18,0.008316197,0.0138641,-0.008967465,-0.018426372,-0.018223665,-0.02952788,3,0.011439853,0.947570577,-0.006705282,1.03930741,0.014649143
2008-11-19,0.011033151,0.020072721,-0.00441871,-0.023077904,-0.018648143,-0.038369778,0,0.012285576,0.949426513,0.002101987,1.079974685,-0.018223665
2008-11-20,0.012231222,0.034641323,0.017444939,-0.001711067,0.001584778,-0.051324382,0,0.008408897,0.95980706,0.006862731,1.068482394,-0.018648143
2008-11-21,0.002048427,0.03309607,-0.010785314,-0.003786702,-0.007693854,-0.028331741,4,0.006116157,0.96247611,0.008946829,1.054528816,0.001584778
2008-11-24,-0.014557648,0.019071349,-0.001309308,-0.008035858,0.00907882,-0.033902064,4,0.009739005,0.964370966,0.01525055,1.055371426,-0.007693854
2008-11-25,-0.002265343,0.008489809,-0.011494122,-0.010562515,0.007971181,-0.007707218,3,0.008008543,0.96447522,0.016904643,1.139792881,0.00907882
2008-11-26,-0.005989298,-0.00853264,0.010250014,0.004106209,0.021609792,0.032550717,4,0.012118812,0.968137586,0.018711072,1.155265336,0.007971181
2008-11-28,0.00207236,-0.018691502,-0.007334629,-0.020673359,-0.00050974,0.030456199,4,0.004083392,0.968692527,0.008885467,1.13792739,0.021609792
2008-12-01,0.013396474,-0.007343455,-0.000272415,-0.01016046,-0.032600746,0.005549307,0,0.019557718,0.975997348,0.013521238,1.154762296,-0.00050974
2008-12-02,-0.006568182,0.000646011,-0.00283069,-0.011681842,0.018484821,0.014955308,4,0.011138579,0.976583973,0.012213007,1.170770812,-0.032600746
2008-12-03,-0.005214269,-0.002302914,0.003438467,0.003250747,0.001157822,0.008141948,4,0.003663183,0.979171318,0.014696098,1.192943289,0.018484821
2008-12-04,0.004350147,0.008036531,-0.002128834,-0.009128102,-0.002115974,-0.015583818,0,0.003051245,0.978639444,0.010501859,1.197228028,0.001157822
2008-12-05,-0.005375905,0.000588266,0.00730671,0.005513238,0.012038181,-0.003035896,4,0.007711961,0.981200304,0.012507777,1.225596089,-0.002115974
2008-12-08,-0.003656889,-0.016465096,0.002861765,0.008647418,0.005394862,0.034959712,4,0.003889202,0.982177196,0.006179848,1.231732145,0.012038181
2008-12-09,-0.004169405,-0.01406632,0.00774297,0.019221078,-0.00970494,0.00676995,0,0.007351303,0.981672502,0.005088529,1.230518063,0.005394862
2008-12-10,-0.00379201,-0.012644061,-0.000168839,0.015613772,0.010870713,0.016482842,4,0.006341495,0.98130519,0.002133872,1.23649418,-0.00970494
2008-12-11,0.006275401,-0.010718808,-0.008549017,0.009193589,-0.025386218,-0.006787402,0,0.01373147,0.979318712,0.000679268,1.256922133,0.010870713
2008-12-12,0.000508936,-0.004833968,0.014541295,0.016428174,0.030449987,0.011624403,4,0.014391462,0.973909141,-0.007291163,1.275356578,-0.025386218
2008-12-15,0.00518873,0.004011651,-0.008473305,0.005093105,-0.021677368,-0.015447827,0,0.011731062,0.971756503,-0.010420693,1.258529335,0.030449987
2008-12-16,-0.008954178,-0.000773123,0.002570339,-7.95E-05,0.01467878,0.008935893,4,0.009747633,0.975540735,-0.006131767,1.273072118,-0.021677368
2008-12-17,-0.00160696,0.001411927,0.002962409,0.003051722,0.017354983,0.015420163,1,0.0086609,0.977318343,-0.003986847,1.269615967,0.01467878
2008-12-18,-0.003781677,-0.00864515,0.004184535,0.015785275,0.00602342,0.046829801,0,0.004388194,0.973629761,-0.005688951,1.25684895,0.017354983
2008-12-19,-0.005944667,-0.015098753,0.004735806,0.005979786,0.01175542,0.028135234,3,0.00748664,0.97072511,-0.003184031,1.301977695,0.00602342
2008-12-22,0.011521363,-0.00876612,-0.002177125,0.012275965,-0.004809727,0.045002876,0,0.007198951,0.976050886,0.004294383,1.351926476,0.01175542
2008-12-23,-0.002065736,-0.001877678,0.002685502,0.012391128,-0.003862278,0.026461818,0,0.002814717,0.973870761,-0.001669974,1.392623294,-0.004809727
2008-12-24,3.73E-05,-0.000233407,-0.003558652,0.005870067,-0.001824727,0.007282109,4,0.001717548,0.975330765,-0.001987578,1.39075439,-0.003862278
2008-12-26,0.000200908,0.003749178,-0.001846152,-0.000160621,0.007917606,0.009176294,4,0.004332108,0.973979546,0.000349785,1.380902992,-0.001824727
2008-12-29,0.000159986,0.009853831,-0.009222949,-0.014119376,-0.018646596,-0.021225721,0,0.008959706,0.97311876,0.002393649,1.392479116,0.007917606
2008-12-30,-0.002604733,-0.004272265,0.002270878,-0.009671373,0.01091885,-0.005497144,4,0.005863795,0.954726336,-0.02132455,1.415928522,-0.018646596
2008-12-31,-0.001676962,-0.00388349,0.002777891,-0.009578983,0.019908142,0.018273276,4,0.009941793,0.949843845,-0.024026916,1.431561646,0.01091885
2009-01-02,-0.002112278,-0.006033078,0.003272735,-0.002747597,-0.018405927,0.001692075,4,0.009653999,0.938373697,-0.036957067,1.398870613,0.019908142
2009-01-05,-0.004416026,-0.010650012,0.002115101,0.001213656,0.003076713,-0.003148818,0,0.003331198,0.932547543,-0.041432003,1.425178815,-0.018405927
2009-01-06,-0.000862177,-0.011672175,0.007059225,0.01749583,0.01119911,0.026696888,4,0.005783295,0.924972986,-0.048145774,1.444567063,0.003076713
2009-01-07,0.002870835,-0.006196608,-0.002331562,0.01289339,-0.004343332,0.011434705,0,0.003105087,0.924683148,-0.030043188,1.465755768,0.01119911
2009-01-08,-0.006502326,-0.011021972,0.007771462,0.01788696,0.006437518,-0.002035919,3,0.006564282,0.920844704,-0.028999141,1.464831539,-0.004343332
2009-01-09,0.005008418,-0.003901277,-0.006957733,0.007656493,-0.020596094,-0.004226086,0,0.011114848,0.923300617,-0.01507308,1.49888022,0.006437518
2009-01-12,0.008154854,0.008669603,0.001731182,0.007272575,-0.003491951,-0.01079475,0,0.004880959,0.919373454,-0.013174089,1.42524951,-0.020596094
2009-01-13,-0.004759633,0.004772147,0.003215489,0.003428838,0.008831476,-0.013162383,3,0.005707076,0.923801849,-0.001171136,1.371657848,-0.003491951
2009-01-14,0.004187687,0.006088999,-0.003401468,0.002358932,-0.010464378,-0.019283429,0,0.006196591,0.938857097,0.014173949,1.328103724,0.008831476
2009-01-15,0.000176711,0.012768037,0.01346464,0.008052111,0.019310312,-0.006410635,4,0.009708465,0.908676957,-0.012167748,1.394870752,-0.010464378
2009-01-16,0.000800941,0.00856056,0.003969141,0.018978984,0.000711756,0.014897215,4,0.001769138,0.916950139,-0.006350479,1.385226141,0.019310312
2009-01-20,0.013329184,0.013734891,-0.00532754,0.011920262,-0.018651102,-0.000261936,0,0.013235819,0.943684401,0.024310947,1.402896041,0.000711756
2009-01-21,-0.008074417,0.010420106,0.002355127,0.0110599,0.009348309,0.000254897,4,0.007184272,0.956334285,0.032532436,1.354287478,-0.018651102
2009-01-22,0.002398267,0.008630686,-0.012699236,0.001762133,-0.015648538,-0.004929262,0,0.009010268,0.956729568,0.017872471,1.373711672,0.009348309
2009-01-23,-0.010948295,-0.00249432,0.002656454,-0.009046054,-0.001959365,-0.026198939,3,0.005901672,0.954094574,0.045417617,1.371159249,-0.015648538
2009-01-26,-0.000786612,-0.004081873,0.002666407,-0.010348788,0.00720804,-0.019702655,4,0.003607268,0.954864076,0.037913937,1.378299571,-0.001959365
2009-01-27,-0.003659735,-0.021070792,-0.000553474,-0.005574722,0.001324072,0.000272518,4,0.002110796,0.955896164,0.012211763,1.369727053,0.00720804
2009-01-28,-0.008749694,-0.021746069,0.001887824,-0.006042025,0.004559506,-0.004516285,4,0.005761507,0.962552333,0.006218047,1.333161883,0.001324072
2009-01-29,0.006272652,-0.017871684,0.000738075,0.007395285,-0.009034818,0.002097435,0,0.006337576,0.963717417,0.00698785,1.322425348,0.004559506
2009-01-30,0.004705421,-0.002217968,0.001994949,0.006733781,0.001396496,0.005453296,0,0.001973254,0.965202619,0.011108045,1.279338721,-0.009034818
2009-02-02,-0.007512237,-0.008943593,0.012657541,0.016724914,0.014147977,0.012393233,2,0.010388369,0.969952657,0.015088581,1.358142871,0.001396496
2009-02-03,0.001975055,-0.003308803,-0.001181649,0.01609674,-0.008419109,0.002650052,4,0.004532869,0.965508593,0.009612429,1.334875549,0.014147977
2009-02-04,-0.007661834,-0.002220943,0.006692982,0.020901898,-0.002289528,-0.004198981,0,0.005946635,0.96184136,-0.000710973,1.323753492,-0.008419109
2009-02-05,-0.002948167,-0.011441762,0.004144509,0.024308332,-0.001624102,0.003211735,4,0.003080076,0.960482764,-0.003234654,1.322525278,-0.002289528
2009-02-06,7.92E-05,-0.016068017,0.002442032,0.024755416,0.007207094,0.009022332,4,0.003378958,0.964085216,-0.001117403,1.315098729,-0.001624102
2009-02-09,-0.002658578,-0.011214358,-0.001578273,0.010519602,-0.007364978,-0.012490623,1,0.003170241,0.965006984,-0.004945673,1.282895724,0.007207094
2009-02-10,0.00308311,-0.010106302,0.007471298,0.019172548,0.001831681,-0.002239833,0,0.003179471,0.966116187,0.000607595,1.234127442,-0.007364978
2009-02-11,-0.001523583,-0.003968051,-0.00414633,0.008333235,-0.00304493,-0.002995236,4,0.001807193,0.966693754,0.004852394,1.226119131,0.001831681
2009-02-12,-0.002590717,-0.003610601,0.00556003,0.009748757,0.003761209,0.002390076,3,0.00367185,0.963390058,0.002907294,1.21916929,-0.00304493
2009-02-13,-0.000387203,-0.00407697,0.00526919,0.012575915,0.005463946,0.000646928,0,0.003215038,0.966966111,0.002880895,1.199252817,0.003761209
2009-02-17,0.007955608,0.006537216,0.004227456,0.018381644,0.002256829,0.010268735,0,0.003372869,0.969778709,0.004771725,1.166189245,0.005463946
2009-02-18,0.001351895,0.004806,-0.000880011,0.010030335,-0.012475357,-0.004038303,1,0.006382678,0.964225876,-0.001890312,1.120655749,0.002256829
2009-02-19,0.000156641,0.006486224,-0.005184083,0.008992582,-0.003310191,-0.004303563,0,0.002612635,0.955939275,-0.010754479,1.099813081,-0.012475357
2009-02-20,-0.002044111,0.00703283,0.010376,0.013808552,-0.002416058,-0.01048083,0,0.006025718,0.960816169,-0.002573889,1.07289034,-0.003310191
2009-02-23,0.000659592,0.008079625,-0.002519493,0.006019869,-0.005358674,-0.02130345,0,0.002736868,0.96664277,-0.00032334,1.084348453,-0.002416058
2009-02-24,-0.006666141,-0.006542125,-0.001069031,0.000723382,0.005045823,-0.018514456,4,0.004803903,0.971978773,0.002200065,1.083152534,-0.005358674
2009-02-25,-0.000234439,-0.008128459,-0.000724524,0.000878869,-0.016414632,-0.022453732,0,0.008053148,0.968393673,0.004167798,1.09889278,0.005045823
2009-02-26,0.003615999,-0.004669101,-0.008207162,-0.002144211,-0.005470003,-0.024613545,0,0.005324382,0.961604207,0.005664931,1.093226471,-0.016414632
2009-02-27,0.007117443,0.004492453,0.014002794,0.001482583,0.013794804,-0.008402683,0,0.006639975,0.955959472,-0.004856697,1.061481578,-0.005470003
2009-03-02,0.004391348,0.00822421,0.00701334,0.011015416,-0.00834956,-0.011393569,0,0.006729353,0.961257904,-0.005384867,1.084374246,0.013794804
2009-03-03,0.000901504,0.015791855,0.005035499,0.017119947,-0.012206215,-0.028645607,0,0.007423721,0.966698171,-0.005280603,1.066410115,-0.00834956
2009-03-04,-0.001445153,0.014581141,0.000999164,0.018843634,0.004629284,-0.007601691,4,0.002591144,0.970431726,0.002038052,1.093820797,-0.012206215
2009-03-05,0.001676368,0.01264151,0.002640981,0.029691777,-0.017186501,-0.019318189,0,0.009376514,0.974597884,0.012993677,1.130275293,0.004629284
2009-03-06,0.003700975,0.009225042,-0.005641867,0.010047116,0.003352789,-0.029760203,3,0.004330924,0.971507954,0.015548482,1.140534362,-0.017186501
2009-03-09,-0.002054369,0.002779326,-0.009602534,-0.006568757,-0.012366178,-0.03377682,0,0.005918174,0.964791898,0.003533994,1.125416144,0.003352789
2009-03-10,-0.005379944,-0.003502122,0.006555111,-0.005049146,0.007196521,-0.014374084,4,0.005949283,0.976571458,0.009873287,1.133784718,-0.012366178
2009-03-11,-0.001878538,-0.003935508,0.007345069,0.00129676,-0.006393554,-0.025396922,3,0.005719605,0.9749256,0.004493875,1.157931245,0.007196521
2009-03-12,-0.005924561,-0.011536437,-0.000984761,-0.002328982,0.02308066,0.01487024,4,0.01295388,0.975148456,0.000550573,1.2195805,-0.006393554
2009-03-13,-0.000217221,-0.015454633,-0.003929818,-0.000616933,-0.000125023,0.011392427,4,0.001909944,0.975273034,0.00376508,1.216564209,0.02308066
2009-03-16,0.002551303,-0.010848962,-0.015861161,-0.00687556,-0.013746924,0.010011681,0,0.009381651,0.97160334,0.006811442,1.22000971,-0.000125023
2009-03-17,-0.00717071,-0.012639728,0.008906764,-0.004523907,0.011995703,0.014810863,4,0.008708351,0.971518331,-0.005053128,1.271893857,-0.013746924
2009-03-18,-0.008430074,-0.019191263,-0.000929422,-0.012798398,0.013552991,0.034757408,4,0.009150905,0.971485553,-0.003440047,1.283451403,0.011995703
2009-03-19,0.001540109,-0.011726593,0.007860237,-0.0039534,0.002545202,0.014221949,0,0.003413663,0.970990158,-0.004158298,1.279434373,0.013552991
2009-03-20,0.003287647,-0.008221725,0.002141599,0.002118016,-0.012370057,0.001976915,0,0.007219641,0.972815532,-0.002457502,1.288646357,0.002545202
2009-03-23,-0.002250636,-0.013023663,-0.002960611,0.015018566,0.012293307,0.028017146,4,0.007127811,0.976143242,0.004539902,1.280615372,-0.012370057
2009-03-24,0.005610411,-0.000242542,-0.004926002,0.0011858,-0.02015045,-0.004129007,0,0.011061211,0.974006888,0.002488557,1.30743907,0.012293307
2009-03-25,0.002079907,0.010267438,-0.001417388,0.000697835,0.014456545,-0.003225453,4,0.007261317,0.973141053,0.0016555,1.304953368,-0.02015045
2009-03-26,-0.000754132,0.007973197,0.014211646,0.007049244,0.020036349,0.014265695,4,0.010384847,0.972439061,0.001448902,1.323181806,0.014456545
2009-03-27,0.00162315,0.0063087,-0.006167404,-0.001259759,-0.016766549,0.009869203,0,0.008331688,0.975887565,0.003072032,1.362838373,0.020036349
2009-03-30,0.002208807,0.010768144,0.006950424,0.008651276,0.00459555,0.002171445,0,0.003000433,0.972603723,-0.003539519,1.355810918,-0.016766549
2009-03-31,-0.001557657,0.003600076,0.00463713,0.018214408,0.003123674,0.025445569,4,0.002832364,0.973472341,-0.000534546,1.347839237,0.00459555
2009-04-01,0.003446235,0.004966404,-0.001480122,0.018151675,-0.001372213,0.009616812,4,0.002299426,0.972235628,-0.000905426,1.347288715,0.003123674
2009-04-02,-0.000812946,0.004907589,0.004037166,0.007977195,0.019517677,0.00909814,4,0.00946222,0.96823888,-0.004200181,1.362178538,-0.001372213
2009-04-03,-0.004744655,-0.001460216,0.002249046,0.016393645,0.003423424,0.029288112,4,0.003608997,0.96873393,-0.007153635,1.364307676,0.019517677
2009-04-06,0.003147655,-0.000521367,-0.00102394,0.00841928,-0.01059999,0.014092572,0,0.005926049,0.968453038,-0.004150685,1.361436777,0.003423424
2009-04-07,0.000509814,0.001546104,-0.004327585,-0.000545435,-0.011936001,-0.000967103,0,0.005756466,0.967725107,-0.005747234,1.422653237,-0.01059999
2009-04-08,-0.005628814,-0.007528945,0.006717158,0.007651845,0.012135839,0.012540949,4,0.007753765,0.967611224,-0.004624404,1.423990792,-0.011936001
2009-04-09,-0.00640713,-0.013123128,0.000817385,0.004432064,0.019967163,0.012990435,4,0.011383167,0.967621495,-0.000617385,1.416871246,0.012135839
2009-04-13,-0.005698439,-0.014076912,-0.002064313,0.000118704,-0.002850645,0.006716366,2,0.002359288,0.967735903,-0.000998027,1.418491029,0.019967163
2009-04-14,0.003040658,-0.01418391,0.003439919,0.004582564,-0.011928923,0.005387433,0,0.007210102,0.973857097,0.005404059,1.412596323,-0.002850645
2009-04-15,0.001252333,-0.013441391,-0.011806782,-0.002896633,0.004831418,0.022154852,4,0.007213939,0.970157737,0.002432629,1.415060005,-0.011928923
2009-04-16,-0.003557857,-0.011370434,0.011052795,0.001439005,0.011854816,0.021873829,4,0.007783659,0.969648879,0.002037655,1.41356004,0.004831418
2009-04-17,-0.004231214,-0.009194519,-0.003383854,-0.002762235,0.006561542,0.008468208,4,0.0049034,0.969152579,0.001531085,1.424228323,0.011854816
2009-04-20,0.007467169,0.003971088,0.004193714,0.003495793,-0.013974881,-0.002656028,0,0.009439359,0.972543019,0.004807116,1.400789262,0.006561542
2009-04-21,-0.004859563,-0.003929133,0.000889918,0.000945791,0.01704402,0.026316915,4,0.009524899,0.968385125,-0.005471972,1.516196455,-0.013974881
2009-04-22,-0.002756681,-0.007938147,0.009091284,0.021843857,0.009156979,0.030642477,2,0.006167218,0.966154878,-0.004002858,1.473960419,0.01704402
2009-04-23,-0.000975141,-0.005355431,-0.006180682,0.00461038,-0.018642936,0.000144724,3,0.008569652,0.959984036,-0.009664843,1.4678316,0.009156979
2009-04-24,-0.001784813,-0.00290903,0.008492201,0.016486435,0.008984587,0.002567769,4,0.005611486,0.959732469,-0.00942011,1.445498269,-0.018642936
2009-04-27,0.003746643,-0.006629555,0.001296352,0.013589073,-0.009307853,0.007234796,0,0.005709838,0.957638297,-0.014904722,1.429077606,0.008984587
2009-04-28,0.001740703,-2.93E-05,-0.000595764,0.012103392,0.009769163,-4.01E-05,1,0.004797295,0.955846652,-0.012538473,1.511447388,-0.009307853
2009-04-29,-0.000545536,0.002181856,0.001144842,0.00415695,0.017263992,0.008066952,4,0.00856114,0.957568366,-0.008586512,1.531174415,0.009769163
2009-04-30,-0.001203086,0.001953911,0.004076642,0.014414273,-0.007037029,0.01967286,1,0.004591752,0.960366044,0.000382008,1.552184568,0.017263992
2009-05-01,2.58E-05,0.003764501,-0.004276161,0.001645911,-0.006572158,0.004116115,3,0.003276056,0.953718518,-0.006013951,1.538930469,-0.007037029
2009-05-04,-0.007543677,-0.007525819,-0.007831755,-0.007482196,0.006625605,0.020049573,4,0.006904158,0.955769835,-0.001868462,1.498882068,-0.006572158
2009-05-05,0.001887725,-0.007378797,-0.001568293,-0.008454725,-0.004661883,0.005618527,0,0.0027714,0.955818348,-2.83E-05,1.489466301,0.006625605
2009-05-06,-0.005243566,-0.012076827,-0.014419621,-0.024019189,-0.012213108,-0.023858572,4,0.006596866,0.941392604,-0.016175762,1.474165514,-0.004661883
2009-05-07,0.001184072,-0.009689669,-0.011376116,-0.039471946,-0.011058817,-0.027880361,0,0.006836561,0.944866199,-0.015499845,1.473908419,-0.012213108
2009-05-08,-0.004377272,-0.014092718,-0.010609513,-0.045805298,0.013801645,-0.007506558,4,0.010357872,0.932710246,-0.021008272,1.466280612,-0.011058817
2009-05-11,0.00340065,-0.003148392,0.017274864,-0.02069868,0.002254771,-0.011877392,0,0.007823466,0.926162711,-0.029607124,1.423203505,0.013801645
2009-05-12,0.006941122,0.001905005,-0.007909169,-0.027039555,-0.012579942,-0.019795452,1,0.008623651,0.911863909,-0.043954439,1.428373997,0.002254771
2009-05-13,0.005271062,0.012419633,-0.003347724,-0.015967657,-0.021060547,-0.028642891,0,0.011416068,0.928661212,-0.012731392,1.465291229,-0.012579942
2009-05-14,-0.004709819,0.006525742,0.004624026,3.25E-05,0.008368155,-0.009215918,4,0.005669822,0.929596977,-0.015269222,1.458588807,-0.021060547
2009-05-15,0.003923736,0.01482675,0.006091868,0.016733865,0.001293173,-0.021724391,0,0.002720707,0.930808482,-0.001901764,1.442268141,0.008368155
2009-05-18,-0.001860541,0.00956556,0.000670905,0.000129907,0.009115197,-0.014863965,4,0.004874933,0.916965992,-0.009196719,1.485563218,0.001293173
2009-05-19,-0.001704804,0.000919634,0.002995985,0.01103506,-0.001358663,-0.003642685,1,0.002139089,0.912942631,0.001078722,1.448701485,0.009115197
2009-05-20,-0.001106151,-0.005457579,0.001274455,0.015657239,-0.002813773,0.014604089,0,0.001733542,0.922959257,-0.005701955,1.46221151,-0.001358663
2009-05-21,0.001354332,0.000606572,-0.002142273,0.00889094,0.000146114,0.006382047,0,0.00145395,0.932844794,0.003247817,1.432267484,-0.002813773
2009-05-22,-0.000289243,-0.003606407,-0.000414713,0.002384359,-0.006010789,-0.000921914,0,0.002893284,0.932440071,0.00163159,1.425048881,0.000146114
2009-05-26,-0.002538996,-0.004284862,0.007982118,0.009695572,0.020450267,0.010413156,4,0.010340168,0.937498161,0.020532169,1.467816013,-0.006010789
2009-05-27,-0.001531201,-0.00411126,0.008037388,0.014736975,-0.001954871,0.009816948,0,0.00467572,0.938218077,0.025275446,1.444737137,0.020450267
2009-05-28,-0.002875162,-0.00588027,-0.003408576,0.010053943,-0.010515424,0.002115298,4,0.004468636,0.931618813,0.008659556,1.386895664,-0.001954871
2009-05-29,-0.002062412,-0.009297014,-0.000698728,0.011497488,0.005374206,0.007343389,4,0.003261739,0.934843469,0.001998675,1.388488432,-0.010515424
2009-06-01,0.000189472,-0.008818299,0.004681619,0.01659382,0.013130238,0.026484417,4,0.00614667,0.941604296,0.009164225,1.406731793,0.005374206
2009-06-02,0.000243992,-0.006035311,0.002449192,0.011060894,0.008133616,0.014167765,4,0.003781925,0.935060222,-0.002437939,1.437653428,0.013130238
2009-06-03,0.006297743,0.001793634,0.007893506,0.010917012,0.006363101,0.022485737,0,0.003504175,0.933575889,-0.004642188,1.410635219,0.008133616
2009-06-04,-0.002810083,0.001858713,0.001694247,0.016019835,0.005596712,0.038597872,4,0.003515236,0.942968545,0.011349733,1.441448762,0.006363101
2009-06-05,0.003989836,0.00791096,0.002193497,0.01891206,3.21E-05,0.033255727,1,0.001921238,0.9447539,0.009910431,1.422668734,0.005596712
2009-06-08,0.001166289,0.008887778,-0.002791952,0.01143849,-0.009546787,0.010578701,1,0.004798974,0.946444005,0.004839709,1.420087371,3.21E-05
2009-06-09,-0.003660307,0.004983478,0.006080238,0.015069535,0.002468485,0.00491357,3,0.004102292,0.951818772,0.01675855,1.465968609,-0.009546787
2009-06-10,0.000739293,-0.000574972,-0.000310883,0.006865147,-0.004539146,-0.005988677,0,0.002382052,0.964564185,0.030988296,1.451700934,0.002468485
2009-06-11,-0.002449604,-0.000214493,-0.001092526,0.004078374,-0.00157811,-0.013163499,4,0.0010215,0.95951278,0.016544235,1.36503285,-0.004539146
2009-06-12,0.001829885,-0.002374444,-0.003314744,-0.001429867,2.86E-05,-0.013166956,3,0.002145278,0.959015559,0.014261659,1.356762927,-0.00157811
2009-06-15,0.002559652,-0.000981082,0.000969959,0.002332044,-0.004829845,-0.008450014,0,0.003183153,0.96489428,0.018450275,1.351695774,2.86E-05
2009-06-16,0.000245655,0.002924881,0.001618606,-0.002129587,-0.003130369,-0.014048867,0,0.002006546,0.959436836,0.007618064,1.36515532,-0.004829845
2009-06-17,0.000501415,0.002687003,0.007974786,0.006156081,0.007892452,-0.001617269,2,0.004440579,0.957180869,-0.007383316,1.366511796,-0.003130369
2009-06-18,-0.001524128,0.003612478,-0.008563928,-0.001315321,-0.003555367,-0.003594526,3,0.003731341,0.951059505,-0.008453276,1.352094163,0.007892452
2009-06-19,-0.004965906,-0.003183312,0.007756756,0.009756179,0.003229853,-0.000393276,3,0.005360262,0.943028901,-0.015986658,1.379090157,-0.003555367
2009-06-22,0.007293394,0.001550431,-0.003029465,0.005756755,-0.008527766,-0.004091198,0,0.006596691,0.954502553,-0.010391727,1.354380502,0.003229853
2009-06-23,-0.004236573,-0.002931797,-0.003023331,0.001114817,-0.008491897,-0.009452726,1,0.003520018,0.945058543,-0.014378293,1.265472787,-0.008527766
2009-06-24,-0.009276531,-0.012709744,0.008913372,0.002053404,0.004017652,-0.013327525,3,0.007709409,0.933903419,-0.023277449,1.287528884,-0.008491897
2009-06-25,-0.000642406,-0.011828021,-0.000675003,0.009942329,0.007127218,-0.00264494,4,0.003795923,0.946314578,-0.004744927,1.32915251,0.004017652
2009-06-26,-0.002543457,-0.009405572,0.006212026,0.008397599,0.009381892,0.003507099,2,0.00549241,0.939301473,-0.003727428,1.33322908,0.007127218
2009-06-29,0.001700873,-0.014998094,-0.005852299,0.005574766,-0.014122782,-0.002087916,3,0.007143964,0.901840258,-0.052662295,1.273931179,0.009381892
2009-06-30,-0.00113796,-0.011899481,0.003663958,0.012262055,0.003993765,0.010397746,0,0.002584755,0.90145918,-0.043599363,1.245902181,-0.014122782
2009-07-01,0.002379853,-0.000243097,0.001450684,0.004799366,0.013547351,0.019927444,4,0.006212921,0.89986208,-0.034041339,1.324661971,0.003993765
2009-07-02,0.002966404,0.003365712,0.002559727,0.008034096,-0.01034213,0.002458096,0,0.006231986,0.917493813,-0.028820764,1.323631269,0.013547351
2009-07-06,0.002752607,0.008661777,-0.00765187,-0.0058298,-0.008978675,-0.015902472,2,0.005732808,0.908925256,-0.030376217,1.319646995,-0.01034213
2009-07-07,0.000317611,0.007278515,-0.003457435,-0.003434936,-0.000115154,-0.001894843,0,0.001771936,0.917397505,0.015557248,1.288692201,-0.008978675
2009-07-08,0.003482445,0.01189892,0.002242449,-0.004856445,-0.007812171,-0.01370078,2,0.005069413,0.914558525,0.013099345,1.28769914,-0.000115154
2009-07-09,-0.002959124,0.006559944,-0.000466409,-0.006773538,-0.004396056,-0.031644187,3,0.002082062,0.914861777,0.014999697,1.279642863,-0.007812171
2009-07-10,-0.000458814,0.003134726,0.006013636,-0.003319629,0.00759156,-0.013710496,2,0.004114984,0.910166278,-0.007327535,1.293928459,-0.004396056
2009-07-13,-0.002153714,-0.001771595,-0.003676257,0.000655984,0.000684114,-0.004047707,4,0.002000117,0.923086771,0.014161515,1.254926776,0.00759156
2009-07-14,-0.001969614,-0.00405882,-0.001672629,0.002440791,0.001183985,-0.002748569,4,0.001479654,0.914268601,-0.003128904,1.263941074,0.000684114
2009-07-15,0.001048425,-0.006492841,0.005298349,0.00549669,0.008585699,0.013649301,4,0.003964057,0.929168923,0.014610398,1.272913267,0.001183985
2009-07-16,0.002430817,-0.0011029,0.00320469,0.00916779,0.003692428,0.021737785,4,0.00163914,0.933057152,0.018195375,1.274747654,0.008585699
2009-07-17,0.004062913,0.003418827,0.001220544,0.004374698,-0.004995575,0.009150651,2,0.003782946,0.934378149,0.024211871,1.283801059,0.003692428
2009-07-20,0.000480801,0.006053343,0.000583203,0.008634157,0.003430355,0.011896891,4,0.001558719,0.940674101,0.01758733,1.283802377,-0.004995575
2009-07-21,0.004011578,0.012034534,-8.15E-06,0.010298639,-0.006928234,0.003784673,3,0.004544397,0.922840126,0.008571525,1.298242969,0.003430355
2009-07-22,-0.003362902,0.007623207,0.005832983,0.010833273,0.007138439,0.002337413,2,0.004939946,0.919011183,-0.01015774,1.286329007,-0.006928234
2009-07-23,-0.002072026,0.003120363,0.001194078,0.008822661,0.008900382,0.007545368,4,0.004790479,0.939008703,0.005951551,1.297570727,0.007138439
2009-07-24,-0.000400223,-0.001342772,-0.006916162,0.000685955,0.00173268,0.014273622,3,0.003794786,0.930252528,-0.004125621,1.291747535,0.008900382
2009-07-27,-0.00129958,-0.003123153,-0.001996135,-0.001893382,0.001425228,0.012268495,4,0.001508869,0.936832683,-0.003841418,1.293844872,0.00173268
2009-07-28,0.00131461,-0.005820121,0.006474535,0.0045893,0.004550323,0.023747053,2,0.002960159,0.946157426,0.0233173,1.286333223,0.001425228
2009-07-29,0.001711141,-0.000746078,0.000642653,-0.00060103,-0.001915592,0.014693021,0,0.001523427,0.948261287,0.029250104,1.304367196,0.004550323
2009-07-30,-0.00263581,-0.001309861,-0.003454997,-0.005250106,0.005206583,0.010999222,4,0.003907153,0.95227494,0.013266237,1.287897185,-0.001915592
2009-07-31,0.001132185,0.000222546,-0.003666759,-0.002000703,-0.002695465,0.006571077,2,0.00224753,0.932215521,0.001962994,1.27376482,0.005206583
2009-08-03,-0.002770342,-0.001248216,-0.000121656,-0.000126225,0.000935257,0.006081105,4,0.001592387,0.942705137,0.005872454,1.239376294,-0.002695465
2009-08-04,0.000607343,-0.001955484,-0.001664223,-0.008264983,0.005720815,0.007251597,4,0.003184764,0.92368932,-0.022468106,1.296578241,0.000935257
2009-08-05,-0.001299179,-0.004965803,-0.006202282,-0.015109919,-0.00543951,0.00372768,0,0.003048347,0.931945967,-0.016315321,1.280578448,0.005720815
2009-08-06,0.002974549,0.000644556,-0.004389285,-0.016044206,-0.009258142,-0.010737045,0,0.005333835,0.933365434,-0.018909506,1.32368389,-0.00543951
2009-08-07,-0.001129154,-0.001616783,0.000286136,-0.012091311,0.012810672,0.004769091,4,0.006574293,0.937913945,0.005698423,1.403861718,-0.009258142
2009-08-10,-8.33E-05,0.001070279,-0.000661987,-0.012631641,0.002424151,0.006257985,0,0.001368333,0.936001656,-0.00670348,1.459412306,0.012810672
2009-08-11,0.002352994,0.002815929,0.001377774,-0.009589644,-0.004455407,-0.003918237,0,0.003008555,0.943843121,0.020153801,1.441474728,0.002424151
2009-08-12,0.00145927,0.005574378,0.003151263,-0.000236099,0.006261548,0.007782821,4,0.0026905,0.925473604,-0.006472362,1.51404853,-0.004455407
2009-08-13,-0.002956609,-0.000356781,-0.001552137,0.002601049,-0.001592146,0.015448817,4,0.001208356,0.923700186,-0.009665247,1.509138249,0.006261548
2009-08-14,0.000363661,0.001136034,-0.00336247,-0.001047558,-0.011255501,-0.008617356,0,0.00539532,0.935770497,-0.002143448,1.55125352,-0.001592146
2009-08-17,0.004397478,0.005616793,-0.00336577,-0.00375134,-0.003713326,-0.014754833,0,0.00377082,0.948913791,0.012912135,1.442321934,-0.011255501
2009-08-18,-0.001093293,0.002170507,0.002811036,-0.002318078,0.004843143,-0.005456282,4,0.002695177,0.9586184,0.01477528,1.439700654,-0.003713326
2009-08-19,-0.000218073,0.000493164,-5.05E-05,-0.005519841,0.002500077,-0.009217753,4,0.001298151,0.969036542,0.043562937,1.438455428,0.004843143
2009-08-20,-0.0032786,0.000171173,-0.000794317,-0.004762021,0.001549721,-0.006075886,4,0.002015785,0.962307178,0.038606991,1.436974138,0.002500077
2009-08-21,-0.001914184,-0.002106671,-0.002651098,-0.004050649,0.003858833,0.009038448,4,0.002913088,0.968314828,0.032544331,1.4090473,0.001549721
2009-08-24,0.000895172,-0.005608977,-0.000900022,-0.001584901,-0.001640445,0.011111329,1,0.001099346,0.968596797,0.019683006,1.410243095,0.003858833
2009-08-25,0.000784207,-0.003731478,0.000725706,-0.003670231,0.002755965,0.009024151,4,0.00118146,0.973549169,0.014930768,1.418986554,-0.001640445
2009-08-26,0.000326558,-0.003186847,-1.79E-05,-0.003637616,0.001254119,0.007778193,4,0.000596991,0.973305475,0.004268933,1.41952223,0.002755965
2009-08-27,0.001103098,0.001194852,-0.001149175,-0.003992474,-0.003206059,0.003022412,3,0.00184139,0.972286221,0.009979043,1.416517244,0.001254119
2009-08-28,-0.001819371,0.001289664,0.002503084,0.001161708,-0.004730126,-0.005566546,1,0.003047199,0.969771112,0.001456285,1.422033353,-0.003206059
2009-08-31,0.00307571,0.003470201,-0.001653529,0.000408201,-0.005416097,-0.009342198,0,0.003537438,0.969254923,0.000658126,1.457187013,-0.004730126
2009-09-01,0.002625549,0.005311543,0.002175186,0.00185768,-0.002422669,-0.014520832,0,0.002315201,0.972100357,-0.001448812,1.377295839,-0.005416097
2009-09-02,8.21E-05,0.00506711,0.002377043,0.004252609,-0.000702072,-0.016477023,0,0.001338922,0.972795131,-0.000510344,1.369987776,-0.002422669
2009-09-03,-0.001632572,0.002331439,-0.000332004,0.00506978,0.003412233,-0.00985873,4,0.002152125,0.977483697,0.005197477,1.348365084,-0.000702072
2009-09-04,-0.002741532,0.001409278,0.004749462,0.007316158,0.001107587,-0.004021017,4,0.003102339,0.978557875,0.008786763,1.276476808,0.003412233
2009-09-08,-0.002884758,-0.00455119,0.000556653,0.009526341,0.001447959,0.002843038,4,0.00187391,0.979880611,0.010625689,1.279160151,0.001107587
2009-09-09,-0.002514018,-0.009690757,0.003286892,0.010638047,0.009482759,0.014748466,4,0.005188197,0.974687679,0.002587322,1.308111124,0.001447959
2009-09-10,-0.001996719,-0.0117696,0.001035204,0.009296208,0.00402288,0.019473419,4,0.002509921,0.974927804,0.002132673,1.298331554,0.009482759
2009-09-11,-0.000943721,-0.011080749,-0.000146946,0.009481266,-0.000853136,0.015208049,0,0.000481474,0.975320563,-0.002163135,1.303876194,0.00402288
2009-09-14,-0.00409475,-0.012433966,-0.001104161,0.003627643,0.004471705,0.018572167,4,0.003551999,0.97511546,-0.003442416,1.256723672,-0.000853136
2009-09-15,0.002732836,-0.006816372,0.002047818,0.005118808,0.004853865,0.021978074,4,0.00200133,0.963841847,-0.016038765,1.299950017,0.004471705
2009-09-16,-0.004085331,-0.008387684,-0.00080124,0.001030676,0.005313413,0.017808728,4,0.003895242,0.96504571,-0.009641969,1.296796879,0.004853865
2009-09-17,0.002268437,-0.004122528,5.96E-05,5.51E-05,-3.42E-05,0.013751607,0,0.001130656,0.964965979,-0.009961825,1.29367631,0.005313413
2009-09-18,0.001067427,-0.00211138,0.000234992,0.000437016,0.001274248,0.015878991,4,0.00062143,0.963778572,-0.011541991,1.302371343,-3.42E-05
2009-09-21,-0.000805446,0.001177924,0.005838802,0.007379979,0.000317056,0.011724342,1,0.00303777,0.955604286,-0.019511173,1.322740687,0.001274248
2009-09-22,-0.001350576,-0.002905488,-0.002697436,0.002634724,0.001080204,0.007950681,4,0.001639623,0.954879142,-0.008962705,1.313592575,0.000317056
2009-09-23,0.001812373,0.002992216,0.003162494,0.006598458,-0.001743873,0.000893395,0,0.002138327,0.958560372,-0.006485338,1.304897247,0.001080204
2009-09-24,0.005330658,0.006054437,-0.001677184,0.004861667,-0.00956971,-0.008642075,0,0.006165975,0.952409764,-0.012556215,1.362746714,-0.001743873
2009-09-25,0.00174753,0.00673454,-0.001841171,0.002785504,0.001428714,-0.008487608,0,0.001637009,0.954311072,-0.0094675,1.351526611,-0.00956971
2009-09-28,-0.004887552,0.002652434,0.001212356,-0.001840942,0.005909431,-0.002895234,4,0.004435891,0.962599448,0.006995162,1.333187717,0.001428714
2009-09-29,-0.002597067,0.001405943,-0.000917313,-6.08E-05,-0.002295239,-0.006270677,0,0.001213318,0.962218069,0.007338927,1.318377425,0.005909431
2009-09-30,0.00025796,-0.00014847,0.002570808,-0.000652504,-0.006824843,-0.011351646,0,0.004052239,0.947196688,-0.011363684,1.432774345,-0.002295239
2009-10-01,0.004974312,-0.000504817,-0.004977775,-0.003953095,-0.008467695,-0.010249631,0,0.005867531,0.967077973,0.014668208,1.394942914,-0.006824843
2009-10-02,0.002240565,-1.18E-05,-4.87E-05,-0.002160673,-0.001584211,-0.013262556,0,0.001574795,0.966801599,0.012490527,1.394392041,-0.008467695
2009-10-05,-0.00302145,0.00185432,-0.005028482,-0.008401511,0.003863754,-0.015308233,4,0.003871364,0.965532515,0.002933067,1.402434086,-0.001584211
2009-10-06,-7.12E-06,0.004444271,0.003369078,-0.004115121,0.004609674,-0.008403321,4,0.002360302,0.9663381,0.004120031,1.403747844,0.003863754
2009-10-07,-0.003290757,0.000895554,0.0005005,-0.006185429,-0.002541771,-0.004120249,3,0.00186481,0.966961628,0.01976494,1.376591005,0.004609674
2009-10-08,-0.001159978,-0.005238736,-0.001018402,-0.002226056,0.001931112,0.006278558,4,0.001425553,0.965854497,-0.001223476,1.37296463,-0.002541771
2009-10-09,0.002320587,-0.005158714,0.001576413,-0.000600894,0.006103727,0.013966495,4,0.002589855,0.965205072,-0.001596527,1.384897099,0.001931112
2009-10-12,-0.002264514,-0.004401778,-0.004442286,-1.47E-05,-0.006183498,0.003919243,2,0.002680649,0.964879489,-0.000653026,1.37669995,0.006103727
2009-10-13,0.001299341,-0.003095322,0.003142051,-0.000241724,-0.000651939,-0.001342369,1,0.001672903,0.965012618,-0.001325481,1.367237272,-0.006183498
2009-10-14,-0.002831072,-0.002635637,-0.002393838,-0.003136062,0.002418485,0.003617886,4,0.002423874,0.965185212,-0.001776416,1.340829044,-0.000651939
2009-10-15,0.000540689,-0.000934969,-0.003660965,-0.005778624,-0.005110905,-0.003424131,3,0.002761538,0.962330267,-0.00352423,1.34212205,0.002418485
2009-10-16,0.001447637,-0.001807919,0.000514521,-0.006840516,-0.003422019,-0.012949876,0,0.002124288,0.963654783,-0.001550289,1.337730312,-0.005110905
2009-10-19,0.000224508,0.000681104,-0.000351623,-0.002749852,0.000586127,-0.006180252,4,0.000393664,0.969402485,0.004522996,1.338422617,-0.003422019
2009-10-20,0.00122131,0.000603073,0.000336641,-0.005555262,-0.008194451,-0.013722763,0,0.004387223,0.969053341,0.004040723,1.354672048,0.000586127
2009-10-21,-0.000323064,0.003111081,0.002987144,-0.000174281,-0.004730041,-0.020871289,0,0.003179813,0.968072068,0.002886856,1.369251122,-0.008194451
2009-10-22,0.002587535,0.005157926,-0.003840365,-0.000353681,0.002987044,-0.01277334,4,0.003141884,0.9671302,0.004799933,1.349483917,-0.004730041
2009-10-23,0.001369328,0.005079617,0.007243736,0.006375533,-0.008369401,-0.017720721,0,0.006438913,0.96328121,-0.000373573,1.376796639,0.002987044
2009-10-26,0.001280471,0.00613558,0.005911762,0.012638917,-0.000234982,-0.01854183,0,0.00286024,0.958417158,-0.010985327,1.337527311,-0.008369401
2009-10-27,0.004762281,0.009676551,-0.008776592,0.003525684,-0.008009367,-0.018356747,1,0.006524713,0.946406695,-0.022646646,1.349503942,-0.000234982
2009-10-28,0.007570292,0.017569907,-0.007319005,-0.006780465,-0.016043489,-0.029670194,0,0.010098222,0.948136038,-0.01993603,1.401215209,-0.008009367
2009-10-29,-0.002002064,0.012980309,-0.004016801,-0.006956901,0.001907275,-0.030749964,4,0.00255306,0.942521712,-0.024608488,1.410257478,-0.016043489
2009-10-30,0.00306739,0.014678371,0.003147578,-0.011053058,-0.00207021,-0.024450773,0,0.002536871,0.951057579,-0.012223631,1.315865692,0.001907275
2009-11-02,0.0014312,0.0148291,-0.004437775,-0.021402594,-0.007093323,-0.031309114,3,0.003939349,0.947467573,-0.010949585,1.299856234,-0.00207021
2009-11-03,-0.004215403,0.005851416,0.001531685,-0.011094317,0.012087032,-0.011212715,3,0.006930763,0.930319189,-0.016087506,1.322314084,-0.007093323
2009-11-04,0.002046657,0.000327781,-0.001917409,-0.005692721,-0.014272817,-0.009442043,2,0.007338675,0.924504808,-0.023631229,1.33655036,0.012087032
2009-11-05,0.001527331,0.003857176,0.004885753,0.003209833,0.012463313,0.001113996,4,0.005551513,0.933511634,-0.009010078,1.390882005,-0.014272817
2009-11-06,-0.000756689,3.31E-05,0.000876018,0.000938273,-0.003877738,-0.000693532,3,0.002069253,0.932629055,-0.018428524,1.373219176,0.012463313
2009-11-09,-0.001893975,-0.003292079,-0.002484274,0.002891773,-0.00159627,0.00480352,4,0.001061935,0.939599178,-0.007868395,1.338667707,-0.003877738
2009-11-10,0.002020561,0.002943885,-0.001320391,3.97E-05,-0.008992489,-0.016276001,1,0.004813187,0.939011962,0.008692773,1.346026057,-0.00159627
2009-11-11,-0.000706415,0.000190813,0.002308094,0.004265201,0.004712259,0.002709075,4,0.002453925,0.933553564,0.009048755,1.360577538,-0.008992489
2009-11-12,0.001157014,-0.000179504,0.002026763,0.00140621,-0.01081323,-0.020567469,0,0.005995005,0.935284795,0.001773161,1.377715768,0.004712259
2009-11-13,0.00141025,0.001987435,0.003014857,0.003545049,0.004494966,-0.012194765,4,0.001948586,0.934779649,0.002150594,1.395013008,-0.01081323
2009-11-16,-0.001161928,0.002719482,-0.000634,0.005395323,0.013540059,0.002941564,4,0.007085292,0.933970864,-0.005628314,1.448329888,0.004494966
2009-11-17,0.002003625,0.002702546,0.001775443,0.008491157,-0.001798446,0.010135607,3,0.001772042,0.932978769,-0.006033193,1.441010272,0.013540059
2009-11-18,-0.000596689,0.002812272,-0.004371472,0.00181159,-0.003174099,0.002249249,0,0.002078991,0.931839108,-0.001714456,1.445421957,-0.001798446
2009-11-19,0.00447293,0.006128187,-0.003182506,-0.003397678,-0.010889306,0.002173173,0,0.006472449,0.934898566,-0.000386229,1.454476636,-0.003174099
2009-11-20,0.001837065,0.006555002,-0.001790543,-0.008203078,0.001511226,-0.000810566,0,0.001659117,0.936620253,0.001840603,1.449783707,-0.010889306
2009-11-23,-0.000736477,0.006980454,0.000344714,-0.007224364,0.003653432,-0.010697193,4,0.001945008,0.942356827,0.008385963,1.472687802,0.001511226
2009-11-24,-0.001117546,0.003859283,-0.002610295,-0.011610102,-0.003222659,-0.012121406,0,0.001457248,0.947576203,0.014597434,1.465131727,0.003653432
2009-11-25,-0.001556856,0.002899116,-0.001331862,-0.008570492,-0.005152387,-0.014099695,3,0.002204534,0.944974913,0.013135805,1.425714519,-0.003222659
2009-11-27,0.002511173,0.00093736,-5.11E-05,-0.005439052,-0.008237644,-0.011448032,0,0.004684101,0.947270259,0.012371693,1.452758299,-0.005152387
2009-11-30,-0.00040452,-0.001304225,-0.000909282,-0.004557791,0.000570436,-0.012388822,4,0.000626546,0.940383944,0.003763691,1.628901058,-0.008237644
2009-12-01,0.000174196,-0.000393552,0.002445033,-0.002457472,0.004200358,-0.011841896,4,0.00200207,0.947770461,0.005413634,1.630833895,0.000570436
2009-12-02,-0.002149193,-0.0014252,0.003885896,0.004038719,0.011283362,0.002664126,3,0.005906295,0.950277575,0.002701373,1.617853143,0.004200358
2009-12-03,0.00012495,0.000256607,0.002981102,0.008351684,-0.003901461,0.003915052,0,0.002826412,0.958764335,0.013789422,1.564342168,0.011283362
2009-12-04,-0.003302074,-0.005556641,0.004218531,0.01262128,0.018021879,0.030174575,4,0.009377681,0.93393754,-0.013332719,1.61170944,-0.003901461
2009-12-07,0.002587893,-0.002564228,0.000309008,0.01383957,0.003748044,0.033352183,2,0.001807548,0.933593728,-0.006790216,1.602306763,0.018021879
2009-12-08,0.00023087,-0.002507554,0.002685092,0.014079629,0.000548017,0.029699841,0,0.001233363,0.933418695,-0.014351767,1.726440682,0.003748044
2009-12-09,0.00128806,0.0009297,0.001264675,0.011458408,-0.003113653,0.015302826,4,0.002071608,0.936884423,-0.013393153,1.699537649,0.000548017
2009-12-10,0.000809004,0.001613753,-0.002562925,0.00591438,-0.010263824,0.008940463,3,0.005048518,0.924042519,-0.034721816,1.682774369,-0.003113653
2009-12-11,0.00261472,0.007530547,-0.003927425,-0.002231575,0.00466993,-0.004411486,3,0.003708186,0.914144372,-0.019793168,1.654298093,-0.010263824
2009-12-14,-0.004117344,0.00082531,0.002963925,0.000423342,0.00863318,0.00047365,4,0.005362911,0.908814385,-0.024779343,1.672374796,0.00466993
2009-12-15,0.000880523,0.001474963,0.000554616,-0.001707134,-0.000160788,-0.000235155,0,0.000484004,0.896619495,-0.0367992,1.615055621,0.00863318
2009-12-16,-0.002169074,-0.001982172,0.001531172,-0.001440637,0.006921638,0.009800137,3,0.00387673,0.894530459,-0.042353963,1.628731864,-0.000160788
2009-12-17,-0.000925461,-0.003716637,-0.000364559,0.000757729,0.000428298,0.020492258,0,0.000573637,0.901150689,-0.02289183,1.576032931,0.006921638
2009-12-18,-0.003813656,-0.010145012,0.008596116,0.01328127,0.004591987,0.020414315,4,0.005402267,0.881785495,-0.032358877,1.518185444,0.000428298
2009-12-21,-0.002229302,-0.00825697,0.001224758,0.011542102,0.002616885,0.01439802,4,0.002054912,0.888853853,-0.019960531,1.495114118,0.004591987
2009-12-22,0.001307959,-0.007829534,0.003128293,0.01411578,0.004493064,0.019051872,4,0.001979177,0.87930675,-0.017312745,1.542688366,0.002616885
2009-12-23,-0.002151669,-0.007812128,0.005209016,0.017793624,0.009469017,0.021599251,4,0.005234449,0.875916955,-0.018613505,1.552738211,0.004493064
2009-12-24,-0.000129649,-0.007016316,0.001804334,0.019962517,-0.000357173,0.02081378,4,0.000994324,0.880785498,-0.02036519,1.544776818,0.009469017
2009-12-28,0.001408889,-0.001793772,0.001202018,0.012568419,-0.00165823,0.014563562,3,0.001408622,0.829015565,-0.05276993,1.5292575,-0.000357173
2009-12-29,0.001243691,0.001679222,0.000231519,0.01157518,0.00050221,0.012448887,0,0.000540073,0.831548235,-0.057305618,1.538271636,-0.00165823
2009-12-30,9.85E-05,0.000469739,0.001062375,0.009509262,0.000167739,0.008123562,4,0.000491659,0.810533364,-0.068773386,1.606605861,0.00050221
2009-12-31,-0.001384888,0.00123652,0.000395079,0.004695324,-0.002641965,-0.00398742,0,0.001385224,0.847913909,-0.028003046,1.559538757,0.000167739
2010-01-04,-0.00107571,0.000290458,0.001241923,0.004132914,0.007332815,0.003702568,4,0.003759914,0.867023657,-0.013761841,1.494090346,-0.002641965
2010-01-05,-0.004239632,-0.005358062,-0.002985196,-5.43E-05,-0.00562921,-0.000268411,2,0.002399118,0.883570659,0.054555094,1.367043941,0.007332815
2010-01-06,-0.000388351,-0.006990105,-0.00385132,-0.004137139,-0.001391441,-0.002162061,2,0.001731303,0.882566469,0.051018233,1.382460999,-0.00562921
2010-01-07,-0.000860088,-0.007948669,-0.004445297,-0.009644812,0.00228838,-4.14E-05,3,0.002796517,0.863102039,0.052568675,1.437436583,-0.001391441
2010-01-08,-0.001809969,-0.008373751,0.004538114,-0.005501777,0.001148799,0.003749344,4,0.002672859,0.865677592,0.017763684,1.434640479,0.00228838
2010-01-11,0.002558827,-0.004739214,-0.003801579,-0.010545278,-0.002629958,-0.00621343,2,0.002838239,0.882762263,0.015738606,1.426273571,0.001148799
2010-01-12,0.005975155,0.005475573,-0.003676673,-0.011236755,-0.003845646,-0.004429866,0,0.004597498,0.892510201,0.008939542,1.430839838,-0.002629958
2010-01-13,-0.003268948,0.002594977,0.002858408,-0.004527027,0.004311712,0.001273287,4,0.003348761,0.900423426,0.017856957,1.389639138,-0.003845646
2010-01-14,0.000360848,0.003815913,0.001399557,0.001317827,0.00202616,0.001011067,4,0.000932698,0.895959701,0.032857663,1.400359165,0.004311712
2010-01-15,0.001416909,0.007042791,-0.001605196,-0.004825483,-0.002307159,-0.002444891,0,0.001668378,0.916803685,0.051126092,1.371792269,0.00202616
2010-01-19,-0.001568624,0.00291534,0.001643693,0.000619789,0.004966081,0.005151148,4,0.00279708,0.91637262,0.033610357,1.429536854,-0.002307159
2010-01-20,-0.000811978,-0.003871793,-0.001987636,0.002308825,-0.004150873,0.004845921,0,0.001803925,0.940685794,0.048175593,1.416939886,0.004966081
2010-01-21,-0.001192262,-0.001795108,0.007912878,0.007363295,0.001381292,0.001915501,0,0.004063367,0.930516992,0.030093567,1.315467883,-0.004150873
2010-01-22,0.001292767,-0.000863188,-0.004634924,0.001328815,0.004340039,0.004229379,0,0.003730092,0.936837481,0.04087778,1.19965681,0.001381292
2010-01-25,-0.002242927,-0.004523024,-0.002092133,0.000841878,-0.002984634,0.003551905,4,0.001280794,0.943729487,0.026925802,1.157706194,0.004340039
2010-01-26,0.003959957,0.001005558,0.001008965,0.00020715,-0.005460711,-0.006874888,0,0.003935233,0.936663555,0.020290934,1.175612346,-0.002984634
2010-01-27,-0.000769482,0.001048054,0.003122437,0.005317222,0.005241238,0.002517223,4,0.002792511,0.937907751,-0.002778042,1.19576802,-0.005460711
2010-01-28,0.000520675,0.00276099,-0.007387908,-0.009983563,-0.005155306,-0.004019375,0,0.003885619,0.939838136,0.009321144,1.214227534,0.005241238
2010-01-29,0.004614221,0.006082444,-0.004753688,-0.010102327,0.000141919,-0.008217494,0,0.003825734,0.937021089,0.000183607,1.207637834,-0.005155306
2010-02-01,-0.002492728,0.005832642,-0.003119887,-0.011130081,-0.002260465,-0.007493325,4,0.001361463,0.939821864,-0.003907623,1.169889754,0.000141919
2010-02-02,-0.002019648,-0.000146962,-0.004240541,-0.016379587,-0.005041875,-0.007074488,4,0.002276511,0.932050747,-0.004612808,1.084586919,-0.002260465
2010-02-03,0.002931923,0.003554442,0.005877325,-0.013624698,-4.67E-05,-0.012362419,1,0.002825226,0.93030672,-0.007601031,1.088665606,-0.005041875
2010-02-04,0.005158337,0.008192104,0.001293016,-0.004943774,-0.003324435,-0.010531548,0,0.003506555,0.948162002,0.008323866,1.091943714,-4.67E-05
2010-02-05,-0.001888576,0.001689307,0.004462078,0.004271992,0.002687704,-0.007985763,4,0.002815466,0.948274375,0.011253286,1.09258786,-0.003324435
2010-02-08,-0.001522752,0.002659284,0.001839513,0.009231392,-0.002102235,-0.007827533,0,0.001763046,0.948272575,0.008450711,1.091643341,0.002687704
2010-02-09,0.002094252,0.006773184,-0.001349197,0.012122736,0.001735608,-0.00105005,4,0.001600014,0.953768454,0.021717707,1.099498241,-0.002102235
2010-02-10,0.000218873,0.004060134,0.000839311,0.007084722,0.003326639,0.002323281,1,0.001528857,0.957484583,0.027177863,1.095452521,0.001735608
2010-02-11,0.000851553,-0.00024665,0.004025466,0.009817172,0.006416033,0.01206375,4,0.002955884,0.959537508,0.011375506,1.107301236,0.003326639
2010-02-12,-0.001702567,-6.06E-05,0.005555156,0.01091025,0.011398371,0.020774417,2,0.005931088,0.950026732,0.001752357,1.124324229,0.006416033
2010-02-16,-0.001179787,0.000282324,-0.003896879,0.005173859,-0.001405752,0.0214709,4,0.001637912,0.952247101,0.003974527,1.095798869,0.011398371
2010-02-17,-0.000299505,-0.002111433,0.001220914,0.00774397,0.002177192,0.021912485,4,0.00114312,0.950137562,-0.003630891,1.082755903,-0.001405752
2010-02-18,0.001519157,-0.000811149,0.000339252,0.00724391,0.000597085,0.019182931,4,0.000651173,0.949818974,-0.007665609,1.068637513,0.002177192
2010-02-19,-0.001275449,-0.00293815,-0.001221079,0.001997365,0.001463822,0.014230719,4,0.001290214,0.952564899,-0.006972609,1.081379477,0.000597085
2010-02-22,-0.00077886,-0.002014443,0.000226018,-0.003331774,0.002043351,0.004875699,1,0.001194095,0.948610048,-0.001416684,1.126478839,0.001463822
2010-02-23,0.002404889,0.001570233,-0.000657234,-9.21E-05,0.000755415,0.007036865,0,0.00131906,0.951940819,-0.000306283,1.122312066,0.002043351
2010-02-24,-0.000790089,0.001079649,0.000422428,-0.000890615,-0.00113506,0.003724612,4,0.000713327,0.957085804,0.006948242,1.097668444,0.000755415
2010-02-25,-0.003051318,-0.003490826,0.001331581,0.000101715,0.00213084,0.005258368,1,0.002279026,0.956021836,0.006202862,1.086972633,-0.00113506
2010-02-26,-0.000994683,-0.003210061,0.000402229,0.001725023,-0.004422654,-0.000628108,3,0.002192656,0.954493901,0.001929002,1.061470569,0.00213084
2010-03-01,-0.002530388,-0.004961589,0.005545273,0.007044279,0.012061548,0.009390089,4,0.006475831,0.951608691,0.002998643,1.117893803,-0.004422654
2010-03-02,-0.002117212,-0.00948369,0.000842847,0.008544359,0.006440952,0.015075626,4,0.003651732,0.948834717,-0.003106101,1.147403466,0.012061548
2010-03-03,-0.001315599,-0.010009199,-0.000477387,0.007644544,0.001035185,0.017245871,2,0.000980942,0.952998123,-0.004087681,1.180506599,0.006440952
2010-03-04,0.000817669,-0.006140212,0.001357298,0.007670261,0.001202692,0.016317723,4,0.00060695,0.955149395,-0.000872441,1.175683979,0.001035185
2010-03-05,-0.002291059,-0.007436589,0.000830207,0.008098238,0.00664433,0.027384708,4,0.003802114,0.921164116,-0.033329785,1.208319469,0.001202692
2010-03-08,-0.001119985,-0.006026185,0.002691353,0.005244318,0.00181081,0.017133969,2,0.001724045,0.924711886,-0.026896805,1.208651561,0.00664433
2010-03-09,-0.000587968,-0.004496941,0.001913885,0.006315356,0.002059128,0.012752146,4,0.001339656,0.911904441,-0.036930276,1.177070422,0.00181081
2010-03-10,-0.004235135,-0.007416477,0.003260773,0.010053516,0.003369288,0.015086249,4,0.003581768,0.905176218,-0.047821905,1.204007276,0.002059128
2010-03-11,0.000169796,-0.00806435,-1.00E-05,0.008686197,-0.000646205,0.013237351,4,0.000359332,0.899582771,-0.055566625,1.218839589,0.003369288
2010-03-12,0.001427604,-0.004345688,-0.00012048,0.007735511,-0.000713254,0.005879766,1,0.000907952,0.890979885,-0.030184232,1.209936415,-0.000646205
2010-03-15,0.001189897,-0.002035806,-0.002756576,0.002287582,-0.003679414,0.000389543,2,0.002285628,0.908112801,-0.016599085,1.264138642,-0.000713254
2010-03-16,-0.003638937,-0.005086775,-0.001082612,-0.000708916,-0.000112224,-0.00178181,4,0.001691662,0.903454438,-0.008450003,1.38664391,-0.003679414
2010-03-17,-0.001351919,-0.002203559,-0.001156226,-0.005125915,0.000648868,-0.00450223,4,0.000952426,0.902386137,-0.002790081,1.378675014,-0.000112224
2010-03-18,0.004555937,0.002182582,0.001242122,-0.003873773,-0.003145124,-0.007001149,2,0.00318495,0.888378067,-0.011204704,1.416707206,0.000648868
2010-03-19,0.001643339,0.002398318,-0.001980425,-0.005733717,-0.006291284,-0.012579179,0,0.003426324,0.895986245,0.00500636,1.478603944,-0.003145124
2010-03-22,-0.001003067,0.000205354,0.003718883,0.000741742,0.008213766,-0.000685999,4,0.004180839,0.894006079,-0.014106722,1.531424901,-0.006291284
2010-03-23,0.002353357,0.006197648,0.001103088,0.002927443,0.00361785,0.003044076,4,0.001563385,0.864425174,-0.039029264,1.750850388,0.008213766
2010-03-24,0.00065875,0.008208317,-0.001338268,0.002745401,-0.004127859,-0.001732651,0,0.002120253,0.885330427,-0.017055709,1.806423113,0.00361785
2010-03-25,0.002172428,0.005824807,0.001142631,0.00264591,-0.005015984,-0.003603511,1,0.003186527,0.891823853,0.003445787,1.874847001,-0.004127859
2010-03-26,0.000106231,0.0042877,-0.001688942,0.002937393,-0.000928906,0.001758868,2,0.000846487,0.893147966,-0.00283828,1.85123037,-0.005015984
2010-03-29,-0.001482505,0.003808261,-0.001820806,-0.002602296,-0.000847888,-0.007302786,4,0.000800824,0.883137487,-0.010868592,1.714868113,-0.000928906
2010-03-30,0.001017693,0.002472598,0.00258653,-0.001118854,0.00243138,-0.008489256,4,0.001228864,0.894546409,0.030121235,1.675903709,-0.000847888
2010-03-31,-0.0013891,0.000424748,-0.002016387,-0.001796974,-0.004501139,-0.008862536,0,0.001882107,0.905772112,0.020441684,1.694061721,0.00243138
2010-04-01,-0.000919171,-0.002666852,-0.005461621,-0.008401226,0.000451378,-0.003395174,4,0.00271345,0.894158459,0.002334606,1.664411152,-0.004501139
2010-04-05,-0.003652141,-0.006425223,0.003257913,-0.003454371,0.011892201,0.009425933,4,0.006641429,0.844650789,-0.048497177,1.879648781,0.000451378
2010-04-06,-0.002007309,-0.006950027,0.001309117,-0.000324448,0.003791903,0.014065723,3,0.00243097,0.843371821,-0.039765666,1.900815189,0.011892201
2010-04-07,-0.000734144,-0.008701864,0.003572686,0.000661707,0.003010322,0.014644665,0,0.002145754,0.83842687,-0.056119539,1.764571815,0.003791903
2010-04-08,-0.000660634,-0.007973398,-0.001047304,0.001630791,-0.003111364,0.01603444,4,0.001342566,0.852324481,-0.053447631,1.752800631,0.003010322
2010-04-09,-0.000250594,-0.007304821,0.000388242,0.007480653,-0.001941823,0.013641239,4,0.001028015,0.852377914,-0.041780545,1.717144021,-0.003111364
2010-04-12,-0.000981522,-0.004634202,-0.000209623,0.004013117,0.001232068,0.002981106,4,0.000917406,0.851576357,0.006925568,1.721585927,-0.001941823
2010-04-13,0.00053617,-0.002090724,0.002613011,0.005317011,0.002105071,0.001294275,4,0.001244299,0.853815081,0.01044326,1.702041502,0.001232068
2010-04-14,-0.001722569,-0.00307915,0.004551179,0.006295504,0.010417534,0.008701486,4,0.005426491,0.878913154,0.040486284,1.818333815,0.002105071
2010-04-15,0.00108527,-0.001333246,0.003472025,0.010814833,0.001660216,0.013473066,4,0.001451978,0.876534616,0.024210135,1.836955934,0.010417534
2010-04-16,0.004895784,0.003813133,0.002477386,0.012903977,0.002927473,0.018342362,0,0.002012497,0.906401633,0.054023718,1.505881441,0.001660216
2010-04-19,0.002127264,0.006921918,-0.004974683,0.008138917,-0.009027173,0.00808312,2,0.005017007,0.87098554,0.019409182,1.472377157,0.002927473
2010-04-20,-0.005773837,0.000611912,8.57E-05,0.005611651,0.006140719,0.012118769,4,0.0048649,0.865341378,0.011526297,1.452782967,-0.009027173
2010-04-21,0.00172632,0.004060801,0.002737845,0.003798317,0.007429549,0.009130784,3,0.003178525,0.855938271,-0.022974883,1.453149333,0.006140719
2010-04-22,-0.001419411,0.001556119,0.003495416,0.003821708,0.008858267,0.016328835,4,0.004575732,0.834722768,-0.041811848,1.456939843,0.007429549
2010-04-23,-0.000831934,-0.004171599,-0.00270953,-0.001365207,0.00321185,0.016613213,4,0.002471335,0.83996998,-0.066431652,1.404894665,0.008858267
2010-04-26,0.004372641,-0.001926222,0.001455986,0.005065462,0.000172745,0.025813131,1,0.002022013,0.841070096,-0.029915444,1.392706514,0.00321185
2010-04-27,0.004463678,0.008311293,0.003043911,0.008023628,-0.000435224,0.019237188,0,0.002371684,0.90667281,0.041331432,1.28074418,0.000172745
2010-04-28,-0.001606566,0.004978407,-0.006336759,-0.001050976,-0.004890353,0.006917285,4,0.002914064,0.897146257,0.041207986,1.265173151,-0.000435224
2010-04-29,-0.001870736,0.004527083,0.003268887,-0.001277505,0.008166086,0.006225105,4,0.004397028,0.906549106,0.071826337,1.26394109,-0.004890353
2010-04-30,0.002473852,0.007832869,-0.003614611,-0.002182586,-0.012285865,-0.009272611,0,0.006456503,0.928554696,0.088584715,1.389934232,0.008166086
2010-05-03,-0.000109366,0.003350862,0.002106394,-0.001532177,0.009347087,-9.83E-05,4,0.004458874,0.938629593,0.097559498,1.37019582,-0.012285865
2010-05-04,0.003739282,0.002626466,-0.006137203,-0.010713291,-0.007930553,-0.007593597,0,0.005412079,0.953492416,0.046819606,1.374199418,0.009347087
2010-05-05,0.001107681,0.005340712,-0.002491391,-0.006867923,-0.009184293,-0.011887538,0,0.004613912,0.954948559,0.057802302,1.408465977,-0.007930553
2010-05-06,0.000482058,0.007693506,-0.00212207,-0.01225888,-0.005560772,-0.025614396,0,0.00275045,0.964360643,0.057811537,1.355955131,-0.009184293
2010-05-07,0.002040264,0.007259918,-0.008128076,-0.016772346,-0.013596739,-0.02692527,0,0.007262443,0.963747948,0.035193252,1.410580412,-0.005560772
2010-05-10,-0.004787749,0.002581536,0.003966511,-0.014912229,0.011514366,-0.024757992,4,0.006895666,0.975906082,0.037276489,1.35212869,-0.013596739
2010-05-11,-2.23E-05,-0.001180039,0.003672608,-0.005102418,0.011879103,-0.004948336,2,0.005606869,0.972704371,0.019211955,1.357455404,0.011514366
2010-05-12,8.94E-05,-0.002198294,0.007065807,0.004454781,0.015585547,0.019821504,4,0.007383701,0.972659316,0.017710757,1.375089952,0.011879103
2010-05-13,0.001706424,-0.000973928,-0.000504263,0.006072587,0.00343938,0.028821656,0,0.001789741,0.97257942,0.008218776,1.366781878,0.015585547
2010-05-14,0.003766877,0.000752684,-0.00106299,0.013137673,-0.003631551,0.038786845,0,0.003070957,0.973939914,0.010191966,1.376613115,0.00343938
2010-05-17,-0.000575013,0.00496542,0.002030903,0.011202065,0.001381071,0.02865355,4,0.001204226,0.978590682,0.0026846,1.381201375,-0.003631551
2010-05-18,0.003427385,0.008415097,-0.001530613,0.005998845,-0.004506546,0.012267901,0,0.003301311,0.979918143,0.007213773,1.382877581,0.001381071
2010-05-19,-0.001211032,0.00711464,-0.003041762,-0.004108725,-0.007161849,-0.010479495,0,0.00313249,0.979634686,0.00697537,1.382937094,-0.004506546
2010-05-20,0.003055755,0.00846397,-0.002165998,-0.005770459,-0.012537007,-0.026455881,0,0.006764888,0.983749439,0.011170019,1.368471945,-0.007161849
2010-05-21,-0.002536243,0.00216085,-0.003620048,-0.008327518,-0.000563848,-0.023388179,4,0.001689688,0.983547691,0.009607777,1.351057844,-0.012537007
2010-05-24,0.000472674,0.003208538,0.006018613,-0.004339808,0.000469673,-0.024299578,0,0.002860884,0.98237379,0.003783108,1.347730643,-0.000563848
2010-05-25,-0.002623388,-0.002842235,-0.001529193,-0.004338388,-0.002211469,-0.0220045,1,0.001152665,0.98250189,0.002583747,1.361299487,0.000469673
2010-05-26,-0.001246629,-0.002877832,-0.001162363,-0.00245899,0.009731184,-0.005111467,1,0.005297719,0.98125294,0.001618254,1.37711543,-0.002211469
2010-05-27,-0.004219738,-0.010153324,0.004227215,0.003934224,0.010137757,0.017563297,4,0.00612966,0.983552333,-0.000197106,1.356202034,0.009731184
2010-05-28,0.000453059,-0.007164021,0.003348779,0.010903051,-0.000910503,0.017216643,0,0.001840167,0.983885471,0.00033778,1.338684286,0.010137757
2010-06-01,0.006142935,-0.00149376,0.001816346,0.006700784,-0.014394796,0.002352174,0,0.008904886,0.979817955,-0.002555835,1.350537753,-0.000910503
2010-06-02,-0.003265764,-0.002136136,0.000574003,0.00880398,0.004545918,0.009109561,4,0.003204195,0.981083813,-0.001418077,1.330479138,-0.014394796
2010-06-03,-0.003483301,-0.004372808,0.005537807,0.01550415,0.006273982,0.005652359,4,0.004648391,0.981086967,-0.000165973,1.327886409,0.004545918
2010-06-04,0.00298354,0.00283047,-0.002075001,0.009201934,-0.016325577,-0.020810975,0,0.008569526,0.982094981,-0.001457351,1.36638166,0.006273982
2010-06-07,0.001929295,0.004306706,-0.006986006,-0.001132852,-0.011096115,-0.030996587,0,0.006066899,0.982491268,-0.001394203,1.360656413,-0.016325577
2010-06-08,0.00158514,-0.00025109,-0.012449175,-0.015398372,-0.012210558,-0.028812349,2,0.007604453,0.966277472,-0.013540483,1.372532196,-0.011096115
2010-06-09,0.001853338,0.004868012,0.000545277,-0.015427098,0.006930247,-0.02642802,1,0.003162467,0.967983297,-0.013100516,1.363274931,-0.012210558
2010-06-10,-0.001847865,0.006503447,-0.001729635,-0.02269454,0.00510255,-0.027599453,4,0.003258876,0.971828106,-0.009258861,1.305162885,0.006930247
2010-06-11,-0.000588636,0.002931271,0.006785718,-0.013833821,0.009922638,-0.001351238,4,0.005160422,0.971126395,-0.010968587,1.326447245,0.00510255
2010-06-14,-0.000172013,0.000829963,0.001966677,-0.004881138,0.006832194,0.01657707,2,0.003264486,0.969263832,-0.013227436,1.337592586,0.009922638
2010-06-15,-0.00245229,-0.003207467,0.003997736,0.011565773,0.001759166,0.030546795,4,0.00273009,0.970760749,0.004483278,1.319658344,0.006832194
2010-06-16,0.001006784,-0.004054021,0.000577794,0.01159829,-0.00339929,0.020217258,2,0.002006601,0.97008364,0.002100343,1.321528949,0.001759166
2010-06-17,0.0010888,-0.001117356,-0.000748929,0.012578996,-0.001702657,0.013412051,3,0.001180554,0.970011848,-0.001816258,1.31684728,-0.00339929
2010-06-18,0.000260933,-0.000267787,-0.000172595,0.005620682,0.000289426,0.003778839,4,0.00022058,0.960866226,-0.010260169,1.322508289,-0.001702657
2010-06-21,0.003076525,0.002980751,-0.005142267,-0.001488261,-0.006520442,-0.009573797,0,0.004471891,0.958940167,-0.010323665,1.338637195,0.000289426
2010-06-22,0.001840337,0.007273378,0.004207806,-0.001278191,-0.005423974,-0.016756937,0,0.004099373,0.961139586,-0.009621163,1.348314175,-0.006520442
2010-06-23,0.003467883,0.009734477,-0.000362596,-0.002218581,0.000416655,-0.012940992,1,0.001754069,0.961054464,-0.009029175,1.346715709,-0.005423974
2010-06-24,0.002703324,0.011349002,0.000482163,-0.000987489,-0.000401645,-0.01163998,0,0.00138616,0.966847231,-0.003164617,1.333066897,0.000416655
2010-06-25,-0.003741167,0.007346902,-0.000126077,-0.000940971,0.015826619,0.003897213,3,0.008731885,0.950048174,-0.010818052,1.362931429,-0.000401645
2010-06-28,0.001514369,0.005784746,0.000762384,0.00496368,-0.003513311,0.006904344,0,0.002223783,0.950002749,-0.008937418,1.37288109,0.015826619
2010-06-29,0.004696474,0.008640883,-0.007740751,-0.006984877,-0.009181209,0.003147109,0,0.006555025,0.95881096,-0.002328626,1.327743212,-0.003513311
2010-06-30,0.000362023,0.005535023,-0.002058778,-0.008681059,-0.000395082,0.002335372,0,0.001069544,0.952948529,-0.008105935,1.345887401,-0.009181209
2010-07-01,-0.001008173,0.001823526,-0.00049717,-0.009660392,-0.004545111,-0.001808095,0,0.002063139,0.955385018,-0.011462214,1.336739267,-0.000395082
2010-07-02,-6.95E-05,0.005495201,0.000108644,-0.009425671,-0.004946965,-0.022581679,0,0.002481091,0.941592161,-0.008456012,1.295241814,-0.004545111
2010-07-06,0.000536851,0.004517683,-0.004346155,-0.01453421,-0.020382758,-0.039451126,3,0.009803403,0.921394805,-0.028607944,1.275111965,-0.004946965
2010-07-07,-0.003051295,-0.003230087,-5.96E-06,-0.006799422,0.005153073,-0.025116843,4,0.003404237,0.950750614,-0.008060346,1.276005414,-0.020382758
2010-07-08,0.002608304,-0.000983805,-0.002018952,-0.006759596,0.004609715,-0.020112046,4,0.00290811,0.952884987,-6.35E-05,1.288004941,0.005153073
2010-07-09,-0.001371883,-0.001347516,0.002451824,-0.003810603,0.007481674,-0.008085261,4,0.003896308,0.943302379,-0.012082638,1.326422282,0.004609715
2010-07-12,0.001054277,-0.000223747,0.000136645,-0.003782602,-0.013234407,-0.016372703,3,0.006831747,0.939788822,-0.00180334,1.316490033,0.007481674
2010-07-13,-0.000999669,-0.001760267,0.004408219,0.004971772,0.018290073,0.022300128,4,0.008892899,0.94316834,0.021773535,1.395665417,-0.013234407
2010-07-14,0.000512138,0.001803166,0.003632567,0.008610303,-0.003991512,0.013155543,2,0.00312965,0.935219049,-0.015531564,1.440455186,0.018290073
2010-07-15,-0.001910447,-0.002715585,-0.001533252,0.009096003,-0.009887105,-0.001341277,1,0.004447019,0.933131858,-0.019753129,1.443795611,-0.003991512
2010-07-16,0.003684839,0.002341137,-0.002389344,0.004254834,-0.009685356,-0.018508307,0,0.005641976,0.94500425,0.001701871,1.414156023,-0.009887105
2010-07-19,-0.000381557,0.000905304,0.002799388,0.006917578,-0.00156673,-0.006840629,4,0.001848937,0.944921374,0.005132553,1.407886046,-0.009685356
2010-07-20,-0.003941241,-0.002036268,-0.000376172,0.002133187,0.006687559,-0.018443143,4,0.004434483,0.948013757,0.004845417,1.415435933,-0.00156673
2010-07-21,0.002148095,-0.000400311,-0.003043827,-0.004543207,-0.005854683,-0.020306315,0,0.003500689,0.948980094,0.013761045,1.422155971,0.006687559
2010-07-22,-0.002523164,-0.001013029,0.004156486,0.001146531,0.014339389,0.003920179,4,0.007426954,0.955705344,0.022573486,1.455034903,-0.005854683
2010-07-23,0.001677323,-0.003020545,0.00225806,0.005793935,0.015404892,0.029010427,4,0.007111291,0.953568419,0.008564169,1.516510938,0.014339389
2010-07-26,-0.001514032,-0.00415302,0.000671494,0.00366604,0.01100796,0.041585117,4,0.005717937,0.961698833,0.016777459,1.510628478,0.015404892
2010-07-27,0.002214099,0.00200232,-0.002518472,0.00152374,-0.003545566,0.031351992,1,0.00258911,0.961288357,0.0132746,1.510802741,0.01100796
2010-07-28,0.003160959,0.003015184,-0.003460795,0.001106772,-0.010435336,0.026771338,0,0.005832496,0.953616377,0.004636283,1.607278005,-0.003545566
2010-07-29,0.001236723,0.006775072,-0.001532194,-0.004581908,0.003660038,0.016091988,0,0.002194151,0.952278542,-0.003426802,1.622114661,-0.010435336
2010-07-30,-0.000180033,0.004917716,0.001272388,-0.005567579,0.000643511,0.001330606,3,0.000661358,0.951510356,-0.002058063,1.618897072,0.003660038
2010-08-02,-0.002063278,0.00436847,-0.003910693,-0.010149765,-0.005070177,-0.014747531,4,0.00221841,0.946448637,-0.015250196,1.556747109,0.000643511
2010-08-03,0.001241617,0.003395988,-0.000363725,-0.007995019,-0.004603815,-0.01580578,0,0.002542859,0.960083865,-0.001204492,1.517790324,-0.005070177
2010-08-04,-0.001900002,-0.001664972,0.002709124,-0.001825099,0.005039491,-0.000330953,4,0.003043806,0.954612298,0.000995921,1.607491577,-0.004603815
2010-08-05,0.000758994,-0.002142702,-0.003303598,-0.003596503,-0.010703249,-0.01469424,0,0.00523364,0.954640729,0.002362187,1.630031296,0.005039491
2010-08-06,0.001702254,-0.000260415,0.001707179,-0.003161712,-0.003013237,-0.018350988,0,0.002225046,0.955159486,0.00364913,1.617669141,-0.010703249
2010-08-09,-0.001235243,0.00056762,0.002028409,0.00277739,0.008026282,-0.005254529,4,0.004107546,0.959848509,0.013399872,1.603754355,-0.003013237
2010-08-10,0.00087821,0.000204213,-0.006461264,-0.003320149,-0.014170444,-0.014821158,0,0.006970665,0.956884727,-0.003199138,1.57593752,0.008026282
2010-08-11,0.003331728,0.005435942,-0.001977643,-0.008006916,-0.012424859,-0.032285508,0,0.006800689,0.967502985,0.012890688,1.530513542,-0.014170444
2010-08-12,-0.000295962,0.004380987,-0.002954262,-0.00765758,-0.000118493,-0.021700752,0,0.001413298,0.968989464,0.014348734,1.522082232,-0.012424859
2010-08-13,0.002402468,0.005081201,-0.003663581,-0.013028341,-0.00818236,-0.026869875,0,0.004613383,0.960729683,0.005570196,1.600064318,-0.000118493
2010-08-16,-0.000231164,0.00608528,0.003732349,-0.011324401,0.009041839,-0.025854317,3,0.00433616,0.958203455,-0.001645054,1.61724996,-0.00818236
2010-08-17,-0.002089378,0.003117692,0.000438213,-0.004424924,0.005926164,-0.005757709,4,0.003420918,0.959503928,0.002619201,1.611730857,0.009041839
2010-08-18,-0.000550866,-0.000764901,0.001347615,-0.001099666,0.001292673,0.007959823,4,0.000948525,0.956452475,-0.01105051,1.626204483,0.005926164
2010-08-19,0.003126343,0.002657403,0.000355164,0.002209759,-0.010491861,-0.002413545,0,0.005991467,0.951441156,-0.017548307,1.609269386,0.001292673
2010-08-20,-0.001952943,-0.001698008,0.00404145,0.009914791,0.003375104,0.009143919,1,0.002832894,0.945696706,-0.015032977,1.537369978,-0.010491861
2010-08-23,0.000202115,-0.001264729,-0.005229436,0.000953006,-0.009318631,-0.009216551,0,0.004574318,0.940390202,-0.017813253,1.500427508,0.003375104
2010-08-24,0.001364962,0.002189611,-0.002129981,-0.001615188,0.002801569,-0.012341146,0,0.002098559,0.937154539,-0.022349389,1.454528796,-0.009318631
2010-08-25,-0.001332812,0.001407665,0.005053163,0.00209036,0.01217705,-0.001456769,4,0.006121262,0.93533979,-0.021112685,1.486812543,0.002801569
2010-08-26,0.000306423,-0.001412255,-0.003012803,-0.001277607,-0.000769493,0.0082656,0,0.001499174,0.936814131,-0.014627025,1.479650919,0.01217705
2010-08-27,-7.80E-05,0.000462717,-9.39E-05,-0.005412977,0.011499683,0.016390179,4,0.005778636,0.945700369,3.66E-06,1.509767867,-0.000769493
2010-08-30,0.000848497,0.001109098,-0.000924201,-0.001107742,-0.009859202,0.015849608,0,0.004969989,0.954064655,0.013674453,1.673301178,0.011499683
2010-08-31,0.000107599,-0.000148266,-0.00319655,-0.00217431,0.000174214,0.013222253,3,0.001646808,0.953778442,0.016623904,1.668365395,-0.009859202
2010-09-01,-0.00395833,-0.002773784,0.000200496,-0.007026978,0.008300794,0.009345996,4,0.005146265,0.964128315,0.028788525,1.548553339,0.000174214
2010-09-02,-0.00412183,-0.007202037,0.001547733,-0.002466442,0.00252523,0.012640719,4,0.002930367,0.967850897,0.031036765,1.529137739,0.008300794
2010-09-03,-0.000821963,-0.007946029,0.002087483,-0.000285039,0.004271309,0.005412345,4,0.002281313,0.969818853,0.024118484,1.513947041,0.00252523
2010-09-07,0.001220288,-0.007574237,0.000345782,0.000984945,-0.010574764,0.004696783,0,0.005572108,0.969846325,0.01578167,1.51987104,0.004271309
2010-09-08,-0.001948735,-0.00963057,0.002586645,0.00676814,0.001432974,0.005955543,4,0.001955298,0.973748103,0.01996966,1.486238802,-0.010574764
2010-09-09,-0.002106476,-0.007778716,-0.00153746,0.005030184,-0.004237464,-0.006582714,4,0.001753854,0.964500419,0.000372104,1.49143776,0.001432974
2010-09-10,-0.000298489,-0.003955374,-0.002047132,0.001435318,-0.001956325,-0.01106427,4,0.00107709,0.963892278,-0.003958619,1.492747634,-0.004237464
2010-09-13,-0.003323028,-0.006456439,0.008025167,0.007373002,0.013483229,-0.00185235,4,0.007628158,0.963216876,-0.006601977,1.51057898,-0.001956325
2010-09-14,-0.000960962,-0.008637689,0.002488077,0.009515297,-0.003973573,0.004748841,1,0.002671265,0.964792745,-0.00505358,1.51234547,0.013483229
2010-09-15,0.000848246,-0.005840709,0.001496633,0.008425284,0.001504581,0.004820448,4,0.00071148,0.963182585,-0.010565517,1.512720046,-0.003973573
2010-09-16,0.002452475,-0.001281758,0.001202678,0.011165423,-0.00686463,0.002193281,2,0.004163693,0.959684707,-0.004815712,1.522321265,0.001504581
2010-09-17,0.000401588,-0.000581681,0.004525515,0.01773807,0.004761347,0.008910954,4,0.002571994,0.952971022,-0.010921256,1.513011974,-0.00686463
2010-09-20,-0.001447091,0.001294255,0.002124654,0.011837557,0.012967243,0.008394968,4,0.006537391,0.958644847,-0.004572029,1.557458437,0.004761347
2010-09-21,0.003256161,0.005511378,-0.000187091,0.009162389,-0.005404928,0.006963613,1,0.003581749,0.957714741,-0.007078004,1.540334212,0.012967243
2010-09-22,0.002816674,0.007479806,-0.001482389,0.006183367,-0.007195864,-0.001736832,0,0.004215925,0.959610942,-0.003571643,1.638661798,-0.005404928
2010-09-23,0.001180842,0.006208173,0.005161363,0.010142051,-0.003690119,0.001437679,0,0.00364658,0.965598128,0.00591342,1.604020558,-0.007195864
2010-09-24,-0.002588084,0.0032185,0.002025737,0.007642274,0.012624944,0.009301276,4,0.006678684,0.971117473,0.018146451,1.640527729,-0.003690119
2010-09-27,0.001233651,0.005899242,0.000863516,0.006381136,0.001621677,-0.00204429,0,0.000692806,0.969716854,0.011072007,1.598983034,0.012624944
2010-09-28,-0.000583996,0.002059086,-0.000703332,0.005864895,0.005788675,0.009149313,4,0.003124044,0.962165932,0.004451191,1.609477782,0.001621677
2010-09-29,0.000483618,-0.000273969,0.001316961,0.008664245,0.005857794,0.022202971,1,0.002684483,0.961059955,0.001449013,1.592033546,0.005788675
2010-09-30,-0.001279993,-0.002734804,-0.000258045,0.003244837,0.000872468,0.026765559,0,0.000886082,0.950113519,-0.015484609,1.717048548,0.005857794
2010-10-01,-0.000555252,-0.000701972,-0.00350791,-0.002288811,0.000241211,0.014381826,4,0.001733983,0.947689919,-0.023427554,1.728948751,0.000872468
2010-10-04,0.000800746,-0.001134877,-0.003058276,-0.006210603,-0.006524218,0.006235931,0,0.00333066,0.948680488,-0.021036365,1.765498825,0.000241211
2010-10-05,-0.002813443,-0.003364324,0.002670513,-0.002836758,0.008645869,0.009093124,4,0.004889552,0.951412759,-0.010753172,1.675723765,-0.006524218
2010-10-06,0.002765174,-0.001082769,-0.00734798,-0.011501699,-0.00517636,-0.001941029,1,0.004641241,0.942216141,-0.018843814,1.694470093,0.008645869
2010-10-07,-9.24E-05,0.000104808,0.002911436,-0.008332217,4.15E-05,-0.002772031,1,0.001465279,0.943285683,-0.006827836,1.690966651,-0.00517636
2010-10-08,-0.000829155,-0.000169094,0.00151932,-0.003304986,0.007814868,0.004801626,4,0.003915103,0.945032807,-0.002657112,1.706513895,4.15E-05
2010-10-11,0.000204758,-0.000765082,2.91E-05,-0.000217622,-0.000636026,0.010689818,3,0.000368268,0.949508465,0.000827977,1.662129621,0.007814868
2010-10-12,-0.002898165,-0.000849804,0.002657018,-0.000231117,-0.000126757,0.001917192,4,0.002268725,0.948429182,-0.002983577,1.650403263,-0.000636026
2010-10-13,-0.000252022,-0.003867,0.002498583,0.009615446,0.007777813,0.014871365,4,0.003727322,0.949452345,0.007236204,1.664333811,-0.000126757
2010-10-14,0.00351196,-0.000262624,0.001248783,0.007952793,0.001125329,0.015955227,0,0.001471759,0.954297758,0.011012075,1.628798717,0.007777813
2010-10-15,-0.004894915,-0.004328384,0.011591872,0.018025345,-0.004199002,0.003941356,2,0.007624596,0.925181086,-0.019851721,1.63781306,0.001125329
2010-10-18,6.95E-05,-0.004463665,-0.002413075,0.015583182,0.002646,0.007223382,4,0.002066092,0.913380097,-0.036128368,1.592383482,-0.004199002
2010-10-19,0.001080943,-0.000484557,-0.001772737,0.011153426,-0.006755304,0.000594835,0,0.003467965,0.932823352,-0.01560583,1.54985416,0.002646
2010-10-20,0.001244006,0.00101147,-0.002116553,0.006538291,0.000932873,-0.006250105,4,0.001516211,0.931814196,-0.017638149,1.499521134,-0.006755304
2010-10-21,0.001696674,-0.000803815,-0.000844941,0.004444566,-0.007471402,-0.014846836,3,0.004019099,0.925929977,-0.028367781,1.520301757,0.000932873
2010-10-22,-0.003644155,0.000446945,0.005598947,-0.001548359,0.005190949,-0.005456884,3,0.004427513,0.893917257,-0.031263829,1.496553456,-0.007471402
2010-10-25,0.000679997,0.001057465,0.002466868,0.003331584,0.004175706,-0.003927178,4,0.001877884,0.891378408,-0.022001689,1.525250646,0.005190949
2010-10-26,0.000467603,0.000444125,0.002565218,0.007669539,-0.001373979,0.001454146,3,0.001632878,0.891731362,-0.041091991,1.514368357,0.004175706
2010-10-27,-0.001179153,-0.001979033,0.005081936,0.014868028,-0.001132451,-0.000611178,1,0.002976589,0.891815485,-0.039998711,1.524528348,-0.001373979
2010-10-28,-0.002233026,-0.005908733,0.000516338,0.016229307,-0.005678473,0.001181751,2,0.002818153,0.889153957,-0.03677602,1.549613026,-0.001132451
2010-10-29,0.0008478,-0.001416779,0.000455255,0.011085615,0.003743259,-0.000265938,3,0.001690334,0.890765359,-0.003151898,1.549754227,-0.005678473
2010-11-01,-0.000394914,-0.002491691,-0.001971503,0.006647244,-0.007779615,-0.01222126,2,0.003597671,0.874181846,-0.017196562,1.562687981,0.003743259
2010-11-02,-0.001983913,-0.004943207,0.003655416,0.007737443,0.012576745,0.001729465,4,0.006447722,0.814754904,-0.076976458,1.756141196,-0.007779615
2010-11-03,-0.001313661,-0.005077715,-0.001010572,0.001644934,-0.00052011,0.002341807,4,0.000575877,0.833939915,-0.057875571,1.727428248,0.012576745
2010-11-04,0.000301768,-0.002542921,-0.004611793,-0.003483197,0.00619544,0.01421572,4,0.004429239,0.858725406,-0.03042855,1.612226451,-0.00052011
2010-11-05,-0.003107328,-0.006498048,-0.003279008,-0.00721746,0.000343292,0.010815753,4,0.001948986,0.854715391,-0.036049968,1.58057327,0.00619544
2010-11-08,-0.001136201,-0.007239335,0.002538043,-0.002707914,0.002367539,0.020962908,2,0.001806082,0.853927476,-0.02025437,1.564384569,0.000343292
2010-11-09,0.002803092,-0.00245233,0.001446733,-0.004916597,-0.00666846,0.001717702,0,0.004201439,0.866477578,0.051722675,1.580988687,0.002367539
2010-11-10,-0.003460073,-0.004598742,0.00177926,-0.002126765,0.007804633,0.010042445,4,0.004714336,0.855644886,0.021704971,1.578328542,-0.00666846
2010-11-11,-0.002280673,-0.007181184,-0.004809547,-0.002324519,-0.000235854,0.003611151,0,0.002233905,0.857767343,-0.000958063,1.57979641,0.007804633
2010-11-12,0.003823836,-0.00025002,-0.002828651,-0.001874161,-0.005091,-0.001823142,0,0.003844795,0.908239204,0.053523814,1.549764623,-0.000235854
2010-11-15,0.002056743,0.002942924,-0.000526603,-0.004938807,0.00214922,-0.002041461,2,0.001383501,0.905587782,0.051660306,1.552925982,-0.005091
2010-11-16,0.000277884,0.000417716,-0.001311972,-0.007697512,-0.004149727,0.000477272,0,0.002024907,0.903839295,0.037361716,1.514732138,0.00214922
2010-11-17,-0.001630129,0.00224766,0.00228285,-0.007193922,0.003227075,-0.004100286,3,0.002199965,0.899579297,0.043934412,1.557299767,-0.004149727
2010-11-18,0.000384569,0.004912902,0.000145187,-0.002239188,0.003057443,-0.000806989,4,0.00144913,0.921670683,0.06390334,1.481789938,0.003227075
2010-11-19,-0.000542998,0.000546068,-0.001058682,-0.000469219,0.002334098,0.006618109,4,0.001497727,0.930541557,0.022302353,1.474384484,0.003057443
2010-11-22,-0.000654612,-0.002165287,0.007081382,0.007138766,0.005668441,0.01013733,2,0.003921402,0.921805921,0.016218139,1.468199011,0.002334098
2010-11-23,0.001583771,-0.0008594,-0.00036171,0.008089027,0.004160688,0.018447745,0,0.002058073,0.925461857,0.021622562,1.386487779,0.005668441
2010-11-24,-0.001231466,-0.000460737,0.004310335,0.010116512,0.007983318,0.023203988,4,0.004212515,0.939495466,0.039916169,1.392822931,0.004160688
2010-11-26,-0.001068434,-0.001913739,0.004124947,0.014096272,0.002323842,0.022470387,0,0.002332375,0.941583853,0.01991317,1.368677519,0.007983318
2010-11-29,-0.002176845,-0.003547585,-0.002312089,0.012842865,0.000314774,0.020451063,0,0.001393747,0.941547843,0.011006285,1.369674604,0.002323842
2010-11-30,0.001875306,-0.001017668,-0.004656987,0.001104496,-0.000683261,0.014099361,0,0.00274892,0.946318029,0.024512108,1.354986916,0.000314774
2010-12-01,0.001052823,-0.001548615,-0.001099318,0.000366888,0.000557604,0.010496277,4,0.00092422,0.954184931,0.028723075,1.235345551,-0.000683261
2010-12-02,-0.003308347,-0.003625496,-0.001069411,-0.005012858,-0.001949628,0.000563331,4,0.001400106,0.954332048,0.014836582,1.211012668,0.000557604
2010-12-03,-0.000869353,-0.003426415,0.002084087,-0.007053717,0.004324957,0.002564446,4,0.002318937,0.951193249,0.009609396,1.20659799,-0.001949628
2010-12-06,-0.000450757,-0.001700328,0.002633331,-0.002108297,0.00715168,0.009401352,2,0.003488174,0.949510724,0.007962882,1.213239289,0.004324957
2010-12-07,-0.000781681,-0.004357315,0.000859898,0.003408588,0.004153053,0.014237666,3,0.002169669,0.949875363,0.003557333,1.215900547,0.00715168
2010-12-08,-0.002522963,-0.007933101,0.000402868,0.004910773,-0.004192165,0.009487898,3,0.002171078,0.951961349,-0.002223582,1.172147128,0.004153053
2010-12-09,-0.00404828,-0.008673034,-0.000961193,0.005018991,0.000852354,0.01228988,3,0.002138423,0.955475429,0.001143381,1.152133057,-0.004192165
2010-12-10,-0.002449014,-0.010252696,0.001960488,0.004895392,0.005930002,0.013894925,4,0.003540419,0.95487117,0.003677921,1.160606437,0.000852354
2010-12-13,0.001548892,-0.008253046,-0.004848422,-0.002586361,-0.006155834,0.000587411,2,0.003717059,0.947283184,-0.00222754,1.137909959,0.005930002
2010-12-14,0.003278965,-0.004192399,0.000159421,-0.003286838,-0.001480582,-0.005046224,3,0.002000908,0.943905141,-0.005970222,1.143314628,-0.006155834
2010-12-15,0.003472557,0.001803121,0.001131753,-0.002557953,0.000849968,-4.09E-06,0,0.00148601,0.929030481,-0.022930868,1.093895334,-0.001480582
2010-12-16,-0.002526125,0.003325276,0.00148076,-0.000116,0.004449506,0.00359306,4,0.002914048,0.929091466,-0.026383963,1.102852794,0.000849968
2010-12-17,-0.001474947,0.004299343,0.001307339,-0.00076915,0.002955169,0.000618227,3,0.001886355,0.919494653,-0.035376516,1.104656425,0.004449506
2010-12-20,-0.003744959,-0.000994509,-5.48E-05,0.004024498,0.001027642,0.007801703,3,0.002094647,0.918547383,-0.028735802,1.104320805,0.002955169
2010-12-21,-0.001229091,-0.005502566,0.000777376,0.004642453,0.004440705,0.013722989,4,0.002439729,0.926749427,-0.017155715,1.119060457,0.001027642
2010-12-22,-0.001093471,-0.010068593,-0.00192422,0.001586481,-0.003285303,0.009587719,4,0.001385591,0.909069998,-0.019960483,1.199466201,0.004440705
2010-12-23,0.002856075,-0.004686393,-0.000557727,-0.000452007,-0.000418204,0.004720008,1,0.001608248,0.888421875,-0.040669591,1.127227798,-0.003285303
2010-12-27,-0.002208804,-0.00542025,1.38E-05,-0.00174558,0.003675023,0.005439862,3,0.002438388,0.880832933,-0.038661721,1.156192194,-0.000418204
2010-12-28,0.001002364,-0.000672927,-0.002418311,-0.004109117,-0.004425014,-1.28E-05,2,0.002442984,0.870938077,-0.047609306,1.187432738,0.003675023
2010-12-29,-0.000158943,0.000397222,0.000511136,-0.004375357,4.19E-06,-0.004449312,4,0.000291427,0.863536549,-0.063212878,1.191277842,-0.004425014
2010-12-30,0.000155882,0.001646575,2.72E-05,-0.002423963,0.000851105,-0.000312904,0,0.000400851,0.740395878,-0.16867412,1.407730985,4.19E-06
2010-12-31,0.000864738,-0.000344763,-0.003612864,-0.0054791,-0.007550434,-0.007445134,1,0.003842505,0.644423088,-0.243998787,1.921690575,0.000851105
2011-01-03,-0.003229985,-0.001365944,0.003212686,-0.00228018,0.007596285,-0.003523872,4,0.004622317,0.772465446,-0.108367487,1.829471297,-0.007550434
2011-01-04,0.003062898,0.000694589,-0.002509069,-0.002370937,-0.014755672,-0.01385453,1,0.007809898,0.756689234,-0.114248842,2.151574813,0.007596285
2011-01-05,-0.00228605,-0.001432518,0.002788458,-9.36E-05,0.006720168,-0.007138548,4,0.003878177,0.768814601,-0.094721947,2.204592875,-0.014755672
2011-01-06,-5.92E-05,-0.001647632,0.00496698,0.004846191,-0.002501356,-0.01049101,1,0.003134938,0.764023934,0.023628056,2.178862233,0.006720168
2011-01-07,-8.32E-05,-0.002595522,-0.000636389,0.007822667,-0.002699941,-0.005640516,0,0.001262058,0.784575553,0.140152465,2.170545044,-0.002501356
2011-01-10,-0.001823588,-0.001189125,0.003088661,0.007698642,0.006125893,-0.007110909,2,0.003499299,0.741241128,-0.031224318,2.137442537,-0.002699941
2011-01-11,-0.000764049,-0.005016072,-0.000388933,0.009818778,0.000291019,0.007935782,4,0.000459705,0.759342097,0.002652863,2.078655003,0.006125893
2011-01-12,-0.001833625,-0.004563647,-0.001450021,0.005580299,-0.000697182,0.000518432,4,0.00081426,0.787998358,0.019183756,1.925724118,0.000291019
2011-01-13,-0.000292277,-0.004796691,0.000966667,0.001579986,0.000825873,0.003845662,0,0.000616236,0.784995136,0.020971201,2.016877433,-0.000697182
2011-01-14,-0.002639613,-0.007353153,-6.85E-05,0.002147834,0.001248409,0.007794011,4,0.001632796,0.785931873,0.00135632,1.951474992,0.000825873
2011-01-18,0.002903835,-0.00262573,0.002446226,0.001505399,-0.001387859,0.00028026,3,0.002034508,0.780174838,0.03893371,1.954469645,0.001248409
2011-01-19,0.009098871,0.00723719,-0.004580302,-0.002685971,-0.015761701,-0.01577246,0,0.010337599,0.794400906,0.035058809,2.06039656,-0.001387859
2011-01-20,0.001085191,0.010156006,-0.006465355,-0.007701305,-0.009963319,-0.025038597,0,0.005272272,0.780929508,-0.007068849,2.105519633,-0.015761701
2011-01-21,0.001728704,0.012176987,-0.007879863,-0.016547836,-0.008728135,-0.034592605,2,0.005351407,0.75213722,-0.032857915,2.130487316,-0.009963319
2011-01-24,0.003293447,0.018110048,0.004541252,-0.011938043,0.002039268,-0.033801747,4,0.001936885,0.767766799,-0.018165074,2.136618679,-0.008728135
2011-01-25,-0.000541343,0.01466487,0.000361922,-0.014022347,0.000608783,-0.031805105,3,0.000499522,0.777975982,-0.002198856,2.122831857,0.002039268
2011-01-26,-0.003523452,0.002042548,0.003207291,-0.006234753,0.013276029,-0.002767375,4,0.007233368,0.755254537,-0.039146369,2.263380336,0.000608783
2011-01-27,-0.00187561,-0.000918253,0.003501868,0.00373247,-8.97E-05,0.007106275,4,0.002250834,0.74901057,-0.031918939,2.264204673,0.013276029
2011-01-28,0.004061017,0.001414059,-0.007120925,0.004491408,-0.007489978,0.008344433,0,0.005641341,0.836745834,0.084608613,1.900086467,-8.97E-05
2011-01-31,-0.001879366,-0.003758753,-0.00273627,-0.002786113,-0.000117206,0.00618796,4,0.001345731,0.840338735,0.072571936,1.854144243,-0.007489978
2011-02-01,-0.004168043,-0.007385453,0.002196301,-0.000951734,0.00577229,0.011351466,4,0.004159511,0.855172099,0.077196117,1.764174501,-0.000117206
2011-02-02,0.002876514,-0.000985488,0.002133626,-0.002025399,-0.000696915,-0.002621478,1,0.001699157,0.867499943,0.112245405,1.6802976,0.00577229
2011-02-03,-0.000667907,0.000222215,-0.000781569,-0.006308836,0.000746197,-0.001785612,4,0.000704771,0.869151264,0.120140694,1.654422869,-0.000696915
2011-02-04,-0.000405148,-0.004243949,0.002703703,0.003515792,-0.001028677,0.004675688,4,0.001646125,0.874024986,0.037279152,1.655214327,0.000746197
2011-02-07,-0.000491392,-0.002855976,-0.000930234,0.005321829,0.003988047,0.00878094,4,0.002263087,0.874705773,0.034367039,1.665160128,-0.001028677
2011-02-08,0.001687587,0.002999654,0.00050414,0.003629668,0.002445412,0.005454063,4,0.001111513,0.889566983,0.034394884,1.675706081,0.003988047
2011-02-09,0.003340403,0.003463543,-6.74E-05,0.001428618,-0.002657177,0.003493801,1,0.002458226,0.890115151,0.022615208,1.66989441,0.002445412
2011-02-10,-0.001615576,0.002515874,-0.000254588,0.001955599,0.00348021,0.006227814,3,0.002170921,0.882386192,0.013234928,1.703675921,-0.002657177
2011-02-11,-0.001903266,0.001017756,0.001290037,0.000541933,0.006019874,0.013276365,4,0.003377255,0.884327616,0.01030263,1.73250382,0.00348021
2011-02-14,-0.002795209,-0.001286061,0.000369121,0.001841288,0.002217457,0.011505776,3,0.002070079,0.877362921,0.002657148,1.749717816,0.006019874
2011-02-15,-0.000152465,-0.003126113,-0.001324388,1.28E-05,-0.003892615,0.005167749,0,0.001800176,0.88247617,-0.007090813,1.749459803,0.002217457
2011-02-16,-0.001218083,-0.007684599,0.001296839,0.001377022,0.003881009,0.011705935,4,0.002183866,0.900903949,0.010788798,1.629965273,-0.003892615
2011-02-17,-0.000635031,-0.006704054,-0.000942679,0.000688931,0.003726527,0.011952252,4,0.002162141,0.906585387,0.024199195,1.567171662,0.003881009
2011-02-18,0.003994762,-0.000806027,-0.001086279,-0.001687386,-0.000964138,0.004968241,4,0.002389042,0.919635193,0.035307578,1.529598341,0.003726527
2011-02-22,0.006235393,0.008224575,-0.006996568,-0.009053075,-0.005792002,-0.003041218,0,0.006072982,0.950148689,0.072785769,1.456044665,-0.000964138
2011-02-23,-0.002670004,0.005707036,-0.006071455,-0.013800143,-0.010377057,-0.009525661,0,0.004483131,0.950112128,0.067635958,1.514380323,-0.005792002
2011-02-24,-0.002089423,0.004835696,0.006455502,-0.00864148,0.006643825,-0.006762845,2,0.004467479,0.952266551,0.051362602,1.456719692,-0.010377057
2011-02-25,-0.005375164,9.56E-05,0.005142156,-0.002556645,0.011361217,0.000871846,4,0.007151973,0.949975709,0.043390322,1.510521349,0.006643825
2011-02-28,0.002328112,-0.001571087,-0.005107103,-0.006577469,-0.003722415,-0.001886432,4,0.003405481,0.917295207,-0.002339986,1.524003884,0.011361217
2011-03-01,0.002002194,-0.005804286,-0.000390101,2.90E-05,-0.004215167,-0.000309597,0,0.002597088,0.931620701,-0.018527989,1.492587521,-0.003722415
2011-03-02,-0.000885994,-0.004020276,0.002272788,0.008373242,0.003108057,0.013175517,4,0.001876135,0.917825563,-0.032286565,1.537712244,-0.004215167
2011-03-03,-0.001335181,-0.003266034,0.001198006,0.003115746,0.004870267,0.01140196,4,0.002666889,0.932265179,-0.020001372,1.481513689,0.003108057
2011-03-04,0.00017431,0.00228344,0.002365424,0.000339014,0.002689169,0.002729912,0,0.001416791,0.93067057,-0.019305138,1.456651168,0.004870267
2011-03-07,0.001793347,0.001748675,-0.005742617,-0.0002965,-0.007186863,-0.000734537,0,0.00435283,0.934295257,0.01700005,1.488831075,0.002689169
2011-03-08,0.001349606,0.001096088,-0.001574591,-0.00148099,0.006279812,0.009760442,4,0.003394681,0.933999288,0.002378587,1.495230162,-0.007186863
2011-03-09,0.001257009,0.003239091,-0.003730293,-0.007484072,-0.002854005,0.003798379,0,0.002348439,0.932279887,0.014454324,1.501012584,0.006279812
2011-03-10,0.000166322,0.004740595,0.000454607,-0.00822747,-0.007679139,-0.008751027,0,0.003947527,0.943195412,0.010930233,1.486894563,-0.002854005
2011-03-11,-0.002079066,0.002487218,-0.001668406,-0.0122613,-0.002936649,-0.014376845,4,0.001232969,0.943058042,0.012387472,1.462705673,-0.007679139
2011-03-14,0.001804343,0.002498214,0.000662008,-0.005856674,0.000246276,-0.006943706,0,0.000798952,0.942837597,0.008542341,1.443779869,-0.002936649
2011-03-15,-0.000287816,0.000860793,-0.001269411,-0.005551494,0.002657054,-0.010566463,0,0.001678469,0.942283733,0.008284445,1.415251856,0.000246276
2011-03-16,-0.000946682,-0.001342899,0.000569347,-0.001251855,0.007699273,-1.32E-05,0,0.003962174,0.934803977,0.002524089,1.328440405,0.002657054
2011-03-17,0.000483564,-0.001025657,-0.005987529,-0.007693991,-0.008690209,-0.001024255,4,0.004517943,0.924769249,-0.018426162,1.261366911,0.007699273
2011-03-18,0.002801811,0.00385522,-0.001414469,-0.007440054,0.007267433,0.009179827,4,0.003827104,0.924245705,-0.018812338,1.275748212,-0.008690209
2011-03-21,2.50E-05,0.002075867,0.003275135,-0.004826928,0.007966749,0.0169003,4,0.003762119,0.934669007,-0.008168591,1.299420597,0.007267433
2011-03-22,0.002068606,0.004432289,0.000498836,-0.003058681,-0.001820325,0.012422921,0,0.001602291,0.930623818,-0.011659915,1.297823098,0.007966749
2011-03-23,0.002681696,0.008060667,0.002452394,-0.001175634,0.000275663,0.004999312,4,0.001410126,0.931117258,-0.003686718,1.256728683,-0.001820325
2011-03-24,-0.002326882,0.005250221,0.004731112,0.009543007,-0.002099866,0.011589655,4,0.003275366,0.934520619,0.009751369,1.236280317,0.000275663
2011-03-25,0.000946185,0.003394595,-0.000732512,0.010224964,0.005070837,0.009393059,4,0.002592535,0.942681111,0.018435406,1.192316999,-0.002099866
2011-03-28,0.000891554,0.004261159,-0.001771851,0.005177978,0.000223748,0.001650058,0,0.001136753,0.946909635,0.012240629,1.200940831,0.005070837
2011-03-29,-0.000406115,0.001786438,0.002517317,0.00719646,0.002315228,0.005785611,4,0.001523568,0.941767964,0.011144146,1.187404555,0.000223748
2011-03-30,-0.000848261,-0.001743519,0.000529942,0.005274007,0.00636876,0.011878708,4,0.003286819,0.942416437,0.011299179,1.201712225,0.002315228
2011-03-31,-0.000672226,-8.89E-05,0.003371349,0.003914244,0.005608074,0.019586648,2,0.002944826,0.930590052,-0.003930567,1.197554295,0.00636876
2011-04-01,-0.000335527,-0.001370574,-0.001888232,0.002758525,-0.001140741,0.01337507,4,0.000846429,0.93046492,-0.012216191,1.20254903,0.005608074
2011-04-04,0.001536497,-0.000725631,-0.000492191,0.004038184,0.002708823,0.015860145,3,0.001462795,0.93116883,-0.015740806,1.157207156,-0.001140741
2011-04-05,-0.000314395,-0.000633911,0.000896869,0.002417736,0.004819866,0.018364782,2,0.002369107,0.928459297,-0.013308667,1.136656689,0.002708823
2011-04-06,0.000465663,0.000680013,0.00090585,0.002793644,-0.001173981,0.010822041,4,0.000895523,0.930109603,-0.012306834,1.127098554,0.004819866
2011-04-07,0.000131277,0.001483515,0.000205865,-0.00037184,-0.004031743,0.001182223,0,0.002073809,0.906927577,-0.023662475,1.01875432,-0.001173981
2011-04-08,0.001637252,0.003456294,-0.001625406,-0.000109014,-0.006103957,-0.003780992,0,0.003331785,0.903857687,-0.026607233,1.084588519,-0.004031743
2011-04-11,0.00288295,0.004802747,-0.000412377,-2.92E-05,-0.005598079,-0.012087894,1,0.003529619,0.893998345,-0.037170484,1.118976341,-0.006103957
2011-04-12,-0.001730956,0.003386186,-0.001880623,-0.002806691,-0.006189578,-0.023097337,0,0.002634904,0.893906585,-0.034552712,1.210251877,-0.005598079
2011-04-13,0.000413841,0.003334364,0.005886459,0.002173918,0.001814368,-0.020108988,4,0.002686487,0.877842356,-0.052267247,1.474855884,-0.006189578
2011-04-14,0.001069615,0.004272702,-0.000554557,0.001413496,0.004215727,-0.011861518,3,0.002131422,0.909689329,0.002761752,1.641294854,0.001814368
2011-04-15,0.000685335,0.003320786,-0.002314096,0.000724806,0.005117203,-0.000640359,4,0.00310742,0.911766928,0.007909241,1.62147302,0.004215727
2011-04-18,-0.000349056,8.88E-05,0.000435311,0.001572495,-0.005184629,-0.000226909,0,0.002626364,0.897765604,0.003767259,1.618149878,0.005117203
2011-04-19,-0.000388719,0.001431017,-0.002214998,0.00123812,-0.003890569,0.002072099,4,0.001793498,0.889470217,-0.004436367,1.576865399,-0.005184629
2011-04-20,0.001688138,0.002705314,0.007320877,0.002672538,0.006354132,0.006611863,4,0.00355028,0.917696395,0.039854038,1.5581558,-0.003890569
2011-04-21,-0.001060083,0.000575616,0.001015234,0.004242329,0.002083916,0.004480052,4,0.001348794,0.925331812,0.015642483,1.623243309,0.006354132
2011-04-25,-0.000496071,-0.00060579,0.003620129,0.010176553,-7.49E-05,-0.000712019,1,0.001917693,0.924123716,0.012356788,1.602467627,0.002083916
2011-04-26,0.00027205,1.53E-05,-0.001303809,0.008437432,0.00144196,0.00591457,4,0.001127107,0.925697011,0.027931407,1.57371392,-7.49E-05
2011-04-27,0.001330233,0.001734266,0.001584301,0.012236731,-7.15E-05,0.009733664,4,0.000868695,0.923053246,0.033583028,1.565021058,0.00144196
2011-04-28,0.002135571,0.002181699,-0.00262611,0.002289744,0.000218623,0.003598155,4,0.001956734,0.917633319,-6.31E-05,1.527608248,-7.15E-05
2011-04-29,0.001395638,0.00463742,-0.001946472,-0.000671961,0.002033587,0.003547827,4,0.0017628,0.925402663,7.09E-05,1.540583809,0.000218623
2011-05-02,0.00150601,0.0066395,-0.001543275,-0.005835365,-0.010477987,-0.006855291,0,0.005378827,0.91715964,-0.006964075,1.633761128,0.002033587
2011-05-03,0.003396693,0.009764143,-0.004487829,-0.009019385,-0.009567455,-0.017864706,1,0.005621771,0.910909951,-0.014787061,1.688627522,-0.010477987
2011-05-04,0.000304186,0.008738097,0.002155628,-0.008448057,-0.006087438,-0.023880669,0,0.003582655,0.920393855,-0.002659391,1.669524664,-0.009567455
2011-05-05,-0.001906085,0.004696441,0.004322929,-0.001499018,0.004707208,-0.019392084,0,0.003255286,0.900591055,-0.017042264,1.574553632,-0.006087438
2011-05-06,0.000514407,0.00381521,0.000738748,0.001186201,0.001119504,-0.020306167,4,0.000467716,0.902076169,-0.023326494,1.571144817,0.004707208
2011-05-09,-0.000905647,0.001403553,0.000999724,0.0037292,0.006754043,-0.003074138,4,0.003450244,0.898366369,-0.018793271,1.592718574,0.001119504
2011-05-10,-0.002093039,-0.004086179,0.001980932,0.010197961,0.007393916,0.013887233,4,0.004070983,0.902186411,-0.00872354,1.609219304,0.006754043
2011-05-11,0.000907505,-0.00348286,0.001787555,0.009829888,-0.006804244,0.013170427,0,0.003919834,0.904967595,-0.01542626,1.591753358,0.007393916
2011-05-12,0.000319849,-0.001256926,0.00141634,0.006923299,0.003255512,0.011718731,4,0.0014694,0.912013352,0.011422297,1.596836354,-0.006804244
2011-05-13,0.000178827,-0.001592506,-0.004048045,0.002136506,-0.005992447,0.00460678,0,0.003055866,0.921658259,0.01958209,1.597733709,0.003255512
2011-05-16,0.002455049,0.00176819,-0.010230661,-0.009093879,-0.009163253,-0.011310516,0,0.00640124,0.914535555,0.016169186,1.615651969,-0.005992447
2011-05-17,-0.005128443,-0.001267213,0.000692013,-0.010382798,-0.002734927,-0.021439358,1,0.002670989,0.898855357,-0.003331054,1.65517133,-0.009163253
2011-05-18,-0.00232752,-0.004502237,0.002592066,-0.009578287,0.007065205,-0.00756991,4,0.004025831,0.90444655,-0.000521044,1.699854186,-0.002734927
2011-05-19,0.001411932,-0.003410154,0.000772142,-0.010222485,-0.000126009,-0.010951431,4,0.000718036,0.884211569,-0.027801783,1.729835927,0.007065205
2011-05-20,0.000290387,-0.003298594,0.000612452,-0.005561988,0.000387209,-0.004571775,0,0.000253835,0.883283353,-0.038374906,1.681911418,-0.000126009
2011-05-23,0.001489901,-0.004263742,-0.003975174,0.000693499,-0.006285783,-0.001694305,0,0.003573049,0.901319649,-0.013215906,1.651986562,0.000387209
2011-05-24,-0.00119753,-0.00033283,-0.003800751,-0.003799266,-0.003740162,-0.00269954,0,0.001895477,0.893555425,-0.005299932,1.69339426,-0.006285783
2011-05-25,-7.11E-05,0.001923556,0.002348859,-0.004042473,0.009745041,-1.97E-05,4,0.004631461,0.889024724,-0.015421827,1.791476967,-0.003740162
2011-05-26,-0.00329206,-0.002780436,0.003824873,-0.000989742,0.008163268,0.008269574,4,0.004939663,0.888382527,0.004170958,1.845448998,0.009745041
2011-05-27,-0.00094753,-0.004018352,0.000924074,-0.000678119,0.002393627,0.010275992,4,0.00142323,0.893057632,0.009774279,1.837590102,0.008163268
2011-05-31,-0.000284791,-0.005793045,0.003113356,0.006410411,0.003757736,0.020319511,4,0.002085652,0.913568657,0.012249008,1.738278642,0.002393627
2011-06-01,0.000549193,-0.004046322,-0.000544706,0.009666457,-0.009175875,0.014883798,0,0.004610366,0.946570646,0.053015222,1.609699583,0.003757736
2011-06-02,-0.002164153,-0.006139342,0.002712322,0.01002992,0.000360808,0.005499564,1,0.001996987,0.946380517,0.057355793,1.59483348,-0.009175875
2011-06-03,0.001806795,-0.001040486,-0.004940664,0.001264383,-0.005641017,-0.008304722,0,0.003662699,0.955565901,0.067183374,1.632495853,0.000360808
2011-06-06,0.00576102,0.005668063,-0.000301407,3.89E-05,-0.005159868,-0.015858217,0,0.004467735,0.952291848,0.059234215,1.635464048,-0.005641017
2011-06-07,-0.000628382,0.005324472,0.000586777,-0.002487678,0.00375682,-0.015859134,1,0.001949544,0.950563244,0.036994586,1.625388101,-0.005159868
2011-06-08,0.002382284,0.007157563,-0.005542359,-0.007485331,-0.007800027,-0.014483285,0,0.004732951,0.940188483,-0.006382163,1.628153902,0.00375682
2011-06-09,-0.001110453,0.008211263,-0.003809439,-0.014007092,-0.001530067,-0.016374159,4,0.001600577,0.938698338,-0.007682178,1.585936138,-0.007800027
2011-06-10,-0.000247087,0.006157382,-0.001363079,-0.010429506,-0.002586708,-0.01331985,0,0.001184153,0.938373786,-0.017192114,1.547646885,-0.001530067
2011-06-13,-0.000579884,-0.000183522,-0.00219786,-0.012325959,-0.003674773,-0.011834755,2,0.001659525,0.936046274,-0.016245574,1.532852578,-0.002586708
2011-06-14,-0.002283524,-0.001838664,0.00214468,-0.010768056,0.008840208,-0.006751367,4,0.004797047,0.954633645,0.004070402,1.52440248,-0.003674773
2011-06-15,0.002665342,-0.001555605,-0.000214678,-0.005440375,-0.000883884,0.000164775,0,0.001561803,0.961147287,0.020958804,1.470293081,0.008840208
2011-06-16,0.003633071,0.003187919,-0.004706092,-0.006337028,0.000912106,0.002606948,3,0.003472366,0.952748678,0.01405034,1.454028107,-0.000883884
2011-06-17,0.000534765,0.00396977,-0.005796011,-0.010769961,-0.002771698,0.002421958,3,0.00291147,0.948979883,0.010606097,1.446844371,0.000912106
2011-06-20,0.000932004,0.005481658,-0.000356058,-0.008928158,0.003191331,0.009288062,4,0.001594983,0.951224712,0.015178439,1.455391108,-0.002771698
2011-06-21,-0.004300074,0.003465108,0.008333385,-0.002739454,0.009101492,0.009549347,4,0.00652284,0.947037031,-0.007596615,1.466743238,0.003191331
2011-06-22,-0.000122984,0.000676781,-0.000257597,-0.002782373,-0.00160402,0.008829211,0,0.000746034,0.948491662,-0.012655626,1.46225287,0.009101492
2011-06-23,-0.002107648,-0.005063937,0.009389244,0.011312962,0.006338904,0.01425601,2,0.005366634,0.938239993,-0.014508685,1.437284415,-0.00160402
2011-06-24,0.002170492,-0.00342821,-0.000887636,0.016221337,0.005684335,0.022712043,0,0.002925472,0.938998014,-0.009981869,1.381147028,0.006338904
2011-06-27,-5.26E-05,-0.004412784,0.004109487,0.020686882,2.83E-05,0.019548991,4,0.002059064,0.939693049,-0.011531663,1.360249339,0.005684335
2011-06-28,-0.000882826,-0.000995536,0.002285964,0.014639461,0.002140971,0.012588469,4,0.001575711,0.940396388,-0.006640643,1.343558722,2.83E-05
2011-06-29,-0.0022994,-0.003171952,-0.004160752,0.010736306,-0.005060337,0.009132152,4,0.002237982,0.922536162,-0.025955499,1.288644439,0.002140971
2011-06-30,0.002326131,0.001261826,0.001912174,0.003259237,-0.000950623,0.001842626,4,0.001556574,0.925976932,-0.012263062,1.269650279,-0.005060337
2011-07-01,-0.000830732,-0.001739398,0.000903954,0.005050827,0.000818112,-0.003023597,4,0.00081198,0.927264384,-0.01173363,1.229006739,-0.000950623
2011-07-05,0.000311382,-0.001375446,0.004789871,0.005731212,0.003216189,0.000164312,2,0.002315796,0.92447907,-0.015213979,1.20151397,0.000818112
2011-07-06,0.003455979,0.00296336,0.001914247,0.005359494,0.003279099,0.00130244,4,0.001597698,0.924596572,-0.015799815,1.204790803,0.003216189
2011-07-07,-0.003023829,0.002238931,0.003142611,0.012662857,0.00472394,0.011086717,4,0.003438612,0.930163924,0.007627762,1.170780869,0.003279099
2011-07-08,0.002076216,0.001989016,0.002502268,0.013252952,0.000508505,0.012545844,0,0.001205713,0.934472037,0.008495106,1.174765448,0.00472394
2011-07-11,0.006219248,0.009038996,-0.001944307,0.010404691,-0.004317494,0.007410238,0,0.004512932,0.9352158,0.007951416,1.188845899,0.000508505
2011-07-12,-0.00027597,0.008451644,-0.002973655,0.002641164,-8.97E-05,0.004104331,0,0.001430505,0.937641284,0.013162214,1.182197727,-0.004317494
2011-07-13,0.00048624,0.005481905,0.002280046,0.003006963,0.005550547,0.00637578,4,0.002513377,0.935983927,0.011387354,1.150190457,-8.97E-05
2011-07-14,0.002367094,0.010872828,-0.005582426,-0.005718074,-0.009716414,-0.008064574,0,0.005457955,0.918462568,-0.011701356,1.234097373,0.005550547
2011-07-15,-0.002118849,0.006677763,0.004233296,-0.003987047,0.001070764,-0.007502314,4,0.002647039,0.924362465,-0.010109572,1.232202083,-0.009716414
2011-07-18,0.000556346,0.001014862,-0.000726353,-0.002769093,-0.007414104,-0.010598924,0,0.003716018,0.932968627,-0.002247173,1.276079273,0.001070764
2011-07-19,2.18E-05,0.001312584,0.005788674,0.005993237,0.006421822,-0.004087384,4,0.00352808,0.942296148,0.004654865,1.285396009,-0.007414104
2011-07-20,-0.000561865,0.000264479,-0.003686539,2.67E-05,-0.002064424,-0.011702355,0,0.001653799,0.942970881,0.006986954,1.248270056,0.006421822
2011-07-21,-0.001398027,-0.003500642,-0.006303111,-0.000694033,-0.002795527,-0.004781468,4,0.002705159,0.935300246,0.016837677,1.215887448,-0.002064424
2011-07-22,-0.004312208,-0.005694002,0.007664203,0.002736875,-0.000241996,-0.006094228,3,0.00499919,0.938439197,0.014076732,1.224624281,-0.002795527
2011-07-25,-0.001333238,-0.007583586,3.60E-05,0.003499245,-0.006796172,-0.005476296,0,0.003245049,0.941933043,0.008964416,1.310251884,-0.000241996
2011-07-26,-0.003179163,-0.010784502,0.003113875,0.000824445,-0.003820311,-0.015718429,0,0.003194975,0.937632709,-0.00466344,1.320540941,-0.006796172
2011-07-27,0.004491644,-0.005730993,-0.006307532,-0.001796548,-0.009385555,-0.023039561,0,0.006236462,0.946554011,0.00358313,1.339274491,-0.003820311
2011-07-28,-0.001849042,-0.006182008,0.003767123,0.008273685,0.001751583,-0.018492451,1,0.002402194,0.945407252,0.010107006,1.355590416,-0.009385555
2011-07-29,-0.00147421,-0.00334401,0.002896997,0.003506479,0.003577363,-0.014673093,0,0.002388377,0.941256231,0.002817034,1.363233227,0.001751583
2011-08-01,0.003255203,0.001244431,-0.000138294,0.003332169,-0.001117477,-0.008994398,0,0.00190305,0.934483423,-0.00744962,1.399336323,0.003577363
2011-08-02,0.003731338,0.008154933,-0.001956334,-0.00173804,-0.007245257,-0.012419344,0,0.004573946,0.950423437,0.012790729,1.360443159,-0.001117477
2011-08-03,-0.002493341,0.001169948,0.003884902,0.008454394,0.002491443,-0.000542346,4,0.002813484,0.952092516,0.005538506,1.356390088,-0.007245257
2011-08-04,0.004943147,0.007962137,-0.003084112,0.001603159,-0.012341466,-0.014635395,0,0.007275252,0.971489987,0.026082735,1.291331609,0.002491443
2011-08-05,0.005913267,0.015349614,-0.008849598,-0.010143436,-0.016311304,-0.034524061,1,0.009776211,0.954746339,0.013490108,1.293370193,-0.012341466
2011-08-08,0.011897181,0.023991593,-0.002530713,-0.012535856,-0.024358334,-0.057764917,0,0.01511166,0.975525029,0.041041607,1.317478015,-0.016311304
2011-08-09,-0.007316821,0.012943434,0.005274439,-0.005305082,0.020813809,-0.029705851,4,0.011923067,0.982173285,0.031749848,1.35623439,-0.024358334
2011-08-10,-0.002195944,0.01324083,0.003424203,-0.005765781,-0.007864684,-0.040061978,0,0.004739552,0.980233943,0.028141426,1.323275525,0.020813809
2011-08-11,-0.006516914,0.00178077,0.000566228,-0.002115442,0.007383029,-0.020337483,4,0.005679994,0.984399527,0.012909539,1.301209893,-0.007864684
2011-08-12,0.005970172,0.001837675,0.000871356,0.007605513,-0.002936984,-0.006963163,4,0.003706603,0.983296969,0.02855063,1.298545453,0.007383029
2011-08-15,-0.002749048,-0.012808555,-0.002897889,0.007238337,0.008293387,0.025688557,4,0.005259416,0.983637837,0.008112808,1.303078985,-0.002936984
2011-08-16,0.003060637,-0.002431097,-0.002717211,-0.000753313,-0.00970302,-0.004828272,0,0.005446676,0.982780808,0.000607523,1.301517598,0.008293387
2011-08-17,-0.000571741,-0.000806894,-0.005701719,-0.009879235,-0.001983261,0.001053151,2,0.00256427,0.982524773,0.00229083,1.301322798,-0.00970302
2011-08-18,0.008148583,0.013858603,-0.007972499,-0.018417962,-0.015166745,-0.021496623,0,0.010063305,0.983778445,-0.000621082,1.307486534,-0.001983261
2011-08-19,-0.000736698,0.007151734,-0.001221376,-0.020510694,-0.001328559,-0.019888198,0,0.000605272,0.984867226,0.001570257,1.305760358,-0.015166745
2011-08-22,0.003156492,0.013057274,0.001252395,-0.016360409,-0.000810539,-0.028992124,3,0.001727415,0.985025066,0.001387229,1.306209033,-0.001328559
2011-08-23,-0.004467242,0.005529394,0.008320957,-0.005322242,0.013855285,-0.005433818,4,0.008221138,0.986652694,0.003871886,1.316756704,-0.000810539
2011-08-24,-0.000237465,0.00586367,-0.004230776,-0.003851299,0.000777321,-0.002673237,4,0.002247544,0.98677111,0.004246337,1.311764651,0.013855285
2011-08-25,0.000477529,-0.001807384,-0.003979944,0.000141256,-0.010868355,0.001625153,0,0.005245931,0.987266931,0.003488486,1.314656754,0.000777321
2011-08-26,-0.00299815,-0.004068836,0.009575108,0.01093774,0.010420954,0.013374666,4,0.00675859,0.987143553,0.002276327,1.322414153,-0.010868355
2011-08-29,-0.005566888,-0.012792216,0.004745561,0.014430906,0.018518899,0.032704105,4,0.010298207,0.986973283,0.001948216,1.341031116,0.010420954
2011-08-30,-0.000551988,-0.008876962,0.003105096,0.009215045,0.002377867,0.021226687,4,0.001781566,0.986541567,-0.000111127,1.343954864,0.018518899
2011-08-31,-0.000285642,-0.008925139,-0.0036104,0.009835421,-0.006655772,0.013793593,3,0.0031401,0.986386851,-0.000384259,1.341911044,0.002377867
2011-09-01,0.001559415,-0.007843253,-0.001098372,0.012716993,-0.01297997,0.011681978,0,0.006656749,0.984604546,-0.002662385,1.363773136,-0.006655772
2011-09-02,0.003321197,-0.001523906,-0.000540562,0.002601323,-0.011113858,-0.009852835,0,0.006257788,0.98869043,0.001546877,1.359870398,-0.01297997
2011-09-06,-0.0015585,0.002484482,0.004840018,0.00269578,0.003813676,-0.024558058,0,0.003044852,0.983892985,-0.003080298,1.362848552,-0.011113858
2011-09-07,-0.003807157,-0.000770688,0.00166615,0.001256833,0.012902961,-0.014032964,4,0.00718336,0.98236434,-0.004177227,1.351932879,0.003813676
2011-09-08,0.000184667,-0.000300379,0.002870608,0.007737842,-0.010052574,-0.017429766,0,0.005688825,0.983527642,-0.002859209,1.40244042,0.012902961
2011-09-09,-0.000183708,-0.002043503,0.002593331,0.011429546,-0.003557349,-0.008007145,0,0.002522203,0.980156895,-0.004447651,1.42659706,-0.010052574
2011-09-12,-0.000684852,-0.006049551,0.003979218,0.015949325,0.001627446,0.00473416,4,0.0020733,0.982689132,-0.006001298,1.428305808,-0.003557349
2011-09-13,-0.005043032,-0.009534083,0.005665144,0.016774451,0.008391613,0.009312097,4,0.005989808,0.981552668,-0.002340318,1.437788706,0.001627446
2011-09-14,-0.00078426,-0.006511187,0.002439178,0.017547478,0.00434888,0.000758016,4,0.002342792,0.982655861,0.000291521,1.427046132,0.008391613
2011-09-15,-0.000598881,-0.007294735,-0.003711679,0.010965191,-0.00379337,0.00701722,4,0.002008852,0.981247772,-0.00227987,1.40899103,0.00434888
2011-09-16,0.000927042,-0.006183984,0.000138144,0.008510004,-0.004569903,0.006004667,4,0.002496113,0.975092623,-0.005064272,1.438933627,-0.00379337
2011-09-19,0.000415732,-0.0050834,0.006229273,0.010760059,-0.007205132,-0.002827911,0,0.005501883,0.974355329,-0.008333803,1.461826807,-0.004569903
2011-09-20,0.002333189,0.002292821,-0.007021037,-0.001926122,-0.015979423,-0.027198947,1,0.008231983,0.969398454,-0.012154213,1.485511468,-0.007205132
2011-09-21,0.004638697,0.007715778,0.009531669,0.00516637,-0.007632866,-0.039180693,0,0.007301738,0.965531315,-0.017124546,1.443487753,-0.015979423
2011-09-22,-0.003377532,0.004937128,-0.000649144,0.008228904,4.48E-05,-0.035342482,0,0.0016194,0.964103669,-0.017144104,1.386197373,-0.007632866
2011-09-23,-0.002562088,0.001447998,0.005096931,0.013187691,0.007842581,-0.022929998,4,0.004730269,0.963074085,-0.012018538,1.38490784,4.48E-05
2011-09-26,0.001904684,0.00293695,-0.009683623,-0.002725204,-0.003052934,-0.0187778,4,0.00507899,0.958128196,-0.016227133,1.335524537,0.007842581
2011-09-27,0.002575906,0.003179668,0.001273291,0.005569124,0.011080352,0.008281975,4,0.005010253,0.95588051,-0.013517944,1.299171657,-0.003052934
2011-09-28,0.004711702,0.003252672,-0.001024205,-0.00498675,-0.021524248,-0.005609407,0,0.011647674,0.953941427,-0.011589888,1.348096174,0.011080352
2011-09-29,0.004829214,0.011459417,-0.012433596,-0.016771202,0.008393277,0.002739028,3,0.009095917,0.943911952,-0.020191717,1.368691106,-0.021524248
2011-09-30,0.003484396,0.017505902,-0.00140883,-0.023276963,-0.003234892,-0.008338445,0,0.002843374,0.946351082,-0.016723003,1.333517357,0.008393277
2011-10-03,0.004931457,0.020532675,-0.00463394,-0.01822728,-0.026460972,-0.031746482,0,0.013842496,0.943910936,-0.01421726,1.40002255,-0.003234892
2011-10-04,-0.007944422,0.010012347,0.006868457,-0.012632113,0.040016054,-0.002810781,4,0.021075194,0.935304313,-0.020576197,1.548561562,-0.026460972
2011-10-05,-0.005638961,-0.000338316,0.005185645,-0.006422263,-0.003213736,0.015499731,4,0.004678144,0.925767142,-0.028174285,1.530503812,0.040016054
2011-10-06,-0.001514701,-0.006682232,0.000508227,0.00651956,0.005423076,0.01252953,4,0.003004762,0.928919416,-0.014992536,1.514001923,-0.003213736
2011-10-07,0.00637826,-0.003788368,-0.002821765,0.005106625,-0.018255609,-0.002491187,0,0.010454597,0.921392211,-0.024958872,1.576553284,0.005423076
2011-10-10,-0.004262177,-0.012982002,0.000815658,0.010556223,0.009236341,0.033206126,4,0.005649806,0.930537061,-0.013373875,1.542974197,-0.018255609
2011-10-11,-0.002021341,-0.007058921,0.006051514,0.009739279,0.005380953,-0.001428975,3,0.003979907,0.930503286,-0.004801027,1.537783086,0.009236341
2011-10-12,-0.000804399,-0.002224358,-0.001381171,0.003172462,0.006678319,0.00846308,4,0.003746484,0.929710287,0.003943145,1.543847072,0.005380953
2011-10-13,-0.000563212,-0.001272869,0.008915,0.011579235,0.000748259,0.003788263,1,0.004459133,0.927380747,-0.001538669,1.564243124,0.006678319
2011-10-14,-0.002841297,-0.010492426,0.000776079,0.01517708,0.002099643,0.024143515,4,0.002088339,0.929736047,0.008343836,1.553444595,0.000748259
2011-10-17,-0.001923026,-0.008153276,-0.000479529,0.013881892,-0.014503348,0.000403826,0,0.006899823,0.934019071,0.00348201,1.559955518,0.002099643
2011-10-18,-0.004538539,-0.010670474,-0.004087059,0.00374332,0.009461433,0.004484307,4,0.006497344,0.939423543,0.008920256,1.544310514,-0.014503348
2011-10-19,0.00645385,-0.003412225,-0.007565546,-0.002441055,-0.008600227,-0.010794239,0,0.007053916,0.935017132,0.005306845,1.58111368,0.009461433
2011-10-20,-0.001319025,-0.004168038,-0.00662736,-0.017983415,-0.00159589,-0.013138388,3,0.002912321,0.934727146,0.007346399,1.673060135,-0.008600227
2011-10-21,0.004236586,0.002909846,-0.003798329,-0.022557823,0.004080632,-0.0111574,4,0.003826331,0.935337048,0.005601001,1.65685373,-0.00159589
2011-10-24,-0.003952686,0.000880186,0.010437198,-0.011641097,0.019812511,0.023158459,4,0.010711537,0.937026808,0.003007737,1.722139031,0.004080632
2011-10-25,0.002720557,0.008139282,-0.002615753,-0.01016979,-0.010629892,0.003067133,0,0.005760319,0.941174318,0.001750775,1.697016649,0.019812511
2011-10-26,0.003297398,0.00498283,-0.005849245,-0.00845349,0.008258706,0.019926066,4,0.005920323,0.934326095,-0.000691037,1.675128013,-0.010629892
2011-10-27,-0.005513414,0.000788441,-0.001071247,-0.002897377,0.017588349,0.039110306,4,0.010175543,0.949148225,0.01442108,1.655452057,0.008258706
2011-10-28,0.001457071,-0.001991074,-0.000929709,-2.88E-05,-0.006193554,0.028836121,2,0.003332721,0.945717041,0.010379993,1.726944289,0.017588349
2011-10-31,0.0022163,0.004177912,0.005592351,-0.004873603,-0.001503151,0.007520459,0,0.003082532,0.934987816,-0.002038992,1.614651855,-0.006193554
2011-11-01,0.003178847,0.004636202,-0.000936096,-0.003193946,-0.009012621,0.00913773,0,0.005188156,0.957373103,0.016198786,1.452208854,-0.001503151
2011-11-02,-0.000816451,0.000522353,-0.003389806,-0.000734507,0.010795086,0.01167411,4,0.006267325,0.960595562,0.026269467,1.477403092,-0.009012621
2011-11-03,-0.001151114,0.004884653,0.003120686,0.003457427,0.006003201,8.90E-05,4,0.003225466,0.960442085,0.01129386,1.477906918,0.010795086
2011-11-04,0.001203235,0.004630817,0.001909097,0.006296233,-0.00042914,0.005853375,0,0.001076523,0.966253165,0.020536124,1.435287575,0.006003201
2011-11-07,0.000804574,0.003219091,-0.002893949,-0.002190067,-0.007911621,-0.000555095,3,0.003941702,0.959187506,0.024199691,1.466824269,-0.00042914
2011-11-08,-0.003268247,-0.003228003,0.000223494,-0.001030477,0.001661422,0.010118948,4,0.002082731,0.96170068,0.004327577,1.462383146,-0.007911621
2011-11-09,0.004879683,0.002468131,-0.002192568,0.00016676,-0.012023376,-0.012699515,0,0.007103727,0.969234212,0.00863865,1.430899876,0.001661422
2011-11-10,0.000952121,0.004571366,-0.007253054,-0.01020698,0.000579673,-0.018123043,4,0.003901545,0.971199473,0.010757388,1.42924008,-0.012023376
2011-11-11,0.002316426,0.005684557,0.000919045,-0.011197033,0.006774199,-0.010919704,4,0.00300288,0.971946439,0.005693273,1.435914048,0.000579673
2011-11-14,0.003430848,0.008310832,0.001526221,-0.006776863,-0.006309221,-0.009317303,0,0.00422095,0.97091301,0.011725503,1.419055456,0.006774199
2011-11-15,-0.003384329,0.00819475,0.006041487,-0.00095887,0.009002493,-0.001976232,4,0.005627648,0.966910302,0.005209622,1.422707702,-0.006309221
2011-11-16,0.000875763,0.004190829,-0.000740519,0.000493179,-0.00119522,0.008851924,0,0.000906089,0.970015778,0.000781566,1.400932224,0.009002493
2011-11-17,0.005550629,0.008789337,-0.002807039,0.004939195,0.001603549,0.0098758,0,0.00348979,0.970561841,-0.000637632,1.386996511,-0.00119522
2011-11-18,0.002552843,0.009025754,-0.005608564,-0.001588414,0.001326472,0.004428074,2,0.003604855,0.970639395,-0.001307044,1.399557189,0.001603549
2011-11-21,-0.002497025,0.003097881,-0.000549503,-0.003664138,-0.005829758,0.004907536,0,0.002634771,0.976985566,0.006072556,1.360124036,0.001326472
2011-11-22,-0.000502258,0.005979952,0.003412045,-0.00629358,-0.003918372,-0.008013329,0,0.002999647,0.974698808,0.007788505,1.348203672,-0.005829758
2011-11-23,0.001581192,0.006685382,-0.002229849,-0.007782909,-0.009645723,-0.016463831,0,0.004967186,0.978219186,0.008203408,1.348823587,-0.003918372
2011-11-25,0.000385843,0.001520596,-0.004888078,-0.009863948,-0.009515514,-0.027582894,0,0.00467129,0.972381144,0.001819303,1.308699752,-0.009645723
2011-11-28,-0.003210914,-0.004243162,0.005729618,0.001474233,0.01772494,-0.011184426,4,0.009217026,0.976916372,0.006276977,1.361076356,-0.009515514
2011-11-29,0.000615661,-0.001130476,-0.006903038,-0.004879302,-0.004793775,-0.010148443,2,0.003665755,0.976080401,-0.000905164,1.38170052,0.01772494
2011-11-30,-0.000870129,-0.001498347,-0.001574895,-0.009866241,0.015260853,0.009030782,4,0.008063698,0.979326927,0.00462812,1.382252862,-0.004793775
2011-12-01,-0.000221146,-0.003300685,0.004144272,-0.003492121,-0.007175711,0.011500794,1,0.004692899,0.97771009,-0.000509096,1.373986967,0.015260853
2011-12-02,0.000190236,-0.003496291,0.000518937,0.001914894,0.006067348,0.027083655,2,0.002923348,0.975848769,0.003467625,1.378179592,-0.007175711
2011-12-05,-0.003732028,-0.004017405,0.000680569,-0.003134155,0.005973185,0.0153319,4,0.003997333,0.975535975,-0.001380397,1.384029751,0.006067348
2011-12-06,0.003208618,-0.001424449,-0.003442397,0.000326486,-0.001439852,0.018685822,2,0.002799895,0.976740273,0.000659872,1.388041953,0.005973185
2011-12-07,0.001782196,0.001227876,-0.002148464,-0.000247083,-0.002873721,0.000551248,2,0.002115499,0.976275312,-0.003051615,1.39291094,-0.001439852
2011-12-08,0.004945104,0.006394126,0.001225153,-0.003166201,-0.010578257,-0.002851298,0,0.006658252,0.971454277,-0.006255813,1.420171743,-0.002873721
2011-12-09,-0.001312458,0.004891431,0.002509756,-0.001175383,0.014212093,0.005293448,4,0.0070862,0.973954512,-0.001894257,1.448265431,-0.010578257
2011-12-12,0.001568985,0.010192444,0.001871847,1.59E-05,-0.00154428,-0.002224017,0,0.001575976,0.973101578,-0.002434397,1.445694196,0.014212093
2011-12-13,0.003181037,0.010164864,-0.003985377,-0.000527085,-0.012073272,-0.012857437,0,0.006590597,0.971588943,-0.00515133,1.458866787,-0.00154428
2011-12-14,0.000356058,0.008738726,-0.004200756,-0.002579376,-0.002046245,-0.012029961,0,0.002104316,0.974796468,-0.001478845,1.443902086,-0.012073272
2011-12-15,0.000588637,0.004382259,-0.002568623,-0.006373153,0.007362663,0.005910959,4,0.004239097,0.973867173,0.002412896,1.466604041,-0.002046245
2011-12-16,-0.003414899,0.002279819,0.002408772,-0.006474137,0.005189236,-0.003111899,3,0.003652273,0.973390801,-0.000563711,1.495818652,0.007362663
2011-12-19,0.003328288,0.004039121,-0.000875091,-0.009221075,-0.007057435,-0.008625054,0,0.00433401,0.975524333,0.002422754,1.498526672,0.005189236
2011-12-20,-0.001124107,-0.000266023,0.002051614,-0.003184084,0.011617809,0.015066028,4,0.00580517,0.978922837,0.007333893,1.497479354,-0.007057435
2011-12-21,-0.001603954,-0.002226035,-0.011890377,-0.010873705,0.001068674,0.018180947,3,0.005958091,0.975616892,0.000820424,1.495635789,0.011617809
2011-12-22,-0.003131335,-0.005946007,6.60E-05,-0.00823905,-0.001421142,0.009397142,4,0.001505237,0.971787195,-0.002079978,1.502128752,0.001068674
2011-12-23,0.001171678,-0.00135943,-0.001639288,-0.01228711,-0.005686828,-0.001478922,4,0.002996155,0.970054676,-0.003336125,1.48396707,-0.001421142
2011-12-27,-0.000294712,-0.00498243,0.002422902,-0.008989117,0.004363028,0.009941541,3,0.0021954,0.965363741,-0.010160592,1.451884465,-0.005686828
2011-12-28,0.001106,-0.002752322,-0.000950413,-0.011991143,-0.009105637,-0.010781906,0,0.004655223,0.968900901,-0.010021936,1.459950218,0.004363028
2011-12-29,0.000449654,-0.000698714,-0.001518176,-0.001618943,0.002550971,-0.009299609,4,0.001679791,0.954173216,-0.021443677,1.508213567,-0.009105637
2011-12-30,-0.001370255,0.001062365,0.001008646,-0.000676329,-0.001164141,-0.009042608,0,0.001105775,0.957781659,-0.014005536,1.496414918,0.002550971
2012-01-03,-0.000744559,-0.000853872,0.001230792,0.002193751,-0.000139484,-0.003495263,4,0.000828375,0.959559696,-0.010494979,1.463849814,-0.001164141
2012-01-04,0.001507791,0.000948631,-0.000323779,-0.000552929,-0.006856554,-0.014714845,2,0.003712419,0.958257594,-0.007106147,1.462408552,-0.000139484
2012-01-05,-0.003158424,-0.003315793,0.005146063,0.005543546,0.003742479,-0.001866728,3,0.003753007,0.95552508,-0.01337582,1.466289306,-0.006856554
2012-01-06,-0.001962658,-0.005728105,0.004171846,0.011233569,-0.000895179,-0.005312879,1,0.002684897,0.953939271,-0.000233944,1.46537642,0.003742479
2012-01-09,0.0003888,-0.003969051,-0.001384373,0.00884055,0.002796764,-0.001351974,4,0.001739585,0.946769493,-0.011012166,1.467605254,-0.000895179
2012-01-10,-0.003231635,-0.006456126,0.000798337,0.008408095,0.005960157,0.004747667,4,0.00380765,0.942068277,-0.017491419,1.419321713,0.002796764
2012-01-11,-0.001354795,-0.009318712,0.002742222,0.011474096,0.002941115,0.014545335,3,0.002107236,0.936165168,-0.022092426,1.461765182,0.005960157
2012-01-12,-0.000602829,-0.006763116,0.002795388,0.009123421,0.001893134,0.01269599,4,0.001590422,0.936677811,-0.018847269,1.404826159,0.002941115
2012-01-13,0.001026579,-0.003773879,-0.0002023,0.004749274,-0.003236908,0.010354261,0,0.001836407,0.932676421,-0.02126285,1.432922399,0.001893134
2012-01-17,0.001272692,-0.002889987,0.002855628,0.008989275,-0.001807766,0.005749731,4,0.001974515,0.936141331,-0.010628162,1.422984046,-0.003236908
2012-01-18,-0.003315131,-0.002973483,0.004097825,0.012288762,0.006729632,0.006519206,4,0.004433263,0.940117096,-0.001951181,1.434700626,-0.001807766
2012-01-19,-0.001353082,-0.002971771,0.001773769,0.011320309,-0.000943497,0.002634594,4,0.001390317,0.932586497,-0.00357867,1.426611669,0.006729632
2012-01-20,0.006945877,0.004576935,-0.001254032,0.00727089,0.002202514,0.002943975,3,0.003609647,0.861528581,-0.07514923,1.411620638,-0.000943497
2012-01-23,-0.001388297,0.002162059,-0.001379539,0.006093651,-0.002474215,0.003706668,1,0.00101365,0.896084127,-0.036592294,1.418018141,0.002202514
2012-01-24,-0.001579202,-0.000689835,0.001913099,0.005151122,0.007670504,0.013184938,2,0.004040332,0.884049353,-0.052091978,1.434242194,-0.002474215
2012-01-25,-0.002107296,0.000518,0.00265921,0.003712508,0.00058904,0.007044346,4,0.00196075,0.898214907,-0.041902189,1.455932628,0.007670504
2012-01-26,0.003870435,0.005741518,0.001136439,0.003075178,0.002408767,0.01039661,0,0.001665932,0.899615785,-0.032970712,1.419260263,0.00058904
2012-01-27,-0.00424715,-0.005451509,0.00560353,0.00993274,0.009057622,0.017251718,2,0.005898177,0.831254489,-0.030274092,1.304437049,0.002408767
2012-01-30,0.001992783,-0.00207043,0.000887176,0.012199454,-0.005606773,0.01411916,0,0.00338306,0.818710023,-0.077374104,1.384874117,0.009057622
2012-01-31,-0.001188844,-0.001680072,0.001132565,0.011418921,0.001012189,0.007460845,2,0.00107891,0.806075977,-0.077973376,1.382645437,-0.005606773
2012-02-01,-0.002268349,-0.001841125,0.003301432,0.012061143,0.012157917,0.019029722,4,0.006334014,0.778599537,-0.11961537,1.707465177,0.001012189
2012-02-02,-0.001963863,-0.007675423,0.002903359,0.013828063,0.002886896,0.019507851,3,0.002377681,0.789631556,-0.109984229,1.631176999,0.012157917
2012-02-03,-0.002232479,-0.005660753,0.001451096,0.009675629,0.007666596,0.018116825,4,0.004243222,0.845103275,0.013848786,1.576307576,0.002886896
2012-02-06,-0.00090644,-0.008559976,-0.00083986,0.007948593,-0.002878267,0.020845332,0,0.00121994,0.846905291,0.028195268,1.598815646,0.007666596
2012-02-07,0.000549895,-0.006821236,-0.001301371,0.005514657,-0.003229257,0.016603886,3,0.001679533,0.844672077,0.0385961,1.619030482,-0.002878267
2012-02-08,-0.00171149,-0.006264377,0.001890286,0.004103511,-0.000925795,0.003520174,4,0.001551341,0.836716029,0.058116492,1.625213583,-0.003229257
2012-02-09,-0.000967891,-0.005268405,0.002418713,0.003618865,-0.005585848,-0.004952569,3,0.003352316,0.831797571,0.042166015,1.667492318,-0.000925795
2012-02-10,-3.61E-05,-0.003072006,-0.001098721,0.001069048,-0.007324178,-0.019943344,0,0.003510152,0.858068625,0.012965349,1.708009821,-0.005585848
2012-02-13,-0.001105436,-0.003271003,0.00265192,0.004560827,0.007239078,-0.009825999,4,0.003713148,0.853208927,0.006303636,1.741498197,-0.007324178
2012-02-14,0.001269274,-0.002551624,0.001090116,0.006952315,-0.00411635,-0.010713092,2,0.002514758,0.857672376,0.013000299,1.764591735,0.007239078
2012-02-15,-0.002188649,-0.003028783,-7.45E-05,0.004987488,-0.00276322,-0.012550517,0,0.001427694,0.854512754,0.017796726,1.769118629,-0.00411635
2012-02-16,-0.001377616,-0.003438507,0.004018718,0.006587494,0.008476396,0.001511726,4,0.004434618,0.876269232,0.044471661,1.786756999,-0.00276322
2012-02-17,0.001196036,-0.002206391,-0.005076412,0.002609802,-0.003889645,0.00494626,2,0.00301311,0.887572389,0.029503764,1.796354774,0.008476396
2012-02-21,0.000501249,-0.000599706,-0.001807722,-0.001849839,-0.007354529,-0.009647347,2,0.003598841,0.88009991,0.026890984,1.826261666,-0.003889645
2012-02-22,0.001259522,-0.000609457,-0.00189091,-0.004830866,-0.00482659,-0.010357587,0,0.002646414,0.892960511,0.035288134,1.83762805,-0.007354529
2012-02-23,-0.000712395,0.000866797,0.003821845,-0.000934481,0.01120772,0.003613353,4,0.00546143,0.887654915,0.03314216,1.962284765,-0.00482659
2012-02-24,-0.001804872,0.00043954,0.000616047,-0.004337153,-0.004460442,-0.009323485,2,0.002276991,0.890509425,0.014240193,2.057047379,0.01120772
2012-02-27,-0.001464597,-0.002221093,-0.000540844,0.000198416,-0.001668124,-0.007101964,2,0.000784522,0.926381339,0.038808951,2.06772927,-0.004460442
2012-02-28,-0.001533598,-0.004255939,0.00357032,0.005576458,-0.0068164,-0.006563835,3,0.004314745,0.916828735,0.036728825,2.073264228,-0.001668124
2012-02-29,0.000660753,-0.004854708,-0.001926718,0.005540649,-0.010985453,-0.012722698,0,0.005394587,0.924720248,0.031759737,2.127942829,-0.0068164
2012-03-01,-0.003961993,-0.008104307,0.00127545,0.002994255,-0.000875249,-0.024805667,4,0.002229995,0.918130645,0.030475731,2.007623443,-0.010985453
2012-03-02,0.003040733,-0.003258701,-0.001033862,0.001344346,-0.012574804,-0.032920029,0,0.006843983,0.916233998,0.025724573,2.067233441,-0.000875249
2012-03-05,0.002739149,0.000945044,-0.004798876,-0.002913687,0.005408942,-0.025842964,1,0.004358306,0.858177706,-0.068203634,2.137233516,-0.012574804
2012-03-06,-0.000346257,0.002132385,0.001784708,-0.004699299,-0.005331741,-0.024358305,0,0.003051945,0.876086731,-0.040742004,1.819832132,0.005408942
2012-03-07,-0.000768275,0.000703357,0.001802513,-0.000970067,0.004316829,-0.009056023,4,0.002259486,0.88671164,-0.038008608,1.835736706,-0.005331741
2012-03-08,-0.004284729,0.000380622,0.001990782,-0.000254735,0.003199089,-0.004981686,4,0.003283873,0.894229664,-0.023900982,1.806660111,0.004316829
2012-03-09,-0.002534536,-0.005194647,0.002390075,0.003169202,0.009508899,0.017102017,4,0.005184345,0.891150058,-0.02508394,1.86363845,0.003199089
2012-03-12,0.002752067,-0.00518173,-0.001727821,0.006240257,-0.003483002,0.008210074,2,0.002657014,0.875456528,0.017278822,1.871836018,0.009508899
2012-03-13,-0.001289979,-0.006125451,0.000698164,0.005153713,0.002620834,0.016162649,4,0.001632076,0.893156834,0.017070103,1.68267432,-0.003483002
2012-03-14,0.002442243,-0.002914933,0.001476587,0.004827787,-0.008267391,0.003578429,2,0.00489105,0.888578267,0.001866627,1.70201646,0.002620834
2012-03-15,-0.001513381,-0.000143586,-0.000819102,0.002017903,0.003791613,0.004170953,4,0.002366806,0.887406048,-0.006823616,1.737329909,-0.008267391
2012-03-16,-0.002639585,-0.000248635,-0.00148205,-0.001854221,-0.002659455,-0.0079974,1,0.001257085,0.873714734,-0.017435324,1.699906565,0.003791613
2012-03-19,-0.003474144,-0.006474846,0.003553346,0.003426946,0.005135116,0.000620717,4,0.003841357,0.875325611,-0.000130916,1.721053737,-0.002659455
2012-03-20,-0.002215826,-0.007400693,0.001649421,0.004378203,-0.007228987,-0.009229104,0,0.003859909,0.87974779,-0.013409044,1.721791339,0.005135116
2012-03-21,-0.00159316,-0.011436097,0.002253525,0.00515514,0.002692633,0.00173092,2,0.002004674,0.874486527,-0.01409174,1.708105096,-0.007228987
2012-03-22,0.001235047,-0.008687668,0.003322969,0.009297211,-0.003037755,-0.005098449,0,0.002659425,0.882588732,-0.004817316,1.604247464,0.002692633
2012-03-23,-0.000456123,-0.006504206,-0.001603571,0.009175689,0.007298943,0.004859949,4,0.004049347,0.877250773,0.003536039,1.636007108,-0.003037755
2012-03-26,-0.001564845,-0.004594907,0.003866321,0.009488664,0.005420838,0.005145672,4,0.003259556,0.89437522,0.019049609,1.617312796,0.007298943
2012-03-27,-0.000500015,-0.002879096,0.002109553,0.009948796,-0.004474209,0.00790045,0,0.002748769,0.902234433,0.022486643,1.61906844,0.005420838
2012-03-28,-0.00048013,-0.001766066,9.37E-06,0.007704644,-0.00165146,0.003556357,0,0.000781448,0.904136062,0.029649535,1.551862697,-0.004474209
2012-03-29,0.003102093,0.00010098,-0.001487346,0.00289433,-0.001066822,0.005527289,1,0.002073502,0.901261737,0.018673005,1.56292468,-0.00165146
2012-03-30,0.001333063,0.001890166,-0.00491679,-0.000418889,-0.006001341,-0.007772995,2,0.003605532,0.901803405,0.024552632,1.486302068,-0.001066822
2012-04-02,-0.003514607,-5.96E-05,0.001581127,-0.002704082,0.004887924,-0.008305909,4,0.003491038,0.917296248,0.022921027,1.518121015,-0.006001341
2012-04-03,-0.000911222,-0.000470803,0.002029784,-0.002783852,-0.002962844,-0.006794543,0,0.002071911,0.894252902,-0.007981531,1.590887199,0.004887924
2012-04-04,0.000755093,0.00076442,-0.004459826,-0.007253051,-0.00716958,-0.012312663,0,0.003755015,0.907232077,0.003096015,1.582707764,-0.002962844
2012-04-05,-0.000488833,-0.002826505,0.004665915,-0.00109979,-0.002056061,-0.013301902,1,0.002893235,0.900240925,-0.001020812,1.596715466,-0.00716958
2012-04-09,0.001377092,-0.002782476,0.000515297,0.004332297,-0.006731485,-0.014032047,0,0.003724719,0.921207596,0.019404191,1.530527974,-0.002056061
2012-04-10,0.000566068,0.001298198,-0.001273434,0.001477736,-0.007098044,-0.026018015,0,0.003516304,0.942214343,0.024918096,1.486928742,-0.006731485
2012-04-11,-0.000410655,0.001798766,0.000981335,0.000429286,0.008318502,-0.014736669,4,0.004105879,0.932204821,0.03795192,1.624136568,-0.007098044
2012-04-12,0.000365059,0.001408732,-0.000809636,0.004079477,0.001266557,-0.006300532,4,0.000861013,0.94419578,0.036963703,1.537932057,0.008318502
2012-04-13,0.001948837,0.003846401,-0.00202429,-0.002610729,-0.002775143,-0.007019613,0,0.002126473,0.946426718,0.046185793,1.496541865,0.001266557
2012-04-16,0.006077473,0.008546781,-0.007140046,-0.010266072,0.002749178,0.00246105,2,0.005620283,0.92504812,0.003840524,1.504041749,-0.002775143
2012-04-17,-0.000455827,0.007524886,0.002678666,-0.006313971,0.000234886,0.00979398,4,0.001405714,0.937040094,-0.00517425,1.423543704,0.002749178
2012-04-18,-0.002268836,0.005666705,0.000319831,-0.006975475,-0.004995046,-0.003519568,0,0.002459365,0.939564731,0.007359909,1.416503503,0.000234886
2012-04-19,0.000670624,0.005972271,-0.001959823,-0.008125662,0.000434738,-0.004351387,0,0.001196817,0.942050266,-0.002145514,1.406891156,-0.004995046
2012-04-20,0.003845028,0.007868462,-0.00353546,-0.009636832,0.005257046,0.003680802,3,0.003965411,0.937147348,-0.00927937,1.421199511,0.000434738
2012-04-23,0.000576826,0.002367815,-0.001605708,-0.004102494,-0.006846379,-0.005914755,0,0.003380286,0.943089291,0.018041171,1.410138579,0.005257046
2012-04-24,0.002065006,0.004888648,-0.006656764,-0.013437924,0.004126268,-0.002023372,3,0.004674351,0.926525576,-0.010514518,1.419618718,-0.006846379
2012-04-25,-0.006718099,0.000439384,0.009158422,-0.004599332,0.003924527,0.006896201,4,0.006690382,0.92123727,-0.018327461,1.404924509,0.004126268
2012-04-26,0.002005264,0.001774024,0.000243193,-0.002396317,0.000959641,0.007421103,4,0.00089966,0.922806071,-0.019244195,1.402906963,0.003924527
2012-04-27,-0.000618994,-0.002689998,0.003663906,0.004803049,0.006275773,0.008439829,4,0.003239027,0.921468812,-0.015678536,1.419487452,0.000959641
2012-04-30,0.002780729,-0.000486095,-0.003578393,0.002830364,-0.006569612,0.008716596,0,0.004087703,0.924641802,-0.018447489,1.440310543,0.006275773
2012-05-01,-0.000683338,-0.003234438,-0.004304083,0.005183045,-0.006855087,-0.002264759,3,0.003210558,0.920770574,-0.005755002,1.411902113,-0.006569612
2012-05-02,0.001689948,0.005173609,0.005579909,0.001604532,0.00581578,-0.000373506,2,0.002887105,0.917732544,-0.003504726,1.412968127,-0.006855087
2012-05-03,0.003006182,0.006174528,-0.0039979,-0.002636561,-0.007091665,-0.008424812,0,0.004433839,0.912734764,-0.010071307,1.41485177,0.00581578
2012-05-04,0.003451903,0.010245424,-0.006448634,-0.0127491,-0.002177137,-0.016877722,0,0.004145207,0.925037009,0.003568197,1.37597056,-0.007091665
2012-05-07,-0.002634045,0.004830651,0.000129662,-0.009041045,0.00213423,-0.008173879,3,0.00195582,0.920067992,-0.00457381,1.362060084,-0.002177137
2012-05-08,-0.001605657,0.003908332,0.000395595,-0.004341367,0.003342596,0.002023804,0,0.002063222,0.903113818,-0.017656757,1.340999801,0.00213423
2012-05-09,-0.000806524,0.001411859,0.002793485,-0.007127792,0.00149085,-0.002301126,0,0.001597173,0.898235592,-0.019496951,1.288279764,0.003342596
2012-05-10,-0.000958748,-0.002553071,-0.002878939,-0.00600883,0.001066538,0.005857077,3,0.001675826,0.885825282,-0.026909482,1.321041417,0.00149085
2012-05-11,0.000710358,-0.005294616,0.003454507,0.00389431,0.001256295,0.009290509,1,0.001491002,0.871143322,-0.053893687,1.326908901,0.001066538
2012-05-14,0.001357605,-0.001302966,0.000469745,0.004234393,-0.002986941,0.004169338,0,0.001884092,0.896337132,-0.02373086,1.321413774,0.001256295
2012-05-15,0.000759931,0.001062623,0.002719083,0.006557881,0.003719078,0.00454582,0,0.00171749,0.869599267,-0.033514551,1.39607123,-0.002986941
2012-05-16,0.001761979,0.003631126,-0.002424435,0.001339961,-0.002362993,0.000691977,0,0.002023022,0.87253936,-0.025696232,1.384148643,0.003719078
2012-05-17,0.002701332,0.007291206,-0.006056153,-0.001837254,-0.00813125,-0.008505811,0,0.005069811,0.892322345,0.006497063,1.431871682,-0.002362993
2012-05-18,0.001522009,0.008102857,-0.005065971,-0.010357732,-0.002068459,-0.011830565,0,0.002850981,0.901005383,0.029862061,1.410639818,-0.00813125
2012-05-21,-0.005045721,0.001699531,0.008415274,-0.002412203,0.00715017,-0.001693454,4,0.006317566,0.921885234,0.025548102,1.384324489,-0.002068459
2012-05-22,-0.000619852,0.000319748,-0.003345689,-0.008476974,-0.007059894,-0.012472426,1,0.0032161,0.928350921,0.058751655,1.376490867,0.00715017
2012-05-23,-0.002225027,-0.003667259,0.002188786,-0.003863754,0.005574259,-0.004535173,3,0.003323978,0.919408948,0.046869587,1.422559317,-0.007059894
2012-05-24,0.001306108,-0.005062482,-0.005154543,-0.002962143,0.000448939,0.004045015,3,0.002920481,0.913870144,0.021547799,1.441298645,0.005574259
2012-05-25,-0.00382933,-0.010413822,0.001516269,0.003620097,0.001959192,0.008072667,0,0.002631221,0.903214125,0.002208742,1.413767482,0.000448939
2012-05-29,-0.000963428,-0.006331529,0.000704894,-0.004090283,0.00291092,0.003833417,4,0.001647193,0.922254333,0.000369098,1.370477585,0.001959192
2012-05-30,0.001572329,-0.004139348,0.002655795,0.001911201,-0.00526103,0.005632281,0,0.003508902,0.933599527,0.005248605,1.418205206,0.00291092
2012-05-31,0.000150551,-0.001763769,-0.001258448,-0.001536033,0.002043022,0.002101044,0,0.001361578,0.935381584,0.015972636,1.407686575,-0.00526103
2012-06-01,0.002522185,-0.000547693,-0.003700955,-8.24E-05,-0.007601437,-0.005949332,0,0.004418421,0.955090353,0.041220209,1.373779227,0.002043022
2012-06-04,-0.001522458,0.00175918,0.004440637,0.002841923,-0.000353662,-0.008262187,2,0.002615214,0.951819849,0.048605724,1.389963152,-0.007601437
2012-06-05,-0.003523896,-0.000801288,0.000826058,0.002963087,0.006222287,-0.004950819,4,0.004029542,0.952715549,0.030461217,1.405226914,-0.000353662
2012-06-06,0.000588009,-0.001785608,0.000905979,0.001213272,0.002463961,0.002774171,4,0.001052191,0.958955818,0.025356291,1.324715766,0.006222287
2012-06-07,0.003818517,0.001882358,-0.004721086,-0.002249367,-0.006225802,-0.005494653,1,0.004579917,0.95240707,0.017025486,1.333191496,0.002463961
2012-06-08,-0.000626688,-0.001266516,0.001550499,0.003002087,0.003490859,0.005597642,4,0.001835806,0.954938597,-0.000151755,1.335809223,-0.006225802
2012-06-11,0.001246883,0.001502825,-0.004480187,-0.005918738,-0.011218612,-0.005267308,0,0.005635293,0.956777691,0.004957842,1.375868897,0.003490859
2012-06-12,0.001430133,0.006456853,0.000212702,-0.006532094,0.002327236,-0.009162359,4,0.001090288,0.957237043,0.004521493,1.373414695,-0.011218612
2012-06-13,0.000871755,0.006740599,-0.001592554,-0.009030627,-0.005040054,-0.016666374,0,0.002607775,0.959811831,0.000856014,1.385959838,0.002327236
2012-06-14,0.001612619,0.004534701,-0.004489496,-0.008799037,0.002394571,-0.008046001,4,0.003078524,0.957963989,0.005556919,1.382431029,-0.005040054
2012-06-15,-0.001215924,0.003945465,0.002491445,-0.007858091,0.001425911,-0.010110948,4,0.001622196,0.955678775,0.000740177,1.366295946,0.002394571
2012-06-18,-0.003431209,-0.000732626,0.006368236,0.002990333,0.000123835,0.001231499,3,0.004082513,0.950083624,-0.006694067,1.371818685,0.001425911
2012-06-19,-0.002300017,-0.004462776,0.002053556,0.004831187,0.008064992,0.006969255,4,0.004444806,0.951727063,-0.00550998,1.381599581,0.000123835
2012-06-20,0.000679241,-0.00465529,0.001923247,0.008346988,-0.001343149,0.01066616,1,0.001362328,0.953414559,-0.006397272,1.371373138,0.008064992
2012-06-21,0.002761426,-0.003506483,-0.002139347,0.010697137,-0.002305961,0.005965628,0,0.002367197,0.962547569,0.004583579,1.315620371,-0.001343149
2012-06-22,-0.001817889,-0.004108448,0.004441083,0.012646775,0.006266827,0.010806544,4,0.003765764,0.964157818,0.008479043,1.328213508,-0.002305961
2012-06-25,0.005096819,0.00441958,-0.003558999,0.00271954,-0.001170577,0.009512132,0,0.003650597,0.96705885,0.016975227,1.308948378,0.006266827
2012-06-26,-0.002204404,0.004515194,0.001530201,0.002196184,-0.000674711,0.000772429,4,0.001549328,0.965362145,0.013635082,1.307380803,-0.001170577
2012-06-27,-0.001605028,0.002230924,-0.001523348,-0.00125041,0.005614954,0.007730532,4,0.003409724,0.964140283,0.010725724,1.313872255,-0.000674711
2012-06-28,0.000150021,-0.00038048,-0.00691194,-0.006023004,0.001661067,0.011697559,0,0.003831966,0.96139413,-0.001153438,1.314171405,0.005614954
2012-06-29,-0.002808242,-0.001370834,0.004969684,-0.005494402,0.004096862,0.009527594,4,0.00363211,0.957295423,-0.006862395,1.288745278,0.001661067
2012-07-02,-0.003131997,-0.00959965,0.003041228,0.001105825,0.009309077,0.020007249,3,0.005306383,0.953134406,-0.013924444,1.296314268,0.004096862
2012-07-03,-0.000613658,-0.008008904,0.002172227,0.001747852,0.006760594,0.027442554,4,0.00334159,0.955030322,-0.010331822,1.298071098,0.009309077
2012-07-05,0.001061069,-0.005342807,0.004711495,0.007982694,0.003402137,0.025229738,1,0.002149016,0.949737633,-0.014402651,1.326440703,0.006760594
2012-07-06,-0.000199662,-0.00569249,-0.003642027,0.011252607,-0.003190691,0.02037798,0,0.00192537,0.959977854,-0.001416276,1.317754168,0.003402137
2012-07-09,-0.001196474,-0.004080721,-0.000254513,0.00602841,-0.001263193,0.015017925,0,0.000645572,0.959154352,0.001858929,1.320552244,-0.003190691
2012-07-10,0.001607554,0.000658829,-0.001933331,0.00105385,-0.003878756,0.001830092,0,0.002376778,0.959695747,0.006561341,1.26769856,-0.001263193
2012-07-11,-0.003832616,-0.002560128,-0.004941677,-0.006060054,-0.00365135,-0.008581852,0,0.002148047,0.958773561,0.003743238,1.283532915,-0.003878756
2012-07-12,0.002516374,-0.001104823,-0.002574113,-0.013345662,0.001661752,-0.010322238,0,0.002241756,0.958041465,0.008303833,1.25945177,-0.00365135
2012-07-13,-0.000282143,-0.001187304,-0.001719201,-0.011422836,-0.00206612,-0.009197666,4,0.001027625,0.959956695,-2.12E-05,1.223473279,0.001661752
2012-07-16,-0.001594497,-0.001585327,-0.001655176,-0.012823499,-0.0031035,-0.011037973,0,0.001267943,0.9585126,-0.000641752,1.239631216,-0.00206612
2012-07-17,-0.001246681,-0.004439563,-0.002870503,-0.013760671,-0.003886304,-0.011045521,4,0.001720795,0.961651497,0.00195575,1.227233372,-0.0031035
2012-07-18,0.00136535,0.000758403,0.004468462,-0.004350532,0.000334524,-0.007059647,4,0.002035612,0.960753799,0.001980239,1.195210883,-0.003886304
2012-07-19,-3.20E-05,-0.001789962,0.005173502,0.003397084,-0.006309687,-0.015031086,3,0.004698834,0.953501529,-0.004539937,1.196535303,0.000334524
2012-07-20,0.000736602,-0.000771217,-0.003670818,0.001445467,-0.003227526,-0.016192493,0,0.002231789,0.94481344,-0.015143255,1.231663586,-0.006309687
2012-07-23,0.001032383,0.001855663,-0.003139707,-3.91E-05,-0.007148709,-0.020237702,0,0.003679179,0.947497795,-0.011014805,1.241922756,-0.003227526
2012-07-24,0.00086222,0.003964564,-0.00035979,0.002471649,-0.00533649,-0.021687888,0,0.002799343,0.944632533,-0.017018963,1.290679701,-0.007148709
2012-07-25,0.004957784,0.007556998,-0.002747015,-0.004743828,0.002343757,-0.019678655,2,0.003288007,0.939164745,-0.021589054,1.293833721,-0.00533649
2012-07-26,0.000171156,0.007760145,-0.00283083,-0.012748159,-0.006317777,-0.019686745,4,0.003044588,0.935924792,-0.017576736,1.2014889,0.002343757
2012-07-27,-0.004439506,0.002584037,0.003262567,-0.005814774,0.00511648,-0.011342739,4,0.004189349,0.947206746,0.002393306,1.22773967,-0.006317777
2012-07-30,0.000280759,0.001832413,-0.003666308,-0.006341375,-0.00508474,-0.00927877,0,0.002673248,0.927745995,-0.019751799,1.237784623,0.00511648
2012-07-31,-0.000606806,0.000363388,0.002178447,-0.003803138,-0.001552787,-0.005495067,0,0.001583762,0.941463384,-0.003169149,1.192534784,-0.00508474
2012-08-01,0.000398897,-0.004195499,-0.003686598,-0.004742722,-0.017390839,-0.025229663,0,0.008352463,0.92698683,-0.012177915,1.229965634,-0.001552787
2012-08-02,9.21E-06,-0.004357448,0.003950492,0.0020386,0.004245632,-0.014666254,0,0.002366432,0.924635278,-0.011289515,1.215301578,-0.017390839
2012-08-03,-0.002130224,-0.002048166,0.000919264,-0.000304703,0.006675082,-0.013107652,4,0.003762777,0.934450972,-0.012755774,1.285921815,0.004245632
2012-08-06,-0.000698415,-0.00302734,0.005062097,0.008423702,0.005090562,-0.00293235,4,0.003145407,0.929934903,0.002188908,1.303365297,0.006675082
2012-08-07,-0.001206546,-0.00362708,0.003548046,0.009793301,0.003667458,0.002287895,4,0.002481111,0.924652131,-0.016811253,1.32381757,0.005090562
2012-08-08,-8.62E-05,-0.004112145,-0.002150424,0.011329475,-0.00209432,0.017584414,2,0.001201211,0.926181767,-0.000805063,1.32178388,0.003667458
2012-08-09,-0.001206986,-0.005328339,0.002037488,0.009416471,0.003004929,0.016343712,3,0.001911382,0.925282754,0.000647476,1.340207596,-0.00209432
2012-08-10,0.001056627,-0.002141487,-0.001450819,0.007046388,-0.003868916,0.005799713,3,0.002132786,0.920108116,-0.014342856,1.385817031,0.003004929
2012-08-13,-0.00166804,-0.003111112,0.001802017,0.003786308,-0.001320641,-0.000611489,1,0.001572861,0.918080484,-0.011854419,1.383588396,-0.003868916
2012-08-14,0.00033391,-0.001570657,-0.001706448,-0.001468186,-0.003141749,-0.007420696,1,0.001612384,0.91924679,-0.005405341,1.39809663,-0.001320641
2012-08-15,-0.001697855,-0.003182343,0.003474164,0.004156403,0.008079512,0.002753135,3,0.004318439,0.909265776,-0.016915991,1.422320941,-0.003141749
2012-08-16,-0.000614642,-0.00259,0.003250721,0.005369636,0.003831494,0.0035797,4,0.002248551,0.919249921,-0.006032832,1.430768103,0.008079512
2012-08-17,2.14E-05,-0.003625244,0.002755864,0.009576319,0.006470292,0.013918909,4,0.003059449,0.909131608,-0.010976508,1.465296655,0.003831494
2012-08-20,-0.000247071,-0.002204276,-0.000102387,0.007671914,-0.004109856,0.011129693,0,0.001999256,0.898821335,-0.01925915,1.454830432,0.006470292
2012-08-21,-0.001637724,-0.004175909,0.000590018,0.00996838,0.002094211,0.016365653,0,0.001542961,0.88442887,-0.03481792,1.432448845,-0.004109856
2012-08-22,-0.002563345,-0.005041399,0.001861226,0.008355442,-0.003666339,0.004619803,2,0.002497071,0.896126969,-0.013138807,1.447854063,0.002094211
2012-08-23,-0.000686429,-0.005113186,0.00148843,0.00659315,-1.01E-06,0.000787296,0,0.000917644,0.914011198,-0.005238723,1.540045567,-0.003666339
2012-08-24,0.001234035,-0.003900534,-0.001080512,0.002756774,-0.00248398,-0.008166977,4,0.001581429,0.878672086,-0.030459522,1.624172562,-1.01E-06
2012-08-27,-0.002044844,-0.005698307,0.001596057,0.004455219,0.001983367,-0.002073754,2,0.001832466,0.883131756,-0.015689579,1.603273911,-0.00248398
2012-08-28,-0.000844684,-0.004905267,0.002092977,0.005958178,0.005584849,0.001416885,2,0.002864241,0.874288905,-0.010139964,1.614367631,0.001983367
2012-08-29,-0.000501364,-0.002843286,0.000471315,0.004568267,0.003518435,0.008601658,4,0.001808377,0.905880562,0.009753593,1.350991166,0.005584849
2012-08-30,-0.000342697,-0.002499555,-0.0027609,0.000318938,-0.003476479,0.005126192,0,0.001732201,0.917431681,0.003420483,1.441229721,0.003518435
2012-08-31,0.001848299,-0.00188529,0.000907823,0.002307273,-0.000803108,0.006807065,4,0.00114481,0.848802629,-0.029869457,1.538461943,-0.003476479
2012-09-04,-0.003035906,-0.002876353,0.003804241,0.004515457,0.013466149,0.018289847,2,0.007173354,0.794483733,-0.088648023,1.627035686,-0.000803108
2012-09-05,0.001953088,-7.86E-05,-0.000816446,0.001606033,-3.93E-05,0.012665707,1,0.001180626,0.775312207,-0.098976699,1.640238377,0.013466149
2012-09-06,-0.001662234,-0.001239451,0.001218241,0.00235296,-7.43E-05,0.00907299,4,0.001181172,0.866879703,-0.03900086,1.2683439,-3.93E-05
2012-09-07,-0.002941013,-0.003837766,-0.00384733,0.001266529,0.001100409,0.013649878,4,0.002350479,0.862846237,-0.054585444,1.264804669,-7.43E-05
2012-09-10,0.00222495,-0.003461115,-0.00421714,-0.003858433,0.002717759,0.017170745,0,0.003161712,0.866717054,0.017914424,1.229423281,0.001100409
2012-09-11,0.002067583,0.001642374,-0.002965759,-0.010628434,-9.67E-05,0.003607916,4,0.002068215,0.860548855,0.066065122,1.215177325,0.002717759
2012-09-12,-0.001341031,-0.001651745,0.001054787,-0.008757201,0.00170314,0.005350347,4,0.00133038,0.863993109,0.088680902,1.195157928,-9.67E-05
2012-09-13,-0.000808605,-0.000798116,-0.002934249,-0.012909691,-0.003246248,0.002178381,4,0.001590587,0.885342294,0.018462591,1.07863522,0.00170314
2012-09-14,-6.91E-06,0.002135991,0.004919853,-0.004142508,0.006020957,0.007098929,4,0.003192145,0.879219989,0.016373753,1.085305518,-0.003246248
2012-09-17,0.000162675,7.37E-05,0.00146988,0.001544512,-0.003600528,0.000780642,0,0.002174288,0.881892718,0.015175664,1.100368819,0.006020957
2012-09-18,0.002131701,0.000137834,0.001006898,0.005517169,-0.001015708,-0.000138386,1,0.001349443,0.883431031,0.022882177,1.087215066,-0.003600528
2012-09-19,-0.000203346,0.00127552,0.000330793,0.004793175,-0.002177228,-0.004018755,3,0.001131474,0.880267761,0.016274652,1.100761185,-0.001015708
2012-09-20,0.001937002,0.004021126,-0.001553977,0.006173447,-0.004811714,-0.005584221,1,0.00285284,0.878762616,-0.006579678,1.111942784,-0.002177228
2012-09-21,-0.001209614,0.002818419,0.001333991,0.002587585,0.00476186,-0.006843318,2,0.002578706,0.861751387,-0.017468603,1.115067876,-0.004811714
2012-09-24,0.000720704,0.003376448,-0.003814614,-0.002696909,-0.002157835,-0.005400625,0,0.002068151,0.865729308,-0.01616341,1.145596074,0.00476186
2012-09-25,0.003053034,0.004297781,-0.003156286,-0.006860093,-0.004393701,-0.008778619,0,0.003343258,0.885611665,0.002180634,1.195248096,-0.002157835
2012-09-26,0.002475371,0.006976498,-0.001984144,-0.009175029,-0.000451007,-0.007052398,0,0.001849981,0.895292189,0.015024429,1.190123853,-0.004393701
2012-09-27,-0.004215253,0.000824243,0.004168944,-0.003452108,0.001855111,-0.000385572,4,0.003548331,0.896442544,0.017679928,1.186025846,-0.000451007
2012-09-28,0.000859705,0.002893562,-0.002027702,-0.006813801,-0.002757913,-0.007905346,0,0.001693474,0.889685095,0.027933708,1.178548928,0.001855111
2012-10-01,0.003138585,0.005311443,-0.003514789,-0.006513976,0.000761296,-0.004986215,3,0.002753601,0.884552416,0.018823108,1.184004804,-0.002757913
2012-10-02,-0.003298061,-0.001039653,0.001216788,-0.002140903,-0.000633913,-0.001226426,3,0.001907578,0.922263502,0.036651837,1.137144743,0.000761296
2012-10-03,-0.002709675,-0.006224699,0.001238838,0.001082079,-0.005678229,-0.006453648,3,0.003073655,0.915189589,0.0198974,1.140848701,-0.000633913
2012-10-04,-0.001182784,-0.00319223,-0.002620355,-0.00570722,-0.000174943,-0.008483702,4,0.001202714,0.87737188,-0.019070664,1.193168236,-0.005678229
2012-10-05,0.002881097,-0.001170838,-0.003900687,-0.007580205,-0.001799875,-0.007525664,1,0.002873342,0.876490441,-0.013194653,1.188804522,-0.000174943
2012-10-08,0.00151375,-0.002795673,-0.004167846,-0.008233262,-0.00183092,-0.01011788,0,0.002448523,0.880118683,-0.004433732,1.227661057,-0.001799875
2012-10-09,0.00180033,0.002302718,-0.005383816,-0.014833866,-0.002650516,-0.012134483,0,0.003137738,0.901382459,-0.020881043,1.215156119,-0.00183092
2012-10-10,-0.00338027,0.001632123,0.001878191,-0.014194513,0.004793097,-0.001663157,0,0.003426364,0.880644584,-0.034545005,1.174802997,-0.002650516
2012-10-11,-0.001588631,0.001226275,-0.000972307,-0.012546465,0.003462918,0.001974704,2,0.002255182,0.845640311,-0.031731569,1.340758904,0.004793097
2012-10-12,0.003155121,0.001500299,0.001231056,-0.007414721,-0.005124512,-0.001349934,1,0.003539992,0.824216071,-0.05227437,1.286909069,0.003462918
2012-10-15,-0.000914982,-0.000928433,-0.001474107,-0.004720983,-0.001759757,-0.001278771,4,0.000775392,0.844350349,-0.035768334,1.230356287,-0.005124512
2012-10-16,-0.00076095,-0.003489713,0.001781904,0.002444737,-0.001610318,-0.000238572,4,0.001444589,0.868516249,-0.03286621,1.187681291,-0.001759757
2012-10-17,-0.003723511,-0.003832953,-0.003157741,-0.002591196,0.004330283,-0.000701386,4,0.003695058,0.858086104,-0.02255848,1.22870834,-0.001610318
2012-10-18,0.001852048,-0.000392274,-0.007671563,-0.009290452,-0.003983281,-0.008147585,0,0.004247579,0.857263603,0.011623292,1.230267285,0.004330283
2012-10-19,0.001431904,-0.002115491,-0.005417963,-0.015939471,-0.00273417,-0.005757242,0,0.0030326,0.901406975,0.077190903,1.181724697,-0.003983281
2012-10-22,-0.000261146,-0.001461655,0.003326295,-0.011139069,-0.001024286,-0.005021771,3,0.001927028,0.898791175,0.054440826,1.180043408,-0.00273417
2012-10-23,-0.003853849,-0.004554554,0.005726755,-0.007194218,0.009270363,0.00585891,0,0.005846492,0.857697033,-0.010819217,1.053433398,-0.001024286
2012-10-24,0.00116574,0.000334697,0.000156535,-0.003879942,-3.90E-05,0.00148967,0,0.000569574,0.856975149,-0.001110955,1.053421107,0.009270363
2012-10-25,-0.000978931,-0.002496283,-0.001509731,0.00228189,0.000897368,0.006370319,4,0.001066116,0.849553335,-0.007710268,1.03780779,-3.90E-05
2012-10-26,0.000998622,-0.002929565,0.00134184,0.009041693,-0.003650948,0.00545354,2,0.002287492,0.84388756,-0.057519414,1.031291819,0.000897368
2012-10-31,-0.000976363,-0.003644782,-0.003750053,0.001965345,0.006559902,0.013037728,2,0.004366848,0.83289176,-0.065899416,1.06089516,-0.003650948
2012-11-01,-0.000524172,-0.000315105,0.003416174,-0.000345236,0.000210401,0.003977766,4,0.001787274,0.858348517,0.000651484,1.057738083,0.006559902
2012-11-02,-0.001171316,-0.00265216,-0.003215229,-0.003717,-0.006993429,-0.002976705,0,0.003068212,0.873979724,0.017004575,1.131965089,0.000210401
2012-11-05,-0.000690009,-0.002363238,0.003699677,0.001492409,0.004166907,0.000292833,4,0.002493393,0.868294841,0.018741507,1.160474662,-0.006993429
2012-11-06,0.002287498,-0.001074362,-0.003740382,-0.003589813,-0.000406829,0.003536953,4,0.002484887,0.876212642,0.032325082,1.146106119,0.004166907
2012-11-07,8.04E-05,-1.76E-05,-0.001103162,-0.000942921,-0.001922526,-0.004945475,0,0.000957573,0.912447781,0.079556021,1.12629622,-0.000406829
2012-11-08,0.002847769,0.003354333,-0.002022004,-0.0063811,-0.001323328,-0.006479205,0,0.002151557,0.914852728,0.056504211,1.118029532,-0.001922526
2012-11-09,-0.001379666,0.003145982,0.001505965,-0.001659906,2.75E-05,0.00054168,4,0.001178452,0.920908288,0.046928563,1.122747589,-0.001323328
2012-11-12,-0.000154636,0.003681356,-0.000343977,-0.00570356,-0.001716615,-0.005341842,1,0.000787864,0.922568389,0.054273547,1.113919043,2.75E-05
2012-11-13,-0.00061339,0.000780468,-0.003041758,-0.005004936,-0.00200877,-0.006943783,0,0.001371581,0.928678273,0.052465631,1.107232319,-0.001716615
2012-11-14,-0.000678353,2.17E-05,0.00100792,-0.002893855,-0.006292374,-0.011313631,0,0.003275224,0.92790063,0.015452849,1.159471033,-0.00200877
2012-11-15,-0.000680496,-0.00350654,-0.001878288,-0.002750138,-0.003228011,-0.013218313,0,0.001418843,0.921017396,0.006164668,1.185366168,-0.006292374
2012-11-16,-0.001173004,-0.003299878,0.000862336,-0.003393767,0.003970106,-0.009275663,4,0.002201017,0.92697188,0.006063593,1.183344254,-0.003228011
2012-11-19,-0.003306455,-0.006451697,0.00215287,-0.00089692,0.001718183,-0.005840865,4,0.002479244,0.949831281,0.027262892,1.15876461,0.003970106
2012-11-20,-0.001245566,-0.007083874,-0.00045405,0.001690788,0.000282091,-0.003550004,3,0.00066704,0.946196477,0.017518204,1.156679422,0.001718183
2012-11-21,0.001458443,-0.004947078,0.001060818,0.001743686,0.003423052,0.006165422,4,0.00143084,0.947827992,0.019927362,1.165487059,0.000282091
2012-11-23,0.000416955,-0.003849627,0.000734343,0.004356317,-0.0019802,0.007413232,4,0.001219636,0.968103433,0.047086037,1.193881596,0.003423052
2012-11-26,-0.001214331,-0.003890955,0.005373017,0.008866998,0.004308624,0.007751751,2,0.003213737,0.963206531,0.03623465,1.195573114,-0.0019802
2012-11-27,-0.001665403,-0.002249903,0.002215686,0.008929814,0.003656843,0.009690411,0,0.002354454,0.960591565,0.010760284,1.187113848,0.004308624
2012-11-28,0.000447498,-0.000556838,0.000225626,0.00960949,-0.000719617,0.008688703,4,0.000506119,0.963132325,0.016935848,1.174830029,0.003656843
2012-11-29,-0.001437461,-0.003452742,0.002485188,0.01103386,0.007592719,0.01285837,4,0.003967682,0.966763608,0.018935616,1.190168922,-0.000719617
2012-11-30,0.000126192,-0.003743505,-0.000756968,0.009542549,-0.001718648,0.013119923,2,0.000849064,0.965181121,-0.002922312,1.201836118,0.007592719
2012-12-03,0.000141063,-0.002388111,0.00208205,0.006251582,0.003392933,0.012204231,0,0.001631138,0.963811782,0.000605251,1.158499186,-0.001718648
2012-12-04,0.000644861,-7.78E-05,-0.000125735,0.003910162,0.00331818,0.011865568,1,0.001608389,0.964260583,0.003669018,1.151007108,0.003392933
2012-12-05,0.00478208,0.004256735,-0.009284982,-0.005600446,-0.003434221,0.009150963,2,0.00591956,0.947572475,-0.01555985,1.159724338,0.00331818
2012-12-06,-0.000271487,0.005422709,0.001921129,-0.006164506,-0.001852025,-0.000293781,4,0.001547492,0.92062203,-0.046141578,1.187078751,-0.003434221
2012-12-07,0.003266538,0.008563055,-0.0066805,-0.012088038,-0.002332691,-0.000907824,3,0.004182694,0.892615099,-0.072566022,1.196916071,-0.001852025
2012-12-10,0.000782104,0.009204096,0.002652252,-0.011517835,0.004502171,0.000201413,4,0.002013997,0.891246309,-0.072565473,1.200273726,-0.002332691
2012-12-11,-0.000580084,0.00797915,0.005234481,-0.00615762,0.0039827,0.000865933,4,0.002883767,0.892250898,-0.072009685,1.209587228,0.004502171
2012-12-12,-0.000673869,0.002523201,-0.003261208,-0.000133846,-0.007177368,-0.002877214,1,0.003252311,0.881370926,-0.066201549,1.236394162,0.0039827
2012-12-13,0.000683541,0.00347823,-0.000868083,-0.002923058,6.42E-05,-0.000960973,0,0.000638044,0.855799312,-0.064822718,1.140383738,-0.007177368
2012-12-14,0.001428979,0.001640671,-0.002841839,0.000915603,0.003597828,0.004969546,0,0.002699931,0.855063654,-0.037551445,1.089326259,6.42E-05
2012-12-17,-0.004187579,-0.003329012,0.001329049,-0.000407601,0.001763951,0.002231326,4,0.002715031,0.863788571,-0.027457738,1.075033159,0.003597828
2012-12-18,-0.002727172,-0.0054761,0.003065132,-0.00257695,0.003662095,0.001910721,4,0.002957664,0.824323689,-0.067927209,1.124174964,0.001763951
2012-12-19,0.000176056,-0.004626174,0.004283135,0.004967393,0.007854067,0.016942157,1,0.003748712,0.819094493,-0.062276433,1.052913147,0.003662095
2012-12-20,-0.000974475,-0.006284191,-0.003494422,0.002341054,-6.26E-05,0.016815377,4,0.001636151,0.817085176,-0.038714136,1.042018267,0.007854067
2012-12-21,0.000300752,-0.007412418,-0.000255256,0.004927637,0.004047749,0.017265297,0,0.002029057,0.815661753,-0.0394019,1.059086397,-6.26E-05
2012-12-24,-0.001499803,-0.004724642,-0.000344411,0.003254177,-0.001314116,0.01418723,0,0.000730563,0.827881504,-0.035907067,1.081935585,0.004047749
2012-12-26,0.002944741,0.000947271,-0.002677701,-0.002488655,-0.002150312,0.008374822,0,0.002554652,0.831186055,0.006862365,1.129956722,-0.001314116
2012-12-27,-0.000175676,0.000595539,-0.000203155,-0.006974945,-0.000558539,-3.78E-05,0,0.000234118,0.822901952,0.003807459,1.161755998,-0.002150312
2012-12-28,-0.001041786,0.000528228,0.002500929,-0.000979593,0.00476216,0.00478694,0,0.00260397,0.834689948,0.017604772,1.038140739,-0.000558539
2012-12-31,-0.00404909,-0.003821614,0.00300053,0.002276193,0.003718698,0.00445789,4,0.003532922,0.877386822,0.061725068,1.067729915,0.00476216
2013-01-02,-0.001823479,-0.00414529,0.005168468,0.007789072,0.002859082,0.008631088,4,0.003087062,0.923219822,0.095338318,1.074567128,0.003718698
2013-01-03,0.000506723,-0.006583307,-0.00167537,0.008791402,0.001148508,0.011929909,0,0.001208664,0.924063614,0.092877559,1.077685519,0.002859082
2013-01-04,-0.001584179,-0.007991811,-0.004501864,0.004492693,0.002625027,0.015113475,4,0.002981751,0.941147946,0.118245995,1.072565114,0.001148508
2013-01-07,-0.000669233,-0.007619257,0.002208765,0.004200529,-0.000689816,0.009661499,0,0.001368924,0.942444231,0.107754283,1.078836164,0.002625027
2013-01-08,-0.000903165,-0.004473332,0.000986152,0.002186151,0.001990883,0.007933684,0,0.001248544,0.955695125,0.078308303,1.075604333,-0.000689816
2013-01-09,0.001963055,-0.000686799,0.001865526,-0.001116791,0.002831616,0.007906218,4,0.001191954,0.955622486,0.032402664,1.076241207,0.001990883
2013-01-10,-0.001559392,-0.002752914,-0.002446321,-0.001887742,-0.00560365,0.00115406,4,0.002361646,0.950020328,0.025956714,1.056093289,0.002831616
2013-01-11,0.001324235,0.0001555,0.001286392,0.003900514,-0.000485933,-0.0019569,2,0.000915779,0.956445339,0.015297393,1.032169893,-0.00560365
2013-01-14,0.002330631,0.003155364,-0.001673322,1.84E-05,0.000170067,-0.001097017,1,0.001642116,0.952497677,0.010053446,1.028266628,-0.000485933
2013-01-15,0.000910953,0.004969482,-0.003285924,-0.00425365,0.003971995,0.000884095,3,0.002986986,0.950228831,-0.005466294,1.036146074,0.000170067
2013-01-16,-0.001946516,0.001059911,0.001973761,-0.004145414,-0.002789045,-0.004736566,2,0.002125758,0.945178068,-0.010444418,1.046370146,0.003971995
2013-01-17,0.000628782,0.003248084,0.0002768,-0.001422292,0.003455333,0.004322417,4,0.001597594,0.942751679,-0.007268649,1.038539011,-0.002789045
2013-01-18,0.000542997,0.002466846,-0.003808942,-0.006517626,-0.000660773,0.004147577,3,0.001948052,0.947622578,-0.008822761,1.067857588,0.003455333
2013-01-22,0.000150785,0.000287,-0.00171998,-0.006564284,0.002769042,0.006746551,4,0.001851914,0.948014036,-0.004483641,1.075492131,-0.000660773
2013-01-23,0.003376633,0.00275268,0.001825483,-0.001452878,-0.004334922,-0.001560365,3,0.003333546,0.93639782,-0.013831011,1.120829477,0.002769042
2013-01-24,0.003326159,0.008025355,-0.007419078,-0.010845717,0.003877869,0.005106548,3,0.005200396,0.920863652,-0.024314416,1.111632877,-0.004334922
2013-01-25,-0.000333508,0.007063066,0.000725299,-0.010397219,0.000163528,0.001814743,4,0.000442317,0.919967972,-0.022783707,1.091896685,0.003877869
2013-01-28,0.000839683,0.007359752,0.003307578,-0.003280699,0.003473931,0.005949447,2,0.001750495,0.916954718,-0.03066786,1.077694224,0.000163528
2013-01-29,0.000115323,0.00732429,-0.005295965,-0.006856684,-0.004431516,-0.001251111,3,0.002863592,0.909591119,-0.038422916,1.146746451,0.003473931
2013-01-30,0.00074914,0.004696797,0.000301806,-0.008380361,-0.007621438,-0.004537627,0,0.00399774,0.887919636,-0.048478183,1.214455713,-0.004431516
2013-01-31,-0.001022756,0.000347881,0.002509252,0.00154797,0.008325422,-9.01E-05,1,0.004186749,0.605501831,-0.315361821,1.399973928,-0.007621438
2013-02-01,0.000705015,0.001386404,0.001694779,0.00251745,4.56E-05,-0.000208012,4,0.00079087,0.67838241,-0.241585562,1.327393282,0.008325422
2013-02-04,0.002304183,0.002850905,-0.003585624,-0.004375753,-0.001562117,-0.00524406,0,0.002488957,0.793389105,-0.123565613,1.248121856,4.56E-05
2013-02-05,-0.003239707,-0.000504124,0.002460567,0.00338078,-0.0004705,-0.001283043,4,0.00233674,0.810793581,-0.098797538,1.205310858,-0.001562117
2013-02-06,-3.27E-05,-0.001285959,-0.001526959,0.001552014,0.002825526,0.009163921,3,0.001818027,0.80853523,-0.079384407,1.227436471,-0.0004705
2013-02-07,-0.001234064,-0.001497267,0.000749152,-0.000208086,-0.001699645,-0.000861147,0,0.001122477,0.808563924,0.203062093,1.225244625,0.002825526
2013-02-08,-0.002139833,-0.004342116,0.003397298,0.001494433,0.000472965,-0.000433771,4,0.002280031,0.814986731,0.136604322,1.265904286,-0.001699645
2013-02-11,-0.000947792,-0.007594091,2.06E-05,0.005100654,-9.44E-05,0.001033981,0,0.000464307,0.816221059,0.022831954,1.263851649,0.000472965
2013-02-12,0.001797218,-0.002557167,-0.003321686,-0.0006816,0.003311627,0.004816108,3,0.002853768,0.809609568,-0.001184014,1.273380116,-9.44E-05
2013-02-13,-0.003148374,-0.005672845,0.002663215,0.003508575,0.002737438,0.00472802,3,0.002782705,0.803624782,-0.004910447,1.265899285,0.003311627
2013-02-14,-0.001371533,-0.005810314,-0.000133786,0.002625637,0.00275795,0.009185615,3,0.001742892,0.806053998,-0.002509926,1.250065898,0.002737438
2013-02-15,0.001644453,-0.002026028,-0.00102923,-0.00180089,0.000385081,0.009097731,1,0.001104789,0.798593707,-0.016393024,1.228466537,0.00275795
2013-02-19,-0.00346136,-0.004539596,-0.000578062,-0.002399549,0.002231359,0.011423455,4,0.002343563,0.808199184,-0.008021874,1.236554815,0.000385081
2013-02-20,0.004747948,-0.001588865,-0.002940412,-0.002018274,-0.007567727,0.0005441,0,0.005169287,0.849592431,0.039982864,1.333901135,0.002231359
2013-02-21,0.002948459,0.004507967,-0.004134665,-0.008816154,-0.002583508,-0.004776846,0,0.003104335,0.869137466,0.065512684,1.333592047,-0.007567727
2013-02-22,-0.000129779,0.005749721,0.000904693,-0.007777675,0.003069058,-0.004465738,4,0.001478783,0.901590947,0.095536949,1.329943365,-0.002583508
2013-02-25,0.002902037,0.007007305,0.003961799,-0.002786647,-0.003939002,-0.008789821,0,0.003535286,0.917918836,0.119325129,1.302765182,0.003069058
2013-02-26,0.002286481,0.012755146,-0.001800087,-0.004008671,-0.001402429,-0.012423609,4,0.001846197,0.916514295,0.108315111,1.288014862,-0.003939002
2013-02-27,-0.000117414,0.007889784,-0.00227988,-0.00334814,-0.001739338,-0.006595219,4,0.001148768,0.926039733,0.076447302,1.25717741,-0.001402429
2013-02-28,-0.000620082,0.004321243,0.000209622,0.000996147,0.002171409,-0.001840302,1,0.001206679,0.929304418,0.060166952,1.219434292,-0.001739338
2013-03-01,0.000178112,0.004629134,0.000696269,0.000787723,0.001644139,-0.003265221,4,0.000738009,0.941180461,0.039589514,1.217753452,0.002171409
2013-03-04,-0.001895407,-0.00016831,-0.000730322,-0.003904397,-0.002470606,-0.001796825,4,0.001116046,0.937557078,0.019638242,1.224725661,0.001644139
2013-03-05,-0.000645077,-0.003099867,0.003623191,0.001518881,0.002106007,0.001711611,4,0.001959322,0.933970949,0.017456654,1.239958133,-0.002470606
2013-03-06,0.001891257,-0.001091197,-0.001629885,0.002168876,0.001672675,0.005123624,3,0.00164277,0.930885367,0.004845634,1.26290419,0.002106007
2013-03-07,0.000508242,3.71E-05,0.00119702,0.003156274,0.003130097,0.006082311,4,0.001371556,0.932305388,0.003000969,1.266279561,0.001672675
2013-03-08,0.000233939,9.30E-05,-0.00067892,0.001781084,0.003978252,0.008416425,4,0.002099298,0.932559503,-0.008620959,1.273835001,0.003130097
2013-03-11,0.000238302,0.002226663,-0.000627322,0.001884084,-0.003233198,0.007653832,4,0.001594133,0.933977398,-0.00357968,1.276944708,0.003978252
2013-03-12,0.002597826,0.005469566,-0.00084243,-0.002581537,1.60E-05,0.005563874,1,0.001491548,0.934280714,0.000309765,1.274767191,-0.003233198
2013-03-13,-0.000951962,0.002626348,-0.000449968,-0.001401619,0.002550622,0.006441821,4,0.001558258,0.937599663,0.006714295,1.272471063,1.60E-05
2013-03-14,0.000197182,0.002315288,-0.001340818,-0.003939458,0.004080755,0.007392479,4,0.002333278,0.947221269,0.014915881,1.285107536,0.002550622
2013-03-15,-0.000103221,0.001978128,-0.001410303,-0.004670841,0.001000502,0.004414729,0,0.000989076,0.949759308,0.017199805,1.280572041,0.004080755
2013-03-18,0.001241202,0.002981027,0.001986001,-0.002057518,-3.32E-05,0.007614685,0,0.000989198,0.94997173,0.015994332,1.272819808,0.001000502
2013-03-19,0.002685658,0.003068859,-0.000200292,-0.001415381,-0.00217763,0.005421007,1,0.001997605,0.951190567,0.016909853,1.275876304,-3.32E-05
2013-03-20,-0.002814967,0.001205853,0.001064724,9.93E-05,0.002930184,0.005800569,4,0.002401082,0.945058606,0.007458944,1.211346361,-0.00217763
2013-03-21,0.002079075,0.003087746,-0.001437938,2.19E-06,-0.000154203,0.001565612,0,0.001455417,0.951936995,0.004715726,1.183703064,0.002930184
2013-03-22,-0.000890136,0.002300832,-0.000221811,0.001190684,-0.004662081,-0.004096971,4,0.002178814,0.942731037,-0.00702827,1.150534252,-0.000154203
2013-03-25,-0.001093657,-3.40E-05,0.000351954,-0.000443363,0.002901636,-0.001162094,0,0.001690476,0.904466628,-0.045505102,1.070719484,-0.004662081
2013-03-26,-3.96E-05,-0.00275931,-0.002458861,-0.002701932,-0.003566431,-0.002550894,4,0.001786168,0.905004987,-0.04618558,1.053018895,0.002901636
2013-03-27,-0.001714335,-0.001658678,0.001829893,-0.001936763,0.001030596,-0.004450482,2,0.001529833,0.88760484,-0.057453766,1.11296387,-0.003566431
2013-03-28,-0.000449049,-0.004186802,-0.000676317,-0.001175142,-0.002681336,-0.006977615,4,0.001186854,0.885306142,-0.066630853,1.11354527,0.001030596
2013-04-01,0.004093211,0.000796545,-0.004230576,-0.005183907,-0.009006296,-0.01132183,0,0.005623282,0.865185974,-0.077545064,1.279659313,-0.002681336
2013-04-02,0.000940663,0.002830865,-0.000326737,-0.005862598,-0.00995315,-0.024176616,3,0.005107234,0.83150655,-0.072960078,1.302973812,-0.009006296
2013-04-03,0.002957376,0.005827866,-0.000600651,-0.004004388,-0.006224903,-0.026835089,0,0.003834735,0.850672444,-0.054332543,1.346206705,-0.00995315
2013-04-04,-0.000215342,0.00732686,-0.002060049,-0.00789433,0.003496152,-0.024369533,4,0.002319532,0.853527189,-0.034077651,1.367446775,-0.006224903
2013-04-05,0.001502741,0.00927865,-0.002266231,-0.009484245,0.001729756,-0.01995844,0,0.001839626,0.851851478,-0.033454664,1.325319662,0.003496152
2013-04-08,-0.002977091,0.002208348,-0.000559452,-0.00581312,0.002569907,-0.008382238,4,0.002276465,0.850656531,-0.014529442,1.308973477,0.001729756
2013-04-09,0.000557929,0.001825613,0.001294712,-0.004191671,-0.005848824,-0.004277912,3,0.003276377,0.841695852,0.010189302,1.308517493,0.002569907
2013-04-10,-0.003377324,-0.004509087,0.006060693,0.002469673,0.005747601,0.007694593,4,0.004597207,0.867770569,0.017098125,1.371945295,-0.005848824
2013-04-11,0.000694358,-0.003599386,-0.002663818,0.001865904,-0.002531809,0.001666631,4,0.001724603,0.867830841,0.014303652,1.359851222,0.005747601
2013-04-12,0.002835411,-0.002266717,0.001260851,0.005392986,-0.001603902,-0.001667027,0,0.001884042,0.865836921,0.013985443,1.323194334,-0.002531809
2013-04-15,0.005187407,0.005897781,-0.000866154,0.005086284,-0.015332174,-0.019569108,0,0.008801986,0.926828525,0.076171994,1.443441777,-0.001603902
2013-04-16,-0.00346993,0.001869922,0.000649857,0.004441429,0.003407476,-0.010312808,4,0.002827682,0.93738891,0.095693058,1.45010821,-0.015332174
2013-04-17,0.005022653,0.010269899,-0.004105987,-0.005725252,-0.003600977,-0.019661386,0,0.004213147,0.942089019,0.07431845,1.409847633,0.003407476
2013-04-18,0.00113629,0.010711831,-0.005302844,-0.008364277,0.000872797,-0.016256779,0,0.003025496,0.937830884,0.070000043,1.383177827,-0.003600977
2013-04-19,-0.00809589,-0.000219471,0.003651101,-0.005974027,0.00330795,-0.011344927,4,0.005461789,0.925997779,0.060160858,1.414387489,0.000872797
2013-04-22,-0.003300266,-0.008707143,0.003887035,-0.001220838,-0.002133435,0.001853812,4,0.003159868,0.923788771,-0.003039754,1.426919299,0.00330795
2013-04-23,3.48E-05,-0.005202462,0.000639162,-0.001231533,0.0054254,0.003871735,4,0.002616887,0.93222733,-0.00516158,1.452616015,-0.002133435
2013-04-24,-0.002942831,-0.013167946,9.15E-05,0.002965935,0.005091687,0.012564399,3,0.003333623,0.927531442,-0.014557577,1.476727577,0.0054254
2013-04-25,-0.002358648,-0.016662884,0.002174992,0.01044377,0.002556931,0.014248534,4,0.002267422,0.929168015,-0.00866287,1.482679214,0.005091687
2013-04-26,0.002642769,-0.005924225,-0.00142292,0.005369749,-0.003520049,0.007420534,1,0.002586951,0.928234537,0.002236758,1.489188422,0.002556931
2013-04-29,3.21E-05,-0.002591862,0.001269382,0.002752097,0.00048745,0.010041418,4,0.00059158,0.934236247,0.010447476,1.459931455,-0.003520049
2013-04-30,-0.001062341,-0.003688954,0.004079581,0.006192516,0.002841287,0.007457306,4,0.00239888,0.94438571,0.01215838,1.466074566,0.00048745
2013-05-01,-4.91E-05,-0.000795267,0.000401348,0.006502383,-0.015493928,-0.013128309,0,0.007808272,0.938042549,0.010511107,1.54893783,0.002841287
2013-05-02,-0.000517438,0.001045944,0.003133688,0.007461079,0.007416916,-0.008268324,4,0.003648391,0.94252076,0.013352745,1.562621851,-0.015493928
2013-05-03,-0.000925571,-0.002522396,0.00083425,0.009718249,0.004903982,0.000155707,4,0.002569777,0.945965858,0.017731321,1.576852892,0.007416916
2013-05-06,-0.002244627,-0.004799121,0.002329407,0.010778274,0.003715147,0.003383405,3,0.002624052,0.944151652,0.009915405,1.57927478,0.004903982
2013-05-07,0.000599216,-0.003137563,-0.004138545,0.002560147,0.003104571,0.003646689,4,0.003004315,0.943371445,-0.001014265,1.580104382,0.003715147
2013-05-08,-0.000886651,-0.003975071,0.000756514,0.002915313,-0.001458031,0.017682586,4,0.00097532,0.940747915,0.002705366,1.579786689,0.003104571
2013-05-09,0.002203246,-0.001254386,0.002491973,0.002273598,-0.000591758,0.009673912,0,0.00154971,0.943388436,0.000867676,1.576405716,-0.001458031
2013-05-10,-0.001936926,-0.002265741,0.003695633,0.005134981,0.00485623,0.009626159,4,0.00316507,0.943314819,-0.00265104,1.585208064,-0.000591758
2013-05-13,-0.001817824,-0.001838938,0.000599975,0.003405549,-0.001448769,0.004462243,2,0.001152631,0.912113251,-0.032038402,1.555039016,0.00485623
2013-05-14,-0.00193643,-0.004374585,-0.003188073,0.004356022,0.002329089,0.003686761,4,0.002407256,0.901922127,-0.041449318,1.580881985,-0.001448769
2013-05-15,-0.001136614,-0.004624548,-0.002502397,0.001097111,-0.002487827,0.002656965,4,0.001205353,0.871777312,-0.068970603,1.711054579,0.002329089
2013-05-16,0.002238179,-0.004589615,0.003182846,0.001787984,0.001780034,0.005028757,0,0.001334749,0.872027378,-0.071361057,1.734255698,-0.002487827
2013-05-17,-0.00232386,-0.004976549,-0.000560672,-0.002468321,0.000794173,0.000966701,4,0.001323252,0.899460185,-0.043854634,1.700499714,0.001780034
2013-05-20,-0.000538161,-0.003696886,-1.83E-05,-0.00308663,0.002412713,0.004828182,1,0.001322844,0.909378429,-0.002734821,1.68130506,0.000794173
2013-05-21,0.001683717,-7.67E-05,-9.48E-05,6.64E-06,-0.000919558,0.001579536,4,0.001092011,0.89734169,-0.004580438,1.69170868,0.002412713
2013-05-22,0.00306872,0.004128595,-0.002838553,-0.000329514,-0.00837044,-0.004303078,0,0.004863904,0.920568038,0.048790726,1.720649641,-0.000919558
2013-05-23,0.002100061,0.003990476,0.001807132,-0.001705228,0.004982505,-0.001100606,1,0.002061121,0.918855119,0.046827741,1.684076092,-0.00837044
2013-05-24,0.001113628,0.007427964,0.000470567,-0.000673988,0.000551517,-0.001343262,1,0.000456601,0.921540812,0.022080627,1.670423266,0.004982505
2013-05-28,0.000600682,0.008566807,0.002242669,0.001587015,0.006870336,0.003114361,4,0.003109285,0.92404066,0.014662231,1.718001905,0.000551517
2013-05-29,0.000131701,0.007014791,0.00092898,0.002610795,-0.003399267,0.000634652,0,0.001920774,0.934550473,0.037208784,1.689310141,0.006870336
2013-05-30,-0.0022446,0.001701471,0.003170902,0.008620249,0.003876542,0.012881634,4,0.002849187,0.923293052,0.002725014,1.490466135,-0.003399267
2013-05-31,0.000681106,0.000282516,0.004222187,0.011035305,0.004019225,0.011918354,0,0.002201674,0.919878078,0.001022959,1.293488546,0.003876542
2013-06-03,0.003199949,0.002368838,-0.00318478,0.007379957,0.000543394,0.01191023,4,0.002620419,0.897697756,-0.023843055,1.269348767,0.004019225
2013-06-04,0.000499006,0.002267161,-0.000294019,0.004843269,-0.003153407,0.001886487,0,0.00164379,0.908627029,-0.015413631,1.283541858,0.000543394
2013-06-05,-0.000521752,0.001613709,0.001086804,0.005001093,-0.000287838,0.004997916,0,0.000711104,0.928933408,-0.005617066,1.236974906,-0.003153407
2013-06-06,-0.003119305,0.000739004,-0.001841004,-1.08E-05,0.003149633,0.004271006,4,0.002721514,0.93188837,0.008595318,1.250660681,-0.000287838
2013-06-07,0.000951761,0.001009659,0.000355787,-0.003877213,-0.004453333,-0.004201552,4,0.002475925,0.92875206,0.008873982,1.180598797,0.003149633
2013-06-10,-0.000278335,-0.002468625,0.001657562,0.00096513,0.005447135,0.00070219,2,0.002636061,0.929560972,0.031863216,1.169654571,-0.004453333
2013-06-11,0.002526177,-0.000441454,-0.000450765,0.000808383,-0.001161919,0.002693678,0,0.001604805,0.935056876,0.026429847,1.168593723,0.005447135
2013-06-12,-1.50E-05,6.53E-05,-0.002277785,-0.002556205,-0.000951624,0.002029892,0,0.00107434,0.934206387,0.00527298,1.170184881,-0.001161919
2013-06-13,-0.002687742,0.000496891,-0.001549514,-0.002264715,0.003041015,0.001921274,4,0.002484282,0.9444608,0.01257243,1.180332049,-0.000951624
2013-06-14,-0.001100172,-0.001555042,-0.000445066,-0.003065567,-0.002529615,0.003844993,0,0.001103979,0.94630539,0.01755333,1.194775372,0.003041015
2013-06-17,-0.000287947,-0.001564654,0.00077156,-0.00395157,-0.000977856,-0.002579999,4,0.00072419,0.943914826,0.014353855,1.192673435,-0.002529615
2013-06-18,0.001313825,-0.002777006,0.000906153,-0.002594651,0.004463537,0.003045457,4,0.001941054,0.947839725,0.012782848,1.207135169,-0.000977856
2013-06-19,0.00040638,-0.002355656,0.002691044,0.002374178,0.000366358,0.004363439,0,0.001230398,0.952430264,0.018223877,1.190063535,0.004463537
2013-06-20,0.001633706,0.001965791,0.002248109,0.0061718,-0.001360076,-3.77E-05,0,0.001631258,0.970896096,0.026435296,1.125470669,0.000366358
2013-06-21,0.000113434,0.003179397,-0.004864974,0.001751892,0.000618238,0.0031102,3,0.002568528,0.969024361,0.022718971,1.122064273,-0.001360076
2013-06-24,0.002725356,0.0061927,0.001290858,0.00227119,-0.000973288,0.003114768,0,0.001604818,0.96982056,0.025905733,1.124270674,0.000618238
2013-06-25,-0.002603317,0.002275559,-0.001315867,4.92E-05,0.001225853,-0.000122916,4,0.001653075,0.971337439,0.023497714,1.094829386,-0.000973288
2013-06-26,0.000554913,0.002424092,-0.001118322,-0.003760197,-0.006874775,-0.007364049,4,0.003415136,0.96659768,0.014167416,1.059128053,0.001225853
2013-06-27,0.001459366,0.002249752,0.001384949,-0.004623357,0.010375279,0.004371306,4,0.004761121,0.965140228,-0.005755868,1.09729549,-0.006874775
2013-06-28,-0.003377488,-0.001241171,0.004707274,0.004948891,0.001805682,0.00555875,1,0.003384699,0.960234597,-0.008789764,1.119318067,0.010375279
2013-07-01,-0.001015004,-0.004981531,0.003748383,0.007406417,0.00717633,0.013708368,4,0.003742982,0.960591796,-0.009228764,1.144289551,0.001805682
2013-07-02,-0.002300385,-0.004678599,0.000227612,0.008949896,0.000171132,0.012653648,0,0.001220492,0.960491329,-0.01084611,1.135000861,0.00717633
2013-07-03,0.002916838,-0.002316673,0.002163037,0.012231256,0.000852587,0.02038101,4,0.001305763,0.955805659,-0.010792022,1.138996394,0.000171132
2013-07-05,-0.000359189,-0.004135228,0.000166297,0.011012603,0.004135063,0.014140794,4,0.002111101,0.958142014,-0.006998214,1.143855209,0.000852587
2013-07-08,0.000615244,-0.000142496,-0.003672604,0.002632726,-0.001405865,0.010929247,4,0.001902884,0.959755361,-0.000479236,1.173200189,0.004135063
2013-07-09,-0.002247102,-0.001374594,-0.001643573,-0.00275923,0.001477878,0.005230795,4,0.001681222,0.961796646,0.001204849,1.167115942,-0.001405865
2013-07-10,-0.000749024,0.000176766,0.004515928,0.001529086,0.002143694,0.007203356,3,0.002367578,0.958038371,-0.002452958,1.164723984,0.001477878
2013-07-11,-0.00245526,-0.005195332,0.00274775,0.002113799,-0.001036027,0.005314743,4,0.002199513,0.955828793,2.31E-05,1.139534254,0.002143694
2013-07-12,-0.002863146,-0.007699288,0.002986518,0.00493402,0.00014576,0.001325441,4,0.002388865,0.950397882,-0.007744132,1.137737345,-0.001036027
2013-07-15,-8.41E-05,-0.008398587,0.000682213,0.009288836,0.005145911,0.007877217,4,0.002496951,0.946928593,-0.012826768,1.127862831,0.00014576
2013-07-16,0.001620358,-0.004531127,0.00122051,0.012152919,-0.000655091,0.005744248,0,0.001056716,0.947248215,-0.01454843,1.141343325,0.005145911
2013-07-17,-0.001562671,-0.005344774,0.000420474,0.008057465,0.000862206,0.004462759,4,0.001055547,0.945817538,-0.012220833,1.130272302,-0.000655091
2013-07-18,1.02E-05,-0.002879357,-0.004665826,0.000643889,0.002376471,0.007875258,4,0.002950648,0.932409245,-0.023419548,1.143428707,0.000862206
2013-07-19,-0.001917501,-0.001933712,-0.008184771,-0.0105274,-0.001408864,0.006320633,2,0.003629767,0.846466237,-0.103931646,1.205471161,0.002376471
2013-07-22,-0.001914551,-0.003764209,0.001524908,-0.009684705,0.000754407,0.001929129,4,0.001474982,0.852649447,-0.094279146,1.205434035,-0.001408864
2013-07-23,0.003280082,-0.002104485,-0.004029615,-0.01493483,0.000704264,0.003288484,1,0.003027221,0.785032235,-0.16221598,1.23116163,0.000754407
2013-07-24,0.002179157,0.001637343,0.003910718,-0.011444586,-0.004168062,-0.001741784,1,0.003487685,0.776994056,-0.168823482,1.31975033,0.000704264
2013-07-25,-0.001693336,-6.61E-05,0.004570158,-0.002208602,0.007313456,0.0031952,4,0.004134405,0.786590621,-0.145818624,1.417505469,-0.004168062
2013-07-26,-0.000620991,0.00123036,0.001380302,0.007356471,-0.006221098,-0.001617033,3,0.003343409,0.771672384,-0.074793853,1.370530146,0.007313456
2013-07-29,0.001371128,0.00451604,-0.000144779,0.005686784,-0.003771924,-0.006143364,0,0.002199119,0.799625636,-0.05302381,1.459590185,-0.006221098
2013-07-30,-0.00046265,0.000773308,0.004429759,0.014146158,0.002361133,-0.004486496,3,0.002265693,0.78820185,0.003169615,1.38411361,-0.003771924
2013-07-31,-0.001220752,-0.002626601,0.002870195,0.013105635,0.001812046,0.001493613,2,0.001827228,0.782456405,0.005462349,1.379814106,0.002361133
2013-08-01,-0.00420751,-0.005140775,0.001059702,0.009595179,0.001427443,-0.0043924,4,0.002589967,0.820309999,0.033719378,1.325240476,0.001812046
2013-08-02,0.000300441,-0.004219343,0.00212178,0.010336656,-0.001658003,0.000170695,3,0.001548675,0.795094809,0.023422426,1.308652966,0.001427443
2013-08-05,-0.001475883,-0.007066353,0.00239115,0.012872585,0.004448637,0.008391256,2,0.002613639,0.800109677,0.00048404,1.301473837,-0.001658003
2013-08-06,-0.000260355,-0.006864059,-0.001647697,0.00679513,-0.004538844,0.001491279,0,0.00208112,0.826197558,0.037995708,1.360599467,0.004448637
2013-08-07,0.000710753,-0.004932553,0.000599909,0.004524844,-0.003627999,-0.003948766,0,0.002056285,0.839590589,0.057134183,1.385628453,-0.004538844
2013-08-08,-0.002092238,-0.002817282,0.000248765,0.003713907,0.001022252,-0.004353958,4,0.001331133,0.795654584,-0.024655415,1.566681933,-0.003627999
2013-08-09,-0.001132686,-0.004250409,0.001117696,0.002709823,0.002556317,-0.000139638,0,0.001576112,0.794614132,-0.000480678,1.539150244,0.001022252
2013-08-12,0.000775564,-0.001998962,0.00383838,0.004157053,0.00616772,0.001579445,2,0.002846891,0.787622465,-0.012487212,1.521583544,0.002556317
2013-08-13,-0.000742447,-0.002481054,0.001168296,0.006973045,-0.004367961,0.001750329,3,0.002388177,0.773756469,-0.05244109,1.527327892,0.00616772
2013-08-14,-0.002173043,-0.00536485,0.00106427,0.007437406,0.001199239,0.006577566,0,0.001558943,0.774568943,-0.065021646,1.480936395,-0.004367961
2013-08-15,-0.000424956,-0.003697568,-0.002975738,0.004212903,-0.005072506,0.000482809,0,0.002367639,0.868184451,0.072529867,1.43579334,0.001199239
2013-08-16,0.001275156,-0.001289726,0.002383411,0.005478619,8.39E-05,-0.001989644,0,0.001127276,0.889870306,0.095256174,1.43888618,-0.005072506
2013-08-19,0.001216919,-0.000848371,0.002110713,0.003750952,-0.004928736,-0.0130861,0,0.003140465,0.88955747,0.101935005,1.468274121,8.39E-05
2013-08-20,-0.004330343,-0.004436267,0.002989136,0.005571792,0.011192536,0.002474397,3,0.006549746,0.894969357,0.121212889,1.597823161,-0.004928736
2013-08-21,-0.001256404,-0.003519628,0.001970128,0.006477651,-0.001022601,0.000252557,0,0.0014699,0.90352958,0.128960637,1.569270832,0.011192536
2013-08-22,-0.004149242,-0.007243914,0.002171249,0.011624638,0.005627221,0.010952285,4,0.004093366,0.914524719,0.046340268,1.525750082,-0.001022601
2013-08-23,-0.000818592,-0.009337662,0.001290696,0.010531923,-0.001972408,0.008896013,4,0.001374003,0.921102284,0.031231979,1.494189484,0.005627221
2013-08-26,-0.000228288,-0.010782869,0.0039877,0.01240891,0.004269325,0.018094073,1,0.002453966,0.920713001,0.031155531,1.465703906,-0.001972408
2013-08-27,0.004540092,-0.001912433,-0.005848159,0.003571614,-0.008347098,-0.001445561,0,0.005807521,0.930959199,0.035989842,1.49727109,0.004269325
2013-08-28,0.000524966,-0.000131063,0.001391752,0.002993238,0.000221666,-0.000201294,4,0.000610608,0.929657403,0.026127823,1.486844308,-0.008347098
2013-08-29,-0.000853088,0.003165091,0.00551049,0.006332479,0.008256619,0.002428104,4,0.004380716,0.92014772,0.005623001,1.631597003,0.000221666
2013-08-30,0.001112633,0.005096316,-0.005261519,-0.000219736,-0.012563035,-0.008162523,0,0.006243111,0.902346012,-0.018756272,1.727016154,0.008256619
2013-09-03,-0.002559962,0.002764642,0.002158935,-0.002048501,0.001132609,-0.011299239,4,0.002030058,0.907654399,-0.013058602,1.692024639,-0.012563035
2013-09-04,-0.001572442,-0.003347893,0.00194941,0.005749068,0.001044844,-0.001907297,4,0.001512072,0.910388545,-0.020570655,1.625557191,0.001132609
2013-09-05,-0.000766499,-0.004639358,0.001456505,0.00581382,0.001818696,-0.000310267,4,0.001216989,0.911342366,-0.018315037,1.617128196,0.001044844
2013-09-06,-0.001057811,-0.004844081,0.000281686,0.000585016,0.00078134,-0.007785546,3,0.000776487,0.910253895,-0.009893825,1.629826064,0.001818696
2013-09-09,-0.000564043,-0.006520757,0.002592514,0.008439049,0.005984659,0.010762149,4,0.002989028,0.92176751,0.019421497,1.621503744,0.00078134
2013-09-10,0.001138748,-0.002822047,-0.001175149,0.005104965,0.001854228,0.011483768,4,0.001327875,0.920846699,0.0131923,1.590540288,0.005984659
2013-09-11,0.005835152,0.004585547,-0.004123565,-0.000968009,-0.003407648,0.007031276,2,0.004544069,0.898162811,-0.012225733,1.588236161,0.001854228
2013-09-12,0.001690921,0.007042967,0.000956343,-0.001468172,-0.003135338,0.002077241,0,0.002124821,0.899695356,-0.01164701,1.609883521,-0.003407648
2013-09-13,0.00220609,0.010306868,-0.001041242,-0.0027911,0.002520977,0.003816878,4,0.00172337,0.870530606,-0.039723289,1.679358746,-0.003135338
2013-09-16,0.002014476,0.012885387,-0.006840938,-0.012224551,-0.003525565,-0.005693346,3,0.003909265,0.849740508,-0.072027002,1.667486742,0.002520977
2013-09-17,-0.001955799,0.009790841,0.003254062,-0.00779534,0.005345357,-0.002202217,4,0.003263561,0.841104692,-0.079742007,1.677397529,-0.003525565
2013-09-18,-0.002669533,0.001286155,-0.002026143,-0.005697917,-0.002231732,-0.001026301,4,0.001185333,0.866621608,-0.031541203,1.524944821,0.005345357
2013-09-19,-0.000735106,-0.001139872,0.00336056,-0.0032937,0.00026495,0.002373986,1,0.001808806,0.860064377,-0.03963098,1.543716464,-0.002231732
2013-09-20,-0.004688515,-0.008034477,0.003369519,0.001117061,0.004971219,0.004824228,0,0.004270604,0.842057584,-0.028473022,1.447376462,0.00026495
2013-09-23,0.001508326,-0.008540627,0.002226801,0.010184799,0.004078112,0.012427905,0,0.00169342,0.842114372,-0.007626135,1.422200664,0.004971219
2013-09-24,-0.001745536,-0.008330364,0.00338633,0.010317067,0.004976186,0.012058734,2,0.003073025,0.839004555,-0.002100138,1.433130875,0.004078112
2013-09-25,-0.001264254,-0.006925085,0.000844016,0.013187227,0.001653895,0.015944361,0,0.001247076,0.771876604,-0.094745004,1.359382316,0.004976186
2013-09-26,0.000117843,-0.006072136,0.003496811,0.013323478,0.001074737,0.016754149,4,0.001622656,0.771244199,-0.088820178,1.358922703,0.001653895
2013-09-27,-0.000498958,-0.001882579,0.00253903,0.012492989,0.00016119,0.01194412,0,0.001355265,0.79318015,-0.048877433,1.304484528,0.001074737
2013-09-30,-0.002414509,-0.005805414,0.003370393,0.013636581,0.005675128,0.013541137,0,0.00357789,0.823428951,-0.018685422,1.013348717,0.00016119
2013-10-01,-0.003875197,-0.007935076,0.004287265,0.014537515,0.004655956,0.013220907,4,0.004027179,0.822580861,-0.016423694,1.052366164,0.005675128
2013-10-02,-0.003195329,-0.009866151,-0.000108678,0.013584822,-0.003830857,0.007736155,0,0.002014186,0.812834824,0.04095822,1.104269498,0.004655956
2013-10-03,-5.15E-05,-0.010035501,-0.001700384,0.008387627,-0.001800003,0.004861415,0,0.000996658,0.839349315,0.068105116,1.138682182,-0.003830857
2013-10-04,-0.001966801,-0.011503343,0.001784441,0.007633037,-0.000188549,0.004511675,4,0.001533372,0.842842034,0.049661884,1.121186115,-0.001800003
2013-10-07,-0.000543966,-0.009632801,-0.001319955,0.002942689,-0.003080264,-0.004243717,0,0.001343499,0.842530424,0.019101473,1.105683524,-0.000188549
2013-10-08,0.001658389,-0.004099214,-0.007832445,-0.00917702,-0.005130356,-0.014030029,0,0.004414769,0.851413386,0.028832525,1.17905483,-0.003080264
2013-10-09,0.001214672,0.000310787,-0.005198991,-0.014267334,-0.004208904,-0.014408076,2,0.003132495,0.863839271,0.051004446,1.194621463,-0.005130356
2013-10-10,-4.40E-06,0.000357894,0.000713465,-0.011853485,0.00305355,-0.009554524,4,0.001448436,0.914669373,0.075320058,1.152765183,-0.004208904
2013-10-11,0.001047561,0.003372256,0.001974331,-0.011663594,0.007486049,-0.001879925,4,0.003338267,0.917393096,0.074551061,1.186946087,0.00305355
2013-10-14,0.000134799,0.004051021,0.002088291,-0.008255348,0.001442597,0.002642936,4,0.001016678,0.932984381,0.090453958,1.198850829,0.007486049
2013-10-15,-0.001657784,0.000734848,0.001498235,0.001075332,-0.00275502,0.005018272,0,0.001867209,0.935313358,0.083899972,1.198467922,0.001442597
2013-10-16,-0.000254675,-0.0007345,-0.001832414,0.004441909,-0.001946468,0.007280708,4,0.001023709,0.93592636,0.072087089,1.191520028,-0.00275502
2013-10-17,-0.006863104,-0.007593203,-0.000562327,0.003166116,0.002254934,0.006482092,3,0.003908095,0.932489091,0.017819718,1.19169152,-0.001946468
2013-10-18,-0.004707527,-0.013348291,0.006621119,0.007812904,0.00474901,0.003745053,4,0.005081193,0.933690497,0.016297402,1.228021455,0.002254934
2013-10-21,-0.000575639,-0.014058729,0.001381277,0.00710589,-0.002148116,0.000154341,2,0.00146095,0.933716033,0.000731652,1.246137322,0.00474901
2013-10-22,-0.000830614,-0.013231559,-0.003295515,0.00231214,-0.002893584,1.58E-05,4,0.001592071,0.934077385,-0.001235973,1.245479593,-0.002148116
2013-10-23,0.001217075,-0.011759809,-0.001006519,0.003138035,0.000514032,0.002476277,0,0.000935828,0.934519359,-0.001407001,1.243923375,-0.002893584
2013-10-24,0.002948475,-0.00194823,0.002334161,0.006034523,0.003850961,0.004072304,4,0.001644796,0.933556896,0.001067805,1.250476438,0.000514032
2013-10-25,-0.000455266,0.002304031,-0.000726785,-0.001313381,-0.004841152,-0.005517859,3,0.002243694,0.929993108,-0.003697389,1.254743228,0.003850961
2013-10-28,-0.001415562,0.001464109,-0.002148308,-0.004842966,-0.001659714,-0.005029458,1,0.000922359,0.937831669,0.004115635,1.287728616,-0.004841152
2013-10-29,0.001562408,0.003857131,-0.002474518,-0.004021969,-0.002799637,-0.004935511,4,0.002078306,0.93837702,0.004299635,1.261793837,-0.001659714
2013-10-30,0.000952279,0.003592335,-0.000622777,-0.003638227,-0.009097967,-0.01454751,0,0.004649237,0.935873856,0.001354497,1.303013703,-0.002799637
2013-10-31,-0.000838681,-0.000194821,0.001067228,-0.00490516,-0.001004394,-0.019402866,0,0.000948804,0.930866268,-0.002690628,1.316846966,-0.009097967
2013-11-01,0.001580696,0.001841142,-0.002304939,-0.006483314,-0.006979682,-0.021541396,3,0.00372781,0.924286589,-0.005706519,1.327779713,-0.001004394
2013-11-04,-0.002055924,0.001200779,0.000138753,-0.004196254,0.007879003,-0.012002679,4,0.004375649,0.906734685,-0.031096984,1.377419877,-0.006979682
2013-11-05,0.00147222,0.00111059,0.003639859,0.001918123,-0.001431288,-0.01063433,1,0.002166221,0.888293899,-0.050083122,1.391476854,0.007879003
2013-11-06,0.00394761,0.004105921,-0.006266212,-0.003725312,-0.008760986,-0.010297349,2,0.005799845,0.867510277,-0.068363579,1.401536313,-0.001431288
2013-11-07,0.003513165,0.008457767,-0.005889783,-0.010682323,-0.004675456,-0.01396841,0,0.004338157,0.837187583,-0.093678685,1.439413927,-0.008760986
2013-11-08,-0.002635142,0.004241929,0.002581738,-0.005795646,0.00582661,-0.001162118,4,0.003615994,0.857211924,-0.067074665,1.412354031,-0.004675456
2013-11-11,0.000629013,0.006926867,-0.00057978,-0.006514178,0.000667337,-0.008373784,4,0.000591262,0.855442585,-0.0512921,1.405362073,0.00582661
2013-11-12,0.000316382,0.005771029,0.00240634,-0.007747698,0.002345943,-0.004596553,1,0.001287268,0.84386313,-0.044430768,1.410789285,0.000667337
2013-11-13,-0.003567668,-0.001744249,0.003518166,0.00203668,0.001613724,0.005778158,4,0.003005448,0.830977314,-0.036532963,1.495907182,0.002345943
2013-11-14,-0.001381206,-0.00663862,-0.00302171,0.004904753,-0.005491279,0.004962334,3,0.002360709,0.840801006,0.003613423,1.478742381,0.001613724
2013-11-15,0.001156594,-0.002846885,-0.000888489,0.001434527,6.05E-05,-0.000803825,4,0.000837414,0.858316575,0.001104651,1.441907967,-0.005491279
2013-11-18,0.004601756,0.001125858,-0.00559551,-0.003581203,-0.004309339,-0.005780501,1,0.004619726,0.853665521,-0.001777063,1.446202701,6.05E-05
2013-11-19,0.001482225,0.002291701,-0.002401308,-0.008388851,-0.003306625,-0.011433069,0,0.002193391,0.856032477,0.012169347,1.465831709,-0.004309339
2013-11-20,-0.000513052,0.005346317,0.001024059,-0.010882958,0.002197581,-0.010849213,0,0.001198217,0.847764099,0.016786785,1.472173646,-0.003306625
2013-11-21,-0.001253488,0.005474034,0.004043172,-0.003818075,0.009774344,0.004416411,4,0.004966306,0.853988139,0.013187132,1.559846432,0.002197581
2013-11-22,-0.001533461,0.002783979,0.000701001,-0.002228586,-0.000226567,0.004129393,4,0.000933426,0.857768549,-0.000548026,1.565074978,0.009774344
2013-11-25,0.001747723,-7.01E-05,0.001995442,0.005362367,0.001086269,0.009525002,2,0.000891711,0.857091411,0.00342589,1.558028736,-0.000226567
2013-11-26,-0.000133631,-0.001685911,0.005636295,0.013399969,0.008534611,0.021366238,4,0.004295889,0.847521405,-0.008511073,1.611299455,0.001086269
2013-11-27,-0.000956964,-0.002129822,0.004215701,0.016591611,0.003493718,0.022662375,4,0.002549187,0.837883114,-0.009880985,1.552002162,0.008534611
2013-11-29,0.0001074,-0.000768934,0.004522108,0.017070547,0.002151943,0.015039974,2,0.002128758,0.830053262,-0.023934876,1.557315961,0.003493718
2013-12-02,-0.002115435,-0.001350908,-0.000887302,0.015482244,-0.009398868,0.005867674,0,0.004287623,0.846108794,-0.011659755,1.621599177,0.002151943
2013-12-03,-0.002700521,-0.005799151,0.001203499,0.0146903,-0.001542579,0.003238825,0,0.001713766,0.850977051,-0.00611436,1.571935812,-0.009398868
2013-12-04,-0.000258371,-0.005923891,0.001502493,0.010556498,-0.000833611,-0.006129397,1,0.000996162,0.852665094,0.005143689,1.574352435,-0.001542579
2013-12-05,4.39E-05,-0.004922996,0.003152144,0.009492941,0.00532053,-0.004302585,1,0.002589262,0.891330015,0.053446902,1.544769239,-0.000833611
2013-12-06,0.001304852,-0.003725544,-0.003924367,0.001046466,-0.003268652,-0.00972318,4,0.00252453,0.836523407,0.006470145,1.477793482,0.00532053
2013-12-09,-0.001482797,-0.003092906,-0.0002831,0.001650668,-0.003513974,-0.003838287,3,0.001597664,0.782918922,-0.063189872,1.500659706,-0.003268652
2013-12-10,-9.04E-05,-0.000482825,0.001152552,0.001599721,-0.005503074,-0.007798782,0,0.002982719,0.791769959,-0.059207093,1.546750952,-0.003513974
2013-12-11,0.003234702,0.003010248,-0.002675833,-0.002578605,-0.004997524,-0.011962695,0,0.00354369,0.837146814,-0.01551828,1.521264328,-0.005503074
2013-12-12,-0.002814535,0.000151782,0.002425523,-0.003305226,0.005383316,-0.011899908,1,0.00349042,0.810627706,-0.080702309,1.532561761,-0.004997524
2013-12-13,0.001113053,-4.00E-05,0.000746485,0.001365626,0.003521764,-0.005109492,3,0.001523083,0.81779893,-0.018724477,1.584721445,0.005383316
2013-12-16,0.001867418,0.003310199,0.000807789,0.002456514,0.00519571,0.003600192,4,0.002283808,0.832485517,0.049566595,1.619976481,0.003521764
2013-12-17,0.002519496,0.005920135,0.001655429,0.002959391,0.002248216,0.011351482,0,0.00112969,0.85616974,0.064399781,1.582119978,0.00519571
2013-12-18,0.001759294,0.004444727,-0.00505004,0.000585185,-0.003343806,0.0130052,4,0.003097027,0.868228697,0.031081883,1.32991573,0.002248216
2013-12-19,0.001267044,0.008526306,-0.002352944,-0.004193282,-0.006741226,0.000880658,1,0.00352467,0.858907012,0.048279305,1.379224165,-0.003343806
2013-12-20,-0.002210902,0.005202351,0.006610591,0.001670824,0.013697563,0.011056457,4,0.007172484,0.832312694,0.014513764,1.427443751,-0.006741226
2013-12-23,-0.000784937,0.002549995,0.005396726,0.006259761,0.004028892,0.009889639,4,0.00301703,0.832011138,-0.000474379,1.450624624,0.013697563
2013-12-24,0.000943648,0.000974147,-0.001341232,0.0032631,0.001038513,0.008679936,4,0.001105318,0.830534571,-0.025635169,1.451433394,0.004028892
2013-12-26,0.002716438,0.001931292,-0.001908202,0.006404939,-0.00400297,0.008020772,4,0.002857298,0.833055726,-0.035172971,1.41158209,0.001038513
2013-12-27,0.000247395,0.000911642,-0.00220796,0.006549923,-0.001006073,0.013755925,0,0.001117771,0.835755639,-0.023151372,1.402583728,-0.00400297
2013-12-30,0.001748512,0.004871055,-0.000395801,-0.00045647,-0.000251453,-0.000193091,1,0.000995655,0.840067813,0.007755119,1.404937073,-0.001006073
2013-12-31,0.000423545,0.006079537,0.001423313,-0.004429883,-0.001327288,-0.00554927,4,0.00114009,0.838123655,0.006112517,1.321060787,-0.000251453
2014-01-02,0.000705201,0.00584109,0.000843343,-0.002245308,-0.002263815,-0.008851598,0,0.001438227,0.854866653,0.024332082,1.309380245,-0.001327288
2014-01-03,0.002073492,0.005198144,-0.002364188,-0.002701294,0.004988805,0.000140177,2,0.003122973,0.846543536,0.01348781,1.311779906,-0.002263815
2014-01-06,-0.000214395,0.004736355,-0.001906833,-0.002400167,-0.005239313,-0.004093063,0,0.002421293,0.856070626,0.020314987,1.36605553,0.004988805
2014-01-07,0.000359769,0.003347612,0.003492955,0.00148859,0.003022118,-0.000819492,4,0.001793275,0.858862246,0.018794433,1.4503108,-0.005239313
2014-01-08,-0.003921852,-0.000997785,0.003200574,0.003265851,6.53E-05,0.000573127,1,0.002916693,0.850601545,0.01247789,1.446802588,0.003022118
2014-01-09,-0.001441037,-0.003144023,-0.002612164,-0.000189656,0.000420394,0.003257335,2,0.001387732,0.847993535,-0.006873118,1.410938999,6.53E-05
2014-01-10,-0.002772921,-0.007990436,0.002132489,0.004307021,0.003017009,0.001285539,3,0.002577267,0.806089333,-0.040454203,1.398262654,0.000420394
2014-01-13,0.001699417,-0.006076624,-0.00215375,0.004060104,-0.001561969,0.004962883,0,0.001727236,0.85968545,0.003614824,1.366248019,0.003017009
2014-01-14,-0.003655125,-0.010091518,0.006048024,0.006615173,0.002513046,0.004453812,4,0.004092141,0.863120905,0.004258658,1.349143036,-0.001561969
2014-01-15,0.001426131,-0.004743535,0.002434726,0.005849325,0.001631435,0.006019916,4,0.001013575,0.861891258,0.011289713,1.325737575,0.002513046
2014-01-16,-0.002599196,-0.005901694,0.002251574,0.010713063,0.002866514,0.008466036,2,0.00248033,0.857110121,0.009116586,1.333446096,0.001631435
2014-01-17,0.006430542,0.003301769,-0.001113672,0.007466903,-0.000111601,0.005337426,1,0.003455955,0.846987473,0.04089814,1.513773827,0.002866514
2014-01-21,-0.00545425,-0.003851898,0.003920971,0.013541624,0.003449775,0.01034917,3,0.004324564,0.838798571,-0.020886878,1.470824421,-0.000111601
2014-01-22,-0.003081709,-0.003278482,0.003496795,0.010990395,0.004151694,0.011987817,3,0.003353963,0.85028907,-0.012831835,1.30790311,0.003449775
2014-01-23,-0.001877444,-0.006582057,0.003228421,0.01178409,0.001375181,0.011731563,0,0.002158752,0.853263664,-0.008627594,1.240465919,0.004151694
2014-01-24,0.001253228,-0.002729633,-0.00063905,0.008893465,-0.003312002,0.005553047,0,0.001926029,0.909089632,0.051979512,1.219330283,0.001375181
2014-01-27,0.002288322,-0.006871852,-0.005964541,0.004042596,-0.00954956,-0.003884912,0,0.005424511,0.902849469,0.055861996,1.306310693,-0.003312002
2014-01-28,-0.00041271,-0.001830312,-0.002614024,-0.002492399,0.00315458,-0.004180107,4,0.002377025,0.904797194,0.065998623,1.311553063,-0.00954956
2014-01-29,-0.001723625,-0.000472228,-0.001157687,-0.007146882,-0.003707745,-0.012039546,0,0.001549685,0.913684113,0.063395043,1.323079409,0.00315458
2014-01-30,-0.004250591,-0.002845376,0.006338623,-0.00403668,0.003748891,-0.009665835,4,0.004610945,0.921139671,0.067876007,1.32784735,-0.003707745
2014-01-31,-0.003008095,-0.007106699,0.001806574,-0.001591055,-0.000984303,-0.007338136,0,0.002007215,0.918053453,0.008963821,1.325213431,0.003748891
2014-02-03,0.00210887,-0.007286151,-0.003302172,0.001071314,-0.009528802,-0.007317379,0,0.005079661,0.943368425,0.040518956,1.35395196,-0.000984303
2014-02-04,-0.002910865,-0.009784306,0.000997375,0.004682712,-9.41E-05,-0.010566051,4,0.001680193,0.947475075,0.042677881,1.330407495,-0.009528802
2014-02-05,0.001705873,-0.006354808,-0.002935486,0.002904913,-0.006392526,-0.013250832,0,0.003552803,0.938589804,0.024905691,1.335995643,-9.41E-05
2014-02-06,-0.000241418,-0.002345635,-0.001067376,-0.004501085,-0.002952297,-0.019952021,4,0.001338458,0.940278992,0.019139322,1.289719494,-0.006392526
2014-02-07,-0.00267711,-0.00201465,0.003586865,-0.002720794,-0.001847164,-0.020814882,4,0.002782376,0.944761908,0.026708455,1.256021568,-0.002952297
2014-02-10,-0.001079969,-0.005203488,0.0038248,0.004406178,0.000382473,-0.010903606,4,0.002121061,0.945569346,0.002200921,1.250222541,-0.001847164
2014-02-11,0.001137161,-0.001155462,-0.000717378,0.002691425,-0.001721448,-0.012530962,4,0.001203823,0.942393349,-0.005081727,1.244266602,0.000382473
2014-02-12,-0.00166001,-0.004521346,0.002709676,0.008336588,0.003258207,-0.002880229,2,0.002314768,0.939517104,0.000927301,1.243938689,-0.001721448
2014-02-13,-0.001814065,-0.006093993,0.003536415,0.012940378,0.007582244,0.007654312,4,0.004149041,0.937133386,-0.003145606,1.271648301,0.003258207
2014-02-14,0.003082526,-0.000334357,-0.004008009,0.005345505,-0.003561362,0.005940115,4,0.003327484,0.932233694,-0.012528214,1.263178716,0.007582244
2014-02-18,-0.002643906,-0.001898295,0.005595878,0.007116583,0.009462518,0.015020159,3,0.005456294,0.930959178,-0.014610169,1.290419987,-0.003561362
2014-02-19,0.000960635,-0.002074821,-0.001639049,0.006194911,-0.004196303,0.012545305,0,0.00225666,0.936468892,-0.005924456,1.290249608,0.009462518
2014-02-20,-0.00025268,-0.000667491,0.000946797,0.004432031,0.005279704,0.014566802,4,0.002576426,0.940239372,0.000722268,1.300359864,-0.004196303
2014-02-21,6.36E-05,0.001210199,0.000950067,0.001845683,0.004078092,0.01106265,1,0.001919717,0.940539534,0.003406148,1.317507295,0.005279704
2014-02-24,0.000260201,-0.001612126,0.000742049,0.006595741,0.002314237,0.016938249,4,0.001036704,0.927354679,-0.004879015,1.375333294,0.004078092
2014-02-25,-0.000348366,0.000683415,9.45E-05,0.00109437,0.000837543,0.008313274,0,0.000498864,0.933407422,0.002448244,1.327610188,0.002314237
2014-02-26,0.001136492,0.000859271,0.001020351,0.00375377,0.00657519,0.019084767,4,0.002972303,0.931945355,-0.004523538,1.327484685,0.000837543
2014-02-27,-0.000363172,0.00074878,0.001305028,0.004112001,0.000313804,0.014118867,4,0.000716309,0.924312974,-0.015926398,1.322466107,0.00657519
2014-02-28,0.000231488,0.000916643,-0.00528491,-0.002122975,-0.006920521,0.003120254,2,0.003653019,0.917434644,-0.02310489,1.331843847,0.000313804
2014-03-03,-0.002054402,-0.00139796,0.000226149,-0.002638876,0.00175181,0.002557827,0,0.001564085,0.917678821,-0.009675858,1.313976423,-0.006920521
2014-03-04,-0.001158039,-0.002207633,0.002154419,-0.000578963,0.011926819,0.013647103,4,0.005957609,0.861357249,-0.072050172,1.381856389,0.00175181
2014-03-05,-0.002126469,-0.005470594,0.001431089,-0.000168225,-0.002216205,0.004855708,1,0.001766552,0.863238907,-0.068706448,1.40623365,0.011926819
2014-03-06,0.002047991,-0.003059431,-0.003057982,-0.004531235,-0.002853647,0.001688257,2,0.002446555,0.857180248,-0.067132726,1.363000446,-0.002216205
2014-03-07,0.001337672,-0.001953247,-0.004200248,-0.003446573,-0.00155137,0.007057408,2,0.002378197,0.852548824,-0.06488582,1.448410387,-0.002853647
2014-03-10,-0.00160781,-0.001506655,5.51E-05,-0.003617645,-0.001849517,0.003456081,0,0.001018982,0.851574997,-0.066103824,1.577017597,-0.00155137
2014-03-11,0.000979752,0.000631136,-0.00121397,-0.006986034,-0.006205112,-0.01467585,0,0.00319222,0.866957764,0.005600515,1.623403647,-0.001849517
2014-03-12,-0.000988481,0.001769124,0.003435127,-0.004981997,0.003327498,-0.009132147,3,0.002274075,0.861102672,-0.002136235,1.737411242,-0.006205112
2014-03-13,-0.002479627,-0.002758494,-0.002888136,-0.004812151,-0.000585915,-0.006864415,0,0.001410863,0.888862477,0.031682229,1.61190782,0.003327498
2014-03-14,0.000139187,-0.003956979,-0.000705941,-0.001317845,0.006786541,0.001473495,1,0.003507298,0.881108424,0.0285596,1.568216233,-0.000585915
2014-03-17,0.00166939,-0.000679779,-0.001462366,-0.002835287,-0.003811599,-0.000488587,4,0.002324179,0.888903407,0.03732841,1.50283127,0.006786541
2014-03-18,-0.001732564,-0.003392095,0.005196643,0.003575326,0.006854323,0.012570849,4,0.004097612,0.906584555,0.039626791,1.492818696,-0.003811599
2014-03-19,-0.000853573,-0.003257187,0.000199755,0.000339954,-0.001663906,0.007579445,0,0.000855202,0.906208928,0.045106256,1.468652528,0.006854323
2014-03-20,0.000667037,-0.000110522,-0.003312215,-8.41E-05,-0.003257866,0.004907493,4,0.002106966,0.896353824,0.007491347,1.426634589,-0.001663906
2014-03-21,0.001203792,0.000954082,-0.006951328,-0.006329512,-0.001443008,-0.003322056,0,0.003602146,0.892105696,0.010997272,1.435667913,-0.003257866
2014-03-24,0.003275627,0.002560319,-0.006977923,-0.01184507,-0.008192966,-0.007703423,0,0.005512758,0.878339218,-0.010564189,1.496989509,-0.001443008
2014-03-25,0.00119255,0.005485433,-0.002531559,-0.019573272,-0.004546996,-0.019104742,3,0.002571956,0.873859802,-0.032724753,1.484101439,-0.008192966
2014-03-26,0.000964923,0.007303929,-0.007411808,-0.027184835,-0.012311146,-0.029751982,0,0.006310424,0.882551043,-0.023657884,1.559293045,-0.004546996
2014-03-27,0.001609282,0.008246173,-0.003467637,-0.027340256,-0.001609315,-0.02810343,0,0.00217547,0.879174622,-0.017179202,1.563646019,-0.012311146
2014-03-28,-0.00101893,0.006023452,-0.003538893,-0.023927821,-0.004308102,-0.030968524,4,0.002038837,0.883784059,-0.008321637,1.548255064,-0.001609315
2014-03-31,0.000319355,0.003067179,0.002455937,-0.01449396,0.010371163,-0.012404396,4,0.004847244,0.895716697,0.01737748,1.681042095,-0.004308102
2014-04-01,-0.002470964,-0.000596335,0.009295951,-0.002666451,0.006246841,-0.001610559,4,0.00544136,0.857847559,-0.016012243,1.640525371,0.010371163
2014-04-02,-0.000409155,-0.001970412,-0.000878423,0.003866935,0.000602421,0.011303008,4,0.000628381,0.862806047,-0.019744996,1.63993318,0.006246841
2014-04-03,0.001099979,-0.002479715,-0.007968307,-0.000633735,-0.008721695,0.004190627,0,0.005164289,0.859248251,-0.01992637,1.678366212,0.000602421
2014-04-04,0.002924875,0.001464091,-0.013686006,-0.010780848,-0.011149828,-0.002651098,0,0.008168186,0.882751941,-0.001032118,1.695890639,-0.008721695
2014-04-07,0.00059095,0.001735687,-0.00088359,-0.014120375,-0.004568789,-0.017591049,0,0.002316277,0.889161915,-0.006554783,1.651923737,-0.011149828
2014-04-08,-0.003111606,0.001095044,0.004371065,-0.019045261,0.003677449,-0.020160441,4,0.003474606,0.884700185,0.026852626,1.657069643,-0.004568789
2014-04-09,0.000216122,0.001720321,0.006234448,-0.01193239,0.002785796,-0.017977066,4,0.002906779,0.900616015,0.037809967,1.618736086,0.003677449
2014-04-10,0.004731407,0.005351748,-0.010406627,-0.01437071,-0.007134801,-0.016390172,0,0.006845079,0.927261417,0.068013166,1.569377166,0.002785796
2014-04-11,0.000619999,0.003046872,-0.003972294,-0.004656998,-0.004956241,-0.010196585,0,0.002797016,0.936794195,0.054042253,1.549190997,-0.007134801
2014-04-14,0.00091513,0.003371051,-0.002459744,-0.006233152,-0.004671892,-0.010299688,4,0.002520128,0.936937463,0.047775548,1.556010422,-0.004956241
2014-04-15,-0.001227112,0.005255545,-0.003887318,-0.014491535,-0.003029599,-0.017006736,4,0.001752542,0.93623896,0.051538775,1.499136187,-0.004671892
2014-04-16,-0.000503967,0.004535457,0.002390832,-0.018335151,0.000475712,-0.01931682,4,0.001265032,0.944977062,0.044361048,1.497024788,-0.003029599
2014-04-17,-0.002356458,-0.002552408,0.000907995,-0.007020529,0.00403876,-0.008143259,3,0.002646477,0.940572417,0.013310999,1.523805259,0.000475712
2014-04-21,-0.001290006,-0.004462413,0.002567545,-0.00048069,0.000100084,-0.003086935,4,0.00161162,0.941370607,0.004576412,1.528838794,0.00403876
2014-04-22,-0.000132814,-0.005510356,0.005552917,0.007531971,0.007491962,0.009076919,4,0.003885943,0.940968739,0.004031276,1.545805148,0.000100084
2014-04-23,0.001445308,-0.002837937,-0.006106664,0.005312624,-0.005193019,0.006913499,0,0.003744798,0.943167431,0.006928471,1.559430425,0.007491962
2014-04-24,-0.001715488,-0.004049458,0.003449195,0.006370987,-0.004098264,0.002339523,2,0.003174788,0.939383165,-0.005593897,1.509871389,-0.005193019
2014-04-25,-0.000402488,-0.002095488,-0.009570697,-0.004107705,-0.010677008,-0.012376246,0,0.005748946,0.943365989,0.002793573,1.54627285,-0.004098264
2014-04-28,0.002089515,0.001284032,-0.003515513,-0.010190763,-0.00856094,-0.02103727,2,0.004657606,0.936779787,-0.00459082,1.55467729,-0.010677008
2014-04-29,0.000503318,0.001920164,0.002377092,-0.013366588,-0.001380304,-0.029909536,4,0.001554194,0.938465471,-0.002503267,1.485544689,-0.00856094
2014-04-30,-0.000241418,0.000233438,-0.000305658,-0.007565582,0.002377998,-0.022338519,4,0.001286923,0.94132902,-0.001838411,1.46032942,-0.001380304
2014-05-01,-0.001182673,0.000766253,0.003271185,-0.007743591,-0.000646859,-0.018887114,1,0.00199985,0.938479255,-0.00090391,1.456131172,0.002377998
2014-05-02,-0.001431177,-0.000262436,0.000488819,0.002315924,0.003859659,-0.004350446,1,0.002240277,0.937718082,-0.005647907,1.448789939,-0.000646859
2014-05-05,-0.000800562,-0.003152513,0.001558332,0.007389769,-0.004086665,0.00012383,3,0.002380458,0.932097757,-0.00468203,1.403547418,0.003859659
2014-05-06,0.0011623,-0.002493531,-0.004914814,9.79E-05,-0.007343314,-0.00583918,0,0.004027044,0.933625198,-0.004840273,1.435910848,-0.004086665
2014-05-07,0.001539075,-0.000713037,-0.008813668,-0.008410146,-0.005113478,-0.013330656,3,0.004755035,0.926490475,-0.014838545,1.403203743,-0.007343314
2014-05-08,0.003335992,0.003805628,-0.002608583,-0.014289914,-0.008707198,-0.021390996,1,0.005093447,0.910052039,-0.028427217,1.410622641,-0.005113478
2014-05-09,0.000435491,0.005672297,0.003496876,-0.011281857,0.007362888,-0.017887767,4,0.003402657,0.849891319,-0.087826764,1.624558971,-0.008707198
2014-05-12,-0.002887356,0.003585502,0.007899049,-0.004941139,0.013963938,0.000162836,4,0.007652989,0.830046698,-0.102051059,1.91908297,0.007362888
2014-05-13,0.000773674,0.003196877,-0.003730807,-0.003757132,-0.011500312,-0.003994162,2,0.005613087,0.832047707,-0.101577491,2.063513948,0.013963938
2014-05-14,-0.001376771,0.000281031,-0.002465868,0.002590668,-0.011491132,-0.010371816,0,0.005203877,0.848715522,-0.077774953,2.160738048,-0.011500312
2014-05-15,-0.000706475,-0.003761437,0.001733859,0.006933109,0.002903288,0.00123867,0,0.001640316,0.819374388,-0.090677651,2.08281983,-0.011491132
2014-05-16,-0.001037925,-0.005234853,0.001480726,0.004916959,0.002554154,-0.003570065,4,0.001586201,0.828270853,-0.021620465,2.066189694,0.002903288
2014-05-19,-0.00259215,-0.004939647,0.004735729,0.001753639,0.006553525,-0.010980478,4,0.004210509,0.823676783,-0.006369915,2.120009167,0.002554154
2014-05-20,-0.001845651,-0.007558972,-0.000514591,0.004969855,-0.008424221,-0.007904386,0,0.003897117,0.82655983,-0.005487877,2.056620905,0.006553525
2014-05-21,0.001565088,-0.004617113,0.000338705,0.007774428,-0.002877876,0.00070887,4,0.00188053,0.83377791,-0.014937612,1.960791476,-0.008424221
2014-05-22,-0.001753598,-0.005664236,0.003143861,0.00918443,0.006876238,0.004681821,4,0.003792882,0.833672069,0.014297681,2.008852475,-0.002877876
2014-05-23,-0.000426978,-0.005053289,0.003307321,0.011011025,0.006760376,0.008888043,4,0.003346018,0.813384157,-0.014886696,2.040485976,0.006876238
2014-05-27,-0.001809681,-0.00427082,0.006201753,0.01247705,0.008146032,0.01048055,4,0.00478865,0.836371972,0.012695189,2.070716258,0.006760376
2014-05-28,-0.001426407,-0.003851575,-0.001719044,0.011272596,-0.003729712,0.015175058,0,0.001536612,0.838784443,0.012224613,2.102765272,0.008146032
2014-05-29,-0.001418954,-0.006835617,4.56E-05,0.010979478,-0.002374922,0.015678013,4,0.001175208,0.837571338,0.003793428,2.064323274,-0.003729712
2014-05-30,-0.000738932,-0.005820951,-0.003097509,0.004738108,-0.006739572,0.002062202,2,0.003033117,0.835062826,0.001390757,2.077831816,-0.002374922
2014-06-02,0.000854047,-0.004539926,-0.002005872,-0.000575086,-0.005675858,-0.010374031,2,0.002904822,0.836781245,0.023397088,2.098874405,-0.006739572
2014-06-03,-0.00089311,-0.003623355,-0.000357346,-0.007134185,-0.002059683,-0.020579746,0,0.0008997,0.839169772,0.0027978,2.096210473,-0.005675858
2014-06-04,-0.000981956,-0.003178904,0.002248861,-0.00316628,0.002602036,-0.014247998,4,0.001736858,0.810940034,-0.027844409,2.205839605,-0.002059683
2014-06-05,-0.000631596,-0.002391546,0.003928984,0.000717118,0.01338137,0.001508294,4,0.006464046,0.858521727,0.020950389,2.357209123,0.002602036
2014-06-06,0.000606205,-0.00104641,0.001224428,0.005039056,0.005102088,0.013349954,4,0.002300895,0.873764753,0.038701926,2.309335343,0.01338137
2014-06-09,0.000173082,-0.001727375,0.002489935,0.009534863,0.008177182,0.027202994,4,0.003817441,0.87160896,0.034827715,2.308608258,0.005102088
2014-06-10,0.000412458,-0.000421808,0.000651759,0.010543968,-0.002453517,0.02680916,2,0.001429699,0.85917823,0.020008457,2.245479759,0.008177182
2014-06-11,-0.002496344,-0.001936196,0.00214311,0.010438216,-0.001586177,0.022620947,0,0.002033083,0.878126179,0.067186144,2.108880473,-0.002453517
2014-06-12,0.000580601,-0.000723998,-0.000835391,0.005673841,0.000829002,0.010068578,0,0.000739322,0.87203259,0.013510862,1.861393201,-0.001586177
2014-06-13,-0.000649749,-0.001979953,-0.000104658,0.004344755,-0.000304579,0.004661911,4,0.000286084,0.866324386,-0.007440367,2.111057931,0.000829002
2014-06-16,-0.000522288,-0.002675323,0.001584985,0.003439804,0.002717967,-0.000797304,4,0.001483122,0.864500207,-0.007108752,2.115296192,-0.000304579
2014-06-17,-0.000533959,-0.003621739,0.001555656,0.004343702,0.006193651,0.007849864,4,0.003057841,0.868967618,0.009789388,2.111553067,0.002717967
2014-06-18,-0.001868163,-0.002993558,-0.001801949,0.000398644,-0.002171687,0.007264354,4,0.000986851,0.82278193,-0.055344248,1.959517302,0.006193651
2014-06-19,-0.000399179,-0.003973338,-0.002081455,-0.00084742,-0.000516238,0.005919114,3,0.00091524,0.840816996,-0.031215594,2.112728847,-0.002171687
2014-06-20,-0.000215706,-0.003539295,0.000267448,-0.000475315,0.001980691,0.008204384,4,0.001001415,0.848169251,-0.018155135,2.078601201,-0.000516238
2014-06-23,-0.000447164,-0.003464171,0.000279012,-0.001781287,-0.002800142,0.002686275,1,0.001404268,0.844589965,-0.019910242,2.058374582,0.001980691
2014-06-24,-0.000602286,-0.003532498,0.002251486,-0.001085458,-0.003475288,-0.006982664,0,0.002357677,0.861259213,-0.007708404,1.897733093,-0.002800142
2014-06-25,-0.001953807,-0.003618143,0.001851993,0.002568484,0.003128394,-0.001682583,4,0.002216908,0.861003848,0.038221918,1.864554241,-0.003475288
2014-06-26,-8.87E-05,-0.003307649,0.001017466,0.005667405,-0.000487596,-0.001653941,0,0.000640882,0.867417144,0.026600148,1.919889978,0.003128394
2014-06-27,-0.001570213,-0.004662156,0.002393209,0.007793167,0.005508086,0.001873453,4,0.003082822,0.879882288,0.031713038,1.899840037,-0.000487596
2014-06-30,-0.00112657,-0.005341561,0.002700256,0.010214411,0.003276856,0.007950452,2,0.002114741,0.894881548,0.050291582,1.836819948,0.005508086
2014-07-01,0.001009383,-0.003729892,0.004728489,0.012691414,0.004174444,0.015600183,4,0.002326653,0.898883973,0.03762476,1.772419445,0.003276856
2014-07-02,0.000530237,-0.001245848,-0.00086494,0.00997448,-0.00602139,0.006450399,2,0.00301034,0.885127225,0.024123377,1.839914288,0.004174444
2014-07-03,-5.87E-05,-0.001215862,0.000841657,0.009798671,0.001720931,0.008658926,4,0.000837868,0.883094375,0.015677232,1.589342183,-0.00602139
2014-07-07,0.001347158,0.001701509,-0.003766823,0.003638639,-0.013949001,-0.010798161,0,0.006918456,0.859381612,-0.020500676,1.873129402,0.001720931
2014-07-08,0.000142469,0.002970548,-0.00651231,-0.005573927,-0.005296591,-0.019371609,0,0.003486065,0.880594951,-0.014286597,1.783194793,-0.013949001
2014-07-09,2.78E-05,0.001988916,0.001624913,-0.008677503,-0.003218288,-0.026764341,4,0.002031887,0.877252282,-0.021631691,1.737472498,-0.005296591
2014-07-10,-2.19E-05,0.001436789,-0.001039962,-0.008852525,-0.006093133,-0.026836084,0,0.002910316,0.889986153,0.004858928,1.784455039,-0.003218288
2014-07-11,0.000227807,0.001723294,0.002908448,-0.006785734,-0.003132294,-0.031689308,3,0.002471317,0.884668727,0.001574352,1.922096999,-0.006093133
2014-07-14,0.001733569,0.002109705,0.000798222,-0.002220689,0.001424687,-0.01631562,4,0.000765664,0.884719237,0.025337625,1.916415727,-0.003132294
2014-07-15,0.00224231,0.004209546,-0.003492333,0.000799288,-0.009612727,-0.020631756,1,0.00516814,0.877779899,-0.002815052,1.981676137,0.001424687
2014-07-16,0.000341177,0.004522972,-0.002025424,-0.002851049,-0.006152942,-0.02356641,3,0.002984519,0.874090247,-0.003162035,1.89173814,-0.009612727
2014-07-17,0.002443089,0.006987951,-0.002321832,-0.004132919,-0.00380591,-0.021279186,0,0.002735591,0.893341559,0.003355405,1.755293033,-0.006152942
2014-07-18,-0.002971965,0.00378818,0.005409089,-0.001632279,0.005549954,-0.012596938,4,0.00420097,0.908720937,0.02405221,1.754431122,-0.00380591
2014-07-21,-0.000514333,0.001540278,0.000640699,-0.001789802,-0.001984606,-0.016006231,0,0.001118098,0.909241701,0.024522464,1.734790215,0.005549954
2014-07-22,-0.001385395,-0.002087427,0.00204986,0.003752391,0.003238531,-0.003154973,4,0.002065671,0.911425993,0.033646094,1.750071513,-0.001984606
2014-07-23,-0.003326472,-0.005755076,0.002206954,0.00798477,-5.91E-05,0.002938882,3,0.002279786,0.905821953,0.031731706,1.794494077,0.003238531
2014-07-24,-0.000653682,-0.008851847,-0.000843585,0.009463018,-0.002086723,0.004658068,1,0.000872182,0.904889922,0.011548363,1.779838309,-5.91E-05
2014-07-25,-0.002378489,-0.008258371,-0.000194128,0.0038598,-0.005169681,-0.006061567,0,0.002410719,0.906217649,-0.002503289,1.774677551,-0.002086723
2014-07-28,0.001009322,-0.006734716,-0.001333685,0.001885417,-0.004858584,-0.008935545,2,0.002561741,0.911772143,0.002530442,1.735459922,-0.005169681
2014-07-29,0.000379272,-0.004970048,0.004040756,0.003876312,0.006414337,-0.005759739,1,0.003069712,0.899245214,-0.012180779,1.693007299,-0.004858584
2014-07-30,-0.001940028,-0.003583604,0.004475502,0.00614486,0.004248081,-0.00145257,3,0.00317993,0.874590032,-0.03123192,1.68968128,0.006414337
2014-07-31,0.001240605,-0.001689318,-0.000886444,0.006102,-0.003181762,-0.002547609,0,0.001866339,0.908355799,0.003465877,1.444849039,0.004248081
2014-08-01,-0.001367806,-0.000678634,-0.001064575,0.005231553,-0.001799096,0.000822976,0,0.000766944,0.902795523,-0.003422126,1.433942742,-0.003181762
2014-08-04,-0.002571408,-0.004259365,-9.41E-06,0.006555824,0.001730837,0.007412397,4,0.001772701,0.92192968,0.010157536,1.357899501,-0.001799096
2014-08-05,0.001259059,-0.003379578,0.00262466,0.005139728,0.00683033,0.00782839,0,0.002968151,0.910449407,0.011204193,1.289919967,0.001730837
2014-08-06,0.000828168,-0.000611382,0.000491938,0.001156164,0.003535584,0.007115893,4,0.001584697,0.909384665,0.034794632,1.321146408,0.00683033
2014-08-07,0.000996269,-0.000855718,0.000950808,0.002993417,0.000414652,0.010712308,0,0.000474019,0.91093015,0.002574351,1.289871796,0.003535584
2014-08-08,-0.000186582,0.000325506,-0.003211247,0.000846745,-0.00116822,0.011343184,4,0.001471899,0.917068157,0.014272633,1.248199607,0.000414652
2014-08-11,-0.001786489,0.001110425,0.004182245,0.005038405,0.006552647,0.016164994,4,0.003812323,0.911674986,-0.010254693,1.280198116,-0.00116822
2014-08-12,0.00106803,0.000919396,-0.001110434,0.001303312,-0.006186392,0.003148272,0,0.003211735,0.922251995,0.011802588,1.256347857,0.006552647
2014-08-13,-0.001189102,-0.001097874,0.003488266,0.00429964,0.001008221,0.000620909,4,0.001988616,0.934952831,0.025568166,1.262899423,-0.006186392
2014-08-14,-0.000633197,-0.002727339,-8.98E-05,0.003259056,-0.002971099,-0.002764842,4,0.001393423,0.926171347,0.015241197,1.232720732,0.001008221
2014-08-15,-0.002974892,-0.005515649,0.002736925,0.009207228,-0.001417793,-0.003014416,1,0.002426622,0.916599664,-0.000468492,1.196016861,-0.002971099
2014-08-18,0.002001414,-0.001727746,0.001173314,0.006198296,0.006069675,-0.003497388,4,0.002636824,0.922866309,0.011191323,1.233880256,-0.001417793
2014-08-19,-0.000198275,-0.002994052,-0.000738496,0.006570234,-0.001480927,0.001208077,4,0.00066245,0.920435738,-0.001816257,1.211469303,0.006069675
2014-08-20,0.001038132,-0.000766817,-0.002702225,0.000379743,-0.00675062,-0.006550764,2,0.00347605,0.911863299,-0.023089532,1.216840319,-0.001480927
2014-08-21,0.000603064,0.000469444,-0.001704709,-0.001235191,-0.00077081,-0.004350476,4,0.000997889,0.911047346,-0.015124001,1.212320049,-0.00675062
2014-08-22,-0.000253883,0.003190453,0.00341668,-0.000555435,0.002261719,-0.000670964,2,0.00177925,0.906926724,-0.00967294,1.177012,-0.00077081
2014-08-25,-0.000336635,0.000852403,-0.000642553,-0.002371302,-0.000579505,-0.007320143,4,0.000291343,0.913512734,-0.009353575,1.15635844,0.002261719
2014-08-26,0.000694759,0.001745438,0.001861404,0.000228598,0.007452441,0.001613225,4,0.00338838,0.914277046,-0.006158693,1.196294272,-0.000579505
2014-08-27,0.000844617,0.001551922,-0.000273179,0.002657644,-0.002145565,0.006218281,2,0.001261214,0.920279746,0.008416447,1.197326627,0.007452441
2014-08-28,-0.000790395,0.000158462,-0.000920592,0.00344176,-0.004089782,0.002899308,0,0.001806129,0.848964711,-0.062082635,1.263134811,-0.002145565
2014-08-29,-0.002210175,-0.00179783,0.001624885,0.001649965,0.003863704,0.004501294,4,0.002566862,0.833851744,-0.07307498,1.269197773,-0.004089782
2014-09-02,-0.001263938,-0.002725133,0.004448997,0.006741515,0.004894592,0.00997539,2,0.003110625,0.814888036,-0.098624698,1.269131102,0.003863704
2014-09-03,0.001407266,-0.002012625,-0.004810054,7.01E-05,-0.005403432,-0.002880483,1,0.003412073,0.793840388,-0.120436657,1.556892771,0.004894592
2014-09-04,0.001026096,-0.001831146,-0.000712938,-0.000369703,-0.002730432,-0.00346535,0,0.00158699,0.804323837,-0.115955909,1.573307715,-0.005403432
2014-09-05,-0.001060345,-0.002101095,-0.000515983,3.49E-05,-0.002524642,-0.001900209,4,0.001089327,0.781686767,-0.067277945,1.668563924,-0.002730432
2014-09-08,0.001563079,0.001672158,0.0051247,0.003534723,0.004939199,-0.000824715,2,0.002536717,0.738435078,-0.095416666,1.806865351,-0.002524642
2014-09-09,0.000849292,0.003785389,-0.002181886,-0.00309616,-0.005283625,-0.011002932,0,0.002735875,0.810311048,-0.004576988,1.696048043,0.004939199
2014-09-10,-0.000421269,0.001956853,0.003851716,0.00556561,0.001946986,-0.003652513,4,0.001964242,0.808535186,0.014694798,1.644752905,-0.005283625
2014-09-11,-0.002036983,-0.001106226,0.000271207,0.006549755,0.005407711,0.004485629,3,0.003170188,0.777956368,-0.026367469,1.718343879,0.001946986
2014-09-12,0.002367209,0.002321328,0.000694035,0.007759773,-0.0040756,0.002934671,0,0.002734877,0.804656766,0.022969999,1.729166485,0.005407711
2014-09-15,0.003275519,0.004033768,-0.010008941,-0.007373869,-0.011504028,-0.013508556,1,0.007305236,0.755939088,0.01750401,1.883587869,-0.0040756
2014-09-16,-0.001553627,0.001630848,8.50E-06,-0.005183479,-0.003582752,-0.011807684,4,0.001700604,0.703009595,-0.107301453,1.728877524,-0.011504028
2014-09-17,0.000156333,0.00220845,0.000774362,-0.008260832,0.001239011,-0.012515659,4,0.000572223,0.693539417,-0.114995769,1.787720425,-0.003582752
2014-09-18,0.001461939,0.005707373,0.001945044,-0.006586995,-0.000227599,-0.018150969,4,0.001071626,0.729257354,-0.048699014,1.74118703,0.001239011
2014-09-19,0.00127343,0.004613594,-0.002496522,-0.009777552,-0.010233003,-0.024308372,1,0.005156164,0.716272524,-0.088384242,1.871770619,-0.000227599
2014-09-22,0.001830603,0.003168677,-0.003395689,-0.003164301,-0.007383437,-0.02018778,0,0.004057008,0.783981399,0.028042311,1.856679432,-0.010233003
2014-09-23,-0.001032105,0.0036902,0.00158802,-0.001584784,-0.003672689,-0.020277717,0,0.00220961,0.781590689,0.078581094,1.854268329,-0.007383437
2014-09-24,0.001197776,0.004731643,0.002465266,0.000106119,0.000733865,-0.020782863,4,0.001035626,0.81696268,0.123423263,1.697580133,-0.003672689
2014-09-25,0.000826847,0.00409655,-0.003311887,-0.005150812,0.000156123,-0.020399142,0,0.001854785,0.856478723,0.127221369,1.429357473,0.000733865
2014-09-26,0.001287874,0.004110994,0.001582274,-0.001072016,-0.000385208,-0.010551346,4,0.000960358,0.86997396,0.153701436,1.395497779,0.000156123
2014-09-29,9.69E-05,0.002377291,0.001144015,0.003467688,0.001280699,-0.00188721,0,0.000675454,0.871163795,0.087182396,1.360736962,-0.000385208
2014-09-30,0.001129488,0.004538885,2.07E-05,0.001900369,-0.011834748,-0.010049269,0,0.006131816,0.872006512,0.090415823,1.399068116,0.001280699
2014-10-01,-0.000737351,0.002603757,-0.002657953,-0.00322285,-0.001541403,-0.012324537,0,0.00113894,0.889085397,0.072122717,1.324914127,-0.011834748
2014-10-02,-0.000222972,0.001553938,0.001827231,0.001916268,0.010050878,-0.002429782,3,0.004845895,0.873200705,0.016721982,1.401099171,-0.001541403
2014-10-03,0.001238083,0.001504148,-0.000903494,-0.0005695,-0.003507479,-0.005552054,4,0.002011198,0.879132187,0.009158227,1.349789002,0.010050878
2014-10-06,0.000520594,0.001927842,-0.003096407,-0.004809922,-0.007608919,-0.014441672,0,0.003733729,0.884195478,0.013031683,1.356867415,-0.003507479
2014-10-07,-0.000926578,-0.000128225,-0.000505225,-0.005335847,-0.001654502,-0.004261426,0,0.000699966,0.892587284,0.020580772,1.28987147,-0.007608919
2014-10-08,-0.001006781,-0.000397654,0.001526661,-0.001151234,0.001839034,-0.000880989,4,0.00133357,0.914715026,0.025629629,1.263876089,-0.001654502
2014-10-09,0.000970139,0.000795457,0.000474582,-0.002503882,-0.006032344,-0.01696421,0,0.003280955,0.935668807,0.062468102,1.224538878,0.001839034
2014-10-10,0.004580981,0.004138355,-0.012078368,-0.013678757,-0.002314258,-0.015770989,0,0.00702759,0.924550105,0.045417918,1.211804568,-0.006032344
2014-10-13,0.003032444,0.006650205,0.001862525,-0.008719824,0.012781325,0.004619255,0,0.005712972,0.920508487,0.036313009,1.142009755,-0.002314258
2014-10-14,-0.001937948,0.005638835,0.001623434,-0.006591165,0.01007624,0.016349997,3,0.005294619,0.910153688,0.017566404,1.205502725,0.012781325
2014-10-15,-0.002554823,0.004090793,0.005326047,-0.002791779,0.018301825,0.032812788,1,0.009288565,0.876523096,-0.03819193,1.23669704,0.01007624
2014-10-16,-0.001663924,0.00145673,0.000346052,-0.002920309,0.01251182,0.051356951,3,0.006534726,0.86600327,-0.069665537,1.293811135,0.018301825
2014-10-17,0.003394784,0.000270533,-0.003115417,0.006042642,-0.016288221,0.037382988,3,0.008611343,0.849527272,-0.075022834,1.206019331,0.01251182
2014-10-20,-0.007926026,-0.010687938,0.004341227,0.008521344,0.002509739,0.027111402,4,0.005406107,0.847629432,-0.072879055,1.179759169,-0.016288221
2014-10-21,-0.00635208,-0.01510207,0.004291442,0.011189351,-0.003188039,0.013847123,4,0.004547594,0.859826674,-0.050327015,1.120690565,0.002509739
2014-10-22,-0.001954993,-0.01450224,-0.000996717,0.004866587,-0.007137505,-0.011592207,0,0.003178645,0.857139731,-0.019383365,1.146933822,-0.003188039
2014-10-23,0.000842802,-0.011995513,0.003603349,0.008123884,0.005500856,-0.01860317,4,0.002531016,0.858026185,-0.007977085,1.173240818,-0.007137505
2014-10-24,0.000587664,-0.014802633,-0.000106458,0.011132842,-0.004944007,-0.007258956,4,0.002570392,0.853277567,0.003750295,1.168954604,0.005500856
2014-10-27,0.00224797,-0.004628636,0.001995461,0.008787077,0.000304319,-0.009464375,2,0.001148526,0.852667925,0.005038492,1.169666348,-0.004944007
2014-10-28,-0.000762984,0.00096046,0.005448744,0.009944379,0.016339027,0.010062691,4,0.007889325,0.866550014,0.00672334,1.216338102,0.000304319
2014-10-29,-0.000464149,0.002451304,-0.00191868,0.009022416,-0.001296785,0.015903412,0,0.000855088,0.855835538,-0.001304193,1.217761485,0.016339027
2014-10-30,0.006731211,0.008339712,-0.002500542,0.002918525,0.001955584,0.012358139,4,0.003908059,0.854384044,-0.003642142,1.207974842,-0.001296785
2014-10-31,-0.000380976,0.007371072,0.00238538,0.005410363,0.003569346,0.020871492,4,0.001898134,0.860805499,0.007527932,1.226006984,0.001955584
2014-11-03,-0.001278169,0.003844933,0.001881654,0.005296556,-0.002705705,0.017861469,1,0.001948533,0.862249655,0.00958173,1.209090708,0.003569346
2014-11-04,0.003846778,0.008454695,-0.000463302,-0.000615489,-0.001259205,0.000263237,1,0.002270816,0.844220223,-0.022329791,1.213506566,-0.002705705
2014-11-05,9.11E-05,0.009009953,-0.006316031,-0.00501284,-0.004269597,-0.002709576,3,0.003193549,0.824645942,-0.031189596,1.23239045,-0.001259205
2014-11-06,0.000223805,0.002502547,6.56E-05,-0.002446669,0.000327526,-0.004337635,4,0.000148895,0.768928046,-0.085455998,1.191422724,-0.004269597
2014-11-07,0.000758353,0.003641875,-0.001631033,-0.006463082,0.000895549,-0.007011432,3,0.001160064,0.748717001,-0.112088498,1.1746076,0.000327526
2014-11-10,-0.000852571,0.004067474,0.000997135,-0.007347601,0.002197301,-0.002108426,4,0.001313799,0.725442828,-0.136806827,1.367112842,0.000895549
2014-11-11,-0.000630587,-0.000409892,0.001223602,-0.005660697,-0.000365865,-0.001215087,4,0.000819716,0.739038466,-0.105181757,1.359820672,0.002197301
2014-11-12,0.000548005,4.70E-05,0.003824875,0.00448021,0.006203344,0.009257854,2,0.002912463,0.78083133,-0.043814612,1.449621772,-0.000365865
2014-11-13,0.001772288,0.001595487,0.000539211,0.004953791,-0.009886624,-0.000956295,3,0.005379946,0.803015734,0.034087689,1.502331613,0.006203344
2014-11-14,-0.001263199,-0.000426065,0.001552947,0.008137771,-0.001610891,-0.003462735,2,0.001433635,0.858873647,0.110156646,1.54523078,-0.009886624
2014-11-17,2.37E-06,0.00042888,-0.004483149,0.002657487,-0.0089301,-0.014590136,2,0.004277165,0.877046743,0.151603914,1.59574637,-0.001610891
2014-11-18,-0.002852861,-0.001793394,0.00158748,0.003021364,6.23E-05,-0.014161966,4,0.00185301,0.873593362,0.134554895,1.871576939,-0.0089301
2014-11-19,0.001384128,-0.00095727,-0.004198209,-0.005001721,-0.009314185,-0.029679495,0,0.004813907,0.849708614,0.068877285,1.985829068,6.23E-05
2014-11-20,-8.58E-05,-0.002815338,0.003614148,-0.001926783,0.009252815,-0.010540055,4,0.004391065,0.801042871,-0.001972863,2.12413473,-0.009314185
2014-11-21,-9.72E-05,-0.001649364,-0.002865211,-0.006344941,-0.003797755,-0.01272692,4,0.001933631,0.801927762,-0.056945885,2.167066909,0.009252815
2014-11-24,-0.002419835,-0.004071574,0.005995333,0.004133541,0.009448561,0.005651741,4,0.005436555,0.77528851,-0.101758233,2.28012035,-0.003797755
2014-11-25,0.0009845,-0.000234212,0.001857054,0.004403115,0.000636645,0.006226081,1,0.000774325,0.688920686,-0.184672675,2.021384591,0.009448561
2014-11-26,-0.002083221,-0.003701562,0.003288713,0.011890037,0.000807652,0.016347919,4,0.002220702,0.664916673,-0.184791942,2.058012705,0.000636645
2014-11-28,0.002573163,-0.001042619,0.003445567,0.011721456,-0.012167899,-0.005072796,2,0.007236431,0.679705597,-0.121337274,2.263821136,0.000807652
2014-12-01,0.00396334,0.003017947,-0.00665302,0.007933647,-0.009630286,-0.010905326,0,0.006185137,0.632403256,-0.169524506,2.539679807,-0.012167899
2014-12-02,-0.000600802,0.00483698,-0.000361938,0.001576376,0.006036339,-0.014317549,4,0.003188207,0.677788849,-0.097499661,2.5252632,-0.009630286
2014-12-03,-0.001909875,0.001942605,0.000158303,-0.000122375,0.005239395,-0.009714799,4,0.00305956,0.679630826,-0.00928986,2.655608484,0.006036339
2014-12-04,0.000463405,0.004489231,0.000108439,-0.003302649,-0.003939437,-0.014461888,0,0.002074487,0.728125191,0.063208519,2.772744502,0.005239395
2014-12-05,0.001609527,0.003525595,0.000706764,-0.006041452,0.006334754,0.004040765,4,0.002858266,0.723420236,0.043714639,2.868353934,-0.003939437
2014-12-08,0.001345846,0.000908102,-0.001133776,-0.000522208,-0.005672414,0.007998637,0,0.003045171,0.772336506,0.13993325,2.584776094,0.006334754
2014-12-09,-0.002638782,-0.001129878,0.005661204,0.005500934,0.017943374,0.019905672,2,0.009148514,0.693823818,0.016034969,2.833250428,-0.005672414
2014-12-10,0.001313691,0.002093688,-0.000963193,0.004379437,-0.005813496,0.00885278,0,0.003108546,0.794519487,0.114888661,2.163847668,0.017943374
2014-12-11,-0.000927914,0.000702369,0.000615053,0.004886051,-0.000145547,0.01264667,4,0.000634551,0.801817178,0.073691987,2.113015583,-0.005813496
2014-12-12,-0.001746652,-0.00265381,0.004690394,0.008869681,0.003825805,0.010137721,0,0.003067609,0.81286211,0.089441874,1.767266864,-0.000145547
2014-12-15,0.000559787,-0.003439869,-0.0041009,0.005902557,-0.004227168,0.011582967,0,0.002576377,0.818751231,0.046414724,1.769398848,0.003825805
2014-12-16,0.001986746,0.001185659,-0.004001975,-0.003760622,0.007709305,0.001348899,0,0.00487479,0.816334018,0.1225102,1.706231619,-0.004227168
2014-12-17,-0.003416016,-0.003544048,0.00084454,-0.001952888,0.010508392,0.017670787,4,0.005973833,0.869510465,0.074990978,1.639108258,0.007709305
2014-12-18,0.000250478,-0.002365656,-0.001566503,-0.004134444,-0.009096497,0.008719837,4,0.004402945,0.871596407,0.069779229,1.370924482,0.010508392
2014-12-19,-0.003061707,-0.003680711,-0.000990079,-0.009814917,-0.001377277,0.003516755,4,0.001275737,0.873191688,0.060329578,1.346588799,-0.009096497
2014-12-22,0.004844501,0.000604002,-0.000442923,-0.006156939,0.001117945,0.008861867,4,0.002401311,0.872591529,0.053840299,1.353631889,-0.001377277
2014-12-23,0.00185294,0.000470197,-0.005096736,-0.007251701,-0.001262406,-0.000109844,3,0.002939802,0.875061965,0.058727947,1.32931017,0.001117945
2014-12-24,0.000474412,0.004360625,0.001827195,-0.006269046,0.003742209,-0.006876027,3,0.001676893,0.874653494,0.005143029,1.331345563,-0.001262406
2014-12-26,-0.002001591,0.002108556,0.003666377,-0.001036166,0.00365708,0.00587755,4,0.002813204,0.874880883,0.003284476,1.33627353,0.003742209
2014-12-29,-0.001719239,0.003451024,-0.000850941,-0.000897027,0.0023428,0.009597627,3,0.001746966,0.889186023,0.015994336,1.286040546,0.00365708
2014-12-30,0.00183795,0.000444473,-0.00124908,-0.001703184,-8.26E-05,0.008397092,0,0.001275539,0.897524459,0.02493293,1.23016722,0.0023428
2014-12-31,0.00142731,1.88E-05,0.001662971,0.005056524,0.003457027,0.013116525,0,0.001418557,0.899046795,0.023984831,1.199417999,-8.26E-05
2015-01-02,0.000896444,0.000440874,-0.001612823,0.001616505,-0.004569414,0.004804902,1,0.002401351,0.896511606,0.021858112,1.199310217,0.003457027
2015-01-05,-0.000307728,0.002134737,0.002616362,0.00056649,0.003783948,0.004931771,0,0.001998201,0.907455403,0.03257452,1.151422355,-0.004569414
2015-01-06,0.001477098,0.005331073,-0.004009616,-0.002592185,-0.008175848,-0.005586877,0,0.004337282,0.906338329,0.017152305,1.181292098,0.003783948
2015-01-07,0.00061718,0.004110303,0.000928753,-0.000414353,0.000981849,-0.004522438,4,0.000450962,0.912298919,0.014774459,1.148845316,-0.008175848
2015-01-08,0.000491122,0.003174116,0.000534499,-0.001542825,-0.000732133,-0.008711598,4,0.000589173,0.94276935,0.043722555,1.072312247,0.000981849
2015-01-09,-0.001127246,0.001150425,0.001634374,0.001704372,-0.000335532,-0.004477716,0,0.001161476,0.938506272,0.041994666,1.033510367,-0.000732133
2015-01-12,0.002669612,0.004127765,-0.000275778,-0.001187769,0.0034008,-0.004860864,0,0.001859559,0.938596979,0.031141576,1.026805574,-0.000335532
2015-01-13,0.001041081,0.003691748,0.001893511,0.004715358,0.003047884,0.006362868,1,0.001292456,0.937433479,0.031095151,1.048057226,0.0034008
2015-01-14,-0.004819943,-0.001745375,0.00106051,0.004847115,0.002793206,0.008174225,0,0.003262164,0.933855453,0.021556535,1.023255335,0.003047884
2015-01-15,0.003167969,0.000931473,-0.005584281,-0.001271665,-0.009879754,-0.000973397,0,0.005803202,0.934108241,-0.00866111,1.10436606,0.002793206
2015-01-16,-0.00237602,-0.000317301,0.000474925,-0.002431113,0.005487349,0.004849485,4,0.003304881,0.932963127,-0.005543145,1.035202104,-0.009879754
2015-01-20,-0.001339761,-0.004326673,0.002858555,0.000703221,-0.00700279,-0.005554105,3,0.004142737,0.920612396,-0.017984582,1.163989926,0.005487349
2015-01-21,-0.002493525,-0.007861279,-0.002023733,-0.003214024,-0.008144393,-0.016746382,3,0.003491177,0.914579214,-0.022854265,1.159542358,-0.00700279
2015-01-22,-0.000468499,-0.003509835,0.002468052,-0.001806482,0.005316393,-0.014223195,4,0.002657947,0.929614499,-0.004240954,1.187609694,-0.008144393
2015-01-23,-0.002461517,-0.009139321,0.007080018,0.010857817,0.004296265,-4.72E-05,1,0.004272991,0.925762635,-0.008345605,1.180838306,0.005316393
2015-01-26,-0.002220083,-0.008983385,0.000347826,0.010730718,0.007319069,0.001784544,4,0.004131246,0.921763472,-0.011199655,1.199136489,0.004296265
2015-01-27,-0.003147261,-0.010790885,-0.005618301,0.002253862,0.008401917,0.017189251,0,0.006110911,0.910537042,-0.010075354,1.14627727,0.007319069
2015-01-28,0.002260034,-0.006037325,0.004250065,0.008527659,-0.002903886,0.022429759,0,0.003074203,0.912798482,-0.001780732,1.153954644,0.008401917
2015-01-29,0.003541125,-0.002027701,0.00025586,0.006315468,0.003244818,0.020358184,4,0.001891836,0.917792945,-0.011821554,1.160019167,-0.002903886
2015-01-30,-0.001491539,-0.001057722,0.002738617,0.001974067,-0.007971695,0.008090224,0,0.004544869,0.919313416,-0.00644922,1.214869657,0.003244818
2015-02-02,-0.001520077,-0.000357717,-0.003976616,-0.002350376,-0.004232873,-0.003461718,4,0.002031027,0.922140703,0.000377231,1.17852808,-0.007971695
2015-02-03,0.003099753,0.005889296,-0.003479484,-0.000211559,0.003771721,-0.008091914,4,0.003319877,0.921156753,0.010619711,1.234159285,-0.004232873
2015-02-04,0.00453931,0.008168573,0.001826814,-0.002634809,-0.000482747,-0.005670776,1,0.00227465,0.919023593,0.006225111,1.198713249,0.003771721
2015-02-05,0.001677744,0.006305191,-2.97E-05,-0.00292038,0.004152222,-0.004763372,4,0.001970272,0.91868389,0.000890946,1.214647485,-0.000482747
2015-02-06,3.04E-05,0.007827128,-0.000929562,-0.006588559,0.000731589,0.003939912,0,0.000681472,0.910288084,-0.009025331,1.253011637,0.004152222
2015-02-09,-0.001092227,0.008254978,0.00037253,-0.002239413,-0.003764497,0.004408288,0,0.001868705,0.90834421,-0.013796492,1.268184244,0.000731589
2015-02-10,-0.002778671,0.002376554,0.002337401,0.003577472,-0.004491351,-0.003854785,4,0.003015184,0.906367686,-0.014789067,1.258729142,-0.003764497
2015-02-11,-0.000341466,-0.002504222,0.002853166,0.004603824,-0.001326632,-0.004698669,1,0.001794994,0.906155599,-0.012867994,1.263938578,-0.004491351
2015-02-12,-0.003445536,-0.007627502,0.002086467,0.006720002,0.002578089,-0.006272802,4,0.002738619,0.910411925,-0.008271966,1.281386205,-0.001326632
2015-02-13,-0.001456483,-0.009114383,0.003364261,0.011013824,0.001557877,-0.005446514,4,0.002070739,0.911138492,0.000850407,1.226381534,0.002578089
2015-02-17,-3.09E-05,-0.008053006,-0.000487321,0.010153974,-6.04E-05,-0.001742453,4,0.000229775,0.90566612,-0.00267809,1.204772186,0.001557877
2015-02-18,-0.000668553,-0.005942889,0.001760435,0.009577008,0.002711416,0.005460315,2,0.001557948,0.911580253,0.005212567,1.187528883,-6.04E-05
2015-02-19,-0.001385211,-0.006986634,0.004793726,0.011517567,0.001030114,0.007817061,1,0.002647917,0.915902924,0.009747326,1.180381162,0.002711416
2015-02-20,0.002454964,-0.001086134,0.000221712,0.009652813,-0.00295298,0.002285992,4,0.002219385,0.900792387,-0.009619538,1.149939705,0.001030114
2015-02-23,-0.000998401,-0.000628052,0.001311761,0.007600313,0.00033579,0.001063905,2,0.000953052,0.90869522,-0.002443272,1.166045006,-0.00295298
2015-02-24,0.002329525,0.001732324,-0.001314779,0.006772854,-0.001011103,0.000113237,4,0.001651026,0.914465708,0.008799587,1.144189479,0.00033579
2015-02-25,0.001610336,0.004011213,0.000568744,0.005581163,0.001673234,-0.000924945,2,0.000817778,0.940254039,0.028673786,1.235405316,-0.001011103
2015-02-26,0.000920002,0.006316426,0.005645871,0.006433309,0.004718568,0.002763509,2,0.002778039,0.921510262,0.005607337,1.243422965,0.001673234
2015-02-27,-0.001536006,0.002325456,-0.001935181,0.004276415,-0.001682429,0.00403406,0,0.000874618,0.918430201,0.017637815,1.230972193,0.004718568
2015-03-02,0.002456469,0.005780326,0.002833245,0.0057979,0.001365555,0.005063825,4,0.001271889,0.892666465,-0.016028755,1.114490642,-0.001682429
2015-03-03,-0.000124035,0.003326766,-0.001097958,0.006014721,-0.00179655,0.004278378,0,0.000850605,0.902341273,-0.012124435,1.200217243,0.001365555
2015-03-04,-0.001467859,0.000248571,0.00183262,0.007278597,0.001129008,0.003734152,0,0.001441056,0.896213942,-0.044040097,1.15176938,-0.00179655
2015-03-05,0.000947473,0.000276043,0.001954386,0.003587112,0.001709318,0.000724902,4,0.00088003,0.901894594,-0.019615667,1.154291069,0.001129008
2015-03-06,-0.001224928,0.00058712,0.003086757,0.00860905,0.000579218,0.002986549,0,0.001814234,0.921720835,0.003290633,1.04275576,0.001709318
2015-03-09,0.0038141,0.001944751,-0.000882939,0.004892866,0.001036451,0.002657445,4,0.002038438,0.914678689,0.022012224,1.051804759,0.000579218
2015-03-10,-0.001558542,0.000510245,0.000242932,0.006233755,0.004672761,0.009126756,0,0.002677383,0.937444036,0.035102763,0.927167544,0.001036451
2015-03-11,0.000358606,0.00233671,-0.000109393,0.004291743,0.007950318,0.015948067,1,0.003938699,0.922159149,0.025945207,0.996681186,0.004672761
2015-03-12,0.002103261,0.003492498,-0.003624137,-0.00128678,0.004489464,0.018728213,4,0.003440457,0.927642442,0.025747848,1.042733707,0.007950318
2015-03-13,-0.002093768,0.002623658,0.00168357,-0.002689967,0.002447708,0.020596702,0,0.002014256,0.92892151,0.007200675,1.027615056,0.004489464
2015-03-16,-0.00067306,-0.001863502,-0.001658585,-0.003465613,-0.007261448,0.012298803,4,0.003312888,0.925859966,0.011181277,0.938596856,0.002447708
2015-03-17,-0.003838853,-0.004143813,0.004931142,0.001222598,0.005299865,0.012925908,2,0.004356092,0.914767391,-0.022676645,0.937450074,-0.007261448
2015-03-18,0.0005585,-0.00394392,-0.002932072,-0.001600081,-0.004139138,0.000836451,4,0.002268449,0.919290046,-0.002869103,0.897393276,0.005299865
2015-03-19,-0.00161807,-0.007665251,0.006799197,0.008823253,0.007054391,0.003401378,2,0.004516071,0.912859392,-0.01478305,0.889260002,-0.004139138
2015-03-20,0.000373023,-0.00519846,-0.002177123,0.00496256,0.000158153,0.001111823,4,0.001186976,0.919144568,-0.009776942,0.899964257,0.007054391
2015-03-23,0.00110652,-0.00341888,-0.001331177,0.005289968,0.000435536,0.008808808,0,0.001028752,0.91821444,-0.007645526,0.901364525,0.000158153
2015-03-24,0.000351154,0.000771127,0.002912146,0.003270972,0.005169488,0.00867843,0,0.002418645,0.920201404,0.005434012,0.894885472,0.000435536
2015-03-25,-0.001713067,-0.001500441,-0.009285571,-0.003082528,-0.009048689,0.003768879,0,0.004849789,0.916215308,-0.003074738,1.048671558,0.005169488
2015-03-26,0.0001028,0.00022043,-0.000321995,-0.01020372,0.000871729,-0.002413783,0,0.000505869,0.919635715,0.006776323,1.045052317,-0.009048689
2015-03-27,-0.000420079,-0.000572673,0.003346515,-0.004680082,0.004445497,0.00187356,4,0.002418796,0.918911753,-0.000232815,1.049787816,0.000871729
2015-03-30,0.002612781,0.000933588,-0.000733928,-0.004082833,0.001759822,0.003197846,4,0.001544049,0.924885147,0.006670707,1.049312806,0.004445497
2015-03-31,-0.002364189,-0.001781755,-0.000620816,-0.007615796,0.004827599,0.002855957,0,0.003078513,0.925219548,0.005018144,1.025183354,0.001759822
2015-04-01,-0.000420889,-0.000489577,-0.000249157,0.001420619,0.003126724,0.015031371,0,0.001683925,0.9253901,0.009174792,1.021952859,0.004827599
2015-04-02,0.000145922,-0.000446454,-0.002149469,-0.000406855,-0.00037268,0.013786962,4,0.001059684,0.92524869,0.005612976,1.017622095,0.003126724
2015-04-06,1.20E-05,-1.43E-05,-0.000389771,-0.004143141,-0.002708199,0.006633267,4,0.001304566,0.917493836,-0.001417917,0.996333782,-0.00037268
2015-04-07,0.001760327,-0.000866782,0.000621182,-0.002788031,-0.003648265,0.00122518,0,0.002337612,0.913052535,-0.011832612,1.01275927,-0.002708199
2015-04-08,-0.001164609,0.000332799,0.005553462,0.003386247,0.004753299,0.001150879,4,0.003361367,0.892303223,-0.032916325,1.069998782,-0.003648265
2015-04-09,-0.001312115,-0.000558428,0.000336176,0.003971581,-0.007302639,-0.009278484,3,0.003560407,0.889439149,-0.03595095,1.071581672,0.004753299
2015-04-10,0.000303689,-0.000400661,-0.000892728,0.005228322,-0.000704185,-0.009609989,4,0.000567732,0.884381623,-0.040867067,1.026966741,-0.007302639
2015-04-13,0.000117703,-0.000295005,0.003043369,0.008661461,0.005239894,-0.001661897,1,0.002522457,0.879200399,-0.038293437,1.02529486,-0.000704185
2015-04-14,0.00168476,-0.000370572,-0.003828005,0.004212274,-0.001818077,0.000168291,2,0.002371668,0.874657661,-0.038394874,1.102096523,0.005239894
2015-04-15,-0.000935171,-0.000141134,0.001618928,0.00027774,0.002736898,-0.00184811,4,0.001639193,0.890066253,-0.00223697,1.120483228,-0.001818077
2015-04-16,0.000401047,0.001572028,0.000133963,7.55E-05,-0.001144104,0.004310426,0,0.000681911,0.887943014,-0.001496135,1.19255162,0.002736898
2015-04-17,-0.004180003,-0.002911664,-0.003912931,-0.002944676,-0.005291643,-0.000277033,0,0.002309272,0.922858726,0.038477102,1.255835659,-0.001144104
2015-04-20,0.002442728,-0.000586639,0.003458527,-0.002529517,0.001185732,-0.004331195,4,0.001503102,0.926819479,0.04761908,1.263944144,-0.005291643
2015-04-21,-0.003261448,-0.005532847,0.005378317,0.006676805,0.000872768,-0.00164035,1,0.003563266,0.918819659,0.044161999,1.263911221,0.001185732
2015-04-22,-0.000146262,-0.004743938,-0.000881272,0.004176605,-0.00402308,-0.008400328,4,0.001880251,0.921177627,0.031111373,1.274508676,0.000872768
2015-04-23,-0.001223548,-0.006368533,0.001785321,0.005827962,0.002422373,-0.004833852,4,0.001665938,0.893306189,0.005363175,1.144725681,-0.00402308
2015-04-24,-0.001063113,-0.003251642,0.004848605,0.014589498,-0.005401017,-0.004943225,3,0.004209421,0.875549857,-0.047308869,1.165453318,0.002422373
2015-04-27,0.0018148,-0.003879571,-0.002120604,0.009010366,-0.007626949,-0.013755906,0,0.004091808,0.87378403,-0.053035449,1.222744706,-0.005401017
2015-04-28,0.001227613,0.00060949,-0.003720374,-8.83E-05,0.002537056,-0.012091617,3,0.00269471,0.84129936,-0.077520299,1.240568549,-0.007626949
2015-04-29,-0.000381027,0.000374725,-0.002558774,-0.001765827,-0.006155765,-0.014224302,0,0.002822742,0.849759023,-0.071418604,1.400658478,0.002537056
2015-04-30,-0.000690861,0.000907412,-0.006321521,-0.009872669,-0.011562563,-0.028209237,0,0.005412166,0.887704362,-0.005601827,1.553479546,-0.006155765
2015-05-01,-0.000628463,0.001342063,0.001998859,-0.012722414,-0.004344801,-0.027153021,4,0.002649272,0.893560051,0.018010194,1.457988467,-0.011562563
2015-05-04,-0.000368733,-0.00084147,-0.000633564,-0.011235374,0.001215788,-0.018310285,4,0.000817336,0.891185159,0.017401129,1.492434319,-0.004344801
2015-05-05,0.00400759,0.001938506,-0.003680514,-0.011195515,-0.002630876,-0.023478217,0,0.003425473,0.900192721,0.058893361,1.413624489,0.001215788
2015-05-06,-0.000355034,0.001964499,0.000471356,-0.008165385,0.007702068,-0.009620384,1,0.003846569,0.888149285,0.038390263,1.373204876,-0.002630876
2015-05-07,0.000823131,0.003478491,0.001484073,-0.000359791,0.001288766,0.003230945,4,0.00066035,0.896955594,0.009251232,1.397699896,0.007702068
2015-05-08,0.001420856,0.005527809,-0.001706695,-0.004065345,-0.005735411,0.001840334,4,0.003096381,0.895377758,0.001817707,1.298956768,0.001288766
2015-05-11,0.000367106,0.006263649,0.003105985,-0.000325796,0.005830998,0.006455545,1,0.002716673,0.894285388,0.003100229,1.29539103,-0.005735411
2015-05-12,0.000911641,0.0031677,-0.000532527,0.002822192,0.000766879,0.0098533,0,0.000676869,0.897273247,-0.002919473,1.28988031,0.005830998
2015-05-13,-0.00012348,0.003399254,0.001409654,0.00376049,-0.000384519,0.001766713,1,0.000805602,0.89507669,0.006927405,1.271678669,0.000766879
2015-05-14,-0.000160472,0.002415652,0.003055825,0.005332242,-0.000363872,0.000114075,4,0.001622151,0.904942011,0.007986417,1.254969543,-0.000384519
2015-05-15,0.000344567,0.001339363,-0.001265147,0.005773789,-0.001700225,0.004149261,2,0.000981994,0.8878914,-0.007486358,1.243339751,-0.000363872
2015-05-18,-0.001603921,-0.000631664,0.002911224,0.005579029,0.007806469,0.006124732,4,0.004132132,0.866506303,-0.027779084,1.29697602,-0.001700225
2015-05-19,0.001381593,-0.000161712,-0.001013842,0.005097713,-0.000836603,0.004521249,1,0.001092646,0.879632229,-0.017641018,1.299946182,0.007806469
2015-05-20,-0.000544016,-0.000582248,0.001268257,0.004956317,0.002586043,0.007491812,2,0.001396729,0.877960392,-0.017116298,1.315614548,-0.000836603
2015-05-21,-0.002316561,-0.002738337,0.001413886,0.003314378,-0.003130539,0.004725145,3,0.002089585,0.876398569,-0.028543442,1.302575055,0.002586043
2015-05-22,-0.000705786,-0.00378869,0.001955412,0.006534937,-0.001366721,0.005058649,0,0.001435998,0.886192144,-0.001699257,1.301565014,-0.003130539
2015-05-26,-0.000167333,-0.002352103,-0.0008503,0.002773413,-0.000471861,-0.003219681,0,0.000373727,0.898989472,0.032483168,1.22392724,-0.001366721
2015-05-27,-0.002411724,-0.006145419,0.005444359,0.009231614,0.003393665,0.001010587,4,0.003495239,0.909116739,0.02948451,1.233129987,-0.000471861
2015-05-28,-0.000764512,-0.006365915,-0.000419889,0.007543468,0.000262555,-0.001312901,0,0.000453604,0.908803952,0.03084356,1.199861706,0.003393665
2015-05-29,-5.05E-05,-0.004099886,0.000840829,0.00697041,0.001081768,0.002899406,0,0.000578392,0.90654029,0.030141721,1.008907052,0.000262555
2015-06-01,-0.000410265,-0.003804365,0.000483866,0.005498864,0.000418443,0.00468457,4,0.000415135,0.905532548,0.019340405,1.060266153,0.001081768
2015-06-02,-0.000568031,-0.004205062,-0.000252805,0.006096359,0.002752158,0.007908589,1,0.001530626,0.903785173,0.004795702,1.059270725,0.000418443
2015-06-03,0.001448532,-0.000344806,0.002346923,0.002998924,0.008040833,0.012555757,4,0.003523107,0.885041006,-0.024075733,1.048416546,0.002752158
2015-06-04,-0.00082704,-0.000407334,0.000763596,0.004182409,-0.001904404,0.010388798,0,0.001143929,0.911952128,0.003148176,1.104182186,0.008040833
2015-06-05,-0.001701877,-0.00205868,0.003281653,0.006623233,0.00917516,0.01848219,2,0.004793469,0.890551899,-0.01598839,1.130086914,-0.001904404
2015-06-08,0.001839772,0.000191357,-0.002786897,0.003352471,0.000681706,0.018745452,0,0.001966271,0.906068137,0.000535589,1.28891161,0.00917516
2015-06-09,-0.000559649,0.000199738,-0.001964729,0.001640547,-0.003645864,0.01234743,1,0.001627649,0.905826687,0.002041514,1.3230237,0.000681706
2015-06-10,0.001247373,-1.42E-06,0.000480876,-0.000225501,0.00175466,0.006061258,4,0.000781739,0.918173214,0.033132208,1.266185527,-0.003645864
2015-06-11,0.000425426,0.001251045,-0.000591392,-0.001580489,-0.000167631,0.007798031,4,0.000420717,0.917335472,0.005383344,1.261393383,0.00175466
2015-06-12,-0.000801772,0.00215115,0.000819747,-0.004042395,0.003940643,0.002563514,0,0.002075719,0.908802705,0.018250805,1.294456859,-0.000167631
2015-06-15,-0.001400346,-0.001088967,0.000441292,-0.000814206,0.00148215,0.003363958,0,0.001194999,0.914280721,0.008212584,1.288732243,0.003940643
2015-06-16,0.000674994,0.000145676,-0.000601182,0.000549341,0.001036237,0.00804606,4,0.000726354,0.920974027,0.01514734,1.214465456,0.00148215
2015-06-17,-0.000233288,-0.001334986,-0.000133873,-6.54E-05,-0.002923421,0.003367979,3,0.001403775,0.919615117,0.001441903,1.206101348,0.001036237
2015-06-18,0.000137302,-0.00162311,0.003496158,0.004022142,0.002954662,0.006490272,4,0.001836769,0.931819444,0.014483972,1.20152307,-0.002923421
2015-06-19,-0.000211637,-0.001032974,0.002205364,0.005407759,0.005302032,0.007851661,0,0.002563392,0.933548096,0.024745392,1.185300527,0.002954662
2015-06-22,-0.000329681,3.77E-05,0.001122635,0.006089103,-7.73E-05,0.006292253,4,0.0006447,0.936705077,0.022424356,1.155491116,0.005302032
2015-06-23,0.000704016,6.67E-05,0.000550991,0.007241276,0.001999408,0.007255423,4,0.000846376,0.925851277,0.00487725,1.146726918,-7.73E-05
2015-06-24,-0.002478341,-0.00217834,5.15E-05,0.007426686,-0.001829905,0.008348939,0,0.001286272,0.931493468,0.011878352,1.172083885,0.001999408
2015-06-25,-0.001245007,-0.003560649,0.000980815,0.004911342,0.002479395,0.007873672,0,0.001574024,0.931096243,-0.000723202,1.165398793,-0.001829905
2015-06-26,0.003533293,0.00018428,-0.005826113,-0.003120134,-0.002325314,0.000246327,1,0.003937133,0.904570165,-0.028977931,1.181556959,0.002479395
2015-06-29,0.001373319,0.00188728,-0.003227366,-0.007470136,-0.005076719,-0.004753135,0,0.00294766,0.940106481,0.003401404,1.240289511,-0.002325314
2015-06-30,-0.001339637,-0.000156372,0.003056251,-0.004964876,0.003103402,-0.00364914,4,0.002232955,0.939663279,0.013812002,1.243169488,-0.005076719
2015-07-01,0.000912165,0.003234133,-0.001662079,-0.006678492,-0.004960118,-0.006779354,4,0.00258497,0.936021082,0.004527613,1.173249649,0.003103402
2015-07-02,-0.0012587,0.00322044,-0.000472219,-0.008131525,-0.006191849,-0.015450597,0,0.002855039,0.926928373,-0.00416787,1.181687675,-0.004960118
2015-07-06,0.001241474,0.000928621,0.000415622,-0.00188979,0.002827201,-0.010298082,0,0.001248978,0.941788098,0.037217933,1.14864455,-0.006191849
2015-07-07,-0.000798657,-0.001243355,-0.004957385,-0.00361981,-0.005188746,-0.01041011,4,0.002719651,0.936437879,-0.003668602,1.136174303,0.002827201
2015-07-08,0.001974163,0.002070445,-0.000911798,-0.007587858,0.001378844,-0.012134668,0,0.001308947,0.947291643,0.007628364,1.090329939,-0.005188746
2015-07-09,-0.000366014,0.000792266,0.000311536,-0.005614243,0.001954595,-0.005219955,4,0.001024508,0.939381414,0.003360333,1.089357283,0.001378844
2015-07-10,-0.00026642,0.001784546,0.002918663,-0.002223362,0.002112782,0.003084676,4,0.001568126,0.947613678,0.020685305,1.099428552,0.001954595
2015-07-13,0.001153871,0.001696943,0.003655443,0.001016459,-0.000414787,-0.000157312,4,0.001829186,0.953534492,0.011746394,1.102976696,0.002112782
2015-07-14,-0.000230237,0.002265364,0.0021171,0.008090944,0.001843464,0.006874898,4,0.001218557,0.954608747,0.018170868,1.114338254,-0.000414787
2015-07-15,0.000546348,0.000837548,-0.000431011,0.008571731,-0.006207606,-0.000711552,0,0.003148529,0.949770562,0.002478919,1.127353072,0.001843464
2015-07-16,-0.004107735,-0.002904173,0.004537306,0.012797501,-0.001432619,-0.004098766,4,0.003617619,0.946682717,0.007301303,1.118683768,-0.006207606
2015-07-17,-0.002972673,-0.005610426,0.007948479,0.017827317,-0.005625399,-0.011836947,2,0.005875223,0.926476744,-0.021136934,1.105065155,-0.001432619
2015-07-20,6.66E-07,-0.006763631,0.000901271,0.015073145,-0.006207557,-0.017629717,3,0.003281699,0.928526741,-0.025007751,1.125377496,-0.005625399
2015-07-21,-0.005786068,-0.012319463,0.002210804,0.015166849,-0.000222648,-0.019695829,0,0.003406356,0.918796704,-0.035812043,1.117587044,-0.006207557
2015-07-22,-0.001425452,-0.014291262,-0.00461341,0.01098445,0.005399043,-0.00808918,1,0.00417783,0.907036725,-0.042733837,1.116817971,-0.000222648
2015-07-23,-0.001003106,-0.011186633,0.000776631,0.007223775,-0.0049977,-0.01165426,0,0.00256667,0.905096887,-0.04158583,1.135030478,0.005399043
2015-07-24,0.001503813,-0.006710147,-0.000529778,-0.001254481,-0.004601716,-0.010630577,0,0.002609463,0.913749564,-0.01272718,1.150490861,-0.0049977
2015-07-27,-0.001517199,-0.008228012,-0.003854473,-0.006010226,-0.003533892,-0.007956913,0,0.001809234,0.925315699,-0.003211042,1.154459943,-0.004601716
2015-07-28,-0.001493029,-0.003934972,-0.002549857,-0.010770887,-0.004118859,-0.011853124,4,0.001736125,0.898416213,-0.020380492,1.112455721,-0.003533892
2015-07-29,-0.00044557,-0.00295509,-0.002876853,-0.009034329,-0.00321749,-0.020469657,4,0.001646657,0.900910591,-0.006126134,1.086057004,-0.004118859
2015-07-30,-0.000333187,-0.002285171,0.00330151,-0.00650945,0.001978378,-0.013493579,3,0.001713427,0.900993319,-0.004103569,1.103472435,-0.00321749
2015-07-31,-0.000893375,-0.004682359,0.00217661,-0.003803062,0.007624806,-0.001267058,1,0.003822526,0.889888675,-0.023860889,1.100600972,0.001978378
2015-08-03,-0.002434285,-0.005599445,0.000242081,0.000293491,-0.002817218,-0.000550384,0,0.00159661,0.892996159,-0.032319541,1.115533161,0.007624806
2015-08-04,-0.000451106,-0.004557523,0.000328719,0.003172068,-0.000137436,0.00343104,0,0.000323298,0.899873655,0.001457442,1.127854267,-0.002817218
2015-08-05,-0.00369225,-0.007804204,0.003603412,0.009652332,-0.000752669,0.005895861,3,0.003000376,0.873868266,-0.027042325,1.219906278,-0.000137436
2015-08-06,0.000876993,-0.006594023,-0.008595532,-0.002244711,-0.005209326,-0.001291843,0,0.004472395,0.879056715,-0.021936603,1.232844358,-0.000752669
2015-08-07,0.000213602,-0.005487046,0.00032458,-0.00409674,-0.004509269,-0.013425917,0,0.002348198,0.855106657,-0.034782017,1.226701674,-0.005209326
2015-08-10,0.001094423,-0.001958337,-0.00124168,-0.005580501,0.000255083,-0.010353616,4,0.000966384,0.851998097,-0.040998062,1.228712233,-0.004509269
2015-08-11,-0.002523991,-0.004031222,-0.003221334,-0.009130553,0.000128114,-0.010088066,0,0.001720045,0.857071205,-0.042802449,1.170048252,0.000255083
2015-08-12,-0.000968571,-0.001307543,0.000558176,-0.012175789,-0.002734668,-0.012070066,2,0.001443981,0.862600531,-0.011267736,1.157740608,0.000128114
2015-08-13,0.001605822,-0.000578714,-0.000873237,-0.004453494,-0.002237219,-0.009097959,1,0.001610422,0.852886821,-0.026169895,1.169705942,-0.002734668
2015-08-14,6.01E-05,-0.00073224,-0.000992117,-0.005770191,0.002672884,-0.001915806,4,0.001567863,0.879217832,0.024111175,1.198167169,-0.002237219
2015-08-17,-0.001327281,-0.003153945,0.003374196,-0.001154316,0.004975407,0.002804518,4,0.002919663,0.89009501,0.038096913,1.240870353,0.002672884
2015-08-18,0.000698395,6.84E-05,-0.003744783,-0.001677765,-0.00573175,-0.003055346,0,0.003060511,0.897196501,0.040125296,1.267448242,0.004975407
2015-08-19,-0.001040194,-3.18E-06,0.000291734,-0.001944207,-0.001562618,-0.001883296,0,0.000870559,0.916020093,0.053419562,1.24386601,-0.00573175
2015-08-20,0.000472143,-0.001136861,-0.007283882,-0.008354852,-0.00432054,-0.003966617,0,0.003695178,0.942520416,0.089633595,1.200637674,-0.001562618
2015-08-21,0.000621735,-0.000575203,-0.00341475,-0.010777485,0.018862909,0.012223408,0,0.010054784,0.912312346,0.033094514,0.914209221,-0.00432054
2015-08-24,0.00380901,0.004561089,0.001258428,-0.012893253,0.00044381,0.007691811,0,0.001702518,0.942254874,0.052159864,0.938283678,0.018862909
2015-08-25,0.00061955,0.004482244,0.0092391,9.06E-05,0.006763424,0.020186985,0,0.004561264,0.932487029,0.035290528,0.94435105,0.00044381
2015-08-26,0.000463569,0.005986007,0.003229044,0.00302794,-0.013168042,0.008581561,4,0.007339233,0.947871865,0.031851772,0.862746911,0.006763424
2015-08-27,-0.001586362,0.003927502,0.000214097,0.010525918,-0.00526487,0.007637231,4,0.002534321,0.954533663,0.012013246,0.85402937,-0.013168042
2015-08-28,-0.001314891,0.001990877,0.002629667,0.016570335,0.007420819,-0.003804859,3,0.003857244,0.954511124,0.042198778,0.85862252,-0.00526487
2015-08-31,0.001494469,-0.000323664,-0.002361361,0.012950546,0.005447277,0.001198609,0,0.003278074,0.953503503,0.011248629,0.855724429,0.007420819
2015-09-01,0.001193904,0.00025069,0.000186061,0.003897508,0.002567459,-0.002997356,0,0.001177049,0.958172295,0.025685266,0.86145314,0.005447277
2015-09-02,-4.43E-05,-0.000257199,0.006139215,0.006807679,-0.002314372,0.007856314,4,0.003627449,0.961781408,0.013909543,0.863359571,0.002567459
2015-09-03,0.000264705,0.001593867,-0.004639633,0.00195395,-0.001932283,0.011188901,2,0.002264564,0.963470976,0.008937314,0.855667481,-0.002314372
2015-09-04,-0.001325722,0.001583036,0.004918772,0.004243055,0.00757565,0.011343732,0,0.004169627,0.962919262,0.008408138,0.847399431,-0.001932283
2015-09-08,-0.00082409,-0.000735523,0.002189301,0.008793717,-0.002500528,0.003395927,4,0.001949578,0.966117534,0.012614031,0.846807509,0.00757565
2015-09-09,-0.000608995,-0.002538423,0.002415114,0.011022769,0.00228054,0.003109008,0,0.001552344,0.966268935,0.00809664,0.845478693,-0.002500528
2015-09-10,-0.000548246,-0.003042349,0.003051921,0.007935475,-0.001092399,0.00433098,4,0.001853844,0.966733282,0.004951875,0.845784825,0.00228054
2015-09-11,0.001791544,-0.00151551,0.000947886,0.013522994,-0.000357243,0.005906021,4,0.000969026,0.96745366,0.003982683,0.845678765,-0.001092399
2015-09-14,0.000310097,0.000120309,0.000653936,0.009258158,0.000385791,-0.001283839,0,0.000269023,0.967826196,0.004906934,0.842584833,-0.000357243
2015-09-15,0.001134917,0.002079316,-0.001419405,0.005649452,-0.001971398,-0.00075471,4,0.001404386,0.969390337,0.003272803,0.83378797,0.000385791
2015-09-16,-0.000263345,0.002424966,-0.002776253,0.000458085,-0.000808524,-0.003843774,4,0.001255472,0.971090343,0.004821408,0.831371349,-0.001971398
2015-09-17,-0.001338674,0.001634539,0.003527213,0.000933377,0.007225004,0.004473629,2,0.003841886,0.969470057,0.002736774,0.830364307,-0.000808524
2015-09-18,-0.001258129,-0.001415134,0.002569243,0.002554733,0.00150102,0.006331892,0,0.001679279,0.971180089,0.003726429,0.806027597,0.007225004
2015-09-21,0.003081687,0.001356457,-0.004199099,-0.002298302,-0.006499955,-0.000553854,3,0.004276782,0.974926986,0.00710079,0.845433163,0.00150102
2015-09-22,0.001449868,0.001671408,-0.002675763,-0.003554659,-0.003281603,-0.001864058,0,0.00223244,0.969296867,-9.35E-05,0.810757139,-0.006499955
2015-09-23,-0.001051345,0.000883408,0.001213687,0.000435281,-0.000559749,-0.001615283,0,0.000975055,0.971545778,0.000455435,0.821652113,-0.003281603
2015-09-24,-0.001469191,0.000752891,-0.000480795,-0.003572727,0.001164558,-0.007675728,0,0.001094175,0.968330081,-0.001139975,0.878935803,-0.000559749
2015-09-25,0.00743786,0.009448881,-0.009719959,-0.015861929,-0.012585475,-0.021762223,1,0.009182091,0.935259855,-0.035920234,0.925762838,0.001164558
2015-09-28,0.006643331,0.013010524,-0.004883697,-0.016546528,-0.003115037,-0.018377304,0,0.00507374,0.944393783,-0.030533203,0.944939513,-0.012585475
2015-09-29,0.001715723,0.013276379,-0.007114362,-0.020985126,-0.007357635,-0.022453336,2,0.004726239,0.942599962,-0.026696905,0.948796907,-0.003115037
2015-09-30,-0.004324505,0.010003219,0.003614613,-0.0185842,-0.003533601,-0.025427189,4,0.003640114,0.933362952,-0.038182827,0.961237339,-0.007357635
2015-10-01,-0.002751528,0.008720882,-0.000475293,-0.018578698,-0.004828674,-0.031420421,2,0.002227865,0.925015059,-0.043315022,0.961623886,-0.003533601
2015-10-02,-0.001975853,-0.000692832,0.003076604,-0.005782135,0.000770591,-0.018064356,4,0.002088685,0.930510724,-0.004749131,0.976212869,-0.004828674
2015-10-05,0.000165933,-0.00717023,-0.002636946,-0.003535383,0.006276393,-0.008672926,4,0.003775089,0.937538366,-0.006855417,1.061816394,0.000770591
2015-10-06,0.004414538,-0.004471415,-0.003310105,0.000268873,-0.003393401,-0.004708692,1,0.003681044,0.922874008,-0.019725955,1.087267598,0.006276393
2015-10-07,-0.000757753,-0.000904663,0.000967659,-0.00237808,0.008538971,0.00736388,4,0.004292974,0.918559576,-0.014803375,1.155626894,-0.003393401
2015-10-08,-0.00062611,0.001220754,-0.004688906,-0.006591694,0.000409188,0.012601742,4,0.002347232,0.919422181,-0.005592879,1.157702786,0.008538971
2015-10-09,0.001252009,0.004448616,0.003357647,-0.006310651,0.001095984,0.012927136,4,0.001402845,0.917811027,-0.012699697,1.157649082,0.000409188
2015-10-12,0.001494139,0.005776821,0.000415237,-0.003258467,-0.00209875,0.004551992,3,0.001505618,0.917529155,-0.020009211,1.162438494,0.001095984
2015-10-13,0.003927847,0.005290131,-0.001875504,-0.001823866,-0.007475245,0.000470149,0,0.004742461,0.913519807,-0.009354201,1.195131244,-0.00209875
2015-10-14,-0.004514396,0.001533488,0.001854665,-0.000936861,-0.004787651,-0.012856474,0,0.003310351,0.907140064,-0.011419513,1.204365366,-0.007475245
2015-10-15,-0.002003591,0.000156007,0.003334316,0.007086361,0.007694752,-0.00557091,4,0.004241715,0.921224077,0.001801896,1.244208542,-0.004787651
2015-10-16,-0.000239587,-0.001335588,-0.001159382,0.002569332,-0.004955713,-0.011622608,3,0.00229965,0.921829232,0.004018205,1.291785124,0.007694752
2015-10-19,0.000575345,-0.002254382,0.003565273,0.005719368,0.001440126,-0.008083731,4,0.001563115,0.924810381,0.007281225,1.293215545,-0.004955713
2015-10-20,0.000642385,-0.005539844,-0.003584837,0.004010035,0.000537033,-7.15E-05,0,0.002008782,0.917073223,0.003553416,1.30598879,0.001440126
2015-10-21,0.003021508,0.001996061,-0.002562028,-0.000406657,-0.010031647,-0.00531545,0,0.005580348,0.918860639,0.011720576,1.340249488,0.000537033
2015-10-22,0.002007742,0.006007394,-0.000111732,-0.003852705,-0.008167082,-0.021177284,4,0.004506039,0.917205171,-0.004018906,1.299225869,-0.010031647
2015-10-23,-0.002002471,0.004244511,0.011501063,0.008807739,-0.001024049,-0.01724562,4,0.006308157,0.929694788,0.007865556,1.262533975,-0.008167082
2015-10-26,0.000573929,0.004243094,0.002479243,0.007721709,-0.003726784,-0.02241253,1,0.002598174,0.897274013,-0.027536368,1.393299994,-0.001024049
2015-10-27,0.000192851,0.00379356,0.001653191,0.012959738,-0.009773578,-0.032723141,0,0.005246637,0.902691807,-0.014381416,1.411969664,-0.003726784
2015-10-28,-0.000566495,0.000205556,0.001174799,0.016696564,0.017000676,-0.005690817,4,0.008430204,0.889465596,-0.029395044,1.63340516,-0.009773578
2015-10-29,-0.000885064,-0.00268725,-0.003762521,0.013045774,-0.010717486,-0.008241221,0,0.004857402,0.891960566,-0.025244605,1.664379472,0.017000676
2015-10-30,-0.00038821,-0.00107299,0.000769348,0.00231406,0.001581921,-0.005635251,0,0.0008721,0.884864903,-0.044829884,1.661625383,-0.010717486
2015-11-02,-0.002493581,-0.0041405,0.002615512,0.002450328,0.008836121,0.006927655,4,0.004867382,0.877623684,-0.019650329,1.735944812,0.001581921
2015-11-03,0.002276964,-0.002056387,0.00077633,0.001573467,0.001893614,0.018594846,4,0.001041642,0.878581793,-0.024110014,1.751188478,0.008836121
2015-11-04,0.000725381,-0.00076451,0.003036503,0.003435171,0.002544134,0.004138304,0,0.001446568,0.875423787,-0.014041809,1.679874026,0.001893614
2015-11-05,0.000900477,0.001021031,-0.001737598,0.005460095,0.001393124,0.016248913,1,0.001377632,0.877640818,-0.014319748,1.686773368,0.002544134
2015-11-06,0.002969739,0.00437898,0.004119977,0.008810725,0.007927962,0.022594954,3,0.003279404,0.872748089,-0.012116814,1.695025802,0.001393124
2015-11-09,-0.000221136,0.006651425,-0.000247559,0.005947654,-0.00298022,0.010778614,0,0.00141635,0.883209691,0.005586007,1.642546655,0.007927962
2015-11-10,5.33E-05,0.004427784,-0.003879063,0.00129226,0.001247476,0.010132476,3,0.002231913,0.875654569,-0.002927224,1.629676291,-0.00298022
2015-11-11,7.54E-05,0.003777808,3.73E-05,-0.001706958,-0.004907855,0.002680487,0,0.002472901,0.880644005,0.005220218,1.635024782,0.001247476
2015-11-12,-0.000371873,0.002505458,0.001789698,0.001820338,-0.005852418,-0.004565055,0,0.003300288,0.879572908,0.00193209,1.580701242,-0.004907855
2015-11-13,-0.000422241,-0.000886522,-0.00427392,-0.00657356,0.004092237,-0.008400779,0,0.003420522,0.878373973,0.005625884,1.517910592,-0.005852418
2015-11-16,-0.001099941,-0.001765327,-0.003344959,-0.009670959,-0.006515845,-0.011936404,4,0.002876362,0.876820838,-0.006388853,1.415507282,0.004092237
2015-11-17,0.001711439,-0.000107211,0.001621082,-0.004170814,-0.001145333,-0.014329213,2,0.001375108,0.878877218,0.003222649,1.416694086,-0.006515845
2015-11-18,-0.001972048,-0.002154664,0.001694741,-0.002513358,-8.42E-05,-0.009505555,4,0.001498392,0.890882717,0.010238712,1.330162379,-0.001145333
2015-11-19,0.00087507,-0.000907721,0.000816304,-0.003486751,-0.00316967,-0.006822807,0,0.001908976,0.900046823,0.020473915,1.431088948,-8.42E-05
2015-11-20,0.001319067,0.000833587,0.002343274,0.003130443,0.003387917,-0.007527127,4,0.001447103,0.914247515,0.035873541,1.473986407,-0.00316967
2015-11-23,-0.000512492,0.001421036,0.000757551,0.007232953,0.005659268,0.004647986,1,0.002837169,0.912435505,0.035614667,1.468729652,0.003387917
2015-11-24,-0.000125345,-0.000415748,-0.001156562,0.004455309,0.005912142,0.011705461,4,0.003211801,0.91707467,0.038197452,1.431074705,0.005659268
2015-11-25,0.000196574,0.001752874,0.002738036,0.005498603,0.007846495,0.019636152,3,0.003653533,0.911208712,0.020325995,1.285689929,0.005912142
2015-11-27,-0.000593442,0.000284362,0.001628399,0.006310697,0.003039278,0.0258451,3,0.001642277,0.923057905,0.023011082,1.23350571,0.007846495
2015-11-30,-0.000609231,-0.001643935,0.000968766,0.004936189,0.001094173,0.023551356,0,0.00081211,0.923033651,0.008786137,1.235540313,0.003039278
2015-12-01,-0.001163724,-0.002295168,-0.001341801,0.002836837,-0.005586985,0.012305103,4,0.002449279,0.911610316,-0.000825189,1.108361366,0.001094173
2015-12-02,0.002147005,-2.28E-05,0.004618563,0.008611963,0.000646754,0.007039715,0,0.002051294,0.914848083,-0.002226587,1.097040419,-0.005586985
2015-12-03,0.000161834,-5.76E-05,-0.002389523,0.003484403,-0.003403828,-0.004210608,0,0.001769516,0.928669898,0.017461185,1.127847031,0.000646754
2015-12-04,0.000628856,0.001164742,0.000260924,0.002116929,-0.009416948,-0.016666834,4,0.004863617,0.92621238,0.003154475,1.016472238,-0.003403828
2015-12-07,0.000430141,0.002204113,-0.000885186,0.000262977,-0.009257538,-0.027018545,0,0.004585739,0.927275467,0.004241816,1.047421518,-0.009416948
2015-12-08,-0.002696753,0.000671083,0.005811091,0.007415869,0.002293614,-0.019137947,0,0.003605109,0.916627556,0.00501724,1.029235803,-0.009257538
2015-12-09,0.00345085,0.001974928,-0.007124835,-0.00432753,-0.003969395,-0.023754096,0,0.00461239,0.913557313,-0.00129077,1.039391788,0.002293614
2015-12-10,0.002453528,0.004266621,0.002180971,0.000242965,0.000496396,-0.019853872,4,0.001216733,0.914860627,-0.013809271,1.032104648,-0.003969395
2015-12-11,0.001844203,0.005481968,-0.002774829,-0.002792788,-0.002748851,-0.013185775,0,0.002256273,0.924995354,-0.001217025,1.009400002,0.000496396
2015-12-14,0.001220384,0.006272212,-0.00094895,-0.002856552,-0.011665596,-0.015593833,3,0.005944725,0.913951228,-0.013324239,1.032025781,-0.002748851
2015-12-15,-0.001597495,0.00737147,-0.001891102,-0.010558745,0.003400442,-0.014487004,4,0.002428259,0.913980726,-0.00264683,1.097576277,-0.011665596
2015-12-16,-0.001699704,0.002220917,0.000643559,-0.00279035,0.00086681,-0.009650799,4,0.001161258,0.922252131,0.008694817,1.099237575,0.003400442
2015-12-17,0.000783668,0.000551057,0.001538871,-0.003432451,0.003238682,-0.006908513,0,0.001383176,0.916742204,0.001881577,1.07358866,0.00086681
2015-12-18,-0.003258927,-0.004552073,0.001944118,0.001286497,0.005246729,0.001087067,0,0.003561992,0.918266807,-0.006728547,1.031274532,0.003238682
2015-12-21,-0.000589012,-0.006361469,0.001519823,0.00375527,-0.001771688,0.010980976,4,0.001368565,0.919390063,0.005438835,1.013572929,0.005246729
2015-12-22,0.000778118,-0.003985857,-0.002320732,0.00332564,6.12E-06,0.007586656,4,0.001341778,0.925177465,0.011196739,1.007069787,-0.001771688
2015-12-23,-0.001756661,-0.004042814,-0.003419444,-0.000737364,0.000869632,0.007589477,4,0.001905981,0.932181021,0.00992889,1.001598095,6.12E-06
2015-12-24,-0.001269651,-0.006096133,0.002107138,-0.000169097,0.003281386,0.007632182,2,0.002047621,0.935771964,0.019029761,0.98653909,0.000869632
2015-12-28,0.000818331,-0.002018875,0.000694239,-0.001418976,-0.003507428,-0.001121976,0,0.002037877,0.936711301,0.018444494,0.982679623,0.003281386
2015-12-29,0.000360631,-0.001069232,0.002619978,-0.000318821,9.04E-05,0.000740072,4,0.001244293,0.94025605,0.020865988,0.993320135,-0.003507428
2015-12-30,0.000612839,-0.00123451,-0.00103082,0.000971091,-0.002175936,-0.001441987,0,0.001223487,0.940529949,0.015352484,1.009290569,9.04E-05
2015-12-31,-0.000754592,-0.000232442,-0.00214663,0.002243905,-0.00257588,-0.004887499,0,0.001199017,0.942531407,0.010350386,1.020546566,-0.002175936
2016-01-04,-0.000549264,0.000487946,-0.005631218,-0.00549445,-0.008878462,-0.017047347,0,0.00424839,0.941972837,0.006200873,1.059133176,-0.00257588
2016-01-05,-0.001443525,-0.001773911,-0.004391061,-0.01057975,-0.000369918,-0.013909836,3,0.001989812,0.940277957,0.003566655,1.131768673,-0.008878462
2016-01-06,-0.001602108,-0.003736649,0.001755688,-0.011444041,-0.001375267,-0.015375462,0,0.001545684,0.945694852,0.005438802,1.097965832,-0.000369918
2016-01-07,0.000501613,-0.003847875,-0.006741361,-0.017154582,-0.003622123,-0.016821649,0,0.003391323,0.959537637,0.019007688,1.104354843,-0.001375267
2016-01-08,0.00069376,-0.002399523,0.001082823,-0.013925129,-0.006508869,-0.020754638,0,0.003578666,0.962408772,0.019877366,1.115444972,-0.003622123
2016-01-11,0.002330486,0.000480227,-0.002068138,-0.010362049,-0.004971421,-0.016847597,2,0.003102663,0.960064769,0.018091931,1.109043166,-0.006508869
2016-01-12,-0.000623698,0.001300054,0.002508604,-0.003462385,-0.005088791,-0.02156647,4,0.003162892,0.955002184,0.014724227,1.099786515,-0.004971421
2016-01-13,0.002946766,0.005848928,-0.009428059,-0.014646132,-0.008308907,-0.02850011,0,0.006107977,0.967128104,0.021433252,1.143509604,-0.005088791
2016-01-14,-0.002562356,0.002784959,0.00290199,-0.00500278,-0.001350395,-0.026228382,4,0.00234914,0.969859331,0.010321694,1.113886847,-0.008308907
2016-01-15,-0.002323845,-0.000232646,-0.005975366,-0.012060969,0.004179996,-0.015539517,0,0.004255806,0.963928497,0.001519724,1.074319352,-0.001350395
2016-01-19,0.001214312,-0.00134882,-0.003090355,-0.013083186,-0.013365213,-0.023933309,2,0.006622683,0.95606927,-0.003995498,1.091141714,0.004179996
2016-01-20,-0.003924003,-0.004649125,0.010587112,-0.005004678,0.016215734,-0.002628784,1,0.009301871,0.931660282,-0.023341903,1.126337894,-0.013365213
2016-01-21,0.002144526,-0.005451365,-0.005099223,-0.000675842,-0.007155265,-0.001475143,3,0.004329975,0.925140142,-0.041987961,1.117275332,0.016215734
2016-01-22,-0.006893844,-0.009782854,0.006207217,0.002629385,0.003032241,0.002907493,4,0.005593855,0.930598649,-0.039260681,1.13243697,-0.007155265
2016-01-25,0.002734575,-0.004724434,-0.000197646,0.008407105,-0.007321375,-0.008593878,0,0.00429716,0.928066193,-0.035862304,1.141703478,0.003032241
2016-01-26,0.003552045,-0.002386701,-0.003219946,0.008277514,0.006398651,0.011169986,4,0.004187364,0.931596756,-0.024472514,1.170894868,-0.007321375
2016-01-27,-0.00295203,-0.001414728,-0.011101377,-0.013410975,-0.004141271,-0.00918702,0,0.004702609,0.930854449,-0.000805833,1.172733537,0.006398651
2016-01-28,0.002306974,-0.00125228,0.003068517,-0.005243234,-0.004994892,-0.007026646,4,0.003635504,0.925880312,0.000740169,1.16263647,-0.004141271
2016-01-29,-7.45E-05,0.005567073,-0.000935065,-0.012385517,0.007045178,-0.003013709,4,0.00371516,0.937877298,0.007278648,1.197404354,-0.004994892
2016-02-01,-0.000596972,0.002235527,0.001833783,-0.010354088,-0.002448662,0.001859004,1,0.001765214,0.937010371,0.008944179,1.198335758,0.007045178
2016-02-02,0.000784583,-0.000531936,-0.003716815,-0.010850956,-0.004154366,-0.008694013,0,0.002525475,0.938100888,0.006504132,1.179531697,-0.002448662
2016-02-03,0.006292829,0.008712923,-0.007797423,-0.007547002,-0.003533498,-0.008086239,3,0.005959293,0.93282099,0.001966541,1.174242574,-0.004154366
2016-02-04,0.003354564,0.009760513,-0.000345195,-0.010960714,0.0029088,-0.000182548,4,0.001921562,0.932832453,0.006952141,1.185603667,-0.003533498
2016-02-05,0.005680322,0.015515326,-0.01435343,-0.024379079,-0.010511914,-0.017739639,0,0.009251506,0.924411426,-0.013465871,1.223826509,0.0029088
2016-02-08,0.003214997,0.019327295,-0.004108161,-0.030321023,-0.002400367,-0.017691344,0,0.003176115,0.926650295,-0.010360076,1.210865741,-0.010511914
2016-02-09,-0.000127006,0.018415707,-0.002841622,-0.02944583,-0.004964034,-0.018501013,0,0.002380532,0.927092241,-0.011008647,1.212054872,-0.002400367
2016-02-10,-0.006052355,0.006070523,0.003657043,-0.017991364,-0.000246902,-0.015214417,1,0.004013336,0.922289858,-0.010531131,1.222965009,-0.004964034
2016-02-11,-0.003747126,-0.001031167,0.008459511,-0.009186659,0.002195834,-0.015927383,0,0.005115177,0.902456831,-0.030375622,1.198326202,-0.000246902
2016-02-12,0.000501194,-0.006210295,-0.002903088,0.002263683,-0.000354606,-0.005770075,4,0.001517156,0.904520082,-0.019891344,1.197682154,0.002195834
2016-02-16,-0.00254449,-0.011969782,0.006061909,0.012433752,0.007819178,0.00444947,4,0.004906835,0.905601166,-0.021049129,1.273022612,-0.000354606
2016-02-17,-0.000577451,-0.012420228,0.005527644,0.020803018,-0.001068731,0.008344773,4,0.003069422,0.915993853,-0.011098388,1.237927775,0.007819178
2016-02-18,0.002218234,-0.00414964,-0.00563649,0.011509485,-0.001692926,0.00689875,0,0.003317908,0.939304073,0.017014215,1.264671547,-0.001068731
2016-02-19,-0.001281035,-0.001683548,0.003782753,0.006832728,0.00528731,0.009990226,2,0.003095086,0.93950702,0.037050189,1.268699779,-0.001692926
2016-02-22,-0.000497037,-0.002681779,0.000234518,0.009970335,-0.002803926,0.007540905,4,0.001392034,0.940182165,0.035662083,1.257463103,0.00528731
2016-02-23,0.00110329,0.000966001,-0.002241414,0.001667011,0.003102336,0.002824064,0,0.002228688,0.938491617,0.03289045,1.220914161,-0.002803926
2016-02-24,-0.001196898,0.000346554,0.004199093,0.00033846,0.005333018,0.009225813,4,0.003169494,0.936854174,0.020860321,1.211194376,0.003102336
2016-02-25,0.001511724,-0.000359955,-0.002606799,0.003368152,-0.002032585,0.008886153,4,0.001894426,0.934230409,-0.005073664,1.196189917,0.005333018
2016-02-26,-0.001566835,-0.000645755,0.003675053,0.003260451,0.007285844,0.010884687,2,0.003957373,0.932343415,-0.007163605,1.198681807,-0.002032585
2016-02-29,0.000706338,0.000557619,0.001044673,0.004070606,0.004986671,0.018675284,0,0.002244107,0.920387817,-0.019794347,1.16280336,0.007285844
2016-03-01,-0.00270305,-0.003248721,0.004885923,0.011197943,-0.00386924,0.011703707,4,0.00389182,0.929930025,-0.008561591,1.111182807,0.004986671
2016-03-02,-0.002057764,-0.004109587,-0.001143375,0.005855475,0.006460572,0.012831262,4,0.0038568,0.915692334,-0.02116184,1.104828194,-0.00386924
2016-03-03,-0.000858127,-0.006479438,-0.002642551,0.005819723,0.00620059,0.021064436,4,0.003844667,0.924679289,-0.00955112,1.113287583,0.006460572
2016-03-04,0.000403123,-0.004509481,-0.001263162,0.000881508,0.002149119,0.015927711,4,0.001409653,0.925587457,-0.006755959,1.113662693,0.00620059
2016-03-07,0.003057769,-0.002158049,-0.002745582,-0.002908747,0.010346673,0.021287713,3,0.005643255,0.918597283,-0.001790534,1.008546546,0.002149119
2016-03-08,0.004849215,0.005394216,-0.001399147,-0.009193816,-0.012998693,0.01215826,0,0.007564048,0.895914008,-0.034016017,1.113918896,0.010346673
2016-03-09,-0.002904513,0.004547467,0.00044345,-0.007606992,-0.000470945,0.005226742,4,0.001495043,0.896497489,-0.019194845,1.093533313,-0.012998693
2016-03-10,-0.000463393,0.004942201,-0.002773408,-0.007737849,-0.008373916,-0.009347763,1,0.003843905,0.89670046,-0.027978829,1.124993849,-0.000470945
2016-03-11,-0.003506475,0.001032603,0.002081067,-0.00439362,0.00564818,-0.005848702,4,0.003832762,0.906895894,-0.018691562,1.163364411,-0.008373916
2016-03-14,0.002180421,0.000155255,0.001642781,-5.26E-06,-0.001786436,-0.017981811,2,0.001789527,0.904947493,-0.01364979,1.201769279,0.00564818
2016-03-15,0.00313782,-0.001556141,-0.002720925,-0.001327035,-0.014508185,-0.019491304,1,0.007704883,0.880258225,-0.015655784,1.25898826,-0.001786436
2016-03-16,-0.001291124,5.72E-05,0.001852709,8.22E-05,0.001738338,-0.017282021,4,0.001505428,0.872729502,-0.023767987,1.297500973,-0.014508185
2016-03-17,0.002374639,0.00289528,-0.004263054,-0.001407422,0.008885492,-2.26E-05,4,0.00549317,0.863144738,-0.033555722,1.3265188,0.001738338
2016-03-18,0.002491032,0.008892788,-7.87E-05,-0.003567148,0.005107455,-0.000563337,4,0.002460391,0.867439416,-0.039456478,1.33739956,0.008885492
2016-03-21,0.000239473,0.006951839,0.001767825,-0.003442104,-0.003793945,-0.002570846,3,0.002364921,0.863351691,-0.041595802,1.395161022,0.005107455
2016-03-22,-0.001468323,0.002345697,0.003533919,0.00281274,-0.000251586,0.011685754,1,0.002151371,0.847390917,-0.032867308,1.483860175,-0.003793945
2016-03-23,0.001847282,0.005484103,-0.004604536,-0.003644505,-0.013510962,-0.003563546,0,0.006855572,0.862233708,-0.010495794,1.567534751,-0.000251586
2016-03-24,0.001128642,0.004238106,0.001350676,0.001969225,0.003941635,-0.008507402,3,0.001666082,0.863209902,6.52E-05,1.603399181,-0.013510962
2016-03-28,0.000576692,0.002323766,-0.001951765,9.61E-05,9.38E-05,-0.013521061,3,0.001116593,0.875710097,0.008270681,1.610852221,0.003941635
2016-03-29,-0.003220823,-0.00113653,0.007830436,0.006158731,0.017578828,0.007851712,4,0.009266839,0.872765595,0.009413904,1.814209711,9.38E-05
2016-03-30,0.000386219,0.000718013,0.000325685,0.002950497,-0.003115403,0.004987894,4,0.00168491,0.872435732,0.025044815,2.283276064,0.017578828
2016-03-31,0.000258297,-0.000870973,0.002156854,0.009711887,0.005269659,0.023768516,2,0.002430636,0.867876803,0.005643095,2.238218969,-0.003115403
2016-04-01,-0.000241791,-0.002241406,0.002824051,0.011185262,-0.0030399,0.01678698,4,0.002395994,0.868232537,0.005022635,2.187654072,0.005269659
2016-04-04,7.53E-05,-0.002742836,-0.001424392,0.011712635,-0.004997807,0.011695377,0,0.002376393,0.873241908,-0.002468189,2.17768582,-0.0030399
2016-04-05,0.002630984,0.003108971,0.000362415,0.004244614,-0.001317275,-0.007200726,0,0.001641776,0.892143341,0.019377745,1.997354172,-0.004997807
2016-04-06,-0.004069284,-0.001346532,0.005275696,0.009194625,0.001304328,-0.002780996,4,0.003852158,0.87238318,-5.26E-05,1.936327293,-0.001317275
2016-04-07,0.0021728,0.000567971,-0.002764241,0.00427353,-0.002505252,-0.010555907,0,0.002326729,0.888017805,0.020141002,1.806969158,0.001304328
2016-04-08,-0.000789474,2.03E-05,-0.002304342,-0.000854863,0.001344986,-0.006171021,4,0.001525085,0.888111905,0.019879367,1.780843099,-0.002505252
2016-04-11,0.001573673,0.001518699,-0.000827271,-0.000257743,3.32E-05,-0.001140041,0,0.001001664,0.864366165,-0.008875743,1.892741571,0.001344986
2016-04-12,-0.000270404,-0.001382688,-0.001642916,-0.002263074,0.000720463,0.000897697,4,0.000989214,0.86752858,-0.02461476,1.824665192,3.32E-05
2016-04-13,0.000508582,0.003195178,0.005353172,-0.002185599,0.011678034,0.011271404,4,0.005427724,0.898322093,0.025938913,1.768691564,0.000720463
2016-04-14,0.000840094,0.001862471,-0.000482169,9.65E-05,-0.001359608,0.012417048,2,0.000919409,0.897575668,0.009557864,1.783141153,0.011678034
2016-04-15,-0.000632517,0.002019428,-0.000567201,0.001833614,0.003047234,0.014119295,1,0.001746816,0.90737756,0.019265655,1.746078185,-0.001359608
2016-04-18,-0.00057573,-0.000129975,-0.002114935,0.000545951,0.000845284,0.014931407,4,0.001247339,0.908285006,0.04391884,1.714179871,0.003047234
2016-04-19,-0.0003375,-0.000197071,-0.007057368,-0.004868501,-0.002246268,0.011964676,3,0.003252086,0.901318355,0.033789775,1.702536045,0.000845284
2016-04-20,0.001599469,0.000893816,0.000816302,-0.00940537,0.001043819,0.001330461,4,0.000663832,0.906072382,0.00775029,1.703604212,-0.002246268
2016-04-21,-0.001098102,-0.00104438,0.004754815,-0.004168386,-0.000516639,0.00217343,0,0.002684275,0.895980237,-0.001595432,1.549702757,0.001043819
2016-04-22,0.001132062,0.0007202,-0.008098993,-0.011700178,0.009520769,0.008646966,3,0.007208555,0.869672902,-0.037704658,1.569718107,-0.000516639
2016-04-25,0.000340146,0.001636076,-0.000316472,-0.009901716,-0.005705607,0.002096075,0,0.002869304,0.869324953,-0.038960053,1.602345056,0.009520769
2016-04-26,-0.001143674,0.000829902,-0.003406201,-0.006250548,0.009165323,0.013507666,3,0.005525328,0.861605092,-0.039713264,1.438924188,-0.005705607
2016-04-27,0.001195627,0.00042606,-0.006804106,-0.013870956,0.001319663,0.013783509,3,0.003867316,0.856362653,-0.049709729,1.451298722,0.009165323
2016-04-28,-0.002478796,-0.000954633,-0.002693309,-0.021319081,-0.002711428,0.01158872,0,0.001318163,0.874516592,-0.021463645,1.447225087,0.001319663
2016-04-29,0.001867403,-0.000219293,-0.001172118,-0.014392206,-0.003333609,-0.001265659,0,0.002178211,0.880660571,0.010987669,1.493161031,-0.002711428
2016-05-02,-0.001189358,-0.001748797,0.001024829,-0.013050905,0.001085846,0.005525793,4,0.001069533,0.886422377,0.017097424,1.439172202,-0.003333609
2016-05-03,0.000844546,0.000239422,-0.002635316,-0.01228002,-0.008221604,-0.011861134,0,0.004090274,0.888532807,0.026927715,1.535795707,0.001085846
2016-05-04,0.000324947,-0.000631258,-0.001966342,-0.007442257,-0.001768435,-0.014949231,0,0.00118219,0.8926501,0.036287447,1.588644449,-0.008221604
2016-05-05,0.000774332,0.00262187,-0.001571943,-0.00632089,-0.004425418,-0.016663221,1,0.002297456,0.871597885,-0.002918708,1.674434996,-0.001768435
2016-05-06,0.001345476,0.002099943,0.000865052,-0.00428372,0.002922199,-0.010407413,4,0.001226328,0.873587931,-0.007072641,1.680164533,-0.004425418
2016-05-09,-0.00271226,0.000577041,0.002208892,-0.003099656,0.002408524,-0.009084735,3,0.002389501,0.865088322,-0.021334055,1.68929517,0.002922199
2016-05-10,7.84E-05,-0.000189124,7.69E-05,-0.000387414,-0.002989669,-0.0038528,4,0.00152116,0.861591927,-0.02694088,1.600850132,0.002408524
2016-05-11,-0.002583072,-0.003097143,-0.000671985,0.000906943,-0.002952951,-0.005037316,0,0.001438622,0.847007255,-0.045642845,1.451421461,-0.002989669
2016-05-12,0.000698998,-0.003172477,-0.004749422,-0.002270536,-0.00535377,-0.005965668,1,0.003141058,0.842294945,-0.02930294,1.46397002,-0.002952951
2016-05-13,-0.001990577,-0.006508529,0.004357922,0.001222335,0.00294235,-0.005945516,0,0.002861415,0.832879147,-0.040708784,1.401923556,-0.00535377
2016-05-16,0.000203467,-0.003592802,0.002424129,0.001437572,0.002664155,-0.005689885,4,0.001415964,0.84869432,-0.016394002,1.401312291,0.00294235
2016-05-17,-0.000801146,-0.004472329,-0.003130708,-0.001770063,-0.007284209,-0.009984425,0,0.003268682,0.870590776,0.008998849,1.45348878,0.002664155
2016-05-18,-0.000396923,-0.00228618,0.004742607,0.003644529,0.004584296,-0.002447178,3,0.002812443,0.865813593,0.018806338,1.468383119,-0.007284209
2016-05-19,-0.00150458,-0.004489759,-0.001913021,0.006480929,-0.003721313,-0.000814721,0,0.001530856,0.874660097,0.032365152,1.484181101,0.004584296
2016-05-20,-0.002249541,-0.004748723,0.006027737,0.008150744,0.009857073,0.006100002,4,0.00554003,0.902822935,0.069943788,1.513205488,-0.003721313
2016-05-23,0.001629855,-0.003322335,0.001294739,0.007021354,0.001269132,0.004704979,0,0.000718015,0.905293001,0.056598681,1.497796919,0.009857073
2016-05-24,-0.001478986,-0.004000175,0.006206723,0.016358785,0.007723671,0.019712859,4,0.004531612,0.933542276,0.0629515,1.468530921,0.001269132
2016-05-25,0.001231122,-0.002372129,-1.52E-05,0.011600947,-0.001933706,0.013194857,4,0.001307198,0.94238415,0.076570557,1.441610304,0.007723671
2016-05-26,-0.00109115,-0.0019587,0.001615003,0.015128971,-0.00090321,0.01601296,1,0.001235402,0.938072319,0.063412222,1.457930456,-0.001933706
2016-05-27,-0.001760621,-0.001469779,0.002174612,0.011275846,0.005066493,0.011222379,4,0.002943306,0.936856299,0.034033363,1.472115255,-0.00090321
2016-05-31,-0.00381872,-0.006918355,0.003950613,0.01393172,0.004771184,0.014724432,2,0.003955761,0.9258013,0.020508299,1.490104076,0.005066493
2016-06-01,-0.000995505,-0.006434874,-0.0002859,0.007439097,0.005984359,0.012985119,4,0.003232949,0.917520225,-0.016022051,1.449153509,0.004771184
2016-06-02,-7.62E-05,-0.007742203,0.001030702,0.00848503,0.003641318,0.018560144,4,0.001736565,0.914094429,-0.028289722,1.457139545,0.005984359
2016-06-03,0.001148664,-0.005502389,-0.002902028,0.003967999,-0.002609222,0.016854132,0,0.001982523,0.916576046,-0.021496273,1.449112195,0.003641318
2016-06-06,0.00145546,-0.002286308,0.000399586,0.002192973,0.005999008,0.017786648,4,0.002759504,0.916361674,-0.020494625,1.464263679,-0.002609222
2016-06-07,-0.000287505,0.001244907,-0.002690356,-0.004447996,0.001342006,0.01435747,3,0.001678556,0.915561534,-0.010239766,1.46441283,0.005999008
2016-06-08,0.000411278,0.00265169,-0.000709569,-0.004871665,0.004277432,0.012650543,4,0.002236863,0.91897489,0.001454665,1.579537164,0.001342006
2016-06-09,0.000615529,0.003343426,-0.001506298,-0.007408665,-0.004820458,0.004188766,0,0.002431056,0.903081476,-0.011012953,1.640070155,0.004277432
2016-06-10,0.002531436,0.004726197,-0.003787666,-0.008294303,-0.005511041,0.001286947,0,0.003636718,0.919464495,0.002888449,1.621789906,-0.004820458
2016-06-13,0.000683797,0.003954535,-0.001317011,-0.0100109,-0.003283547,-0.007995608,0,0.001746284,0.936217765,0.019856091,1.685165738,-0.005511041
2016-06-14,-0.001456462,0.002785578,0.000791396,-0.006529149,-0.000705461,-0.010043075,0,0.000961887,0.932687345,0.017125812,1.749000619,-0.003283547
2016-06-15,-0.000119953,0.002254347,6.12E-05,-0.005758365,0.003131069,-0.011189439,1,0.00157712,0.918000133,-0.000974756,1.713408067,-0.000705461
2016-06-16,0.002126151,0.003764969,-0.001064063,-0.00531613,-0.004094459,-0.010463439,3,0.002589628,0.908326533,0.005245057,1.705295252,0.003131069
2016-06-17,-9.37E-06,0.001224163,-0.005980717,-0.007509181,0.000219097,-0.004733301,0,0.003027154,0.901699196,-0.017765299,1.674646705,-0.004094459
2016-06-20,0.001520311,0.002060677,0.001860001,-0.004332169,0.005501302,0.004051548,4,0.002331988,0.91055166,-0.025666105,1.616432134,0.000219097
2016-06-21,-0.001313043,0.002204096,-0.001355261,-0.006478826,-0.006022121,-0.001265112,3,0.00264234,0.902739939,-0.029947406,1.636927907,0.005501302
2016-06-22,-0.001093471,0.001230578,-0.000504735,-0.007044775,-0.002602713,-0.006998894,0,0.00112733,0.864565155,-0.053434979,1.693421643,-0.006022121
2016-06-23,-0.000409896,-0.001305469,0.002472964,-0.003507748,0.006757931,0.003853496,4,0.003291438,0.907196038,-0.001130495,1.689636009,-0.002602713
2016-06-24,0.002107515,0.000811417,-0.005442366,-0.002969398,-0.002280266,0.001354133,0,0.0032341,0.96091929,0.059220094,1.271493363,0.006757931
2016-06-27,0.003177867,0.002468973,-0.006149827,-0.010979225,-0.01591949,-0.020066659,0,0.008408877,0.959049193,0.048497534,1.377289849,-0.002280266
2016-06-28,-0.002014339,0.001767676,0.003370263,-0.006253702,-0.001546024,-0.015590562,4,0.002435665,0.96706647,0.064326531,1.312007992,-0.01591949
2016-06-29,-0.000653943,0.002207204,0.001563139,-0.004185828,0.004836323,-0.008151526,4,0.002450056,0.973071743,0.108506588,1.301381318,-0.001546024
2016-06-30,-0.000263132,0.002353968,-0.000291288,-0.006950079,0.00430606,-0.010603397,4,0.002249262,0.974995854,0.067799816,1.300035666,0.004836323
2016-07-01,-0.00086648,-0.000620027,0.002154157,0.000646444,0.002254795,-0.006068335,4,0.00156397,0.974317794,0.013398504,1.300765566,0.00430606
2016-07-05,0.000793892,-0.003004002,-0.001320653,0.005475618,-0.008214979,0.001636176,0,0.004113221,0.973886146,0.014836953,1.304395036,0.002254795
2016-07-06,-0.000976171,-0.001965834,0.002151542,0.004256896,0.001553131,0.004735331,4,0.001429811,0.974401895,0.007335424,1.304697189,-0.008214979
2016-07-07,-0.000397823,-0.001709715,0.004497672,0.00719143,0.002987726,0.002886734,2,0.002363288,0.973161066,8.93E-05,1.298542101,0.001553131
2016-07-08,-0.00121781,-0.002664393,0.001122738,0.008605456,0.008583211,0.007163885,4,0.004412218,0.974590371,-0.000405483,1.321472501,0.002987726
2016-07-11,0.001006391,-0.000791521,0.003008281,0.00945958,0.007301091,0.01221018,4,0.003233001,0.973392807,-0.000924987,1.325246978,0.008583211
2016-07-12,-0.000382409,-0.001967822,-0.000156703,0.01062353,0.006254512,0.026679671,4,0.003220935,0.972013442,-0.001872704,1.333016462,0.007301091
2016-07-13,0.001196906,0.000205255,-0.003543,0.004928988,-0.004064869,0.02106167,2,0.002597016,0.971169589,-0.003232305,1.337226582,0.006254512
2016-07-14,0.002037493,0.002640571,0.000398152,0.000829468,-0.004404914,0.013669031,4,0.002753402,0.969572825,-0.003588241,1.338309924,-0.004064869
2016-07-15,0.001477181,0.005335562,4.10E-05,-0.000252279,0.003537929,0.008623748,2,0.001664297,0.970746808,-0.003843564,1.335185124,-0.004404914
2016-07-18,-0.001488764,0.002840407,0.0028142,-0.000446361,-0.000224684,0.001097974,4,0.001815095,0.971386366,-0.002006441,1.337736768,0.003537929
2016-07-19,0.00283591,0.006058726,-0.002410288,-0.002699946,-0.004758971,-0.00991551,1,0.003256031,0.969985254,-0.002028187,1.336749457,-0.000224684
2016-07-20,-0.002322278,0.002539542,0.006317296,0.007160351,0.003447798,-0.002402842,4,0.003800861,0.968346445,-0.002823145,1.335969872,-0.004758971
2016-07-21,-0.000573558,-7.15E-05,0.000464691,0.007226889,-0.001253334,0.000748739,0,0.000742036,0.968437495,-0.00113533,1.333029001,0.003447798
2016-07-22,-0.001652176,-0.003200865,0.000618582,0.007804481,0.002929278,0.000140087,4,0.001896892,0.966646671,-0.004100137,1.323871019,-0.001253334
2016-07-25,-0.001181551,-0.002893653,0.002519779,0.00751006,0.000481609,0.00084638,0,0.001543734,0.951701155,-0.019685211,1.551147098,0.002929278
2016-07-26,-0.001367483,-0.007097046,0.002110716,0.012031064,0.005479482,0.011084834,3,0.002981572,0.924359473,-0.045625782,1.41361038,0.000481609
2016-07-27,0.001113726,-0.003661041,0.007006235,0.012720003,0.002898971,0.010536007,2,0.003075578,0.916752565,-0.05159388,1.524234781,0.005479482
2016-07-28,-0.002461728,-0.005549211,0.001342188,0.013597501,-0.00291849,0.008870851,2,0.002025071,0.892502172,-0.075935323,1.633746003,0.002898971
2016-07-29,-0.002937126,-0.006834161,-0.000243952,0.012734967,0.000511749,0.006453322,3,0.001545615,0.871551181,-0.09509549,1.733499901,-0.00291849
2016-08-01,-0.000234993,-0.005887603,0.005536908,0.015752096,0.000598248,0.006569962,1,0.002730537,0.865810053,-0.085891102,1.722391486,0.000511749
2016-08-02,0.001439421,-0.0030807,-0.002622292,0.011019089,-0.007469387,-0.006378908,0,0.003916831,0.860413435,-0.063946038,1.709400857,0.000598248
2016-08-03,-0.000880236,-0.005074662,0.001145849,0.005158703,0.005467003,-0.003810877,4,0.00281426,0.855737954,-0.061014611,1.746653652,-0.007469387
2016-08-04,-0.000373239,-0.002986173,0.001048301,0.004864816,0.000636438,-0.000255949,3,0.000635948,0.861222148,-0.031280023,1.757784585,0.005467003
2016-08-05,0.001812878,0.001763831,0.001998177,0.007106944,0.005780877,0.005013178,4,0.00242875,0.815868728,-0.055682453,1.878831781,0.000636438
2016-08-08,0.000139347,0.002138171,-0.000621996,0.00094804,0.000192626,0.004607556,0,0.000375221,0.812806044,-0.053004009,1.810093952,0.005780877
2016-08-09,-0.000186724,0.000512027,0.00197455,0.005544882,0.000682468,0.012759411,4,0.000978756,0.795874721,-0.064538714,1.787196765,0.000192626
2016-08-10,0.000849249,0.002241511,-0.001138837,0.003260196,-0.004031382,0.003261026,0,0.00212936,0.818287412,-0.037450541,1.787354998,0.000682468
2016-08-11,0.00162864,0.00424339,-0.000157152,0.002054742,4.74E-05,0.002672019,4,0.000837185,0.836966236,-0.024255912,1.822546678,-0.004031382
2016-08-12,-0.001196046,0.001234465,0.001654811,0.001711377,0.001365675,-0.001743183,2,0.001316795,0.84259544,0.026726712,1.821397999,4.74E-05
2016-08-15,0.000413139,0.001508257,0.002762238,0.005095611,0.006953454,0.005017645,4,0.003188671,0.846553742,0.033747698,1.899255543,0.001365675
2016-08-16,0.000974876,0.002669857,-0.001162327,0.001958733,-0.003183651,0.001151526,0,0.001788476,0.881808022,0.085933301,1.826724937,0.006953454
2016-08-17,-0.000686005,0.001134603,-0.001570303,0.001527267,-0.004673044,0.000509864,3,0.002063154,0.877305452,0.05901804,1.842210109,-0.003183651
2016-08-18,-0.00091882,-0.001412856,-2.16E-06,0.001682262,0.00524435,0.005706785,4,0.002809185,0.866432012,0.029465776,1.896812271,-0.004673044
2016-08-19,-0.000988225,-0.001205035,0.001103472,0.001130923,0.001376663,0.005717772,0,0.001085202,0.861528687,0.018933247,1.91262715,0.00524435
2016-08-22,-0.000685124,-0.002303298,0.001750208,0.000118893,0.002961996,0.001726314,2,0.001658483,0.86020849,0.013654748,1.943772507,0.001376663
2016-08-23,-0.000985334,-0.004263508,0.000997389,0.002278609,0.005155331,0.010065296,4,0.002699854,0.866725385,-0.015082636,1.948681076,0.002961996
2016-08-24,0.001698962,-0.001878541,-0.002837431,0.001011481,-0.00386164,0.010876699,0,0.002556005,0.892025243,0.014719791,1.941696942,0.005155331
2016-08-25,-0.000424818,-0.001384539,0.000313465,0.001327104,0.003586365,0.009218714,1,0.001836829,0.896059196,0.029627183,1.938585416,-0.00386164
2016-08-26,-0.001297478,-0.001693792,0.002868464,0.003092096,-9.89E-06,0.007832167,1,0.001760906,0.895173047,0.03364436,1.944258757,0.003586365
2016-08-29,0.00061727,-0.000391397,-0.002648197,-0.00130631,0.00035143,0.005221601,4,0.001506906,0.90238594,0.042177451,1.871082568,-9.89E-06
2016-08-30,-0.000679314,-8.54E-05,0.000168971,-0.002134728,0.002830823,0.002897093,1,0.001544606,0.887369375,0.020643989,1.75770262,0.00035143
2016-08-31,-0.000520221,-0.00230456,0.00050636,0.001209063,-0.002545006,0.004213728,0,0.001337552,0.889002918,-0.003022325,1.747506028,0.002830823
2016-09-01,0.001041919,-0.000837822,0.002721305,0.003616902,-4.73E-05,0.00058004,2,0.001296322,0.884933379,-0.011125817,1.749033327,-0.002545006
2016-09-02,-0.000255218,0.000204437,0.000139101,0.000887539,0.005464088,0.006054013,4,0.002756238,0.848467282,-0.046705765,1.855983468,-4.73E-05
2016-09-06,-0.00048423,-0.000897063,0.001964953,0.005500689,-0.001747768,0.003954815,4,0.001541902,0.841018364,-0.061367576,1.811277628,0.005464088
2016-09-07,-0.000499969,-0.000717718,0.001665362,0.006997081,0.006223471,0.007347463,2,0.003060837,0.832567995,-0.05480138,1.849986837,-0.001747768
2016-09-08,-0.000273049,-0.000470546,-0.002412525,0.004078196,0.000121768,0.010014236,0,0.00119253,0.828861484,-0.060141433,1.780994048,0.006223471
2016-09-09,0.003251242,0.001738777,-0.000896316,0.000460576,-0.006778456,0.003283103,0,0.004180491,0.949617709,0.06468433,1.462316744,0.000121768
2016-09-12,-0.001408007,0.000585988,0.002064092,0.002385567,-0.000998292,-0.003179277,4,0.001550298,0.95147376,0.103006478,1.34165024,-0.006778456
2016-09-13,0.000744896,0.001815114,0.004014781,0.004435395,-0.004297588,-0.005729097,0,0.003420001,0.955106258,0.114087894,1.317090668,-0.000998292
2016-09-14,-0.001183848,0.001131235,0.00417387,0.006943902,-1.45E-05,-0.011967035,1,0.002352971,0.951945174,0.11937718,1.307104739,-0.004297588
2016-09-15,-0.000252953,0.001151331,0.004508866,0.013865294,0.002596447,-0.009492356,4,0.002265442,0.958850645,0.129989161,1.297847064,-1.45E-05
2016-09-16,-0.001101637,-0.003201548,0.002803634,0.017565243,0.001952206,-0.000761694,0,0.001783888,0.959329279,0.00971157,1.281248061,0.002596447
2016-09-19,-0.000181753,-0.001975294,-0.001802085,0.013699066,0.006326334,0.006562932,1,0.00358649,0.953617827,0.002144067,1.294415197,0.001952206
2016-09-20,0.000241099,-0.002479092,0.00090749,0.010591775,-0.003712597,0.007147923,3,0.002083387,0.951410858,-0.0036954,1.294312272,0.006326334
2016-09-21,-0.001867175,-0.003162419,-0.000640112,0.005777793,0.002654201,0.009816592,4,0.00190923,0.956297402,0.004352228,1.272250232,-0.003712597
2016-09-22,-0.001094598,-0.004004065,0.001860007,0.003128934,0.008191672,0.015411817,4,0.004151463,0.957508529,-0.001342116,1.293878339,0.002654201
2016-09-23,-0.001395318,-0.004297747,-0.000591334,-0.000266034,-0.001252086,0.012207525,0,0.000643416,0.959580466,0.000251187,1.296023663,0.008191672
2016-09-26,-0.000541121,-0.004657114,-0.000512517,0.001023535,-0.002338774,0.003542416,0,0.001024408,0.962583125,0.008965298,1.299092131,-0.001252086
2016-09-27,0.000925613,-0.0039726,0.002706325,0.00282237,-0.002049251,0.005205762,4,0.001979408,0.96251894,0.011108082,1.289535228,-0.002338774
2016-09-28,0.000785088,-0.001320337,-0.002865495,0.000596986,0.002143399,0.00469496,4,0.002115073,0.960551577,0.004254175,1.290653049,-0.002049251
2016-09-29,-0.001368341,-0.001594079,3.35E-05,-0.001229525,-0.005008987,-0.008505699,0,0.002373631,0.96263866,0.005130131,1.303774451,0.002143399
2016-09-30,0.001100374,0.000901613,0.000162979,-0.000475212,0.003231093,-0.00402252,4,0.001486308,0.963833434,0.004252968,1.305192963,-0.005008987
2016-10-03,0.000295681,0.001738415,0.001168591,0.001205896,-0.001434814,-0.00311856,0,0.001081898,0.964869875,0.00228675,1.293765164,0.003231093
2016-10-04,0.000278417,0.00109122,0.002850903,0.001350473,0.000139987,-0.000929322,0,0.001360474,0.96549025,0.00297131,1.295451854,-0.001434814
2016-10-05,0.001889855,0.002195986,0.000683419,0.004899388,0.002617242,-0.000455479,4,0.001176606,0.968052984,0.007501407,1.288670677,0.000139987
2016-10-06,-0.00116705,0.002397277,-0.002207893,0.002657999,-0.00218913,0.002364377,1,0.001047117,0.968459167,0.005820507,1.289094518,0.002617242
2016-10-07,0.001724383,0.003021286,0.000532141,0.003027161,-0.004538845,-0.00540556,0,0.002741991,0.951120601,-0.012712833,1.312942186,-0.00218913
2016-10-10,0.000247445,0.00297305,0.00223452,0.00409309,0.006822666,0.00285192,4,0.003160118,0.947810246,-0.017059629,1.419806652,-0.004538845
2016-10-11,0.001532062,0.004226694,-0.002960615,-0.001718428,-0.006149465,-0.003437532,0,0.003394691,0.947416257,-0.018073993,1.466300743,0.006822666
2016-10-12,-0.000289145,0.002047694,-0.002627939,-0.005029786,-0.001463683,-0.007518456,2,0.001201978,0.949744282,-0.018308702,1.466025339,-0.006149465
2016-10-13,0.000606512,0.003821257,-0.001811563,-0.004633456,-0.006294335,-0.011623661,0,0.00312026,0.945040683,-0.023418484,1.523665091,-0.001463683
2016-10-14,0.001975256,0.004072129,-4.24E-05,-0.005207972,-0.002952612,-0.010037428,3,0.002029892,0.946843714,-0.004276886,1.537732475,-0.006294335
2016-10-17,0.000172732,0.003997416,0.000288562,-0.00715393,0.001168543,-0.015691551,0,0.000521058,0.954575761,0.006765515,1.508488288,-0.002952612
2016-10-18,-0.001973636,0.000491718,0.002288543,-0.001904771,-0.000242242,-0.009784328,4,0.001750241,0.954902927,0.00748667,1.485711691,0.001168543
2016-10-19,4.78E-05,0.000828618,-0.001699534,-0.000976366,0.002187564,-0.006133081,4,0.001592102,0.948699356,-0.001044926,1.526421228,-0.000242242
2016-10-20,-0.000838073,-0.000615967,0.000503297,0.001338494,-0.000957051,-0.000795798,0,0.00069628,0.949850798,0.004810115,1.451485663,0.002187564
2016-10-21,-0.000832383,-0.003423605,0.003050046,0.004430914,-0.001302352,0.000854462,1,0.001956384,0.945644237,-0.001199478,1.465478318,-0.000957051
2016-10-24,-0.000486675,-0.004083012,0.00518465,0.009327002,0.002092935,0.001778854,4,0.002579969,0.938303435,-0.016272326,1.503830109,-0.001302352
2016-10-25,0.000850497,-0.001258879,-0.001185066,0.005853394,-0.004669823,-0.002648728,0,0.002427206,0.940776646,-0.014126281,1.564109213,0.002092935
2016-10-26,0.003395033,0.002088399,-0.004548376,0.003004552,-0.007634992,-0.012471284,1,0.004871631,0.924397313,-0.024302043,1.60148953,-0.004669823
2016-10-27,0.001360665,0.004287137,-0.003563197,-0.001061943,-0.009369632,-0.020883865,0,0.00479093,0.910061032,-0.039789766,1.701510846,-0.007634992
2016-10-28,0.002645756,0.007765276,-0.00185899,-0.005970979,0.001144764,-0.018436749,0,0.00190032,0.890548602,-0.055095634,1.71651323,-0.009369632
2016-10-31,-0.000911747,0.007340203,-6.27E-05,-0.011218323,0.003300117,-0.017229567,1,0.001859551,0.885135646,-0.053167789,1.751154289,0.001144764
2016-11-01,0.000987907,0.007477613,-6.64E-05,-0.01009961,-0.004543585,-0.01710333,0,0.002472836,0.899933525,-0.040843121,1.765013127,0.003300117
2016-11-02,0.002243211,0.006325792,-0.002812683,-0.008363918,-0.006630137,-0.016098474,0,0.00382724,0.899896012,-0.024501301,1.770109968,-0.004543585
2016-11-03,0.00281881,0.007783937,-0.004846618,-0.009647338,-0.000421484,-0.007150325,0,0.003168243,0.892313223,-0.017747809,1.758689963,-0.006630137
2016-11-04,-0.000699419,0.004438762,-0.000715519,-0.008503867,0.007313221,-0.000981868,1,0.0039067,0.873672137,-0.016876466,1.813022523,-0.000421484
2016-11-07,-0.001434962,0.003915547,0.001482191,-0.006958983,0.002480995,-0.00180099,4,0.001713998,0.924439086,0.03930344,1.412907469,0.007313221
2016-11-08,0.000232719,0.003160359,0.001509498,-0.005383131,-0.001343811,0.001398785,4,0.001168887,0.910392857,0.010459332,1.412244884,0.002480995
2016-11-09,0.002902431,0.003819579,9.75E-06,-0.002560699,0.019489289,0.02751821,4,0.00935949,0.907801784,0.007905771,1.693330354,-0.001343811
2016-11-10,0.009720034,0.010720803,-0.010031212,-0.007745294,0.013713111,0.041652805,3,0.010618392,0.843254415,-0.049058808,1.746409127,0.019489289
2016-11-11,0.003511728,0.014931951,0.006819256,-0.000210518,0.025685948,0.060025531,3,0.011464402,0.807997698,-0.065674439,1.895163181,0.013713111
2016-11-14,0.001230639,0.017597552,-0.003463461,-0.00515617,0.012684522,0.070229058,2,0.007002324,0.795417013,-0.129022073,1.931061814,0.025685948
2016-11-15,-0.004575548,0.012789285,0.003452452,-0.003213216,-0.004730621,0.066842248,4,0.003944082,0.783173497,-0.12721936,1.911508214,0.012684522
2016-11-16,-0.001322978,0.008563876,0.005170957,0.001947992,0.001629545,0.048982503,2,0.002807351,0.774577029,-0.133224755,1.90964804,-0.004730621
2016-11-17,-0.002776253,-0.003932412,0.002746702,0.014725906,0.000909523,0.036178916,4,0.00230113,0.770439673,-0.072814743,1.891165587,0.001629545
2016-11-18,0.000489256,-0.006954885,5.09E-05,0.007957513,0.007082805,0.017575773,1,0.003458364,0.771717772,-0.036279926,1.872134512,0.000909523
2016-11-21,-0.002740466,-0.01092599,0.001424814,0.012845789,-0.002437262,0.002453989,4,0.001996614,0.770024983,-0.025392029,1.840765477,0.007082805
2016-11-22,0.001374495,-0.004975946,0.001089333,0.010482669,0.006953981,0.014138591,4,0.00312303,0.763205549,-0.019967948,1.82384681,-0.002437262
2016-11-23,0.002305143,-0.001347825,-0.001860899,0.003450813,0.004983615,0.017492661,3,0.002957907,0.765054264,-0.009522765,1.767123779,0.006953981
2016-11-25,-0.000299557,0.001128871,-0.000522619,0.000181492,-0.000106492,0.016476646,4,0.000229927,0.757343811,-0.013095862,1.672364307,0.004983615
2016-11-28,0.0024323,0.003071915,-0.000324236,-0.000193608,-0.007708858,0.001684983,0,0.004381989,0.763266735,-0.008451037,1.747757214,-0.000106492
2016-11-29,-9.42E-05,0.005718143,0.000732794,-0.000885628,-0.002545806,0.00157644,3,0.001428005,0.76099854,-0.009026444,1.764441134,-0.007708858
2016-11-30,0.002760498,0.007104145,-0.007851733,-0.009826693,-0.001779879,-0.00715742,1,0.004495738,0.743073694,-0.020131855,1.759217027,-0.002545806
2016-12-01,0.007089452,0.011888454,-0.010203647,-0.018169441,-0.002957407,-0.015098441,1,0.007162516,0.70603758,-0.059016684,1.72997848,-0.001779879
2016-12-02,-0.001518328,0.010669683,0.000467285,-0.017179537,-5.45E-05,-0.015046455,3,0.000860443,0.689164097,-0.068179714,1.744445377,-0.002957407
2016-12-05,-0.003417122,0.004820262,0.004274703,-0.012580597,0.01194844,0.004610843,4,0.006626122,0.683906876,-0.079359858,1.802056308,-5.45E-05
2016-12-06,-0.001557364,0.003357136,0.001126048,-0.012187344,0.007656337,0.014812986,4,0.004052268,0.553982847,-0.207015693,2.480514468,0.01194844
2016-12-07,0.002274959,0.002871597,-0.001748604,-0.006084215,-0.004362411,0.012230453,4,0.002803858,0.573476719,-0.169596975,2.121525905,0.007656337
2016-12-08,0.001172101,-0.003045754,0.002208885,0.006328317,0.013736405,0.028924265,4,0.006368949,0.476748058,-0.229289522,2.031250337,-0.004362411
2016-12-09,0.001293907,-0.000233519,-0.00092408,0.004936951,-0.004695981,0.02428279,4,0.00257562,0.536951447,-0.15221265,1.933497982,0.013736405
2016-12-12,0.003139438,0.006323041,-0.004749352,-0.004087103,-0.009676073,0.002658276,1,0.005603434,0.594213696,-0.08969318,1.818027999,-0.004695981
2016-12-13,-0.000737149,0.007143256,0.002913049,-0.002300101,-0.006234492,-0.011232553,4,0.003820126,0.612678567,0.05869572,1.729918389,-0.009676073
2016-12-14,0.002171917,0.007040214,0.003166999,0.002615501,-0.004679841,-0.011549983,0,0.003489958,0.671281139,0.09780442,1.735979894,-0.006234492
2016-12-15,-0.000863407,0.005004706,-0.000170716,0.0002359,0.003757227,-0.021529161,4,0.00208467,0.684453277,0.20770522,1.76422461,-0.004679841
2016-12-16,0.001307268,0.005018067,-0.001862667,-0.000702687,0.000126072,-0.016707108,0,0.001309999,0.695209116,0.158257669,1.759114905,0.003757227
2016-12-19,2.30E-05,0.001901626,0.001749737,0.005796402,0.003502329,-0.003528705,4,0.001670513,0.70325883,0.109045133,1.794583754,0.000126072
2016-12-20,0.000963372,0.003602147,0.001213093,0.004096446,0.005281709,0.007987497,4,0.00233738,0.707798883,0.095120316,1.879646977,0.003502329
2016-12-21,0.000824063,0.002254293,0.000176616,0.001106063,-0.00389668,0.008770657,0,0.002144581,0.71682582,0.045544682,1.856058694,0.005281709
2016-12-22,0.000706678,0.003824378,-0.002533241,-0.001256462,-0.007288453,-0.002275022,0,0.003617889,0.730567394,0.046114117,1.886169443,-0.00389668
2016-12-23,-0.000501689,0.002015422,0.001548311,0.002154517,0.0052227,0.002821606,4,0.002588401,0.722997429,0.027788313,1.915849085,-0.007288453
2016-12-27,-0.001682718,0.000309707,0.002274653,0.002679432,0.002264493,0.00158377,4,0.001922994,0.695693447,-0.007565383,1.889989651,0.0052227
2016-12-28,0.002792684,0.002139019,-0.000555862,0.000910477,-0.003936256,-0.007634195,0,0.002761652,0.735354415,0.027555532,1.807209884,0.002264493
2016-12-29,-0.000407746,0.00090721,-0.000897053,-0.000163192,0.002018817,-0.001718698,1,0.001280511,0.738354872,0.021529052,1.810597847,-0.003936256
2016-12-30,0.001758684,0.001959216,-0.004407942,-0.002037893,0.000199769,0.005769524,0,0.002649706,0.792477643,0.061910249,1.772219412,0.002018817
2017-01-03,-0.002439293,2.16E-05,5.08E-05,-0.003535419,-0.002309615,-0.001762791,4,0.001386718,0.795943418,0.072945989,1.696014257,0.000199769
2017-01-04,-0.002672589,-0.00096826,0.003081837,-0.002728235,0.010608508,0.006581224,4,0.00573972,0.802563418,0.106869972,1.673226482,-0.002309615
2017-01-05,-0.001381118,-0.005142062,0.002766409,0.000594036,-0.010831082,-0.000313602,1,0.005903871,0.796023662,0.060669247,1.711053744,0.010608508
2017-01-06,-0.000274122,-0.005008438,0.002506146,0.003997234,-0.006913157,-0.009245576,3,0.004027795,0.789091856,0.050736984,1.952874248,-0.010831082
2017-01-09,-0.000280364,-0.007047487,0.005501868,0.013907043,-0.003631082,-0.013076427,1,0.003781602,0.788044576,-0.004433067,1.769854816,-0.006913157
2017-01-10,-0.001602881,-0.006211074,0.003608927,0.017465186,0.009830077,-0.000936735,2,0.005072821,0.774542074,-0.021401345,1.916184057,-0.003631082
2017-01-11,0.002135457,-0.001403029,-0.000697063,0.013686286,-0.001076481,-0.012621724,4,0.001434357,0.791055789,-0.01150763,1.832128354,0.009830077
2017-01-12,-0.001029141,-0.001051051,-0.000761622,0.010158255,-0.00679841,-0.008589052,0,0.003131246,0.808649885,0.012626223,1.975389977,-0.001076481
2017-01-13,-0.002113087,-0.002890016,0.002940732,0.010592841,0.00618676,0.004510865,3,0.003609643,0.781379633,-0.007712223,2.113264446,-0.00679841
2017-01-17,2.52E-06,-0.002607129,-0.003397335,0.001693639,-0.011512497,-0.00337055,0,0.005432081,0.787567074,-0.000477502,2.245134962,0.00618676
2017-01-18,-0.002874893,-0.003879141,0.001287981,-0.000627307,0.002841562,-0.010359065,3,0.002422453,0.785275859,0.010733786,2.269250568,-0.011512497
2017-01-19,-4.25E-05,-0.006057114,0.000809382,0.000879138,-0.00586548,-0.015148065,0,0.003085547,0.790540248,-0.000515541,2.258470301,0.002841562
2017-01-20,0.001434695,-0.003593278,-0.000611698,0.001029062,0.001169382,-0.007180273,4,0.0009674,0.777732127,-0.030917758,2.213254781,-0.00586548
2017-01-23,0.001310838,-0.000169353,0.002263415,0.000351745,-0.000276971,-0.013644004,0,0.001183222,0.773648942,-0.007730691,2.189773113,0.001169382
2017-01-24,-0.000859214,-0.00103109,0.002067357,0.005816438,0.009187476,0.007055969,4,0.004560874,0.803148281,0.015581207,2.197484501,-0.000276971
2017-01-25,-0.000200413,0.001643389,0.001844955,0.006373412,0.001622056,0.005836463,4,0.001065743,0.819440493,0.034164634,2.065848504,0.009187476
2017-01-26,0.002348842,0.004034748,0.000530613,0.006094642,-0.004224375,0.007477569,1,0.002780393,0.814476336,0.023936088,2.071629813,0.001622056
2017-01-27,0.000512023,0.003112076,0.001856523,0.008562863,-0.00270162,0.003606567,1,0.0019131,0.789793561,0.012061434,2.233572069,-0.004224375
2017-01-30,-9.48E-05,0.001706406,-0.002322167,0.003977281,-0.007464851,-0.003581313,0,0.003498224,0.821327751,0.047678809,2.200586119,-0.00270162
2017-01-31,-0.004483901,-0.001918281,0.001082683,0.002992607,0.007883304,-0.004885485,2,0.005112135,0.799821822,-0.003326458,2.312800865,-0.007464851
2017-02-01,0.001052434,-0.000665433,0.004651282,0.005798934,-0.000731632,-0.007239172,3,0.002387252,0.791857954,-0.027582539,2.539819817,0.007883304
2017-02-02,-0.000873311,-0.003887586,-0.001713829,0.003554493,-0.00336559,-0.006380387,1,0.001433914,0.774047631,-0.040428705,2.454510666,-0.000731632
2017-02-03,0.002099295,-0.002300315,-0.001829317,-0.000131348,0.007685288,0.004006521,4,0.004122925,0.80196038,0.012166819,2.333301871,-0.00336559
2017-02-06,0.001168486,-0.001036996,0.001549173,0.003739993,-0.006029601,0.00544177,0,0.003529832,0.817112207,-0.004215544,2.386891913,0.007685288
2017-02-07,0.001659923,0.005106827,0.001655474,0.004312784,-0.004332784,-0.006774319,3,0.002829027,0.821886132,0.02206431,2.431691976,-0.006029601
2017-02-08,-0.002484068,0.001570325,0.000756283,0.000417784,-0.002399141,-0.008441828,2,0.001657363,0.841995427,0.050137474,2.35362126,-0.004332784
2017-02-09,0.000133708,0.002577344,7.25E-06,0.002138861,0.008723879,0.003647641,4,0.004338881,0.857658309,0.083610678,2.422910431,-0.002399141
2017-02-10,0.001235777,0.001713826,-0.000249512,0.003718666,0.0038914,-0.000146248,4,0.001896004,0.853016329,0.051055949,2.397055642,0.008723879
2017-02-13,0.001787839,0.002333179,-4.34E-05,0.002126072,-0.002686459,0.003196895,4,0.001843317,0.858047133,0.040934926,2.291886083,0.0038914
2017-02-14,0.000509856,0.001183112,-0.000775869,-0.00030527,-0.000937314,0.006592365,4,0.000677861,0.850450858,0.028564726,2.146529195,-0.002686459
2017-02-15,0.000246727,0.003913907,0.001375948,0.000314395,0.000418421,0.009409927,4,0.000602126,0.861557807,0.01956238,2.1084572,-0.000937314
2017-02-16,0.001248185,0.005028384,8.40E-05,0.000391184,-0.002759729,-0.002073682,1,0.001700166,0.849802381,-0.007855928,2.108111279,0.000418421
2017-02-17,-0.001469542,0.002323064,0.002386909,0.003027604,-0.001155547,-0.007120628,4,0.001749094,0.845637032,-0.007379297,2.113199906,-0.002759729
2017-02-21,-0.000278918,0.000256307,-0.001353,0.001718025,0.001428715,-0.003005454,4,0.001145907,0.845325963,-0.012721169,2.136999535,-0.001155547
2017-02-22,0.002653148,0.0023996,0.000175392,0.002669286,-0.003522425,-0.005590565,1,0.002540149,0.835719535,-0.014731323,2.039863236,0.001428715
2017-02-23,0.001250931,0.003403804,-0.00471436,-0.003421022,-0.007022501,-0.013031487,2,0.003899438,0.802429115,-0.059128692,2.199394265,-0.003522425
2017-02-24,-0.0009427,0.001212918,0.000185765,-0.003319294,-0.001563939,-0.011835697,3,0.000821073,0.803645276,-0.046157105,2.191940185,-0.007022501
2017-02-27,-0.000264705,0.002417756,0.001816661,-0.003889542,0.008581181,-0.00209897,4,0.004136701,0.785576852,-0.060060179,2.280378116,-0.001563939
2017-02-28,0.00137165,0.004068324,-0.003657537,-0.006194079,-0.012654784,-0.016182468,0,0.006313917,0.739458355,-0.105867608,2.6238903,0.008581181
2017-03-01,0.000887275,0.002302451,-0.000180602,-0.006550074,0.005674298,-0.006985746,4,0.002759126,0.86386402,0.028144485,2.217896168,-0.012654784
2017-03-02,0.000531234,0.001582754,-0.001400206,-0.003235919,-0.006916213,-0.006879459,0,0.003411965,0.896580213,0.094151099,2.144655223,0.005674298
2017-03-03,-0.00037329,0.002152164,0.001120834,-0.00230085,-0.0016078,-0.006923319,3,0.001124815,0.894340619,0.090695343,2.136555446,-0.006916213
2017-03-06,0.00083405,0.003250919,-0.000398261,-0.004515772,-0.003829469,-0.019333969,0,0.002052626,0.897386424,0.111809572,2.044157224,-0.0016078
2017-03-07,0.001504984,0.003384253,0.000307018,-0.000551216,-0.003874393,-0.010553577,0,0.002331437,0.900357876,0.160899521,2.009860095,-0.003829469
2017-03-08,-0.001017555,0.001479423,0.00290708,0.002536466,-0.004163558,-0.020391433,1,0.00291713,0.897817791,0.033953771,1.991461864,-0.003874393
2017-03-09,-0.000681678,0.000266512,-0.000583711,0.00335296,-0.00514272,-0.01861794,3,0.002379566,0.903126566,0.006546353,2.003297965,-0.004163558
2017-03-10,-0.001118235,-0.000478434,0.00065442,0.002886546,0.000508627,-0.016501513,4,0.000803516,0.902369563,0.008028944,1.901348778,-0.00514272
2017-03-13,-0.001395656,-0.00270814,0.002027436,0.005312243,0.00330366,-0.009368384,3,0.002089705,0.890572718,-0.006813707,1.877400824,0.000508627
2017-03-14,0.001270053,-0.002943072,0.000152733,0.005157957,-0.002397197,-0.007891188,0,0.001543324,0.894934009,-0.005423867,1.882902034,0.00330366
2017-03-15,-0.002944446,-0.004869963,-0.000985851,0.001265026,0.006559039,0.002831409,4,0.004120481,0.898950172,0.001132381,1.929251275,-0.002397197
2017-03-16,0.000885575,-0.00330271,0.001748359,0.003597097,0.003939509,0.011913638,2,0.001689003,0.888747908,-0.014378658,1.938456152,0.006559039
2017-03-17,0.000362633,-0.001821842,0.001355891,0.004298568,0.005268301,0.016673313,2,0.002416679,0.879889591,-0.022479972,1.940843883,0.003939509
2017-03-20,0.001592994,0.001166808,0.002101691,0.004372822,-0.003334682,0.010034971,1,0.002452375,0.884039483,-0.006533235,1.942870742,0.005268301
2017-03-21,0.001043205,0.00093996,-0.005932437,-0.001712347,-0.015018695,-0.002586526,0,0.007365729,0.914907252,0.019973242,2.01632802,-0.003334682
2017-03-22,-0.002212763,0.001671644,0.002900358,0.002173862,-0.002593913,-0.011739478,2,0.002525092,0.911956115,0.013005943,2.005499854,-0.015018695
2017-03-23,0.000832326,0.001618394,0.000382065,0.000807568,0.006862991,-0.008815997,1,0.003246966,0.916403945,0.027656037,2.022556819,-0.002593913
2017-03-24,-0.00205769,-0.000801929,0.00274198,0.002193658,0.001737949,-0.01234635,2,0.002106039,0.909718279,0.029828688,2.031380083,0.006862991
2017-03-27,-0.001203115,-0.003598038,0.003013385,0.003105352,0.002996488,-0.00601518,2,0.002139368,0.909389409,0.025349925,1.980155155,0.001737949
2017-03-28,7.22E-05,-0.004569041,-0.001289567,0.007748221,7.13E-05,0.009074822,4,0.000669557,0.921987817,0.007080566,1.826258788,0.002996488
2017-03-29,-0.003124333,-0.005480612,0.002722328,0.007570192,0.002113634,0.01378237,3,0.002639922,0.897414969,-0.014541146,2.005064856,7.13E-05
2017-03-30,0.000411718,-0.005901219,-8.79E-05,0.007100222,0.004847006,0.011766385,4,0.002379521,0.888845854,-0.027558091,2.009200567,0.002113634
2017-03-31,-0.000896158,-0.004739686,0.001817954,0.006176196,0.004836873,0.014865309,1,0.002530667,0.881341332,-0.028376946,2.006917902,0.004847006
2017-04-03,0.001013667,-0.002522904,-0.00124649,0.001916321,-0.010150868,0.001717953,0,0.005120746,0.866362948,-0.043026461,2.086426932,0.004836873
2017-04-04,0.001328869,-0.001266236,0.000107062,0.00331295,-0.001647804,-1.16E-06,3,0.00122221,0.862058982,-0.059928835,2.077372101,-0.010150868
2017-04-05,0.001071513,0.002929611,-0.002743357,-0.002152735,-0.008733359,-0.010848152,0,0.004392366,0.863687402,-0.033727566,2.130838699,-0.001647804
2017-04-06,-0.001211193,0.0013067,0.000536744,-0.001528087,0.007120615,-0.008574544,4,0.003744773,0.866050928,-0.022794926,2.165813819,-0.008733359
2017-04-07,0.000495925,0.002698782,0.000633518,-0.002712522,0.000922749,-0.012488667,1,0.000385521,0.864430805,-0.016910527,2.195363619,0.007120615
2017-04-10,-0.000594507,0.001090608,-0.000156761,-0.001622794,0.001164843,-0.001172956,4,0.000751024,0.867223896,0.000860949,2.186460037,0.000922749
2017-04-11,0.001109619,0.000871357,-0.000975804,-0.002705659,0.008621413,0.009096261,1,0.004372212,0.851861973,-0.01019701,2.222858979,0.001164843
2017-04-12,0.00088455,0.000684394,-0.00146412,-0.001426422,-0.00920758,0.00862204,0,0.004610081,0.836315829,-0.027371573,2.453150054,0.008621413
2017-04-13,8.40E-05,0.001979579,0.001510385,-0.000452782,-0.003485807,-0.001984382,0,0.002124836,0.845277659,-0.020773269,2.358530764,-0.00920758
2017-04-17,0.000363441,0.001847095,0.000279775,-0.000806525,0.003203116,0.000295985,4,0.001502414,0.865777946,0.001347141,2.153376208,-0.003485807
2017-04-18,-0.002614281,-0.000172679,0.00165702,0.001007256,0.003429044,0.002560187,1,0.002569766,0.857337294,-0.009886603,2.133753795,0.003203116
2017-04-19,-0.004087006,-0.005369303,0.004033228,0.006016288,0.005558029,-0.000503197,2,0.004331591,0.740833911,-0.111028061,2.051081176,0.003429044
2017-04-20,0.000973255,-0.005280597,0.001596997,0.009077405,0.004843745,0.013548127,4,0.00209902,0.794350063,-0.041965766,1.966932145,0.005558029
2017-04-21,0.001534517,-0.003830073,0.00198116,0.00954818,-7.18E-05,0.016962152,0,0.001051949,0.803168676,-0.042108983,1.936331913,0.004843745
2017-04-24,-0.000318207,-0.004511721,0.001543577,0.010811981,0.002243166,0.016002202,4,0.001225832,0.838604996,-0.02717295,1.760524124,-7.18E-05
2017-04-25,0.005049953,0.003152513,0.000867498,0.01002246,0.003283441,0.015856598,4,0.002300106,0.846871795,-0.010465499,1.748991704,0.002243166
2017-04-26,-0.000516261,0.006723258,0.000442628,0.00643186,0.006385904,0.016684473,1,0.003229088,0.836776571,0.09594266,1.82611295,0.003283441
2017-04-27,-0.000255304,0.005494698,0.003374624,0.008209486,-0.002174484,0.009666244,3,0.002306402,0.838316758,0.043966695,1.833146287,0.006385904
2017-04-28,-3.25E-05,0.003927711,0.001695069,0.007923396,-0.009939353,-0.000201326,0,0.005308449,0.829149635,0.025980959,1.919206772,-0.002174484
2017-05-01,-0.003023325,0.001222593,0.005516867,0.011896686,0.003205436,0.000760944,3,0.003729681,0.818907555,-0.019697441,1.942720659,-0.009939353
2017-05-02,0.000552066,-0.003275294,-0.000569647,0.010459542,-0.006888963,-0.00941146,3,0.003471887,0.816464842,-0.030406953,1.873990551,0.003205436
2017-05-03,0.001654426,-0.001104607,-0.002478733,0.00753818,-0.004777379,-0.020574744,1,0.002820158,0.813289185,-0.023487386,1.896111116,-0.006888963
2017-05-04,-0.000888771,-0.001738074,-0.000122588,0.004040969,-0.002071315,-0.020471574,2,0.000952115,0.811572026,-0.026744732,1.816962976,-0.004777379
2017-05-05,-0.001436371,-0.003141975,9.50E-05,0.002440926,0.001770672,-0.008761549,4,0.001311664,0.820006086,-0.009143548,1.765121923,-0.002071315
2017-05-08,0.000216717,9.81E-05,0.000274007,-0.002801934,-0.003881607,-0.015848592,3,0.00202603,0.819134594,0.000227039,1.787677469,0.001770672
2017-05-09,-0.000712815,-0.001166814,0.003959479,0.001727192,0.001183828,-0.007775801,2,0.002055863,0.815985514,-0.000479328,1.779074592,-0.003881607
2017-05-10,-0.002688684,-0.005509924,0.000266034,0.004471959,0.004408378,0.001409956,3,0.002929608,0.831997425,0.01870824,1.778287085,0.001183828
2017-05-11,0.001033378,-0.003587776,1.24E-05,0.004606971,-0.004566574,-0.001085304,0,0.00250484,0.829341829,0.017769803,1.703210778,0.004408378
2017-05-12,0.00038854,-0.001762865,0.002340847,0.006852792,-0.003879303,-0.006735279,1,0.002604416,0.80481401,-0.015192077,1.774301906,-0.004566574
2017-05-15,-0.000690016,-0.002669597,-0.000129787,0.006448998,0.003266063,0.000412391,4,0.001794815,0.781918292,-0.037216302,1.843530285,-0.003879303
2017-05-16,0.000582778,-0.001374004,0.003966511,0.00645603,0.001232216,0.00046078,2,0.001754494,0.783908209,-0.032077305,1.891356919,0.003266063
2017-05-17,0.000415193,0.001729873,-0.00770123,-0.001511234,-0.009861493,-0.01380909,0,0.005266907,0.912141016,0.080143591,1.668826046,0.001232216
2017-05-18,-0.000961844,-0.000265348,0.0035947,0.002071041,0.000140355,-0.009102161,4,0.001995331,0.905311562,0.075969734,1.650044063,-0.009861493
2017-05-19,9.53E-05,-0.000558553,-0.002037435,-0.002307241,-0.002163272,-0.00738613,4,0.001241834,0.902926851,0.098112841,1.622867869,0.000140355
2017-05-22,-0.000830744,-0.000699282,0.003025174,0.00084772,0.002002131,-0.008650062,4,0.001774595,0.893301953,0.111383661,1.678277388,-0.002163272
2017-05-23,0.00022345,-0.00105861,-0.001006702,-0.004125493,0.000948297,-0.008933981,4,0.000807432,0.897698465,0.113790256,1.675294046,0.002002131
2017-05-24,0.001066255,-0.000407548,0.001466271,0.005042007,-0.001378717,-0.000451205,4,0.001272123,0.909206868,-0.002934148,1.640041834,0.000948297
2017-05-25,-0.00108118,-0.000526884,0.002398249,0.003845557,-0.003795788,-0.004387348,4,0.002568563,0.909170802,0.003859239,1.616208039,-0.001378717
2017-05-26,-0.000437149,-0.001059368,0.000483698,0.00636669,-0.001142156,-0.003366233,2,0.000690289,0.918916414,0.015989563,1.550910533,-0.003795788
2017-05-30,-0.001207801,-0.001436425,7.75E-05,0.003419051,-0.006821081,-0.012189444,0,0.003275462,0.930751665,0.037449712,1.557442256,-0.001142156
2017-05-31,-0.00053047,-0.002190345,-0.000293035,0.004132719,-0.000254874,-0.013392616,0,0.000217181,0.936993904,0.03929544,1.543844054,-0.006821081
2017-06-01,-0.001112196,-0.004368796,0.000220995,0.002887443,0.011147445,-0.000866453,4,0.005751919,0.933062001,0.023855133,1.675022447,-0.000254874
2017-06-02,-0.000767759,-0.004055375,0.005694792,0.006183985,0.002959955,0.005889289,4,0.002956929,0.93124119,0.022070388,1.683087215,0.011147445
2017-06-05,0.000168639,-0.003449587,-0.000387695,0.005312592,-0.005163181,0.001868265,0,0.002555717,0.930519764,0.01160335,1.699128524,0.002959955
2017-06-06,0.000523537,-0.001718249,-0.000497747,0.00473731,0.001672387,0.010361733,0,0.00093055,0.929604204,-0.001147461,1.673916445,-0.005163181
2017-06-07,0.000203667,-0.000984112,0.00198357,0.007013915,-0.000298911,0.010317696,4,0.001028581,0.933464444,-0.003529461,1.677829241,0.001672387
2017-06-08,0.000150236,0.00027832,0.003596789,0.010389709,0.013202491,0.012372741,4,0.006203325,0.918817124,-0.014244877,1.753761964,-0.000298911
2017-06-09,0.005043858,0.006089937,-0.017341396,-0.012646478,0.005130156,0.014542942,2,0.010640178,0.831042556,-0.100198633,1.739647766,0.013202491
2017-06-12,-0.000728723,0.005192575,-0.004263274,-0.016522057,-0.000780751,0.018925371,0,0.001913545,0.834980895,-0.095538868,1.724763164,0.005130156
2017-06-13,-0.000140837,0.004528201,0.002744683,-0.013279627,0.000264592,0.017517577,4,0.001362124,0.834553086,-0.095051118,1.709925239,-0.000780751
2017-06-14,0.003154949,0.007479483,-0.003108302,-0.018371499,-0.004925875,0.012890612,1,0.003555642,0.830741941,-0.102722502,1.733557502,0.000264592
2017-06-15,0.001556005,0.008885253,-0.002513435,-0.024481723,-0.003055581,-0.00336746,0,0.002164025,0.631977551,-0.286839573,2.139750622,-0.004925875
2017-06-16,0.00085709,0.004698484,-0.002514654,-0.009654981,-0.00266216,-0.011159776,2,0.001777656,0.631558684,-0.199483872,2.178029964,-0.003055581
2017-06-19,-0.001568213,0.003858994,0.005770714,0.000379007,-0.000276618,-0.010655643,4,0.00326516,0.674016553,-0.160964342,2.106746357,-0.00266216
2017-06-20,0.003842174,0.007842005,-0.001485572,-0.003851248,-0.003993255,-0.01491349,0,0.003278498,0.694941446,-0.13961164,2.010444752,-0.000276618
2017-06-21,-0.002081138,0.002605918,0.00797626,0.007233313,-0.002072204,-0.012059819,1,0.004781639,0.662598983,-0.168142958,2.014524086,-0.003993255
2017-06-22,-0.00013935,0.000910562,0.000895277,0.010642025,0.004229382,-0.004774856,2,0.002040857,0.656341476,0.024363925,2.031886009,-0.002072204
2017-06-23,-0.001677912,-0.00162444,0.00300921,0.016165889,0.005704489,0.003591793,3,0.003267841,0.651136579,0.019577895,2.13616553,0.004229382
2017-06-26,0.000375347,0.000319121,-0.0032089,0.007186276,0.000998066,0.004866478,3,0.00187899,0.650616428,-0.023400125,2.13199421,0.005704489
2017-06-27,0.00347589,-4.72E-05,-0.008117401,0.000554446,-0.001198914,0.00766082,0,0.004860856,0.706220383,0.011278937,1.889425518,0.000998066
2017-06-28,-0.002037414,-3.44E-06,0.005412115,-0.002009699,0.006608401,0.016341425,4,0.004171228,0.752201935,0.089602952,1.8420229,-0.001198914
2017-06-29,0.000795639,0.000931551,-0.00591378,-0.008818756,0.002253127,0.01436517,0,0.003588423,0.755533022,0.099191546,1.600158515,0.006608401
2017-06-30,0.001404458,0.004013921,-0.002171903,-0.013999869,-0.002125346,0.006535335,2,0.001743053,0.740387576,0.089250997,1.596633557,0.002253127
2017-07-03,0.003745645,0.007384218,-0.007264696,-0.018055665,0.005658031,0.0111953,3,0.005705996,0.724922377,0.074305949,1.586961954,-0.002125346
2017-07-05,-0.001503419,0.002404908,0.00520306,-0.004735204,-0.006039811,0.006354402,2,0.004634736,0.704463901,-0.001756482,1.620239346,0.005658031
2017-07-06,0.002023352,0.006465674,-0.000619498,-0.010766817,-0.004298847,-0.004552846,0,0.00263708,0.733268876,-0.018933059,1.612051577,-0.006039811
2017-07-07,-0.00196936,0.003700675,0.004010668,-0.000842369,0.004289575,-0.002516398,4,0.003073775,0.772063677,0.016530655,1.49429831,-0.004298847
2017-07-10,-0.001199168,0.001097049,0.002853862,0.004183396,-0.006146318,-0.006537371,2,0.003755711,0.827866699,0.087479123,1.496262463,0.004289575
2017-07-11,0.000808714,-0.001839882,0.003517038,0.01496513,0.004029522,-0.008165879,3,0.001983933,0.824857133,0.099934756,1.503956538,-0.006146318
2017-07-12,-0.001546998,-0.00188346,0.003619974,0.013382044,0.000664895,-0.001461173,4,0.002165296,0.831932512,0.127468611,1.483356157,0.004029522
2017-07-13,-0.000900375,-0.004807187,0.000244343,0.014245885,-0.00093241,0.001905264,4,0.000607997,0.842644834,0.109375958,1.458225331,0.000664895
2017-07-14,-0.00074278,-0.003580606,0.001380231,0.011615448,-0.002448613,-0.004832925,4,0.001595033,0.841167088,0.069103411,1.423505201,-0.00093241
2017-07-17,-0.000317781,-0.00269922,0.000363356,0.009124942,0.001996706,0.0033101,2,0.001029097,0.842839169,0.01497247,1.417658393,-0.002448613
2017-07-18,-0.003143262,-0.006651196,0.00412316,0.009731065,-0.003388654,-0.004108077,2,0.003507753,0.818203151,-0.006653982,1.477568777,0.001996706
2017-07-19,-0.002302891,-0.007407089,0.001041145,0.007152236,0.004511574,-0.000261398,4,0.002834387,0.813506858,-0.018425654,1.482868826,-0.003388654
2017-07-20,-0.001185936,-0.00769265,0.000930179,0.007838072,0.000555843,0.001226855,2,0.000923422,0.832578959,-0.010065875,1.472803762,0.004511574
2017-07-21,-0.001100346,-0.008050217,1.58E-05,0.006473605,-0.004155752,-0.000480283,0,0.001967741,0.834374383,-0.006792705,1.493812058,0.000555843
2017-07-24,-0.002040615,-0.009773051,0.004667844,0.010778093,0.002602344,0.000125355,2,0.002937571,0.829460713,-0.013378456,1.460696172,-0.004155752
2017-07-25,0.001730657,-0.004899132,-0.00270681,0.003948123,0.005625525,0.009139534,4,0.003491149,0.821850854,0.003647703,1.494887727,0.002602344
2017-07-26,0.004222004,0.001625763,0.001366016,0.004272995,-0.005889905,-0.001261944,3,0.00425674,0.774477954,-0.039028904,1.595995955,0.005625525
2017-07-27,0.004905404,0.007717103,-0.005361924,-0.002019108,-0.005049343,-0.00686713,1,0.004855596,0.70314888,-0.129430079,1.577986081,-0.005889905
2017-07-28,0.002889676,0.011707125,0.000164647,-0.001870226,-0.00170386,-0.004415239,1,0.001899521,0.642116986,-0.192257397,1.801632886,-0.005049343
2017-07-31,0.003510051,0.01725779,-0.003446786,-0.009984856,-0.002158359,-0.009175942,1,0.003042036,0.636455039,-0.193005674,1.80259094,-0.00170386
2017-08-01,0.000873947,0.016401081,-0.00011432,-0.007392366,-0.000210287,-0.015011754,4,0.000498541,0.691651154,-0.130199701,1.73516783,-0.002158359
2017-08-02,0.001886743,0.014065819,-0.000538111,-0.009296493,-0.011354079,-0.020475928,2,0.005992696,0.684693783,-0.089784171,1.846373152,-0.000210287
2017-08-03,0.002633764,0.01179418,-0.00132653,-0.005261099,-0.003257329,-0.018683914,1,0.002473585,0.554297053,-0.148851827,2.168394412,-0.011354079
2017-08-04,0.001136823,0.010041328,-0.00011923,-0.005544977,0.003145406,-0.013834647,4,0.001513002,0.49021974,-0.151897246,2.242036106,-0.003257329
2017-08-07,-0.000487344,0.006043934,0.003412529,0.001314338,-0.000336731,-0.01201302,4,0.001854834,0.498169127,-0.138285912,2.187710465,0.003145406
2017-08-08,0.000920643,0.00609063,0.000330192,0.001758849,-0.000429366,-0.012232099,0,0.000569287,0.533293209,-0.158357944,2.105956808,-0.000336731
2017-08-09,-0.00129675,0.002907137,-0.002486313,-0.000189352,-0.009041171,-0.009919191,0,0.004020399,0.457894201,-0.226799581,2.583717197,-0.000429366
2017-08-10,0.005253342,0.005526715,-0.006974885,-0.005837707,-0.003047969,-0.009709831,0,0.005159124,0.719487484,0.165190431,1.645867913,-0.009041171
2017-08-11,-0.000619847,0.003770044,0.005089182,-0.000629295,-4.43E-05,-0.012899501,4,0.002670245,0.703478048,0.213258308,1.702454925,-0.003047969
2017-08-14,-0.003818747,0.000438641,0.003290868,-0.000750956,0.0045125,-0.008050269,4,0.003733006,0.760576972,0.262407845,1.664493744,-4.43E-05
2017-08-15,0.00073894,0.000256938,-0.00064051,-0.001721658,-0.007472213,-0.015093116,1,0.003794605,0.776805631,0.243512421,1.696166002,0.0045125
2017-08-16,-0.000243419,0.001310269,0.000489721,0.001254376,-0.001209437,-0.007261382,4,0.000714122,0.770124695,0.312230494,1.649239901,-0.007472213
2017-08-17,0.003032454,-0.000910619,-0.004050115,0.004179146,-0.002375942,-0.006589354,0,0.003074908,0.839452664,0.119965179,1.432212758,-0.001209437
2017-08-18,-0.001673383,-0.001964155,0.000971934,6.19E-05,0.000990519,-0.005554572,0,0.001252345,0.832463449,0.128985401,1.432452001,-0.002375942
2017-08-21,0.000186176,0.002040768,-0.001709039,-0.004938009,-0.001817678,-0.01188475,2,0.001075426,0.85124541,0.090668438,1.418550089,0.000990519
2017-08-22,-0.000895109,0.000406718,0.003593079,-0.00070442,0.000839825,-0.003572712,4,0.001939738,0.880946344,0.104140713,1.34211321,-0.001817678
2017-08-23,-0.000557676,9.25E-05,0.000426808,-0.000767332,0.002146279,-0.000216996,0,0.001166792,0.883123149,0.112998454,1.33124037,0.000839825
2017-08-24,0.00076045,-0.002179542,0.000948294,0.004231077,0.00509454,0.007253486,1,0.002299327,0.893271602,0.053818939,1.337864968,0.002146279
2017-08-25,-0.000282868,-0.000789027,-0.002579178,0.000679965,0.000923599,0.007186566,3,0.001488379,0.893418935,0.060955486,1.343703948,0.00509454
2017-08-28,-0.000728553,-0.001703756,0.002283046,0.00467205,0.002977241,0.011981485,3,0.001776973,0.89923479,0.047989381,1.356001355,0.000923599
2017-08-29,0.001766366,0.00095772,0.002156384,0.003235355,0.000206066,0.011347726,4,0.001087922,0.898861741,0.017915397,1.358913185,0.002977241
2017-08-30,-0.003367699,-0.001852302,0.005879996,0.008688542,0.000901711,0.010103158,4,0.003821647,0.921613769,0.03849062,1.308921882,0.000206066
2017-08-31,-0.003165017,-0.005777769,0.003727332,0.01146758,0.00427902,0.009287637,4,0.003481413,0.926256146,0.032984544,1.323521581,0.000901711
2017-09-01,-0.000184272,-0.005679174,-0.000943587,0.01310317,0.003901211,0.012265249,4,0.002177222,0.925734543,0.032315608,1.327858643,0.00427902
2017-09-05,-0.00313145,-0.008082071,-0.001750204,0.00906992,-0.002309548,0.00697846,0,0.001326004,0.923385559,0.024150768,1.328787963,0.003901211
2017-09-06,-0.000629402,-0.010477839,-0.000345173,0.006568363,-0.00131082,0.005461574,4,0.000556112,0.922664767,0.023803026,1.322025594,-0.002309548
2017-09-07,-0.000870415,-0.007980556,0.000891453,0.00157982,-0.002342128,0.002217735,1,0.001377317,0.93177142,0.010157651,1.283648933,-0.00131082
2017-09-08,0.002086977,-0.002728562,-0.004416939,-0.006564451,0.002033193,-2.81E-05,2,0.003053778,0.908843331,-0.017412815,1.299206566,-0.002342128
2017-09-11,0.001057227,-0.001487063,0.0004867,-0.005134163,0.000163327,-0.003765977,4,0.000466405,0.915821544,-0.009912999,1.256286319,0.002033193
2017-09-12,-0.00057444,0.001069947,5.92E-05,-0.003324736,0.002722846,0.001266418,4,0.001475237,0.910513242,-0.012872317,1.237310388,0.000163327
2017-09-13,0.00101927,0.002718619,0.000158442,-0.00282112,0.001649927,0.004227164,4,0.000771878,0.92651904,0.003854273,1.181562784,0.002722846
2017-09-14,0.003143664,0.006732698,-0.003725935,-0.007438508,-0.000210075,0.006359218,1,0.00280787,0.918617356,-0.013154064,1.183666932,0.001649927
2017-09-15,0.0010714,0.00571712,0.001165988,-0.001855581,0.002838167,0.007164192,4,0.001172221,0.872302978,-0.036540353,1.171872463,-0.000210075
2017-09-18,0.00137071,0.006030603,-0.000498515,-0.002840797,0.005068433,0.012069298,4,0.002516189,0.863955111,-0.051866433,1.192373286,0.002838167
2017-09-19,0.000655489,0.007260532,-7.52E-05,-0.002975269,-0.001581512,0.00776494,3,0.000946198,0.863372702,-0.047140539,1.19063451,0.005068433
2017-09-20,0.001232129,0.007473391,-0.001451618,-0.004585329,0.002844951,0.008959964,3,0.00182536,0.833370143,-0.093148897,1.254266945,-0.001581512
2017-09-21,0.000666951,0.004996678,-0.002128543,-0.002987937,0.002192322,0.011362361,0,0.001793349,0.8334697,-0.085147656,1.257801192,0.002844951
2017-09-22,-0.001078847,0.002846431,1.08E-05,-0.004143126,0.003912055,0.01243625,3,0.002194395,0.834351655,-0.037951322,1.289955931,0.002192322
2017-09-25,-0.000172127,0.001303595,-0.006578822,-0.010223432,0.003037501,0.010405317,1,0.004045141,0.830653492,-0.033301619,1.266318073,0.003912055
2017-09-26,-0.000600178,4.79E-05,0.001428973,-0.00871921,0.00329692,0.015283749,3,0.001733635,0.831430149,-0.031942554,1.264456572,0.003037501
2017-09-27,-0.001549512,-0.002733713,0.007315371,4.78E-05,0.01492661,0.027365408,4,0.007564716,0.79826465,-0.035105492,1.577888186,0.00329692
2017-09-28,0.000606779,-0.002793885,-0.001174382,0.001001939,0.001472988,0.026646074,4,0.001112372,0.814432351,-0.01903735,1.610463829,0.01492661
2017-09-29,-0.002631391,-0.004346429,0.002867274,0.003858415,-0.002308874,0.020425144,4,0.002543099,0.797480542,-0.036871114,1.604210188,0.001472988
2017-10-02,0.002917344,-0.001256958,-0.000675743,0.009761493,0.008538933,0.025926576,4,0.004196265,0.799667925,-0.030985567,1.67869635,-0.002308874
2017-10-03,0.001563479,0.000906698,0.000141045,0.008473565,-0.000501671,0.022127986,4,0.000885874,0.725882836,-0.105547313,1.752379811,0.008538933
2017-10-04,-0.000364299,0.002091911,-0.000799006,0.000359189,-0.004034248,0.003167127,3,0.001852264,0.724687683,-0.073576968,1.831958205,-0.000501671
2017-10-05,-0.000623964,0.000861168,0.002102369,0.00363594,-0.002763239,-0.001069099,4,0.002002671,0.712806478,-0.101625873,1.699718969,-0.004034248
2017-10-06,0.000998657,0.004491216,0.001805917,0.002574583,-0.00016325,0.001076525,1,0.000920354,0.711897678,-0.085582864,1.73661783,-0.002763239
2017-10-09,0.001252657,0.00282653,0.000219083,0.003469409,-0.002613584,-0.010075992,0,0.001645399,0.669282347,-0.130385578,2.326634575,-0.00016325
2017-10-10,0.000733878,0.001996929,-0.001177465,0.002150899,0.000635519,-0.008938802,4,0.000879332,0.661171849,-0.064710988,2.348795263,-0.002613584
2017-10-11,4.53E-05,0.002406507,0.000669508,0.003619413,-0.002524928,-0.007429482,3,0.001414968,0.653398484,-0.071289198,2.371504233,0.000635519
2017-10-12,0.000293378,0.003323849,-0.000136755,0.001380289,0.000519543,-0.0041467,0,0.000294617,0.675761361,-0.037045117,2.333295372,-0.002524928
2017-10-13,0.000465927,0.002791119,0.001287878,0.000862249,-0.002540056,-0.006523506,3,0.001650561,0.666855596,-0.045042082,2.369380357,0.000519543
2017-10-16,0.001970733,0.003509195,0.001002173,0.001645339,-0.0017359,-0.005645822,4,0.001583134,0.658051644,-0.011230703,2.33689586,-0.002540056
2017-10-17,0.001089329,0.003864647,-0.000723659,0.002099145,-0.004125518,-0.01040686,2,0.002250637,0.654465827,-0.006706022,2.386412052,-0.0017359
2017-10-18,0.006198062,0.01001743,-0.000657509,0.000772128,0.004346816,-0.003535115,4,0.003331821,0.619872693,-0.033525792,2.403094982,-0.004125518
2017-10-19,-9.31E-05,0.009630969,-0.003223096,-0.002314213,-0.002389661,-0.006444318,2,0.001629759,0.604785347,-0.070976014,2.659524307,0.004346816
2017-10-20,0.002019738,0.01118478,-0.001479829,-0.00508192,-0.000315168,-0.00421943,4,0.001455557,0.619676243,-0.047179353,2.461522828,-0.002389661
2017-10-23,0.001634176,0.010848223,-0.002408868,-0.008492962,-0.003842077,-0.006325607,0,0.002443092,0.679481212,0.021429568,2.452809567,-0.000315168
2017-10-24,0.005567257,0.01532615,0.000142955,-0.007626348,0.000338131,-0.001861958,4,0.002706998,0.669999053,0.015533226,2.465557864,-0.003842077
2017-10-25,-0.000128102,0.008999986,-0.000574377,-0.007543216,3.78E-05,-0.006170963,0,0.000281249,0.754281545,0.134408852,1.642947524,0.000338131
2017-10-26,0.001785628,0.010878697,-0.002355468,-0.006675588,0.00139122,-0.002390082,3,0.001871143,0.750159744,0.145374397,1.642584538,3.78E-05
2017-10-27,-0.006617313,0.002241646,0.013756817,0.008561058,-0.00081451,-0.002889425,4,0.008635216,0.675145446,0.055469204,1.523898214,0.00139122
2017-10-30,-0.000455435,0.000152035,0.002854329,0.013824255,-0.008418855,-0.007466203,0,0.004836381,0.689837621,0.010356409,1.446875571,-0.00081451
2017-10-31,0.000275865,-0.005139357,0.003332564,0.017013863,0.00682638,-0.000977954,4,0.003191668,0.663190733,-0.00680832,1.566972246,-0.008418855
2017-11-01,0.000877294,-0.004133961,-0.003248085,0.014340155,-0.008101045,-0.00911681,2,0.004063323,0.646902226,-0.107379318,1.61864177,0.00682638
2017-11-02,0.003271091,-0.002648498,-0.000426682,0.016268942,0.002332371,-0.008175659,3,0.001790929,0.624222885,-0.125936859,1.732356912,-0.008101045
2017-11-03,-0.002117708,0.001851108,0.004252295,0.00676442,-0.004188754,-0.011549903,3,0.003608206,0.611771283,-0.063374163,1.7159845,0.002332371
2017-11-06,-0.000878389,0.001428154,0.001976581,0.005886672,0.000767685,-0.002363362,4,0.001210703,0.59765692,-0.092180701,1.732444215,-0.004188754
2017-11-07,0.000563197,0.001715486,-0.00256429,-1.02E-05,-0.012488025,-0.021677767,1,0.006065199,0.585932633,-0.0772581,1.969530315,0.000767685
2017-11-08,-0.001182477,-0.000344286,0.00170565,0.004943554,0.000340686,-0.013236036,4,0.001188416,0.581687687,-0.065214539,1.985067513,-0.012488025
2017-11-09,-0.000544445,-0.004159821,-0.002002483,0.003367752,-0.000769767,-0.016338174,0,0.000846322,0.606686926,-0.017535959,1.919782325,0.000340686
2017-11-10,-0.000796706,-0.00283882,0.001029909,0.000145367,0.001067522,-0.011081899,2,0.000896676,0.602509638,-0.009261646,1.908663539,-0.000769767
2017-11-13,-0.000236776,-0.002197207,2.92E-06,-0.001828299,-0.001118778,-0.012968362,3,0.000532393,0.60055237,0.00289545,1.915250668,0.001067522
2017-11-14,0.001021819,-0.001738584,-0.000611663,0.000124329,-0.000273946,-0.000754284,0,0.000704427,0.608582679,0.022650046,1.868562009,-0.001118778
2017-11-15,-0.000379721,-0.000935828,0.000831087,-0.000750234,0.000655681,-0.000439288,0,0.000565221,0.641631225,0.059943538,1.682716173,-0.000273946
2017-11-16,-0.000155697,-0.00054708,0.004738756,0.005991005,0.00728345,0.007613928,4,0.003666296,0.719102212,0.112415286,1.778293311,0.000655681
2017-11-17,-0.001647668,-0.001398042,0.001082578,0.006043674,0.006616362,0.013162768,1,0.003582762,0.694077612,0.091567975,1.820900434,0.00728345
2017-11-20,0.001806648,0.000645381,-0.000107901,0.005932858,0.005787443,0.02006899,4,0.002754352,0.675351892,0.074799522,1.874518283,0.006616362
2017-11-21,0.000306901,-6.95E-05,0.003993555,0.010538075,0.00373075,0.024073686,4,0.002147564,0.731735781,0.123153102,1.845590998,0.005787443
2017-11-22,-0.001993707,-0.001683524,0.001461386,0.011168374,-0.000652785,0.02276522,1,0.001435912,0.716572506,0.07494128,1.915963466,0.00373075
2017-11-24,-0.000702764,-0.00223059,0.001115467,0.007545085,-0.000472899,0.015008872,4,0.00080847,0.727531769,0.008429557,1.907726431,-0.000652785
2017-11-27,0.001351224,0.000768302,-0.001161338,0.005301169,-0.003473898,0.004918612,1,0.002045018,0.774997018,0.080919406,2.120591588,-0.000472899
2017-11-28,0.000994593,-4.38E-05,-0.004892754,0.000516317,0.005361903,0.004493071,4,0.004208825,0.783727521,0.108375629,1.883939689,-0.003473898
2017-11-29,0.004721516,0.004370862,-0.01243882,-0.015916058,0.004182556,0.004944878,2,0.007987221,0.698077975,-0.033657806,1.84236854,0.005361903
2017-11-30,0.005601149,0.011965718,-0.000918721,-0.018296165,-0.006965297,-0.001367634,4,0.005145529,0.68547116,-0.031101346,1.632914594,0.004182556
2017-12-01,0.000345904,0.013014386,-0.00181852,-0.021230152,-0.002595058,-0.003489794,0,0.001417098,0.699192353,-0.028339416,1.643191225,-0.006965297
2017-12-04,0.003462397,0.015125559,-0.009550037,-0.029618852,-0.001951097,-0.001966993,1,0.005502813,0.697048097,-0.077948922,1.653529681,-0.002595058
2017-12-05,-0.000768104,0.013362861,0.001802149,-0.022923949,-0.006518804,-0.0138477,0,0.003596845,0.704954055,-0.078773466,1.710381235,-0.001951097
2017-12-06,-0.001530308,0.007111037,0.002207377,-0.008277752,-0.005094718,-0.023124974,1,0.003070918,0.715643496,0.017565521,1.583541954,-0.006518804
2017-12-07,-9.07E-06,0.001500823,0.002437958,-0.004921072,0.004723754,-0.011435923,4,0.002270645,0.721579345,0.036108185,1.61151592,-0.005094718
2017-12-08,-0.000642485,0.000512434,-0.001500807,-0.00460336,-0.004669426,-0.013510291,4,0.002070866,0.700996156,0.001803803,1.587919223,0.004723754
2017-12-11,-0.000862081,-0.003812044,0.00190701,0.006853688,-0.004433053,-0.015992247,3,0.002655936,0.6941477,-0.002900397,1.597463648,-0.004669426
2017-12-12,0.003310926,0.000266987,-0.003405464,0.001646075,-0.003998331,-0.013471773,2,0.003384187,0.685086781,-0.019867274,1.609414338,-0.004433053
2017-12-13,0.003757999,0.005555294,0.00243549,0.001874187,0.00595229,-0.002424766,3,0.002490243,0.670642237,-0.045001259,1.633347281,-0.003998331
2017-12-14,0.00095172,0.006516079,0.001272647,0.000708876,-0.007466781,-0.014615301,0,0.004139545,0.667619642,-0.053959703,1.799991361,0.00595229
2017-12-15,-0.003113349,0.004045216,0.002673104,0.004882787,0.006520215,-0.003425661,4,0.004086976,0.651907576,-0.04908858,1.7708652,-0.007466781
2017-12-18,0.000333082,0.005240379,0.003003916,0.005979694,0.006667227,0.00767462,4,0.003085733,0.683553476,-0.010594224,1.882449635,0.006520215
2017-12-19,0.001723832,0.003653284,-0.001193269,0.008191888,-0.004652647,0.007020303,0,0.002695349,0.706181486,0.021094705,1.85224776,0.006667227
2017-12-20,-0.000307529,-0.000412243,0.00041313,0.006169528,0.002992774,0.004060787,1,0.001507975,0.678757122,0.008114885,1.828820779,-0.004652647
2017-12-21,0.000263935,-0.001100028,-0.001351804,0.003545077,0.002570643,0.014098212,4,0.001628454,0.682062452,0.01444281,1.851115868,0.002992774
2017-12-22,-0.000681438,0.001331882,-0.00031728,0.000554693,-0.002247152,0.005330845,0,0.000996795,0.686586802,0.034679226,1.850033127,0.002570643
2017-12-26,0.000741822,0.001740622,-0.002353463,-0.004802687,0.001901126,0.000564744,1,0.001796517,0.684215172,0.000661697,1.822903146,-0.002247152
2017-12-27,0.000343845,0.000360635,-0.000345264,-0.003954682,-0.000978467,0.004238924,3,0.000564148,0.653505346,-0.052676141,1.854895798,0.001901126
2017-12-28,0.000715825,0.001383989,-0.000274262,-0.004642074,0.001394533,0.002640683,4,0.000750452,0.726974829,0.048217707,1.856737982,-0.000978467
2017-12-29,0.000422738,0.001542792,-0.001555456,-0.004845726,-0.003505193,-0.003435153,0,0.001780166,0.791619653,0.109557201,2.002510511,0.001394533
2018-01-02,-0.004038865,-0.001814635,0.006613671,0.002085225,0.001129731,-5.83E-05,4,0.004393118,0.7954409,0.108854099,1.885206798,-0.003505193
2018-01-03,-0.002411534,-0.004967991,0.001954203,0.006392891,-0.004721787,-0.006681183,4,0.002899647,0.831681779,0.147466607,1.807194807,0.001129731
2018-01-04,0.00207779,-0.003234046,-0.002269855,0.004468301,-0.002000136,-0.007702852,4,0.002022256,0.806680161,0.153174815,1.756139796,-0.004721787
2018-01-05,0.001755409,-0.002194462,0.001243041,0.005985604,-0.00425535,-0.013352735,4,0.002728838,0.799945415,0.072970585,1.652424708,-0.002000136
2018-01-08,-0.002169838,-0.004787038,0.001253569,0.008794629,-0.000507759,-0.010355301,3,0.001417802,0.796675545,0.005055891,1.616418651,-0.00425535
2018-01-09,0.002755677,0.002007504,-0.000437625,0.001743334,-0.00239762,-0.013882652,3,0.002123854,0.796058307,0.000617406,1.654760224,-0.000507759
2018-01-10,0.000455967,0.004875004,-0.000285513,-0.000496383,0.000920579,-0.008240286,0,0.00052893,0.803838299,-0.027843479,1.634003975,-0.00239762
2018-01-11,0.001062633,0.003859847,0.001095236,0.002868709,0.010146467,0.003906317,4,0.004740969,0.837436146,0.030755986,1.763600359,0.000920579
2018-01-12,0.002166407,0.004270846,8.31E-05,0.001708802,-0.003467834,0.004693833,4,0.002334884,0.835023454,0.035078039,1.716695527,0.010146467
2018-01-16,0.003130292,0.009570975,-0.001629224,-0.001173991,-0.008475978,-0.003274386,0,0.004903501,0.828028522,0.031352977,1.744508385,-0.003467834
2018-01-17,0.003066075,0.009881374,0.000901774,0.000165408,-0.00070534,-0.001582106,4,0.001638142,0.826492009,0.030433702,1.609906778,-0.008475978
2018-01-18,-0.002135744,0.007289662,0.001312102,0.001763023,-0.004660432,-0.007163117,0,0.002613036,0.8256344,0.021796101,1.550171316,-0.00070534
2018-01-19,-0.002305744,0.003921286,0.00113679,0.001804577,0.008792566,-0.008517018,4,0.0048093,0.793943709,-0.043492437,1.655863866,-0.004660432
2018-01-22,-0.002569101,-0.000814222,0.001684637,0.003406078,-0.003325951,-0.008375135,4,0.002314327,0.79569854,-0.039324914,1.61738327,0.008792566
2018-01-23,-0.002316556,-0.006261069,0.00485777,0.009893072,0.001273349,0.001374192,3,0.002997113,0.786961183,-0.041067339,1.614086829,-0.003325951
2018-01-24,0.002134906,-0.007192239,-0.005521085,0.003470213,-0.005005639,-0.002926107,1,0.003763463,0.777229395,-0.049262613,1.643716559,0.001273349
2018-01-25,0.004741677,-0.000314817,-0.001128521,0.00102959,-0.000664857,0.001069468,2,0.002709611,0.767944375,-0.057690025,1.671115881,-0.005005639
2018-01-26,-0.00332322,-0.001332294,0.000913429,0.000806229,-0.007789981,-0.015513079,4,0.003939252,0.758997714,-0.034945995,1.5207842,-0.000664857
2018-01-29,7.39E-05,0.001310659,0.001510332,0.000631925,0.000547888,-0.011639239,0,0.000695295,0.78391506,-0.01178348,1.408892619,-0.007789981
2018-01-30,-0.002850217,0.000776998,0.002346063,-0.001879782,0.001345003,-0.011567585,0,0.002255366,0.79593682,0.008975638,1.271045612,0.000547888
2018-01-31,0.002287516,0.000929608,0.000726204,0.004367507,-0.005454337,-0.012016283,3,0.003367528,0.799499545,0.02227015,1.281892573,0.001345003
2018-02-01,0.002074477,-0.001737592,-0.002814506,0.002681523,0.003748299,-0.007603127,2,0.002829147,0.792364555,0.02442018,1.295896694,-0.005454337
2018-02-02,-0.004315273,-0.002729645,0.001621778,0.003389872,0.000586219,0.000773073,0,0.002613124,0.872081122,0.113083408,1.140854282,0.003748299
2018-02-05,-0.005300275,-0.008103772,0.003350856,0.005230396,0.004857814,0.005082998,0,0.00450203,0.938789484,0.154874424,0.98899981,0.000586219
2018-02-06,0.005732635,0.00047908,0.003777561,0.006661894,-0.006564197,-0.002826202,4,0.005417626,0.940455,0.14451818,0.959249297,0.004857814
2018-02-07,0.004234317,0.002425881,-0.004006326,0.001929364,0.005544745,0.008172879,1,0.004335634,0.934189969,0.134690423,0.958613767,-0.006564197
2018-02-08,-0.004118897,-0.003767492,-0.001491215,0.003252654,0.008523685,0.012948266,0,0.005468699,0.948837349,0.156472794,0.903227201,0.005544745
2018-02-09,-0.001071835,-0.000524054,-0.00056631,0.001064566,-0.005273095,0.007088952,4,0.002403731,0.95804572,0.085964597,0.849883848,0.008523685
2018-02-12,0.003002837,0.007779059,0.001693515,-0.000592775,-0.004966596,-0.002735458,4,0.003489692,0.959452301,0.020662817,0.846731758,-0.005273095
2018-02-13,-0.001018201,0.001028223,0.00189906,-0.002471277,4.96E-05,0.003878337,4,0.00121507,0.964847511,0.024392511,0.838422711,-0.004966596
2018-02-14,-0.003096477,-0.006302571,0.005067972,0.006603021,0.004684776,0.003018368,4,0.003921868,0.960658425,0.026468456,0.864461306,4.96E-05
2018-02-15,0.000255448,-0.001928226,0.003671468,0.011765704,-0.002125258,-0.007630576,4,0.002397927,0.963046965,0.014209616,0.861617784,0.004684776
2018-02-16,0.000380738,-0.000475654,-0.002713367,0.009618647,0.003749042,0.001391562,3,0.002649597,0.967703253,0.009657534,0.842929352,-0.002125258
2018-02-20,-0.004289434,-0.007767925,0.005145482,0.013070614,-0.00296528,0.003392878,0,0.004185527,0.965203881,0.00575158,0.849565698,0.003749042
2018-02-21,-0.001199061,-0.007948785,0.003286438,0.014457993,0.006720076,0.010063356,1,0.003559262,0.963742865,-0.001104646,0.847857502,-0.00296528
2018-02-22,0.005646734,0.000794426,-0.002101433,0.007288588,-0.002181489,0.003197091,2,0.003678565,0.964659814,0.004001389,0.846149282,0.006720076
2018-02-23,-0.002076006,-0.001537028,0.001600522,0.005217642,-0.003430295,0.001892054,4,0.002222957,0.967326909,0.004279944,0.843909996,-0.002181489
2018-02-26,0.003963982,0.002046216,-0.000295853,0.007635156,-0.005164401,-0.007021389,4,0.003737736,0.968298457,0.000595203,0.847970833,-0.003430295
2018-02-27,0.001080653,0.007416302,0.00043579,0.002925465,-0.001980344,-0.006036453,0,0.001319809,0.967720641,0.00251676,0.856706385,-0.005164401
2018-02-28,-0.003943032,0.004672331,0.003304733,0.002943759,-0.004598932,-0.017355461,0,0.003686091,0.965653392,0.001910527,0.870329587,-0.001980344
2018-03-01,-0.00351771,-0.004492114,0.000621145,0.005666337,0.010062834,-0.005111138,0,0.00580752,0.963197504,-0.00146231,0.860522677,-0.004598932
2018-03-02,-0.007944818,-0.010360926,0.005650245,0.009716061,0.011899042,0.010218199,3,0.008437439,0.952565657,-0.014761252,0.8901679,0.010062834
2018-03-05,0.002656604,-0.011668303,-0.000985663,0.00902625,-0.002605811,0.012776789,4,0.002206115,0.9495153,-0.018783157,0.876244217,0.011899042
2018-03-06,-0.002259194,-0.01500815,0.002982613,0.011573073,0.007756347,0.02251348,4,0.004327596,0.921397707,-0.046322934,0.875474799,-0.002605811
2018-03-07,-0.002847357,-0.013912475,0.003820809,0.01208915,0.008345773,0.035458185,2,0.004852696,0.916924221,-0.048729171,0.902870008,0.007756347
2018-03-08,-0.00067616,-0.011070925,-0.000230392,0.011237613,-0.006080391,0.019314961,3,0.002902705,0.918800701,-0.044396803,0.907685242,0.008345773
2018-03-09,0.000311056,-0.002815051,0.00049885,0.006086218,-0.001344599,0.006071319,4,0.000833083,0.868564253,-0.084001404,0.982340571,-0.006080391
2018-03-12,-0.004946459,-0.010418114,0.004906662,0.011978543,0.003726205,0.012403335,2,0.004435839,0.863674766,-0.085840534,1.005058549,-0.001344599
2018-03-13,-0.000453932,-0.008612853,-0.003856377,0.005139553,0.000740489,0.005387476,0,0.002036346,0.865459321,-0.055938386,1.036471455,0.003726205
2018-03-14,-0.004262506,-0.010028001,0.003848661,0.005167405,0.000867463,-0.002090833,0,0.003350731,0.868611833,-0.048312388,1.037226725,0.000740489
2018-03-15,0.005438174,-0.003913667,-0.001229952,0.004167845,-0.00408347,-9.39E-05,1,0.003989877,0.848398376,-0.070402325,1.024641923,0.000867463
2018-03-16,0.001222507,-0.003002217,-0.001668584,0.002000412,0.004261369,0.005512056,4,0.002503255,0.83692605,-0.031638203,1.052627383,-0.00408347
2018-03-19,0.000761964,0.002706206,-0.004276426,-0.007182676,0.004491642,0.006277494,0,0.003596505,0.849131411,-0.014543355,1.019821201,0.004261369
2018-03-20,0.003236109,0.006396247,0.001246902,-0.002079398,-0.001576236,0.003960769,3,0.002033007,0.848875603,-0.016583718,0.999949993,0.004491642
2018-03-21,2.58E-05,0.010684596,-0.000738986,-0.006667045,0.00749068,0.010583986,1,0.003880434,0.845773661,-0.022838172,1.0139522,-0.001576236
2018-03-22,-0.004304196,0.000942227,0.000868122,-0.004568972,0.002795393,0.017462849,0,0.002999519,0.892860453,0.044462077,0.994933597,0.00749068
2018-03-23,0.003304232,0.003023952,-0.003390278,-0.006290666,-0.00093984,0.012261639,0,0.002770808,0.895425158,0.058499108,1.051051495,0.002795393
2018-03-26,0.001252852,0.003514839,0.005272261,0.00325802,-0.004762572,0.003007425,4,0.004134079,0.917426913,0.068295502,1.008395649,-0.00093984
2018-03-27,0.003074711,0.003353442,-0.012334525,-0.010323406,-0.00229672,0.002286941,0,0.006670355,0.91366508,0.064789477,1.015538296,-0.004762572
2018-03-28,0.002531409,0.005859008,-0.005616159,-0.015200579,0.002564138,-0.002639602,0,0.003849516,0.913398125,0.067624464,0.989538774,-0.00229672
2018-03-29,-0.00305289,0.007110314,0.002626992,-0.013441709,-0.002894908,-0.008329902,4,0.002698442,0.920186379,0.027325926,0.991989994,0.002564138
2018-04-02,0.003367226,0.007173307,-0.005161356,-0.015212787,-0.001831784,-0.009221846,0,0.003561199,0.943539835,0.048114678,0.974655718,-0.002894908
2018-04-03,0.003789482,0.009709938,-0.002231387,-0.022716435,0.000523848,-0.003935426,4,0.002485294,0.944054311,0.026627398,0.984973168,-0.001831784
2018-04-04,-0.001936775,0.004698452,0.002921555,-0.007460356,0.001319539,-0.000319166,4,0.00205753,0.949984162,0.036319082,0.972365117,0.000523848
2018-04-05,0.003040597,0.00520764,-0.00196077,-0.003804966,0.000491683,-0.002391621,4,0.002058656,0.956211856,0.042813731,0.96240057,0.001319539
2018-04-06,-0.001473896,0.006786634,-0.000913553,-0.007345511,0.002773555,0.003276841,0,0.001885231,0.96125744,0.041071061,0.959395516,0.000491683
2018-04-09,-0.001396616,0.002022793,0.001750709,-0.000433447,-0.00256481,0.002543815,4,0.001859386,0.956902792,0.013362957,0.961569784,0.002773555
2018-04-10,0.001139747,-0.000626942,0.003912461,0.005710402,0.002359734,0.004379701,4,0.001677349,0.965631214,0.021576904,0.97196558,-0.00256481
2018-04-11,-0.003453706,-0.002143874,0.001972309,0.004761156,0.007721751,0.010781913,1,0.004680029,0.960459349,0.010475188,0.972511775,0.002359734
2018-04-12,0.003847619,-0.001336851,0.00180765,0.008529577,-0.001432423,0.008857807,4,0.002285133,0.963861438,0.007649581,0.968281439,0.007721751
2018-04-13,-0.002142058,-0.002005013,-0.001826038,0.007617092,-0.00214323,0.003941022,0,0.001029431,0.9668056,0.00554816,0.968351152,-0.001432423
2018-04-16,0.000625316,1.69E-05,-0.001117026,0.004749357,0.000611169,0.007117001,4,0.000818276,0.968170103,0.01126731,0.964436419,-0.00214323
2018-04-17,-0.001950511,-0.003073339,0.006686629,0.007523524,6.70E-05,0.004824219,4,0.003775032,0.966954267,0.001323052,0.973932208,0.000611169
2018-04-18,-0.002387931,-0.002007564,0.001109129,0.006660344,0.001546206,-0.001351326,3,0.00176118,0.967153601,0.006694252,0.974597316,6.70E-05
2018-04-19,0.002375863,-0.00347932,-0.002126308,0.002726386,-0.000427181,-0.000346084,0,0.001856566,0.970006931,0.006145493,0.972526125,0.001546206
2018-04-20,0.000351674,-0.000985589,-0.004209111,0.000343314,0.002390789,0.004187934,0,0.002769981,0.969823954,0.003018355,0.981252492,-0.000427181
2018-04-23,-0.000638914,-0.002249819,-0.00251229,-0.001051951,-0.001335723,0.002241043,1,0.001075614,0.966782227,-0.001387876,0.971188105,0.002390789
2018-04-24,-0.004046948,-0.004346255,-0.003684375,-0.011422955,0.007795861,0.009969952,0,0.005499297,0.955665955,-0.011288311,0.983779865,-0.001335723
2018-04-25,0.000646512,-0.001311812,-0.002350661,-0.014882745,-0.003646125,0.00477762,2,0.002006777,0.954124004,-0.013029598,0.957682772,0.007795861
2018-04-26,-0.000525545,-0.00421322,0.00589787,-0.006858566,-0.005605885,-0.000401083,4,0.004707206,0.952629717,-0.017377214,0.944590715,-0.003646125
2018-04-27,-0.001571553,-0.006136447,-0.000955737,-0.003605193,-0.002172707,-0.004964579,2,0.000927609,0.951051705,-0.018772249,0.958042764,-0.005605885
2018-04-30,0.002113238,-0.003384295,0.000674347,-0.000418556,-0.001049002,-0.004677859,0,0.001324797,0.942616447,-0.02416578,0.923847906,-0.002172707
2018-05-01,-0.005202111,-0.004539458,0.006530869,0.009796688,0.002919527,-0.009554193,3,0.004957347,0.934009843,-0.021656112,0.921434108,-0.001049002
2018-05-02,-1.74E-05,-0.005203351,0.00304404,0.015191389,0.010181856,0.004273788,1,0.004806955,0.919941986,-0.034182018,0.895355395,0.002919527
2018-05-03,0.002472283,-0.002205523,0.000459057,0.009752576,-0.003128323,0.00675135,1,0.002316579,0.915764825,-0.036864893,0.904303492,0.010181856
2018-05-04,0.001063354,0.000429384,0.00426209,0.014970403,-0.000493836,0.008430221,4,0.00213728,0.897206252,-0.053845453,0.90411237,-0.003128323
2018-05-07,0.000448102,-0.001235752,0.004228955,0.018525011,0.005038936,0.01451816,4,0.002573947,0.897435653,-0.045180794,0.922571664,-0.000493836
2018-05-08,0.000384345,0.004350704,0.000498257,0.012492398,0.004966642,0.016565276,3,0.002345926,0.867754354,-0.066255489,0.881260284,0.005038936
2018-05-09,-0.00217885,0.002189235,0.000361177,0.009809535,-0.003564794,0.002818625,4,0.001856776,0.883016061,-0.036925925,0.874632823,0.004966642
2018-05-10,-0.001332571,-0.001615619,-0.000502188,0.00884829,-0.004539198,0.00140775,4,0.002039234,0.881454036,-0.034310789,0.858045048,-0.003564794
2018-05-11,0.001991236,-0.000687738,-0.001988467,0.002597734,0.000212614,0.0021142,3,0.001628151,0.876175538,-0.021030714,0.839621228,-0.004539198
2018-05-14,0.001861299,0.00072546,0.00025634,-0.001374881,-0.004905438,-0.007830175,3,0.002924068,0.862454954,-0.034980699,0.847195007,0.000212614
2018-05-15,-0.000915729,-0.000574615,-0.001220841,-0.003093979,0.006865655,-0.005931162,0,0.003824272,0.842954586,-0.024799768,0.80797982,-0.004905438
2018-05-16,-0.001525038,7.92E-05,0.002275836,-0.00117932,0.005914466,0.003548099,4,0.003234174,0.839124941,-0.04389112,0.853188661,0.006865655
2018-05-17,-0.001364699,4.71E-05,-0.001285679,-0.00196281,0.006359633,0.01444693,1,0.003675172,0.825207135,-0.0562469,0.845228389,0.005914466
2018-05-18,0.002680553,0.000736386,-0.001182041,-0.001156384,0.003459773,0.017694088,2,0.002191382,0.805705935,-0.070469603,0.838517303,0.006359633
2018-05-21,0.00463366,0.003508746,-0.001975923,-0.003388647,-0.000735987,0.02186354,4,0.002886374,0.805645007,-0.056809947,0.824948514,0.003459773
2018-05-22,-0.00403636,0.000388116,0.001031352,-0.001136454,-0.004337831,0.010660054,0,0.002750354,0.775147651,-0.067806936,0.963647992,-0.000735987
2018-05-23,-0.001135377,0.000777777,0.003173879,-0.000238411,-0.001785964,0.002959624,4,0.002201236,0.777483682,-0.061641259,0.949367777,-0.004337831
2018-05-24,-0.000994978,0.001147498,0.001819237,0.002866505,0.002399966,-0.001000043,1,0.001576974,0.781451156,-0.04375598,0.998645117,-0.001785964
2018-05-25,-7.40E-06,-0.001540454,0.003627973,0.007676518,0.001567464,-0.002892352,1,0.001721458,0.783147932,-0.022558003,0.988031451,0.002399966
2018-05-29,-0.004316818,-0.010490931,0.006606727,0.016259168,0.009613452,0.007457087,0,0.006305546,0.760241902,-0.045403105,0.840692968,0.001567464
2018-05-30,-0.000119898,-0.00657447,-0.003751133,0.011476683,0.002263766,0.014058684,4,0.002487581,0.802253875,0.027106224,0.872469768,0.009613452
2018-05-31,-0.003362481,-0.008801574,0.004175299,0.012478103,-0.001860743,0.013983905,0,0.003262271,0.824151927,0.046668245,0.962807886,0.002263766
2018-06-01,-0.001846137,-0.009652733,0.004174349,0.014833215,-0.002032797,0.009551142,4,0.002883508,0.835092911,0.053641755,0.905443122,-0.001860743
2018-06-04,0.002749142,-0.006896193,0.002407367,0.01361261,-0.001204252,0.006779426,4,0.001905985,0.807765981,0.024618048,0.910150714,-0.002032797
2018-06-05,-0.001254976,-0.00383435,0.003417214,0.010423096,0.006084907,0.00325088,3,0.003330393,0.800710032,0.04046813,0.900123817,-0.001204252
2018-06-06,0.005340606,0.001626154,-0.001826363,0.012347866,-0.001753641,-0.000766526,4,0.003374315,0.806167385,0.003913511,0.884389797,0.006084907
2018-06-07,0.004485977,0.009474613,-0.006355452,0.001817116,-0.004178279,-0.003084062,1,0.004789918,0.777474112,-0.046677815,0.94721524,-0.001753641
2018-06-08,-0.000149421,0.011171329,-0.001754596,-0.004111829,-0.000294917,-0.001346183,4,0.000812216,0.773829745,-0.061263166,0.983991526,-0.004178279
2018-06-11,-0.000839804,0.007582383,0.000816215,-0.005702982,0.000240469,9.85E-05,4,0.000687397,0.77700322,-0.030762761,0.984754393,-0.000294917
2018-06-12,-0.001804268,0.007033091,0.003967685,-0.005152511,0.002797932,-0.003188436,3,0.002625045,0.785710896,-0.014999136,0.958919248,0.000240469
2018-06-13,-0.00069761,0.000994874,0.002983591,-0.000342558,0.00060449,-0.000830305,0,0.001598455,0.7910564,-0.015110986,1.006771316,0.002797932
2018-06-14,-0.003496308,-0.006987411,0.005986094,0.011998988,0.002398691,0.005746665,3,0.003993199,0.783017224,0.005543112,0.971057639,0.00060449
2018-06-15,-0.002357644,-0.009195634,-0.000873108,0.012880476,0.00053675,0.006578332,0,0.001264185,0.800515256,0.026685512,0.965024954,0.002398691
2018-06-18,-0.001985591,-0.010341421,0.002212285,0.014276546,0.007192969,0.013530833,2,0.003950221,0.795276112,0.018272892,0.974748405,0.00053675
2018-06-19,-0.007531226,-0.016068379,0.001260177,0.011569038,0.004616289,0.015349189,1,0.005129424,0.788674149,0.002963252,0.97216567,0.007192969
2018-06-20,-0.003429162,-0.018799931,0.005501511,0.014086959,0.00625305,0.020997749,3,0.00461152,0.774089647,-0.016966753,0.935238394,0.004616289
2018-06-21,-0.001618986,-0.016922609,-0.002483888,0.005616977,-0.004258846,0.014340213,0,0.001774729,0.792512064,0.00949484,1.033067856,0.00625305
2018-06-22,0.003000537,-0.011564428,-0.004473559,0.002016526,-0.003857516,0.009945946,2,0.003502034,0.770577731,-0.029937525,1.045006029,-0.004258846
2018-06-25,0.000382493,-0.009196344,-0.007305773,-0.007501533,-0.002973487,-0.00022051,0,0.003553203,0.81384995,0.018573838,1.108667183,-0.003857516
2018-06-26,-0.000953236,-0.002618355,0.001722702,-0.007039007,0.004424384,-0.000412415,4,0.002359909,0.825849523,0.037175375,1.223039936,-0.002973487
2018-06-27,0.001802008,0.002612816,-0.006891752,-0.01943227,-0.008330866,-0.014996331,0,0.005003952,0.815853981,0.041764334,1.360760182,0.004424384
2018-06-28,-0.002085455,0.002146347,0.001680488,-0.015267894,-0.003377691,-0.014115176,4,0.002236428,0.814914661,0.022402597,1.325859373,-0.008330866
2018-06-29,0.001525336,0.000671147,0.00012368,-0.010670655,-0.00194426,-0.012201919,3,0.001425985,0.794906828,0.024329096,1.420850838,-0.003377691
2018-07-02,-0.001590615,-0.001301961,0.004549215,0.001184333,0.004225696,-0.005002736,4,0.003064767,0.792342163,-0.021507787,1.467161549,-0.00194426
2018-07-03,-0.000500529,-0.000849254,-0.003669285,-0.004207654,0.008174871,-0.001252249,1,0.005050828,0.779346611,-0.046502912,1.416131333,0.004225696
2018-07-05,-0.001086848,-0.00373811,0.002518345,0.005202442,0.002829744,0.009908361,4,0.001914089,0.803277853,-0.012576128,1.471721276,0.008174871
2018-07-06,-0.004358905,-0.00601156,0.004904751,0.008426704,0.000192413,0.013478465,4,0.003784063,0.84166497,0.02675031,1.394335569,0.002829744
2018-07-09,0.004219728,-0.003317168,-3.16E-06,0.008299866,-0.002575967,0.012846758,4,0.002814772,0.835536038,0.040629211,1.334694863,0.000192413
2018-07-10,0.002290558,0.000564004,-0.003080537,0.000670115,-0.008749261,-0.0001282,3,0.004779702,0.809283473,0.01694131,1.344974497,-0.002575967
2018-07-11,-0.00171614,-0.000651606,0.001615356,0.005954756,4.10E-05,-0.008262021,0,0.001360797,0.816717936,0.037371325,1.319502507,-0.008749261
2018-07-12,0.000334506,0.000769747,0.005099575,0.008535987,-0.004786794,-0.01587856,4,0.004038408,0.818287033,0.01500918,1.269919556,4.10E-05
2018-07-13,0.002706347,0.007834998,-0.000815388,0.002815848,-0.002973671,-0.019044644,3,0.002347965,0.818291455,-0.023373516,1.264507077,-0.004786794
2018-07-16,0.002823627,0.006438897,-0.001563475,0.001255532,-0.004046142,-0.020514819,1,0.002877971,0.813311504,-0.022224534,1.277288744,-0.002973671
2018-07-17,-0.001752729,0.002395611,0.002342913,0.006678982,0.001215702,-0.010549856,4,0.001753466,0.827607544,0.018324071,1.273597534,-0.004046142
2018-07-18,0.000997613,0.005109363,-0.002244776,0.00281885,0.000570324,-0.010020581,3,0.001442797,0.849468158,0.032750223,1.295412182,0.001215702
2018-07-19,-0.001402453,0.003372404,0.000243907,-0.002036819,0.009524981,0.004291193,1,0.005008403,0.841669875,0.023382842,1.260276029,0.000570324
2018-07-20,0.000694288,0.001360345,0.000297003,-0.000924428,-0.001699627,0.005565237,0,0.001054126,0.829328646,0.011037191,1.244032296,0.009524981
2018-07-23,-0.002388435,-0.003851716,0.000930824,0.001569871,-0.000893875,0.008717504,3,0.001412763,0.836589312,0.023277808,1.241365286,-0.001699627
2018-07-24,0.003091536,0.000992549,-0.004909814,-0.005682856,-0.015549253,-0.008047451,2,0.008165688,0.709880177,-0.117727367,1.367538022,-0.000893875
2018-07-25,-0.002263188,-0.002268251,0.002538016,-0.000900064,-0.006089018,-0.014706793,4,0.003660076,0.716850253,-0.132617905,1.284403383,-0.015549253
2018-07-26,0.00747225,0.006606452,-0.007107372,-0.008251343,0.00904778,-0.015183994,2,0.007440028,0.567949893,-0.273719982,1.152501961,-0.006089018
2018-07-27,0.003601779,0.009513943,-0.008139099,-0.016687445,-0.012483656,-0.025968023,0,0.007362767,0.639300131,-0.190028516,1.393545219,0.00904778
2018-07-30,8.77E-05,0.011990076,-0.008209654,-0.025827923,-0.000386356,-0.025460503,0,0.004060277,0.664975104,-0.171614208,1.352453815,-0.012483656
2018-07-31,-0.000600155,0.008298384,0.000589288,-0.020328822,0.005759282,-0.004151968,4,0.002922083,0.673903022,-0.035977155,1.378172982,-0.000386356
2018-08-01,-0.002165838,0.008395734,0.005657562,-0.017209275,0.000118731,0.002055781,1,0.003339367,0.678150524,-0.038699729,1.41936378,0.005759282
2018-08-02,-0.005216764,-0.00429328,0.00738755,-0.002714354,0.002748228,-0.00424377,3,0.005269222,0.636129101,0.068179208,1.42214665,0.000118731
2018-08-03,0.000738635,-0.007156424,-0.003439707,0.001985038,-0.009836876,-0.001596991,3,0.004824979,0.609801495,-0.029498636,1.438403069,0.002748228
2018-08-06,-0.001977983,-0.009222105,0.00255167,0.012746362,0.002984482,0.001773847,4,0.002321309,0.578774073,-0.08620103,1.525089573,-0.009836876
2018-08-07,0.002136889,-0.006485061,0.000226166,0.01238324,-0.000454087,-0.004439521,4,0.001142016,0.597202382,-0.07670064,1.517274899,0.002984482
2018-08-08,-0.001501219,-0.005820442,0.000854594,0.007580271,-0.000579048,-0.0051373,1,0.000990575,0.564747916,-0.113402608,1.615377616,-0.000454087
2018-08-09,-0.001474304,-0.002077981,0.001879937,0.002072658,0.003817069,-0.004068459,2,0.00229637,0.520682854,-0.115446247,1.729920184,-0.000579048
2018-08-10,-0.0005774,-0.003394016,0.000442918,0.005955284,0.004717558,0.010485975,0,0.002417559,0.543070187,-0.066731308,1.578847903,0.003817069
2018-08-13,-0.000953866,-0.0023699,0.001536212,0.004939826,-0.002815074,0.004686418,0,0.001821006,0.561698358,-0.017075715,1.558986047,0.004717558
2018-08-14,-0.001923449,-0.006430238,0.000154767,0.004868427,0.003880876,0.009021381,4,0.002426896,0.579481702,-0.01772068,1.576961973,-0.002815074
2018-08-15,0.002181198,-0.002747821,-0.004739669,-0.000725835,-0.005397988,0.004202441,0,0.003675779,0.6253549,0.060606983,1.581904671,0.003880876
2018-08-16,0.007739525,0.006466008,-0.003729214,-0.006334986,0.001097584,0.001482956,4,0.004778051,0.660976006,0.140293152,1.555245645,-0.005397988
2018-08-17,0.000999951,0.008043359,-0.002061746,-0.00883965,0.000944365,-0.002290236,4,0.00143051,0.662898486,0.119828299,1.559076388,0.001097584
2018-08-20,0.001050433,0.010047658,-0.001826548,-0.012202409,0.000959716,0.001484554,4,0.001335704,0.666889168,0.10519081,1.563580327,0.000944365
2018-08-21,0.000399611,0.012370718,0.002800921,-0.009556255,0.009266224,0.006869902,4,0.00428224,0.712581644,0.133099942,1.577486439,0.000959716
2018-08-22,-0.003042289,0.007147231,0.00419931,-0.000617276,0.003008244,0.015276134,2,0.003245608,0.701435289,0.076080389,1.704935894,0.009266224
2018-08-23,-0.001289144,-0.001881438,0.00034307,0.003455008,-0.001499544,0.012679006,0,0.000918869,0.746762268,0.085786262,1.712532428,0.003008244
2018-08-24,-0.000995008,-0.003876397,0.002353984,0.007870737,-0.00117203,0.01056261,4,0.001622364,0.74808953,0.085191043,1.447129486,-0.001499544
2018-08-27,0.002362455,-0.002564374,0.001369251,0.011066535,-0.006054617,0.003548277,4,0.003775599,0.719320891,0.052431723,1.405998684,-0.00117203
2018-08-28,0.000282587,-0.002681399,0.001243742,0.009509357,-0.000263451,-0.005981398,4,0.000657632,0.716570603,0.003988959,1.355636657,-0.006054617
2018-08-29,-0.003364781,-0.003003891,0.004184879,0.009494926,-0.002029654,-0.011019296,4,0.003295891,0.719551286,0.018115997,1.334386144,-0.000263451
2018-08-30,-0.000842759,-0.002557506,0.00180651,0.010958366,0.003055715,-0.006464036,0,0.001758038,0.749822715,0.003060447,1.270083817,-0.002029654
2018-08-31,-0.000985243,-0.002547741,0.002480709,0.011085091,0.004702732,-0.000589274,3,0.002558378,0.778903852,0.030814322,1.249522711,0.003055715
2018-09-04,0.001180327,-0.00372987,-0.000602228,0.009113612,-0.0025871,0.002878243,0,0.001574793,0.780350538,0.061029647,1.261704848,0.004702732
2018-09-05,0.003674032,-0.000338424,-0.009138568,-0.001268699,-0.000504082,0.002637612,1,0.005427091,0.751891637,0.035321034,1.26969275,-0.0025871
2018-09-06,0.004462476,0.007488833,-0.005442768,-0.010896345,-0.003999149,0.000668117,1,0.004447168,0.743915578,0.024364292,1.310797462,-0.000504082
2018-09-07,-0.00084051,0.007491083,-0.000335811,-0.013038667,0.001463144,-0.000924455,0,0.000989857,0.752132153,0.002309439,1.305225151,-0.003999149
2018-09-10,-0.00419329,0.004283035,0.00083608,-0.014683295,0.000604908,-0.005022279,3,0.002363249,0.736766858,-0.042136994,1.395245721,0.001463144
2018-09-11,0.00066592,0.003768629,0.002345178,-0.011735889,-0.003191487,-0.005626665,4,0.0023181,0.723463809,-0.056886729,1.365443781,0.000604908
2018-09-12,0.000715525,0.000810121,-0.002647132,-0.005244453,-0.001929116,-0.007051699,2,0.001582664,0.714823053,-0.037068584,1.335054133,-0.003191487
2018-09-13,0.000372494,-0.003279861,0.002181608,0.002379923,-0.006073015,-0.009125565,3,0.003590914,0.636929191,-0.106986386,1.209148906,-0.001929116
2018-09-14,5.65E-05,-0.00238288,-0.000733504,0.00198223,0.004031861,-0.006556848,3,0.002158966,0.600657409,-0.151474745,1.228526286,-0.006073015
2018-09-17,0.00204042,0.00385083,-0.008780758,-0.007634608,-0.005024145,-0.012185902,0,0.004895791,0.660817312,-0.075949547,1.319907081,0.004031861
2018-09-18,0.00171267,0.00489758,0.002255806,-0.00772398,-0.001008547,-0.010002962,4,0.001510934,0.68046205,-0.04300176,1.284825598,-0.005024145
2018-09-19,0.004779463,0.008961518,-0.002015693,-0.007092541,-0.005962604,-0.01403645,2,0.004468437,0.668804102,-0.046018951,1.126338721,-0.001008547
2018-09-20,0.001658874,0.010247898,0.001977099,-0.00729705,0.002268625,-0.005694809,4,0.001015115,0.741332596,0.104403405,1.18303433,-0.005962604
2018-09-21,0.003609006,0.013800433,-0.00478527,-0.011348816,-0.004211222,-0.013937893,1,0.003932848,0.728350307,0.127692898,1.208132178,0.002268625
2018-09-24,-0.003286036,0.008473977,0.004309111,0.001741053,-0.000574518,-0.009488265,1,0.003143578,0.703487758,0.042670446,1.200009319,-0.004211222
2018-09-25,-0.001326823,0.005434484,0.003083396,0.002568643,0.00335046,-0.005129258,2,0.002307446,0.676043466,-0.004418584,1.306520856,-0.000574518
2018-09-26,-0.000749811,-9.48E-05,0.001156898,0.005741233,-0.006821827,-0.005988482,0,0.003566078,0.681054665,0.012250563,1.393721021,0.00335046
2018-09-27,-0.000690373,-0.002444037,0.003677547,0.007441682,-0.003398099,-0.011655206,3,0.002915809,0.673692192,-0.067640404,1.427908857,-0.006821827
2018-09-28,0.000701822,-0.005351221,0.00055135,0.012778302,0.003573298,-0.003870686,3,0.001606372,0.675812166,-0.052538141,1.523580823,-0.003398099
2018-10-01,0.003629788,0.001564603,-0.004759895,0.003709296,-0.017630588,-0.020926756,2,0.009285808,0.594503869,-0.108983888,1.642018863,0.003573298
2018-10-02,0.004991187,0.007882613,-0.004311147,-0.003685247,-0.009786436,-0.034063652,1,0.00628598,0.570698076,-0.10534539,1.730256526,-0.017630588
2018-10-03,0.001320406,0.00995283,0.002476332,-0.002365813,0.008455306,-0.018786519,4,0.003734512,0.575216467,-0.105838198,1.920191662,-0.009786436
2018-10-04,0.00068614,0.011329343,-0.01010414,-0.0161475,-0.006491946,-0.021880366,0,0.005209869,0.66080216,-0.012890032,1.840692978,0.008455306
2018-10-05,-0.001255818,0.009371703,-0.006080483,-0.022779333,-0.003483864,-0.028937527,0,0.002671932,0.69407434,0.018262174,1.796042902,-0.006491946
2018-10-08,0.001896258,0.007638173,-0.006368377,-0.024387815,-0.001192948,-0.012499887,1,0.00353798,0.701025787,0.106521918,1.781541826,-0.003483864
2018-10-09,-0.000705498,0.001941488,0.001686433,-0.018390234,-0.003286794,-0.006000245,1,0.002066845,0.691557614,0.120859538,1.810426232,-0.001192948
2018-10-10,0.001438223,0.002059306,-0.008274181,-0.029140748,0.004352165,-0.010103386,0,0.005413859,0.850907529,0.275691062,1.095930549,-0.003286794
2018-10-11,-0.000768762,0.000604404,0.008179583,-0.010857026,0.00154184,-0.0020696,0,0.004075795,0.850654874,0.189852713,1.05713299,0.004352165
2018-10-12,-0.002709244,-0.000849023,0.008534775,0.003758232,-0.01326534,-0.011851076,4,0.008987287,0.848955784,0.154881444,0.962603226,0.00154184
2018-10-15,0.002386661,-0.00035862,-0.002940322,0.007186287,0.010058222,-0.000599906,1,0.005565528,0.8326161,0.131590314,0.976085595,-0.01326534
2018-10-16,0.00019745,0.000544328,0.007222653,0.012722507,0.006512354,0.009199241,4,0.003919529,0.869209791,0.177652177,1.073330309,0.010058222
2018-10-17,-0.003309684,-0.004203579,-0.000112298,0.020884389,-0.004291564,0.000555512,0,0.0021992,0.872278614,0.021371085,1.074737087,0.006512354
2018-10-18,0.001685383,-0.001749434,-0.006334739,0.006370068,-0.003819431,-0.004805759,0,0.003634437,0.874143879,0.023489005,1.063867053,-0.004291564
2018-10-19,0.00291479,0.0038746,-0.004474711,-0.006639418,-0.011698999,-0.003239418,1,0.006362282,0.868245817,0.019290033,1.073276816,-0.003819431
2018-10-22,-0.000692211,0.000795728,0.00693657,0.003237474,0.002660245,-0.010637395,1,0.003456832,0.867579475,0.034963375,1.075069494,-0.011698999
2018-10-23,0.000538614,0.001136891,0.001355664,-0.002629515,-0.002894145,-0.020043894,0,0.00184879,0.870085373,0.000875582,1.065482205,0.002660245
2018-10-24,0.006919158,0.011365733,-0.013912211,-0.016429427,-0.007308071,-0.023060402,0,0.009012985,0.898781441,0.026502827,1.089847315,-0.002894145
2018-10-25,-0.002268282,0.007412069,0.010652617,0.000557929,0.002900415,-0.016340555,4,0.005633216,0.912286387,0.038142508,1.113892111,-0.007308071
2018-10-26,0.005551347,0.010048626,-0.003387915,0.001644726,0.00636719,0.001725634,0,0.00464197,0.910957348,0.04271153,1.081144564,0.002900415
2018-10-29,-0.003408066,0.007332771,-0.009866488,-0.015158332,0.002184307,0.001249696,0,0.005259445,0.922952213,0.055372738,1.084574809,0.00636719
2018-10-30,0.001962912,0.00875707,0.000126308,-0.016387687,0.004113787,0.008257627,4,0.001929844,0.935707179,0.065621806,1.101068902,0.002184307
2018-10-31,-0.001146186,0.000691726,0.009148961,0.006673485,-0.007631882,0.007933817,4,0.006909618,0.935731162,0.036949721,1.061393064,0.004113787
2018-11-01,-7.40E-06,0.002952609,0.006887424,0.002908292,0.011465441,0.016498843,4,0.005620023,0.936518627,0.024232239,1.100358325,-0.007631882
2018-11-02,0.001996862,-0.000601876,-0.004084516,0.00221169,0.008276611,0.018408264,1,0.005150962,0.932840024,0.021882677,1.098386237,0.011465441
2018-11-05,0.001939869,0.004746058,-0.00941698,0.002661198,-0.005888342,0.010335615,2,0.005242656,0.929156787,0.006204574,1.091114608,0.008276611
2018-11-06,0.000543867,0.003327012,0.000167643,0.002702532,-0.000704306,0.005517522,4,0.00052279,0.93047059,-0.005236588,1.087981602,-0.005888342
2018-11-07,6.12E-05,0.004534383,0.005079001,-0.001367428,-0.00437873,0.008770673,4,0.003865588,0.922808679,-0.012922483,1.111031896,-0.000704306
2018-11-08,0.002929087,0.007470869,-0.002768184,-0.011023035,1.23E-05,-0.002682454,1,0.002326302,0.927064697,-0.009453929,1.133734225,-0.00437873
2018-11-09,0.001502264,0.006976271,-0.007358314,-0.014296834,-0.009123845,-0.020082909,0,0.005277209,0.938980109,0.006140084,1.189175801,1.23E-05
2018-11-12,-0.003542484,0.001493918,-0.008311966,-0.01319182,-0.000113696,-0.014308263,0,0.003909039,0.94638402,0.017227233,1.17307985,-0.009123845
2018-11-13,-0.002491021,-0.00154097,0.001483019,-0.011876443,-0.001147523,-0.01475148,0,0.001689158,0.936938093,0.006467503,1.148194328,-0.000113696
2018-11-14,-0.00058343,-0.002185584,-0.001398614,-0.018354059,-0.000550211,-0.010922961,0,0.000576242,0.93831066,0.01550198,1.146200489,-0.001147523
2018-11-15,-0.002248508,-0.007363179,0.006501083,-0.009084792,0.003742109,-0.007193166,4,0.00388778,0.936748114,0.009683417,1.151575438,-0.000550211
2018-11-16,0.002668525,-0.006196918,-0.00375937,-0.005485848,1.40E-05,0.001944721,3,0.002643496,0.943689294,0.004709185,1.135170746,0.003742109
2018-11-19,0.001086782,-0.001567651,-0.013954024,-0.011127906,-0.003713107,-0.001654689,0,0.006854586,0.950971968,0.004587948,1.143755442,1.40E-05
2018-11-20,-0.003985454,-0.003062085,0.001146363,-0.011464562,-0.000249096,-0.000756263,0,0.002226793,0.948458233,0.01152014,1.131565553,-0.003713107
2018-11-21,-0.003077548,-0.005556203,0.006100485,-0.003965463,0.00999373,0.009787678,3,0.005893597,0.932135604,-0.006175055,1.116911451,-0.000249096
2018-11-23,-0.00075645,-0.004064145,0.001793222,-0.008673325,0.006845167,0.012890736,1,0.003421156,0.921305997,-0.015442117,1.111347736,0.00999373
2018-11-26,-0.000930049,-0.007662719,0.004967424,5.35E-05,-0.003872291,0.009004403,4,0.00367551,0.923328971,-0.020360323,1.118408771,0.006845167
2018-11-27,0.001136921,-0.007612581,-0.003136353,0.010871141,-0.011993194,0.000724316,3,0.005944678,0.91407014,-0.036901829,1.138309574,-0.003872291
2018-11-28,0.001938389,-0.001688737,0.006352338,0.016077116,0.002108289,0.003081701,4,0.00267828,0.923455072,-0.025003161,1.12046576,-0.011993194
2018-11-29,0.001097251,0.002486062,-0.000356242,0.009620389,-0.001080455,-0.007992483,0,0.000907275,0.929935377,-0.002200227,1.140148931,0.002108289
2018-11-30,-0.00029035,0.002952162,-0.000268231,0.007558937,-0.00298495,-0.0178226,4,0.001405587,0.933017473,0.011711476,1.073639374,-0.001080455
2018-12-03,0.000330784,0.004212995,0.004142564,0.006734076,-0.000701011,-0.014651321,4,0.002175932,0.941650243,0.018321272,1.081005722,-0.00298495
2018-12-04,0.001459906,0.004535981,-0.005882817,0.003987612,-0.012134768,-0.014792895,0,0.006203555,0.958195424,0.044125284,1.159952311,-0.000701011
2018-12-06,-0.001654236,0.000943356,0.005681787,0.003317061,-0.00073475,-0.017635934,1,0.003308999,0.956059281,0.03260421,1.160528372,-0.012134768
2018-12-07,0.000946036,0.000792141,-0.007345157,-0.003671854,0.003551181,-0.013004299,0,0.0046701,0.95392239,0.023987013,1.157835577,-0.00073475
2018-12-10,-0.000354785,0.000727707,0.005569074,0.002165451,-0.005212466,-0.015231815,3,0.004408713,0.952787992,0.019770519,1.153741115,0.003551181
2018-12-11,-0.001816812,-0.00141989,0.001966114,-1.10E-05,-0.00170376,-0.016234563,1,0.001776243,0.955133784,0.013483541,1.135415296,-0.005212466
2018-12-12,0.001017944,-0.001861852,0.004004869,0.009876687,0.005087509,0.000987713,4,0.002408546,0.953064516,-0.005130908,1.164120892,-0.00170376
2018-12-13,0.003054378,0.002846761,-0.00374962,0.00044528,-0.015465079,-0.013742615,1,0.008109018,0.941133908,-0.014925373,1.185493502,0.005087509
2018-12-14,-0.001135763,0.000764962,-0.003570784,0.004219653,0.003874519,-0.013419276,0,0.003102649,0.941197505,-0.012724884,1.15558554,-0.015465079
2018-12-17,-0.000291478,0.000828269,-0.001977943,-0.003327364,-0.00243699,-0.0106438,0,0.001210862,0.943661895,-0.009126096,1.135748796,0.003874519
2018-12-18,0.003411071,0.006056152,0.004372316,-0.000921162,-0.000783202,-0.009723242,3,0.002524237,0.944932826,-0.010200958,1.134768296,-0.00243699
2018-12-19,0.000537064,0.005575272,-0.006403744,-0.011329774,-0.004988465,-0.019799216,0,0.003498696,0.948753837,-0.004310679,1.139525343,-0.000783202
2018-12-20,-0.00419935,-0.001678456,-0.000573196,-0.008153351,-0.001469344,-0.005803481,0,0.001860266,0.949240892,0.008106984,1.145929765,-0.004988465
2018-12-21,0.002516296,0.001973603,-0.00958781,-0.014170377,-0.005102735,-0.014780736,0,0.00539267,0.957253924,0.016056419,1.115036969,-0.001469344
2018-12-24,-0.002045674,0.000219407,0.005120749,-0.007071685,0.00781433,-0.004529417,0,0.00453967,0.955090948,0.011429053,1.06030677,-0.005102735
2018-12-26,0.000240136,-0.002951528,0.008320587,-0.003123414,4.41E-05,-0.003702066,4,0.004114237,0.970624584,0.025691758,1.061403106,0.00781433
2018-12-27,0.002790126,-0.000698466,-0.004699415,-0.001419085,-0.00701596,-0.005729561,4,0.004441395,0.971906109,0.023152272,1.056838713,4.41E-05
2018-12-28,-0.002065783,0.0014351,0.002006526,0.001160637,0.005812168,0.001551951,2,0.003356631,0.966035125,0.016794233,1.053808941,-0.00701596
2018-12-31,0.002971019,0.001889823,-0.000777233,0.009971214,-0.000535428,0.006119258,4,0.001734954,0.966353087,0.009099163,1.05466324,0.005812168
2019-01-02,-0.000462987,0.00347251,0.003342442,0.008192907,0.004167748,0.002472676,4,0.002333855,0.965106076,0.010015128,1.065721456,-0.000535428
2019-01-03,-0.003609899,-0.000377525,-0.005771672,-0.005899352,0.006398266,0.008826794,0,0.00532467,0.961517578,-0.009107006,1.045882425,0.004167748
2019-01-04,-0.001365002,-0.004532652,0.007960385,0.006760448,0.003064656,0.01890741,4,0.004134972,0.968298947,-0.003607162,1.00912108,0.006398266
2019-01-07,-0.002804538,-0.005271407,0.005491445,0.010245367,0.010687804,0.023783046,4,0.005986925,0.965752849,-0.000282276,1.031300739,0.003064656
2019-01-08,0.001175952,-0.007066473,0.001069776,0.012092376,0.005309779,0.029628253,4,0.002341624,0.964987267,-0.00136582,1.051503314,0.010687804
2019-01-09,-0.000243368,-0.006846854,0.004583652,0.013333585,0.004467776,0.029928281,4,0.002685432,0.966857,0.001750924,1.055038583,0.005309779
2019-01-10,0.000621182,-0.002615774,-0.000349957,0.018755299,8.22E-05,0.023612242,4,0.000401608,0.967229953,0.005712375,1.053980309,0.004467776
2019-01-11,-0.000102482,-0.001353254,-0.001944295,0.00885062,0.001494445,0.022042032,1,0.001408058,0.967100868,-0.001198079,1.049473817,8.22E-05
2019-01-14,0.001676444,0.003127728,-0.00417714,-0.000817965,-0.004846042,0.006508185,0,0.003175398,0.975353532,0.009600683,1.038476907,0.001494445
2019-01-15,-0.004171689,-0.002219913,0.006265042,0.004377302,-0.002040672,-0.000842266,4,0.004502495,0.973277089,0.008289822,1.042109236,-0.004846042
2019-01-16,0.00364593,0.001669385,-0.000674569,-0.000880919,0.004318601,-0.000991441,4,0.002524036,0.970763947,0.003906947,1.033538253,-0.002040672
2019-01-17,-0.000854239,0.000193964,-0.000512699,-0.001043661,0.00102751,-4.62E-05,4,0.000820479,0.971962503,0.00473255,1.03217718,0.004318601
2019-01-18,0.000606412,0.000902858,-0.002877528,-0.001976895,-0.002756961,-0.004297565,4,0.001819189,0.970947556,0.003846688,1.005137226,0.00102751
2019-01-22,0.001964938,0.001191352,-0.005050076,-0.00284983,-0.002783075,-0.002234598,0,0.003082249,0.970325601,-0.005027932,1.008971498,-0.002756961
2019-01-23,0.004787629,0.01015067,-0.001430149,-0.010545021,-0.004391603,-0.004585529,3,0.003829079,0.966454054,-0.006823035,0.980622232,-0.002783075
2019-01-24,-0.002285809,0.00421893,0.005390146,-0.004480306,0.005580487,-0.003323643,3,0.003939708,0.962962563,-0.007801384,1.017499331,-0.004391603
2019-01-25,-0.000988546,0.004084623,0.004385888,0.000418281,0.004060573,-0.000290579,4,0.00275659,0.936891749,-0.035070754,1.05996278,0.005580487
2019-01-28,-0.000606056,0.002872155,-0.003234856,6.10E-05,0.001579576,0.004045959,0,0.002004017,0.949422288,-0.021525268,1.06086012,0.004060573
2019-01-29,0.003564503,0.00447172,-0.006675124,-0.001564095,3.79E-05,0.006866922,1,0.004278005,0.947816073,-0.022509528,1.067795371,0.001579576
2019-01-30,0.002108898,0.00179299,0.006355223,0.006221277,-0.004957608,0.006300917,4,0.004702492,0.945565245,-0.020888809,1.047178985,3.79E-05
2019-01-31,-0.00916805,-0.005089252,0.005080957,0.005912088,-0.00020253,0.000517899,3,0.005924809,0.938199507,-0.024763056,1.045300681,-0.004957608
2019-02-01,0.001667362,-0.002433344,-0.003355323,-0.001829123,0.000854272,-0.002688403,3,0.002205622,0.921837499,-0.01505425,1.135194913,-0.00020253
2019-02-04,0.000223472,-0.001603816,0.004699427,0.006105159,0.003506373,-0.000761606,4,0.002356979,0.864502381,-0.084919907,1.197179075,0.000854272
2019-02-05,0.002100183,-0.003068136,0.002698113,0.015478397,-0.002926373,-0.003725866,4,0.002541536,0.876085499,-0.071730573,1.12810835,0.003506373
2019-02-06,0.001391562,-0.003785472,-0.001400298,0.007722876,0.000772156,0.002003898,0,0.001203855,0.876669381,-0.068895864,1.084862753,-0.002926373
2019-02-07,0.000668059,0.006050637,-0.002455449,0.00018647,0.001205745,0.003412173,0,0.001617073,0.892622365,-0.045577142,1.049513708,0.000772156
2019-02-08,-0.003190072,0.001193204,0.0006746,0.004216393,-0.000171321,0.00238658,3,0.001718166,0.889881976,-0.031955523,1.049626893,0.001205745
2019-02-11,-0.002830914,-0.001861182,0.00061932,0.000136287,0.007614123,0.00649433,3,0.004437554,0.875311924,0.010809543,1.066616897,-0.000171321
2019-02-12,0.001957025,-0.00200434,0.001689948,-0.000871878,-0.000214505,0.009206197,4,0.001123451,0.881519202,0.005433703,1.013075165,0.007614123
2019-02-13,0.001591603,-0.001804299,-0.002242921,-0.001714501,3.78E-05,0.008471867,4,0.001578104,0.883266926,0.006597544,1.029118285,-0.000214505
2019-02-14,-0.00141991,-0.003892269,0.003540213,0.004281161,0.00406061,0.011326732,2,0.002676247,0.883054384,-0.009567981,1.012828168,3.78E-05
2019-02-15,0.006477252,0.005775055,-0.004717716,-0.001111155,0.004682698,0.016180751,4,0.005025392,0.872976704,-0.016905271,1.045522517,0.00406061
2019-02-19,-0.001185873,0.007420096,0.000422252,-0.001308223,0.00182327,0.010389898,4,0.001242067,0.869404099,-0.005907825,1.079829719,0.004682698
2019-02-20,0.000659349,0.00612242,-0.001468398,-0.00446657,0.002780727,0.01338513,4,0.00176555,0.831385012,-0.05013419,1.017399926,0.00182327
2019-02-21,-0.000474998,0.00405582,-0.000395397,-0.002619046,-0.000337832,0.013009472,0,0.000209077,0.85530254,-0.027964386,1.00771441,0.002780727
2019-02-22,0.000593629,0.006069359,0.002661127,-0.003498131,0.002776701,0.011725564,4,0.001420029,0.867683361,-0.015371022,1.010795802,-0.000337832
2019-02-25,0.00107643,0.000668538,0.002338707,0.003558292,-0.002017547,0.005025318,3,0.001844852,0.85993129,-0.013045414,0.996721269,0.002776701
2019-02-26,-0.000511965,0.001342446,0.000107475,0.003243515,-0.006365951,-0.003163902,0,0.00312726,0.830107939,-0.03929616,1.077884788,-0.002017547
2019-02-27,-0.002254264,-0.001571167,0.001234084,0.005945997,0.002804787,-0.003139843,2,0.002135048,0.837662683,0.006277671,1.067780654,-0.006365951
2019-02-28,0.000164434,-0.000931735,-8.43E-05,0.006257144,-0.000655258,-0.003457268,0,0.000356287,0.825972799,-0.029329741,1.198689433,0.002804787
2019-03-01,-0.002623849,-0.004149213,0.001433628,0.005029644,0.002031479,-0.00420249,4,0.002072829,0.861941528,-0.005741834,1.226691681,-0.000655258
2019-03-04,-0.004084393,-0.009310037,0.001544421,0.004235358,-0.005084916,-0.007269859,0,0.003182721,0.870122497,0.010191207,1.291590319,0.002031479
2019-03-05,0.000627797,-0.008170275,0.000972484,0.005100367,-0.003422892,-0.004326799,0,0.00201871,0.862796855,0.032688916,1.3012805,-0.005084916
2019-03-06,0.001371815,-0.004544196,-0.002795349,0.001070933,-0.013718711,-0.020850297,0,0.006845363,0.861493366,0.023830683,1.543973159,-0.003422892
2019-03-07,0.000329216,-0.004379414,-0.003157323,-0.002002139,-0.000460752,-0.020655791,0,0.001590096,0.870133868,0.04416107,1.500688441,-0.013718711
2019-03-08,0.001231031,-0.000524534,0.00033758,-0.003098187,0.000984731,-0.021702539,0,0.000568391,0.863833348,0.001891821,1.581918667,-0.000460752
2019-03-11,-0.006706805,-0.003146946,0.005475602,0.000832993,0.003026141,-0.013591482,4,0.0052699,0.86598965,-0.004132847,1.499786239,0.000984731
2019-03-12,-0.006707185,-0.010481928,0.001403742,0.001264251,-0.002335839,-0.012504429,3,0.003550742,0.868575219,0.005778364,1.474380254,0.003026141
2019-03-13,-0.001141779,-0.012995522,-4.89E-05,0.004010654,-0.003029461,-0.001815179,4,0.001417885,0.850080546,-0.01141282,1.521942782,-0.002335839
2019-03-14,0.001142604,-0.012182134,-0.000768335,0.006399642,-0.00315025,-0.004504678,1,0.001815989,0.852617925,-0.017515943,1.528302541,-0.003029461
2019-03-15,0.000416667,-0.012996498,0.002549936,0.008611998,-0.002458952,-0.007948361,4,0.002054085,0.860542115,-0.003291233,1.530853224,-0.00315025
2019-03-18,-0.001178743,-0.007468435,-0.000329597,0.002806799,0.002966599,-0.008007903,4,0.00180436,0.88329363,0.01730398,1.53527195,-0.002458952
2019-03-19,-0.000901012,-0.001662263,0.001357407,0.002760464,-0.00560224,-0.011274304,1,0.003023218,0.882308385,0.013733166,1.542792272,0.002966599
2019-03-20,-0.002540473,-0.003060957,0.003598415,0.006407825,-0.004688127,-0.012932971,1,0.003563078,0.88396968,0.033889134,1.532853076,-0.00560224
2019-03-21,-0.002406905,-0.006610466,0.003336518,0.010512678,0.001603223,-0.008179497,4,0.002442134,0.89954067,0.046922744,1.529014096,-0.004688127
2019-03-22,0.001272702,-0.005754431,-0.006202332,0.00176041,-0.017668659,-0.023389205,0,0.008652544,0.938876551,0.078334437,1.616518118,0.001603223
2019-03-25,0.00140817,-0.003167518,0.000167931,0.002257938,0.005437226,-0.020918578,2,0.002534948,0.933844257,0.050550627,1.631944288,-0.017668659
2019-03-26,-0.001650381,-0.003916887,-0.000114194,0.000786338,0.002912027,-0.01240431,4,0.001905041,0.936547562,0.054239177,1.630482363,0.005437226
2019-03-27,0.00340169,0.002025276,-0.001623384,-0.004435461,0.000760526,-0.006955657,0,0.002095539,0.93513883,0.05116915,1.60844512,0.002912027
2019-03-28,-4.34E-06,0.004427845,-0.000214568,-0.007986546,0.004836103,-0.003722778,4,0.002456577,0.933674256,0.034133587,1.63678672,0.000760526
2019-03-29,0.001467799,0.004622942,0.001100775,-0.000683439,-0.003693651,0.010252231,4,0.002358866,0.926822711,-0.01205384,1.612935379,0.004836103
2019-04-01,0.001134821,0.004349593,0.00130025,0.000448879,-0.000958737,0.003856268,4,0.001057159,0.931363649,-0.002480608,1.569951985,-0.003693651
2019-04-02,-0.003041591,0.002958384,0.002505864,0.003068937,-0.001779937,-0.000835697,2,0.002405426,0.928133316,-0.008414246,1.568888339,-0.000958737
2019-04-03,-0.000657445,-0.001100751,0.003806581,0.008498902,0.002728393,0.00113217,4,0.002139321,0.927803306,-0.007335524,1.498397685,-0.001779937
2019-04-04,0.004248022,0.003151606,-0.002560066,0.006153404,0.002124136,-0.001579797,3,0.002914251,0.914998958,-0.018675298,1.549078426,0.002728393
2019-04-05,-0.003097232,-0.001413424,0.001300865,0.006353493,0.004942501,0.007056355,4,0.003328607,0.911344538,-0.015478173,1.580709039,0.002124136
2019-04-08,-0.004229672,-0.006777917,0.000864667,0.005917911,-0.003299003,0.00471609,2,0.002477831,0.907904936,-0.023458712,1.628741008,0.004942501
2019-04-09,-0.001170053,-0.004906379,0.000462858,0.003874904,-0.006225052,0.000270975,0,0.003072487,0.923345587,-0.004787729,1.631726869,-0.003299003
2019-04-10,-0.003220247,-0.007469181,0.003452987,0.00352131,0.010452865,0.007995447,4,0.005859749,0.910845663,-0.016957643,1.715910755,-0.006225052
2019-04-11,-0.000577676,-0.012294879,-0.002159892,0.003921484,-0.001563128,0.004308184,1,0.000969229,0.911012368,-0.00398659,1.712895892,0.010452865
2019-04-12,0.003658851,-0.005538796,-0.001967761,0.000652858,-0.003009736,-0.003644053,4,0.002937293,0.90194163,-0.009402908,1.70024285,-0.001563128
2019-04-15,-0.000413341,-0.001722465,-0.000391774,-0.000603583,-0.00292926,-0.00327431,0,0.001343938,0.902986712,-0.004918225,1.695867844,-0.003009736
2019-04-16,0.002060566,0.001508154,0.002522803,0.001456363,0.001780489,0.004731231,4,0.001103923,0.903702217,-0.019643369,1.683779028,-0.00292926
2019-04-17,0.002158406,0.006886806,0.001757543,-0.00023908,-0.007366965,-0.013088599,0,0.004436307,0.903658456,-0.007187207,1.702376759,0.001780489
2019-04-18,0.002572392,0.010036874,-0.001330259,0.000590553,-0.002758676,-0.014284147,3,0.002267312,0.895475776,-0.015536592,1.753239181,-0.007366965
2019-04-22,-0.002838819,0.003539203,0.001137949,0.003696263,-0.004664961,-0.015939373,2,0.00264479,0.765584471,-0.136357159,1.654822918,-0.002758676
2019-04-23,-0.003335088,0.000617457,0.004280287,0.008368324,0.007127328,-0.005882785,4,0.004617035,0.785987008,-0.116999704,1.726562008,-0.004664961
2019-04-24,-3.44E-05,-0.001477524,-0.000124794,0.005720727,0.004110229,-0.003553045,1,0.002082314,0.774243684,-0.129458533,1.69096296,0.007127328
2019-04-25,-0.004718527,-0.008354457,0.002424493,0.006387676,-0.007545695,-0.003731776,1,0.004504631,0.771602257,-0.132056199,1.84506828,0.004110229
2019-04-26,-0.001608623,-0.012535472,-0.001265851,0.006452083,0.004354297,0.003381197,4,0.002744842,0.770452233,-0.125023543,1.839750998,-0.007545695
2019-04-29,-0.000654338,-0.01035099,0.000823823,0.006137957,0.004236009,0.012282168,4,0.002175509,0.767370595,0.001786123,1.912669299,0.004354297
2019-04-30,0.000498574,-0.006517329,-0.009127055,-0.007269385,-0.005434351,-0.000279511,2,0.004605904,0.681851349,-0.104135659,2.276789346,0.004236009
2019-05-01,0.00139085,-0.005092063,0.001863052,-0.005281539,-0.00183318,-0.00622292,0,0.001659454,0.720102444,-0.054141241,2.037374856,-0.005434351
2019-05-02,-0.002513747,-0.002887283,0.000526121,-0.00717991,0.006095835,0.00741861,1,0.003630224,0.706440692,-0.065161565,2.00506928,-0.00183318
2019-05-03,-0.002125706,-0.003404367,0.006114854,0.000200795,0.010035173,0.013099487,4,0.005581051,0.777616619,0.007164386,2.032180724,0.006095835
2019-05-06,0.001970077,-0.000779952,-0.000517982,-0.00114101,0.0050756,0.013939078,1,0.002533675,0.768797114,0.00142652,1.943258304,0.010035173
2019-05-07,-0.001418117,-0.002696643,-0.003184541,0.004801504,-0.003787231,0.015586197,0,0.0017222,0.850044075,0.168192727,1.673544319,0.0050756
2019-05-08,0.00169299,-0.002394503,-0.000963204,0.001975249,-0.00304292,0.014376457,1,0.001976166,0.840223636,0.120121192,1.654166577,-0.003787231
2019-05-09,-0.002340125,-0.002220881,-0.001102955,0.000346173,-9.63E-05,0.008184288,0,0.001090888,0.850666482,0.14422579,1.569492394,-0.00304292
2019-05-10,0.000691023,0.000595849,-0.002910982,-0.008679664,-0.001849006,-0.003699892,4,0.001656405,0.848097286,0.070480667,1.55195539,-9.63E-05
2019-05-13,0.000340627,-0.001033601,-0.010262259,-0.01842394,-0.007869718,-0.016645209,0,0.005423081,0.920843168,0.152046054,1.480055141,-0.001849006
2019-05-14,0.000158904,0.00054342,0.003389559,-0.011849841,0.005101434,-0.007756544,4,0.002505581,0.92786873,0.077824655,1.48481471,-0.007869718
2019-05-15,-0.001290193,-0.002439763,0.005447868,-0.00543877,-0.002451299,-0.007164923,4,0.003494033,0.92569655,0.085472914,1.460272718,0.005101434
2019-05-16,-0.000521324,-0.000620962,0.000800471,-0.003535343,-0.003079131,-0.010147719,4,0.001676664,0.932174775,0.081508294,1.401810873,-0.002451299
2019-05-17,0.002031615,0.00071963,-0.004552721,-0.005177082,-0.008035201,-0.016333914,0,0.004529911,0.933008302,0.084911016,1.435116171,-0.003079131
2019-05-20,0.003502689,0.003881692,-0.007907096,-0.002821919,-0.000284966,-0.008749163,0,0.004808834,0.930237082,0.009393914,1.427294841,-0.008035201
2019-05-21,-0.00080125,0.002921537,0.002302008,-0.003909469,0.004757606,-0.009092992,4,0.002502284,0.932447667,0.004578936,1.409201086,-0.000284966
2019-05-22,-0.001071439,0.003140291,-0.001661717,-0.011019055,-0.006024786,-0.012666479,0,0.002647763,0.932631911,0.00693536,1.418838222,0.004757606
2019-05-23,0.000822909,0.004484524,-0.003953146,-0.015772672,-0.00796215,-0.017549498,0,0.004038982,0.944795215,0.01262044,1.434269514,-0.006024786
2019-05-24,0.002375861,0.00482877,-0.000208875,-0.011428826,0.007090466,-0.002423831,4,0.003393029,0.942867092,0.00985879,1.44693948,-0.00796215
2019-05-28,-0.0009315,0.000394581,0.004519713,0.000997983,0.001724688,-0.000414177,0,0.002395365,0.937328349,0.007091267,1.422138011,0.007090466
2019-05-29,-0.001835339,-0.000639507,-0.000987772,-0.002291797,-0.002463097,-0.007634879,0,0.00106849,0.945423589,0.012975922,1.428187864,0.001724688
2019-05-30,-0.000367687,6.42E-05,0.000604373,-2.57E-05,-0.005067172,-0.006677264,3,0.002604054,0.943492552,0.010860641,1.420197804,-0.002463097
2019-05-31,-0.000914987,-0.001673652,-0.001971908,0.001955532,-0.000298775,0.000986111,0,0.000871352,0.949543553,0.004748337,1.380841157,-0.005067172
2019-06-03,0.002960075,-0.001089438,-0.013480239,-0.011315832,0.005828202,-0.000276153,2,0.008542896,0.923474405,-0.019392687,1.329197159,-0.000298775
2019-06-04,-0.000771303,-0.000929241,0.004919148,-0.010916398,0.004700883,0.002700042,4,0.003017517,0.945652764,0.008324415,1.301868643,0.005828202
2019-06-05,2.48E-05,0.000930885,-0.001724528,-0.011653154,-0.009302733,-0.004139594,3,0.004444167,0.934979863,-0.010443726,1.285058033,0.004700883
2019-06-06,0.000948699,0.002247272,-0.00084137,-0.013098896,-0.011106738,-0.010179161,3,0.005619039,0.926238178,-0.017254374,1.269658323,-0.009302733
2019-06-07,-0.000258912,0.002903347,0.006037818,-0.005089171,-0.000421941,-0.010302327,4,0.003137199,0.930917563,-0.01862599,1.264504117,-0.011106738
2019-06-10,-0.00162346,-0.001680188,0.005767632,0.0141587,0.001387793,-0.014742736,4,0.003171567,0.930180504,0.006706099,1.27114818,-0.000421941
2019-06-11,-0.000193893,-0.001102778,0.000273231,0.009512783,-0.002575171,-0.02201879,0,0.001314846,0.899615755,-0.046037009,1.280425451,0.001387793
2019-06-12,0.000361391,-0.000766174,-0.001783473,0.009453838,0.002487224,-0.010228834,1,0.001752525,0.894276258,-0.040703605,1.246821783,-0.002575171
2019-06-13,-0.000176654,-0.001891527,0.001593678,0.011888886,0.006390246,0.00726815,4,0.003064196,0.89308665,-0.033151528,1.283715223,0.002487224
2019-06-14,0.000955289,-0.000677326,-0.003564412,0.002286656,-0.007084917,0.000605174,0,0.003666063,0.888996624,-0.041920939,1.321434523,0.006390246
2019-06-17,-5.32E-05,0.00089294,0.005252166,0.00177119,0.005778472,0.004995853,4,0.003206906,0.883794612,-0.046385892,1.304818734,-0.007084917
2019-06-18,0.003757736,0.004844568,0.004110418,0.005608377,0.001669297,0.009240321,4,0.001920236,0.891708152,-0.007907603,1.315610408,0.005778472
2019-06-19,-0.001528526,0.002954651,0.0012147,0.00860655,0.000464427,0.007217525,4,0.001157859,0.887715921,-0.006560337,1.295368376,0.001669297
2019-06-20,-7.03E-05,0.003061003,-0.00144435,0.005568521,-0.004355548,-0.003528269,4,0.002036915,0.885538205,-0.007548445,1.249688558,0.000464427
2019-06-21,-1.31E-05,0.002092583,-0.00118105,0.007951884,-0.007644284,-0.004087636,0,0.003665174,0.86372553,-0.025271094,1.227848708,-0.004355548
2019-06-24,0.002048027,0.004193804,-0.001510251,0.001189467,-0.010962815,-0.020828922,1,0.00575871,0.863470938,-0.020323674,1.26795051,-0.007644284
2019-06-25,0.002810045,0.003246113,-0.0056853,-0.00860625,0.00361612,-0.018882099,0,0.004209438,0.867141244,-0.024566908,1.250539142,-0.010962815
2019-06-26,0.000805181,0.00557982,0.004431975,-0.005388975,0.001793352,-0.017553174,2,0.00192785,0.857143278,-0.030572643,1.253146987,0.00361612
2019-06-27,-0.004201848,0.001448274,0.003463468,-0.000481158,0.012257796,-0.00093983,3,0.00699358,0.833173202,-0.052365003,1.320541236,0.001793352
2019-06-28,-0.002978447,-0.001517041,-0.000923045,-0.000223153,0.007120865,0.013825318,4,0.004390853,0.794511596,-0.069213934,1.442381929,0.012257796
2019-07-01,-0.003236616,-0.006801685,0.002907841,0.00419494,-0.007643019,0.017145114,3,0.004526205,0.817744265,-0.045726673,1.468252873,0.007120865
2019-07-02,-0.00033526,-0.009946989,-0.000710339,0.009169901,-0.006780389,0.006748605,3,0.00322899,0.720264561,-0.146876683,1.583634579,-0.007643019
2019-07-03,-0.00097102,-0.01172319,-0.000131673,0.004606252,-0.000250012,0.004705242,4,0.000434078,0.743754872,-0.113388406,1.604804586,-0.006780389
2019-07-05,0.000178943,-0.0073424,0.000773989,0.001916773,0.004031353,-0.003521202,1,0.001886099,0.767271215,-0.065901987,1.555935868,-0.000250012
2019-07-08,0.00052994,-0.003834013,-0.002952312,-0.000112494,-0.00422521,-0.014867277,0,0.002295052,0.770780898,-0.023730698,1.627337086,0.004031353
2019-07-09,-0.00208112,-0.002678517,0.004102865,0.00108253,-0.000467574,-0.007691831,3,0.002631814,0.764823008,-0.052921257,1.628583325,-0.00422521
2019-07-10,-0.001640601,-0.003983858,0.002939444,0.004732313,-0.002927422,-0.003838865,4,0.002532366,0.759610918,0.039346357,1.610092038,-0.000467574
2019-07-11,0.006165554,0.003152716,-0.003074181,0.001789805,-0.006848797,-0.01043765,2,0.00550276,0.722685945,-0.021068926,1.660806673,-0.002927422
2019-07-12,0.004355933,0.007329706,0.001241952,0.002257769,0.003114459,-0.011354544,4,0.001935649,0.725269534,-0.042001681,1.627132676,-0.006848797
2019-07-15,0.000816294,0.00761606,0.001527031,0.006737112,-0.0053997,-0.012529034,3,0.003152753,0.715224986,-0.055555912,1.606383313,0.003114459
2019-07-16,0.002549199,0.012246379,-0.000885143,0.001749104,0.003524862,-0.008536598,1,0.00207969,0.722703441,-0.042119567,1.536345934,-0.0053997
2019-07-17,0.002308127,0.016195107,0.001970768,0.000780428,-0.000656337,-0.006265512,0,0.001456185,0.697074997,-0.06253592,1.496558661,0.003524862
2019-07-18,-0.003460942,0.006568611,-0.00088774,0.002966869,-0.00045947,0.000123815,4,0.001548949,0.692900351,-0.029785594,1.491028921,-0.000656337
2019-07-19,0.003666463,0.005879141,-0.001233642,0.000491274,0.001220902,-0.001769742,0,0.002091093,0.686337689,-0.038931845,1.530077358,-0.00045947
2019-07-22,-0.002173038,0.002889809,0.004226972,0.003191215,-0.004842367,-0.001212409,3,0.0038338,0.671720381,-0.043504605,1.473562721,0.001220902
2019-07-23,-0.000320618,2.00E-05,-0.001080077,0.002996281,-0.000255873,-0.004993144,4,0.000465037,0.6921291,-0.030574341,1.32825903,-0.004842367
2019-07-24,-0.007577963,-0.009866098,0.003782404,0.004807917,0.011563673,0.007226865,3,0.007965859,0.598341423,-0.098733575,1.651690497,-0.000255873
2019-07-25,0.000534954,-0.005870202,-0.004743082,0.000952575,-0.00679952,0.000886815,0,0.003592789,0.655134707,-0.037765644,1.708354556,0.011563673
2019-07-26,-0.005465983,-0.015002648,0.003704977,0.005891194,0.003797336,0.003463249,4,0.004358399,0.681979871,-0.004357819,1.56620087,-0.00679952
2019-07-29,0.002679667,-0.010149943,-0.002819653,-0.001155431,-0.004697683,0.003607933,1,0.00323257,0.68182206,0.010101679,1.502585164,0.003797336
2019-07-30,0.001724567,-0.008104758,0.000201372,0.000126019,0.013087242,0.016951048,1,0.006270079,0.651434926,-0.040694174,1.637611895,-0.004697683
2019-07-31,-0.001401819,-0.001928614,-0.000993685,-0.00465007,0.003989951,0.009377326,0,0.002465539,0.705877348,0.107535926,1.455459417,0.013087242
2019-08-01,-0.001469896,-0.003933464,0.00114342,0.001236432,-0.006222946,0.0099539,0,0.003238792,0.726674816,0.071540109,1.544568877,0.003989951
2019-08-02,0.003600582,0.005133102,-0.005976445,-0.008444991,-0.003778693,0.002377871,0,0.004222597,0.736314824,0.054334954,1.540953278,-0.006222946
2019-08-05,0.000832314,0.003285748,-0.005123512,-0.010748849,-0.0003905,0.006685053,0,0.002684277,0.861206803,0.179384743,1.245043466,-0.003778693
2019-08-06,-0.000882799,0.000678383,0.000850579,-0.010099643,-0.00311195,-0.009514139,4,0.001704465,0.874463403,0.223028477,1.195803453,-0.0003905
2019-08-07,-0.001629407,0.000450795,0.00299997,-0.006105988,-0.001699068,-0.015203158,2,0.002199594,0.873267463,0.167390115,1.205138832,-0.00311195
2019-08-08,-0.004419387,-0.002498697,0.003589555,-0.003659853,0.002145502,-0.00683471,4,0.003492197,0.908406327,0.181731511,1.188127649,-0.001699068
2019-08-09,0.003192319,-0.002906959,-0.003365055,-0.001048463,-0.005899436,-0.008955453,0,0.003962324,0.90598402,0.169669196,1.199513691,0.002145502
2019-08-12,-0.002591942,-0.006331215,0.000293213,0.004368261,0.00100096,-0.007563993,0,0.001568971,0.910906581,0.049699778,1.18444124,-0.005899436
2019-08-13,-0.000319058,-0.005767474,0.004245716,0.007763398,-0.005252741,-0.009704784,4,0.003884995,0.915457947,0.040994544,1.136535602,0.00100096
2019-08-14,-0.001203358,-0.005341426,-0.000976977,0.00378645,0.000810613,-0.007195103,0,0.000929267,0.93247697,0.059209507,1.095162185,-0.005252741
2019-08-15,0.001454672,0.000532634,-0.003403265,-0.003206369,-0.0064692,-0.015809804,2,0.003551245,0.928284425,0.019878098,1.092075424,0.000810613
2019-08-16,-0.002407372,-0.005067058,0.002196929,0.002355615,0.007327094,-0.002583274,4,0.004149159,0.934028992,0.028044972,1.129601015,-0.0064692
2019-08-19,-0.002430231,-0.004905347,0.001404496,0.003466899,-0.001901524,-0.005485758,4,0.001765618,0.938898854,0.027992273,1.120690062,0.007327094
2019-08-20,0.001291469,-0.00329482,0.001144266,0.000365448,0.000736027,0.000503011,0,0.00057849,0.938477404,0.023019456,1.120477723,-0.001901524
2019-08-21,0.000999785,-0.001091677,0.000760834,0.00210326,-0.000340255,-0.000647857,4,0.000629776,0.95223409,0.01975712,1.080584795,0.000736027
2019-08-22,0.002393909,-0.000152441,-0.003093669,0.002412856,-0.00204696,0.003774383,1,0.0024225,0.952529162,0.024244737,1.069345369,-0.000340255
2019-08-23,0.00225819,0.004513121,-0.004154641,-0.003938714,-0.005081195,-0.008633906,0,0.003464444,0.961528445,0.027499453,1.075957249,-0.00204696
2019-08-26,-0.000445952,0.006497401,0.002145562,-0.003197649,0.000325561,-0.006406822,4,0.001137683,0.965160377,0.026261523,1.075404279,-0.005081195
2019-08-27,-0.001471924,0.003734007,-0.000208628,-0.004550542,-0.010406956,-0.017549805,0,0.004966147,0.970482129,0.032004726,1.063970446,0.000325561
2019-08-28,0.003442319,0.006176541,-0.002707517,-0.008018893,0.004859614,-0.012349936,4,0.003414268,0.969938075,0.017703985,1.08942493,-0.010406956
2019-08-29,-0.000158441,0.003624191,0.002112716,-0.002812508,0.003564331,-0.006738646,4,0.001786932,0.97179894,0.019269778,1.094192022,0.004859614
2019-08-30,0.000912575,0.002278576,-0.001961617,-0.000619484,-0.001899454,-0.003556904,2,0.001427731,0.973527837,0.011999392,1.090583259,0.003564331
2019-09-03,-0.003939729,-0.001215201,-0.004281187,-0.007046233,-0.008283906,-0.01216637,0,0.003384811,0.967564125,0.002403748,1.141094699,-0.001899454
2019-09-04,-0.001733335,-0.001476611,0.002177085,-0.004660519,-0.002342815,-0.00410223,4,0.002027422,0.967276586,-0.003205544,1.145585567,-0.008283906
2019-09-05,0.001115549,-0.003803382,0.004466438,0.002513435,0.004427154,-0.00453469,4,0.002291105,0.96931273,-0.000625346,1.16152842,-0.002342815
2019-09-06,0.001679619,-0.001965321,-0.002606904,-0.002206184,-0.004610529,-0.01270955,2,0.002781319,0.9671358,-0.00466314,1.158987979,0.004427154
2019-09-09,0.001512875,-0.001365021,-0.001836732,-0.0020813,0.012677489,0.001867392,2,0.006537789,0.957341376,-0.016186461,1.171277018,-0.004610529
2019-09-10,0.002428517,0.005003225,-0.000727875,0.001472012,0.011015711,0.021167009,3,0.005395893,0.95032833,-0.017235795,1.202287841,0.012677489
2019-09-11,0.001219106,0.007955666,0.003319479,0.002614405,0.014674952,0.038184776,4,0.006722335,0.948129008,-0.019147578,1.283977014,0.011015711
2019-09-12,-0.00120305,0.005637067,0.000154725,-0.001697307,-0.003281274,0.030476348,3,0.001586576,0.935352769,-0.033959961,1.42631828,0.014674952
2019-09-13,0.002087507,0.006044954,-0.001444962,-0.000535366,0.002671943,0.03775882,2,0.001900739,0.9385279,-0.0286079,1.409907854,-0.003281274
2019-09-16,-0.00211581,0.00241627,0.000302842,0.001604209,0.007225559,0.032306891,1,0.004060092,0.927397203,-0.029944173,1.387171924,0.002671943
2019-09-17,-0.001324247,-0.001336494,0.001397205,0.003729289,-0.006568412,0.014722768,3,0.003478607,0.922728843,-0.027599487,1.432224139,0.007225559
2019-09-18,0.000994658,-0.001560942,-0.001397411,-0.000987602,-0.006666927,-0.006619111,2,0.003410519,0.918134123,-0.029994885,1.472373399,-0.006568412
2019-09-19,-0.001948043,-0.002305935,0.000651133,-0.000491194,-0.004410021,-0.007747859,2,0.002274853,0.91588335,-0.019469418,1.495497129,-0.006666927
2019-09-20,-0.001004658,-0.0053981,-0.003093396,-0.002139628,0.003811902,-0.006607899,0,0.00289186,0.914826392,-0.023701508,1.47457654,-0.004410021
2019-09-23,0.000650709,-0.002631581,-0.00054507,-0.00298754,-0.000871632,-0.014705091,1,0.000666728,0.857691906,-0.069705297,1.751742164,0.003811902
2019-09-24,0.003160807,0.001853473,-0.006304198,-0.010688943,-0.007500038,-0.015636717,0,0.00508801,0.865964952,-0.056763892,1.826168874,-0.000871632
2019-09-25,-7.99E-05,0.000778873,0.004282903,-0.005008629,0.004923159,-0.004046631,4,0.002693549,0.867813751,-0.050320373,1.75469363,-0.007500038
2019-09-26,-0.000523537,0.002203379,-0.003368941,-0.009028702,-0.00880053,-0.00843714,0,0.004032992,0.874290047,-0.041593303,1.809655481,0.004923159
2019-09-27,0.002691645,0.005899683,-0.006069541,-0.012004848,-0.003085216,-0.015334258,0,0.003792971,0.85994132,-0.054885071,1.894399562,-0.00880053
2019-09-30,-0.001440365,0.003808609,0.002457449,-0.009002329,-0.003135989,-0.017598615,4,0.002368241,0.856558377,-0.001133529,1.862918116,-0.003085216
2019-10-01,-0.000520485,0.000127316,0.000936021,-0.00176211,-0.007515332,-0.017613909,0,0.00387408,0.863139683,-0.002825269,1.777318528,-0.003135989
2019-10-02,-0.00071594,-0.000508682,0.002335409,-0.003709604,0.00878194,-0.013755127,0,0.004322108,0.84477147,-0.023042281,1.57434548,-0.007515332
2019-10-03,-0.003257025,-0.003242169,0.003173935,0.002833273,-0.003408931,-0.008363528,4,0.00312273,0.808920213,-0.065369834,1.569889605,0.00878194
2019-10-04,6.93E-06,-0.005926884,-0.000214029,0.008688785,-0.004508586,-0.009786897,4,0.002222145,0.825908896,-0.034032424,1.421003405,-0.003408931
2019-10-07,0.000880505,-0.003606014,0.001203254,0.00743459,0.002547433,-0.004103475,0,0.00105681,0.840466558,-0.01609182,1.35035308,-0.004508586
2019-10-08,0.003754135,0.000668606,-0.00111187,0.0053867,-0.001278026,0.002133832,0,0.002345055,0.869013267,0.005873584,1.251851172,0.002547433
2019-10-09,-0.002132378,-0.000747832,0.001105012,0.004156302,-0.004415696,-0.011063805,4,0.002439927,0.876699513,0.031928043,1.04371447,-0.001278026
2019-10-10,-0.000692972,0.001816221,-0.000461287,0.00052108,-0.002415175,-0.010070049,4,0.001055281,0.880536044,0.071615831,1.042590057,-0.004415696
2019-10-11,0.001122079,0.002931369,0.002396659,0.003131767,0.006830417,0.001268954,4,0.002993403,0.895905675,0.069996779,1.118775524,-0.002415175
2019-10-14,0.000297473,0.002348337,0.000346197,0.00227471,-0.002900465,-0.004178944,0,0.001565009,0.909229282,0.068762724,1.109357656,0.006830417
2019-10-15,-0.001081565,-0.002487364,0.002448819,0.005835399,0.001894013,-0.001006905,4,0.001642642,0.919015452,0.050002185,1.130476144,-0.002900465
2019-10-16,0.001156767,0.000801781,-0.001013261,0.003717126,0.00315627,0.006565061,1,0.001789294,0.920094044,0.043394532,1.125147147,0.001894013
2019-10-17,-0.001874279,-0.000379525,0.001254233,0.005432646,0.008183672,0.017163908,4,0.004387725,0.913617942,0.033081898,1.159123445,0.00315627
2019-10-18,-0.005578612,-0.007080216,-0.004359157,-0.00132317,-0.000206418,0.010127073,0,0.002854216,0.913407076,0.0175014,1.165502328,0.008183672
2019-10-21,-0.004704691,-0.01208238,0.002190564,0.000521198,0.004117447,0.017144986,4,0.003796639,0.910985651,0.001756369,1.183878244,-0.000206418
2019-10-22,0.002100071,-0.008900744,-0.003640742,-0.005568363,0.002582526,0.017833498,0,0.002832159,0.910023536,-0.008991916,1.135395715,0.004117447
2019-10-23,-0.001133,-0.011190511,-0.000933568,-0.00548867,-0.001560781,0.013116446,4,0.000658752,0.908023466,-0.012070578,1.111708217,0.002582526
2019-10-24,-0.002978269,-0.012294501,0.006178021,-0.000564882,-0.004736731,0.000196043,2,0.004791801,0.903104662,-0.01051328,1.076391058,-0.001560781
2019-10-25,0.001609732,-0.005106156,0.002913576,0.006707851,0.002513845,0.002916306,4,0.001293471,0.908830892,-0.004576183,1.069162088,-0.004736731
2019-10-28,-0.000656905,-0.001058371,0.004437229,0.008954516,0.002879847,0.001678706,4,0.002403093,0.911801559,0.000815908,1.083087805,0.002513845
2019-10-29,0.000121563,-0.003036879,-0.00508681,0.007508448,0.004097215,0.003193395,1,0.003763386,0.897265722,-0.012757814,0.982143894,0.002879847
2019-10-30,0.000999335,-0.000904544,2.45E-05,0.008466486,-0.005927506,-0.001173329,3,0.003168755,0.876183939,-0.031839527,1.130018736,0.004097215
2019-10-31,-0.002152415,-7.87E-05,0.001627116,0.003915581,-0.003606735,-4.33E-05,0,0.002310881,0.880972847,-0.022131815,1.172751996,-0.005927506
2019-11-01,0.001456403,-0.00023202,0.001660811,0.002662816,0.007441515,0.004884336,4,0.003285517,0.888529783,-0.020301109,1.314873975,-0.003606735
2019-11-04,0.000489993,0.000914879,0.001867681,9.33E-05,0.001367561,0.00337205,4,0.000842458,0.887012589,-0.02478897,1.340032077,0.007441515
2019-11-05,0.002297189,0.003090505,0.001361824,0.006541903,0.00256892,0.001843755,3,0.001159627,0.837691628,-0.059574094,1.470721,0.001367561
2019-11-06,-0.000704808,0.001386362,-0.003557624,0.002959808,-0.0070174,0.00075386,1,0.003193154,0.842428753,-0.033755186,1.615624456,0.00256892
2019-11-07,0.003880462,0.007419239,0.00011001,0.001442702,6.92E-05,0.00442983,4,0.001910897,0.837299825,-0.043673022,1.647181003,-0.0070174
2019-11-08,-0.002324747,0.003638089,0.002267024,0.002048915,0.000493162,-0.002518522,4,0.001892058,0.799230999,-0.089298785,1.638155977,6.92E-05
2019-11-11,0.002334614,0.00548271,0.000662204,0.000843437,-0.000596933,-0.004483016,1,0.001265623,0.795509391,-0.091503198,1.605358578,0.000493162
2019-11-12,-0.001563423,0.001622097,0.001009923,0.000491536,-0.001343995,-0.008395932,3,0.001206985,0.765095135,-0.072596493,1.71673437,-0.000596933
2019-11-13,0.002609117,0.004936023,-0.001181601,0.002867559,-0.004442053,-0.005820585,2,0.002924816,0.754529158,-0.087899595,1.803014026,-0.001343995
2019-11-14,-0.000895323,0.000160238,-0.001199885,0.001557664,-0.001082142,-0.006971961,1,0.000544203,0.771871877,-0.065427948,1.706877554,-0.004442053
2019-11-15,0.000326208,0.002811193,-0.000402649,-0.001112009,-0.00285639,-0.010321513,4,0.001446505,0.754681461,-0.044549537,1.67860785,-0.001082142
2019-11-18,0.000615084,0.001091664,0.000563087,-0.001211125,-0.003080799,-0.012805379,3,0.00175895,0.764947073,-0.030562318,1.662143901,-0.00285639
2019-11-19,-0.003059217,-0.000404129,0.003013215,0.000792168,0.004322491,-0.007138892,2,0.003293939,0.739418265,-0.02567687,1.766217132,-0.003080799
2019-11-20,-0.000287667,-0.003300914,-0.001375514,0.000598254,-0.000425002,-0.003121842,0,0.0005959,0.76342299,0.008893831,1.679225949,0.004322491
2019-11-21,-0.000387693,-0.002793284,-0.000825504,0.000972636,-0.003234051,-0.005273751,0,0.001454458,0.810317433,0.038445555,1.667964094,-0.000425002
2019-11-22,0.001757206,-0.001362287,-0.000566812,0.000808473,0.000966501,-0.001450861,4,0.001029583,0.800051769,0.045370308,1.655759472,-0.003234051
2019-11-25,-0.000656042,-0.002633413,0.005651525,0.00589691,0.013051974,0.014681912,4,0.006358629,0.812347058,0.047399985,1.962885382,0.000966501
2019-11-26,-0.000228016,0.000197787,-0.000406233,0.002477462,-0.000757635,0.009601786,4,0.000319735,0.837118545,0.09770028,1.982835695,0.013051974
2019-11-27,-0.002661967,-0.002176513,0.002432529,0.006285506,0.001892598,0.011919387,4,0.002301715,0.843379784,0.079956794,1.967404737,-0.000757635
2019-11-29,1.36E-05,-0.001775196,-0.000552797,0.006558212,-0.001872817,0.013280621,0,0.000886715,0.84957303,0.039255598,1.913215659,0.001892598
2019-12-02,-0.000944691,-0.004477093,-0.002644454,0.00448057,-0.001801677,0.010512444,0,0.00113525,0.846961813,0.046910044,1.700940152,-0.001872817
2019-12-03,-0.003477302,-0.007298353,0.001118446,-5.25E-05,0.003576343,0.001036812,0,0.002930427,0.832550977,0.02020392,1.576713966,-0.001801677
2019-12-04,-0.000974113,-0.00804445,-0.000915989,-0.000562265,0.000703935,0.002498382,4,0.000802435,0.843592635,0.00647409,1.54405906,0.003576343
2019-12-05,-0.00048662,-0.005869103,-0.001028778,-0.004023572,-0.000923091,-0.000317308,4,0.000469298,0.853299853,0.00992007,1.497173784,0.000703935
2019-12-06,0.003017744,-0.002864983,0.000870303,-0.002600472,0.002609145,0.004164654,4,0.001428107,0.879259256,0.029686226,1.469245914,-0.000923091
2019-12-09,-0.000603707,-0.002523999,-0.000848779,-0.000804797,0.000581638,0.006547969,0,0.000641248,0.885003825,0.038042011,1.454528868,0.002609145
2019-12-10,9.81E-05,0.00105144,0.000441963,-0.00148128,0.002379201,0.005350827,1,0.001115793,0.886135362,0.053584385,1.450659565,0.000581638
2019-12-11,-0.001843587,0.000181966,0.001481665,0.000916373,-0.002769062,0.001877831,4,0.00189834,0.882806079,0.039213444,1.444094105,0.002379201
2019-12-12,-0.000660797,7.79E-06,-0.001254177,0.000690974,-0.000677152,0.00212377,4,0.00051263,0.899596861,0.046297008,1.367847201,-0.002769062
2019-12-13,4.58E-05,-0.002964167,0.001939726,0.001760397,-0.004233727,-0.004719102,3,0.002609308,0.892901676,0.013642419,1.388714093,-0.000677152
2019-12-16,-0.003556365,-0.005916825,0.001920961,0.004530137,0.000152764,-0.005147977,4,0.002295764,0.89458874,0.009584915,1.41487463,-0.004233727
2019-12-17,0.00077159,-0.005243371,0.00070004,0.004788214,0.004272553,-0.003254625,4,0.001922776,0.896256613,0.010121251,1.405878579,0.000152764
2019-12-18,-0.000554427,-0.003954211,0.000928667,0.004235216,0.002944933,0.00245937,2,0.00153712,0.905182778,0.022376699,1.404575782,0.004272553
2019-12-19,0.000414311,-0.002879104,0.002265817,0.007755211,-0.001229024,0.001907498,4,0.001447948,0.898185419,-0.001411442,1.399339897,0.002944933
2019-12-20,-0.002183128,-0.005108018,-0.000695013,0.005120471,-0.002051448,0.004089777,4,0.001061809,0.894426713,0.001525037,1.357741955,-0.001229024
2019-12-23,0.002517682,0.000966029,0.001449814,0.004649324,0.000473122,0.004410136,4,0.001115759,0.894022004,-0.000566736,1.357753831,-0.002051448
2019-12-24,-0.001069015,-0.000874576,0.001003298,0.004952583,0.002504431,0.002642014,2,0.001520388,0.912593927,0.016337313,1.092808908,0.000473122
2019-12-26,-0.001406718,-0.001726868,0.002618909,0.006642826,-0.005317684,-0.005620603,3,0.003311673,0.895990005,-0.009192773,1.080658273,0.002504431
2019-12-27,0.00079963,-0.001341549,-0.001783335,0.002593673,-0.005197299,-0.009588878,2,0.002663357,0.888846383,-0.009339036,1.107971694,-0.005317684
2019-12-30,-0.000615575,0.000226004,-0.000956866,0.00233182,0.002869456,-0.004667974,0,0.001742388,0.885382551,-0.009044161,1.047554658,-0.005197299
2019-12-31,-0.000264564,-0.002556243,2.83E-05,0.000910348,-0.000349167,-0.005490262,4,0.000188896,0.849044986,-0.044977018,1.006205468,0.002869456
2020-01-02,0.003165628,0.0016784,0.00489651,0.004803559,-0.009363283,-0.017357976,3,0.006357275,0.766217243,-0.146376684,1.045364197,-0.000349167
2020-01-03,-0.00105096,0.002034158,-0.000801297,0.001383353,0.003538834,-0.008501458,0,0.002125935,0.787961332,-0.108028673,0.943978303,-0.009363283
2020-01-06,-0.001137815,9.67E-05,0.002077504,0.005244192,-0.002089166,-0.005393325,4,0.001793036,0.786174817,-0.102671566,0.940274262,0.003538834
2020-01-07,-0.001371826,-0.000659537,0.002488582,0.00868964,-0.000173316,-0.008436097,0,0.001620953,0.75134592,-0.134036631,0.836501779,-0.002089166
2020-01-08,0.000740576,0.000345604,0.001776301,0.0104376,-0.001711623,-0.009798554,4,0.0014687,0.743402513,-0.105642473,0.839745636,-0.000173316
2020-01-09,0.000708352,-0.002111672,0.001460518,0.007001608,-0.005792,-0.00622727,4,0.003311614,0.739108111,-0.027109133,0.826019744,-0.001711623
2020-01-10,-0.001748891,-0.002809603,0.000186108,0.007989013,-0.001564936,-0.011331041,0,0.001015976,0.76248748,-0.025473852,0.844308147,-0.005792
2020-01-13,-0.004066835,-0.005738623,0.003352158,0.009263667,0.00024315,-0.008998724,4,0.003043005,0.746869857,-0.039304959,0.851228338,-0.001564936
2020-01-14,0.002643459,-0.001723337,-0.00092419,0.005850895,0.005180476,-0.003644932,2,0.002755462,0.726436969,-0.024908951,0.811240531,0.00024315
2020-01-15,0.001255615,-0.001208299,-0.001072113,0.003002481,0.002098057,0.000164748,4,0.001393611,0.705267702,-0.038134811,0.791954841,0.005180476
2020-01-16,0.00083786,-0.001078791,0.002243188,0.003785152,0.00514101,0.011097758,4,0.00225561,0.75939306,0.02028495,0.961071365,0.002098057
2020-01-17,-0.002133916,-0.001463817,-0.000460884,0.00313816,-0.007132368,0.005530326,3,0.00326508,0.751433789,-0.011053691,0.990357845,0.00514101
2020-01-21,-0.002539243,6.38E-05,0.000722547,0.000508549,-0.005461412,-0.000174237,0,0.002802031,0.764493343,0.017623486,1.064754653,-0.007132368
2020-01-22,-0.000623709,-0.003203393,0.001093024,0.002525763,-0.00114358,-0.006498293,2,0.00096226,0.764861001,0.038424032,1.072084993,-0.005461412
2020-01-23,-0.002037715,-0.006496723,0.000851657,0.004449532,-0.000813836,-0.009410186,3,0.001230181,0.766479577,0.061211875,1.071308131,-0.00114358
2020-01-24,0.003223947,-0.004110636,-0.000273886,0.001932458,-0.004528152,-0.019079349,0,0.003180693,0.810035641,0.050642581,1.123272835,-0.000813836
2020-01-27,7.36E-05,-0.001903147,-0.003175763,-0.000782422,0.00491315,-0.007033831,0,0.003337166,0.84955324,0.098119451,0.987941135,-0.004528152
2020-01-28,-0.003469891,-0.002833794,0.004160599,0.00265563,-0.001421797,-0.002994216,4,0.003226898,0.865930389,0.101437046,0.971762674,0.00491315
2020-01-29,0.001271015,-0.000939071,0.001458301,0.003020907,-0.004629366,-0.006480001,2,0.002844328,0.861751007,0.096890005,1.008047678,-0.001421797
2020-01-30,0.001210949,0.002309593,-0.000570027,0.001599224,-0.003735988,-0.009402153,3,0.002109824,0.858572911,0.092093334,1.001408414,-0.004629366
2020-01-31,-0.003265825,-0.004180179,0.001821791,0.0036949,-0.003078676,-0.007952677,0,0.002473126,0.913899222,0.103863581,1.063523011,-0.003735988
2020-02-03,-0.002152813,-0.006406565,0.00606505,0.012935713,0.003953695,-0.008912132,4,0.003723033,0.917730808,0.068177568,1.12486908,-0.003078676
2020-02-04,-0.000611478,-0.003548152,0.005895049,0.014670164,6.57E-05,-0.007424616,4,0.003053747,0.930679654,0.064749265,1.119802695,0.003953695
2020-02-05,0.005447076,0.000627909,-0.00689724,0.006314623,0.00387831,0.001083059,4,0.005501814,0.911503843,0.049752837,1.153135708,6.57E-05
2020-02-06,-0.000288996,-0.000872036,0.003332694,0.010217343,-0.005975458,-0.00115641,3,0.003862109,0.906030847,0.047457935,1.157877101,0.00387831
2020-02-07,-0.004066419,-0.001672629,6.00E-06,0.008401557,-0.006989253,-0.005066987,0,0.003408893,0.911103612,-0.00279561,1.201809617,-0.005975458
2020-02-10,-0.00132802,-0.000847836,0.003967905,0.006304412,-0.000748198,-0.009768881,4,0.002392564,0.911625389,-0.006105419,1.19834177,-0.006989253
2020-02-11,-0.00170346,-0.001939818,-0.000591849,-0.000182487,0.004196039,-0.00563856,3,0.002579122,0.908467933,-0.02221172,1.207999784,-0.000748198
2020-02-12,0.002910265,-0.004476629,0.002545554,0.009260307,0.000609191,-0.008907679,4,0.001428812,0.916286746,0.004782903,1.209789484,0.004196039
2020-02-13,-0.002712782,-0.006900415,0.000192298,0.006119911,0.004209272,0.00127705,1,0.002851966,0.91340703,0.007376183,1.203478859,0.000609191
2020-02-14,-0.002699703,-0.0055337,0.000134178,0.006248085,-0.005485408,0.002780895,2,0.002657801,0.909449534,-0.001654078,1.172482544,0.004209272
2020-02-18,-0.002734674,-0.006940354,0.003084567,0.005364747,0.000515541,0.004044635,1,0.002385479,0.911567529,-5.79E-05,1.169277293,-0.005485408
2020-02-19,-0.00073983,-0.005976724,0.003943648,0.009900244,0.000666453,0.000515048,4,0.00206552,0.912663091,0.004195158,1.156900622,0.000515541
2020-02-20,-0.000549844,-0.009436833,-0.002944324,0.004410367,0.005888544,0.005794401,1,0.003751136,0.903450844,-0.012835902,1.148137424,0.000666453
2020-02-21,0.002755148,-0.003968903,-0.007471368,-0.003253299,0.000226092,0.001811222,0,0.004412973,0.902551751,-0.010855279,1.132617546,0.005888544
2020-02-24,-0.00214244,-0.00341164,-0.003719597,-0.007107073,0.003535694,0.010832324,0,0.003139725,0.939708661,0.030259127,1.016458114,0.000226092
2020-02-25,-0.001210008,-0.001886973,0.002630204,-0.007561435,-0.004380677,0.005936105,0,0.002908683,0.950568191,0.039000662,1.071152901,0.003535694
2020-02-26,-0.000795063,-0.001942207,0.00547628,-0.006028804,-0.008465398,-0.003195745,1,0.005735989,0.94294196,0.030278868,1.090680836,-0.004380677
2020-02-27,-1.61E-05,-0.001408455,-0.002061664,-0.005146145,0.009178233,9.39E-05,0,0.005029463,0.956661531,0.053210686,0.986422816,-0.008465398
2020-02-28,-0.005690608,-0.009854211,0.00837631,0.010701533,-0.006144585,-0.006276733,1,0.006765366,0.950537233,0.047985482,0.999192238,0.009178233
2020-03-02,0.00465946,-0.003052311,-0.001075731,0.013345398,-0.016921503,-0.02673393,4,0.00939381,0.954916648,0.015207987,0.891262591,-0.006144585
2020-03-03,-0.001362479,-0.003204783,-0.001892869,0.008822324,0.006935822,-0.01541743,0,0.004088947,0.958361987,0.007793795,0.864742967,-0.016921503
2020-03-04,0.00294508,0.00053536,-0.003596405,-0.00025036,-0.011426391,-0.018378423,4,0.006210266,0.964414736,0.021472776,0.836154797,0.006935822
2020-03-05,-0.001935315,-0.001383863,0.003027071,0.004838376,-0.000296491,-0.027853147,0,0.002068687,0.97101717,0.014355639,0.833797276,-0.011426391
2020-03-06,0.007332833,0.011639578,-0.001624581,-0.005162515,-0.003018032,-0.024726595,0,0.004608286,0.969054873,0.01851764,0.840854427,-0.000296491
2020-03-09,-0.002044794,0.004935325,0.003344587,-0.000742196,-0.019365442,-0.027170534,0,0.010145539,0.97122913,0.016312481,0.997934309,-0.003018032
2020-03-10,-0.000440049,0.005857755,0.000100145,0.001250818,-0.020093602,-0.054199959,4,0.009992905,0.971590135,0.013228149,0.948119026,-0.019365442
2020-03-11,-0.010236503,-0.007323828,0.001959946,0.006807169,-0.016149514,-0.058923082,0,0.008568858,0.973094479,0.008679743,0.978599738,-0.020093602
2020-03-12,-0.005287333,-0.010675846,0.000846088,0.004626185,-0.018632407,-0.077258998,0,0.008995184,0.979634726,0.008617555,1.029871756,-0.016149514
2020-03-13,0.000693429,-0.01731525,0.000538557,0.006789323,-0.014022,-0.088262966,4,0.007222448,0.984945379,0.015890506,0.994890167,-0.018632407
2020-03-16,-0.010765922,-0.026036378,-0.003839349,-0.000394613,-0.026338694,-0.095236218,0,0.011622828,0.988254273,0.017025143,1.044539909,-0.014022
2020-03-17,-0.007577538,-0.033173867,0.002214691,0.001719933,0.00624771,-0.068894905,4,0.005806952,0.988682909,0.017092773,1.056432156,-0.026338694
2020-03-18,-0.01187515,-0.034812514,0.005052527,0.004812514,-0.056867986,-0.109613377,0,0.028203969,0.981397704,0.008303224,1.101890785,0.00624771
2020-03-19,0.004720055,-0.024805126,0.018039078,0.022005505,0.061271538,-0.029709432,4,0.027908184,0.970724424,-0.008910301,1.158569503,-0.056867986
2020-03-20,-0.002200471,-0.027699026,0.005683026,0.027149974,0.00103309,-0.014654343,0,0.003322066,0.971275645,-0.013669734,1.15304795,0.061271538
2020-03-23,-0.001095076,-0.01802818,0.026987709,0.057977032,0.018334217,0.030018569,0,0.01386453,0.969059577,-0.019194695,1.155340317,0.00103309
2020-03-24,0.017960046,0.007509405,-0.011597738,0.044164603,7.94E-05,0.023850281,4,0.012202502,0.971743847,-0.016939061,1.140589495,0.018334217
2020-03-25,0.012187293,0.031571848,-0.01600348,0.023108596,0.001064495,0.081782762,3,0.011602897,0.969930072,-0.011467631,1.142163494,7.94E-05
2020-03-26,0.001260296,0.028112088,-0.006091625,-0.001022108,0.000548423,0.021059647,4,0.003386797,0.972526464,0.001802039,1.146166981,0.001064495
2020-03-27,-0.007168831,0.023143728,-0.004320171,-0.011025304,-0.00754056,0.012485997,0,0.003482576,0.972984872,0.001709227,1.145362211,0.000548423
2020-03-30,-0.001542975,0.02269583,0.002617236,-0.035395777,-0.009973095,-0.015821315,4,0.005443528,0.973314309,0.004254732,1.151985825,-0.00754056
2020-03-31,-0.002406018,0.002329765,0.006571524,-0.017226515,0.011625624,-0.004275113,0,0.006371526,0.97316979,0.001425943,1.154916654,-0.009973095
2020-04-01,-0.000294734,-0.010152262,5.18E-05,-0.001171256,-0.027790859,-0.033130466,0,0.013855777,0.972705733,0.002775661,1.173957771,0.011625624
2020-04-02,-0.000382722,-0.01179528,-0.005501806,-0.000581438,-0.009763076,-0.043441965,4,0.004637604,0.972883642,0.000357178,1.172975935,-0.027790859
2020-04-03,-0.001745166,-0.006371616,-0.000121195,0.003617539,-0.016332757,-0.052234162,0,0.007895511,0.973112821,0.000127949,1.174623359,-0.009763076
2020-04-06,0.006494095,0.001665454,0.002733552,0.003733854,0.011248607,-0.03101246,4,0.004877072,0.973306539,-7.77E-06,1.179710485,-0.016332757
2020-04-07,0.00045152,0.004522992,-0.001684227,-0.004521897,0.001946765,-0.04069132,1,0.001494759,0.973827886,0.000658096,1.194693266,0.011248607
2020-04-08,0.000350023,0.005167749,-0.00799818,-0.012571856,0.011557985,-0.001342476,4,0.00803863,0.972844057,0.000138324,1.197465648,0.001946765
2020-04-09,-0.002261116,0.003289355,-0.006666327,-0.013736377,0.030793316,0.039213916,4,0.017109956,0.964536083,-0.008347559,1.2169832,0.011557985
2020-04-13,-0.003794438,0.001240083,0.014908282,0.0012931,-0.018063126,0.037483547,1,0.013550621,0.962164083,-0.010948739,1.269011473,0.030793316
2020-04-14,-0.006497746,-0.011751758,0.008592357,0.007151905,-0.009463685,0.016771255,4,0.008000726,0.941674887,-0.031631653,1.298743704,-0.018063126
2020-04-15,0.003503933,-0.008699344,0.007779923,0.016616055,-0.021797436,-0.006972947,0,0.013169398,0.939308155,-0.034519731,1.326112154,-0.009463685
2020-04-16,-0.004382804,-0.013432171,0.010646763,0.035260998,-0.010787012,-0.029317943,3,0.009014944,0.932548459,-0.040295598,1.219548576,-0.021797436
2020-04-17,0.003063428,-0.008107627,-0.012731502,0.029195824,0.015946788,-0.044164471,4,0.011774552,0.948732984,-0.015803099,1.178083856,-0.010787012
2020-04-20,-0.006682346,-0.010995535,0.007652902,0.021940444,0.00514578,-0.020955565,0,0.006333702,0.944278973,-0.01788511,1.191174611,0.015946788
2020-04-21,0.004088205,-0.000409583,-0.004214797,0.009133289,0.007588698,-0.003903181,0,0.005103774,0.949807673,0.008132787,1.199214984,0.00514578
2020-04-22,-0.003015118,-0.006928635,0.005035563,0.006388929,-0.008902555,0.008991701,4,0.005827019,0.938399327,-0.000908828,1.25136913,0.007588698
2020-04-23,0.002218161,-0.00032767,0.000465421,-0.003792413,0.010922293,0.030701005,2,0.00510403,0.944239871,0.011691412,1.249926828,-0.008902555
2020-04-24,-0.002825708,-0.006216806,0.002497652,0.01143674,0.001698561,0.016452777,4,0.002355025,0.937062675,-0.011670309,1.289219903,0.010922293
2020-04-27,0.000359676,0.000825217,-0.003591221,0.000192617,0.024230072,0.035537069,4,0.012778733,0.926136299,-0.018142674,1.330640613,0.001698561
2020-04-28,0.003919867,0.000656879,-0.008866854,-0.004459439,0.017814632,0.045763002,1,0.011104856,0.919841169,-0.029966505,1.356639993,0.024230072
2020-04-29,-0.004390996,-0.000719,0.008805322,-0.000689681,0.020920455,0.075586011,4,0.011165679,0.922845673,-0.015553654,1.399171269,0.017814632
2020-04-30,-0.002510658,-0.005447818,0.006428834,0.005273733,-0.028257378,0.036406341,0,0.015253563,0.897543846,-0.046696025,1.408941583,0.020920455
2020-05-01,0.002578222,-4.39E-05,-0.004078555,-0.001302474,-0.010578057,0.024129723,0,0.005736005,0.909948945,-0.02711373,1.41694916,-0.028257378
2020-05-04,-0.003142511,-0.003546077,0.007974834,0.010263581,-0.00147587,-0.001576218,4,0.004927308,0.904542423,-0.021593876,1.396292872,-0.010578057
2020-05-05,-0.00340168,-0.010867623,0.002234328,0.021364763,-0.001480598,-0.020871448,4,0.00238068,0.868635525,-0.051205644,1.515124355,-0.00147587
2020-05-06,-0.002184813,-0.00866144,0.01212966,0.024689102,-0.001275226,-0.043067129,1,0.006701683,0.866312247,-0.056533427,1.513586197,-0.001480598
2020-05-07,-0.002551744,-0.008702526,0.00260974,0.020870007,0.004209842,-0.010599909,4,0.002971604,0.859318889,-0.038224957,1.536700977,-0.001275226
2020-05-08,0.002164438,-0.00911631,-0.001078267,0.023870295,0.019030878,0.019009026,4,0.009431293,0.871598187,-0.038350758,1.493938204,0.004209842
2020-05-11,-0.004636584,-0.010610382,0.007622877,0.023518338,-0.006470627,0.014014269,2,0.006283312,0.876978717,-0.027563706,1.463750852,0.019030878
2020-05-12,0.001657081,-0.005551621,-0.000149297,0.021134713,-0.014487667,0.0010072,0,0.007539703,0.888184657,0.019549133,1.561912707,-0.006470627
2020-05-13,-0.00436978,-0.007736588,0.002013627,0.01101868,-0.016099691,-0.013817265,0,0.008107511,0.890463321,0.024151074,1.541148554,-0.014487667
2020-05-14,0.004643094,-0.000541751,-0.002411818,0.005997123,-0.007978221,-0.026005328,4,0.005252629,0.892445564,0.033126675,1.526795347,-0.016099691
2020-05-15,-0.001378868,-0.004085056,0.003970746,0.011046136,0.011667633,-0.033368574,4,0.005858565,0.894894993,0.023296806,1.532807182,-0.007978221
2020-05-18,0.006764617,0.007316144,-0.006873995,-0.003450737,0.028214318,0.001316371,4,0.015183189,0.90435923,0.027380513,1.623602744,0.011667633
2020-05-19,-0.005463706,0.000195358,0.005140097,0.001838657,-0.009124605,0.006679434,0,0.006250704,0.904821367,0.01663671,1.767739154,0.028214318
2020-05-20,-0.001383725,0.003181413,0.004033244,0.003858273,0.013028838,0.035807963,4,0.006493064,0.914870146,0.024406825,1.836585092,-0.009124605
2020-05-21,0.003653862,0.002192181,-0.001938571,0.00433152,0.008271593,0.052057776,1,0.004494202,0.913524978,0.021079414,1.816844367,0.013028838
2020-05-22,-0.002717072,0.000853976,0.001916776,0.002277551,0.003546004,0.043936148,3,0.002692331,0.913158048,0.018263054,1.836199374,0.008271593
2020-05-26,0.009215825,0.003305184,-0.010539488,-0.001387942,0.015103078,0.030824908,4,0.011204867,0.901404613,-0.002954617,1.807485077,0.003546004
2020-05-27,0.007170957,0.015939847,-0.007024468,-0.013552507,0.015883772,0.055833284,4,0.009811858,0.911992583,0.007171216,1.826010584,0.015103078
2020-05-28,-0.003685051,0.013638521,-0.002508293,-0.020094043,-0.023051261,0.019753186,0,0.010605345,0.902724382,-0.012145764,1.875083756,0.015883772
2020-05-29,-0.005491221,0.004493438,0.008018808,-0.010136664,-0.009545484,0.001936109,2,0.007599525,0.900378679,-0.013146299,1.797511722,-0.023051261
2020-06-01,-0.000129838,0.007080672,0.002786628,-0.009266813,0.004350359,0.002740463,4,0.00219338,0.883848701,-0.029309346,1.918833934,-0.009545484
2020-06-02,0.002273512,0.000138358,-0.002297456,-0.001024781,0.000917568,-0.011445046,4,0.001922624,0.888887796,-0.012516817,1.913416255,0.004350359
2020-06-03,0.006717605,-0.000314994,-0.005829801,0.000169887,0.010051718,-0.0172771,4,0.007076523,0.888629939,-0.023362645,1.918907888,0.000917568
2020-06-04,0.003828406,0.007198463,-0.003579529,-0.00090135,0.003353793,0.009127954,1,0.003438645,0.894049377,-0.008675005,1.925387658,0.010051718
2020-06-05,0.005187359,0.017877043,-0.00546449,-0.014384647,0.011363175,0.030036614,4,0.007191801,0.904979111,0.004600432,1.87356673,0.003353793
2020-06-08,0.004908218,0.022915099,-0.000756116,-0.017927392,0.007570781,0.033257035,4,0.003984242,0.902969906,0.019121204,1.846047201,0.011363175
2020-06-09,-0.003115396,0.017526192,0.010747471,-0.004882465,-0.01177703,0.020562437,1,0.009302636,0.903617558,0.014729762,1.851001452,0.007570781
2020-06-10,-0.005078243,0.005730344,0.011995877,0.012943213,-0.021341552,-0.010830833,1,0.013821952,0.867679113,-0.020950826,1.964279195,-0.01177703
2020-06-11,-0.010723848,-0.00882191,0.006660999,0.023183741,-0.018031233,-0.032215859,0,0.010991786,0.924552996,0.030503619,1.588591196,-0.021341552
2020-06-12,0.005842887,-0.008166382,-0.00290583,0.025742401,0.009955643,-0.033623391,4,0.005777617,0.928164472,0.023185362,1.599934832,-0.018031233
2020-06-15,-0.002140988,-0.015215588,0.005930111,0.032428628,0.014470988,-0.026723183,4,0.007434192,0.927199046,0.024229141,1.605907435,0.009955643
2020-06-16,0.001457472,-0.010642719,-0.001472063,0.020209094,0.003953942,-0.010992211,4,0.002312663,0.922653707,0.019036149,1.541819674,0.014470988
2020-06-17,-0.00289475,-0.008459227,0.005087142,0.013300359,-0.014269232,-0.003919891,1,0.008193637,0.918481797,0.050802684,1.555207835,0.003953942
2020-06-18,-0.002107836,0.000156785,0.002681896,0.009321256,-3.35E-05,0.014077891,3,0.001963296,0.917359926,-0.00719307,1.543219297,-0.014269232
2020-06-19,-0.002366576,-0.008052678,0.005974256,0.018201341,-0.000448401,0.003673847,1,0.003605469,0.921038452,-0.007126021,1.552513571,-3.35E-05
2020-06-22,-0.000558447,-0.006470137,0.004560619,0.01683185,0.00397424,-0.006822901,4,0.002645745,0.921040589,-0.006158457,1.553256645,-0.000448401
2020-06-23,0.000728135,-0.007199474,0.003121144,0.021425056,-0.000253472,-0.011030315,4,0.001538778,0.93214878,0.009495073,1.530177535,0.00397424
2020-06-24,-0.001330972,-0.005635696,0.004019286,0.020357201,-0.008872714,-0.005633797,0,0.005387934,0.943216787,0.02473499,1.474623966,-0.000253472
2020-06-25,0.000807716,-0.002720144,-7.68E-05,0.017598544,0.005918012,0.000317666,4,0.00286525,0.94885602,0.031496095,1.446879955,-0.008872714
2020-06-26,-0.004240857,-0.004594424,-0.00175095,0.009873338,-0.000210237,0.00055583,0,0.001956064,0.954371565,0.033333113,1.414660351,0.005918012
2020-06-29,0.008351755,0.004315777,-0.002666113,0.002646606,0.015730634,0.012312224,4,0.008359597,0.95350096,0.032460371,1.436288571,-0.000210237
2020-06-30,-0.00684703,-0.003259388,0.003232224,0.002757686,-0.001206897,0.0113588,4,0.004202122,0.951323924,0.019175143,1.425253816,0.015730634
2020-07-01,-0.008032395,-0.009960811,0.004475339,0.003213739,-0.014812016,0.005419498,2,0.008555469,0.948098387,0.004881599,1.418192233,-0.001206897
2020-07-02,-0.000947394,-0.01171592,0.00067475,0.003965251,-0.001348277,-0.001846792,4,0.000915396,0.951793603,0.002937582,1.418165338,-0.014812016
2020-07-06,0.001884333,-0.005590731,0.006143798,0.011859999,-0.008090099,-0.009726655,4,0.005965057,0.946840905,-0.00753066,1.388296081,-0.001348277
2020-07-07,-0.004334423,-0.018276909,0.002237254,0.016763366,-0.007927646,-0.033384936,0,0.004528277,0.948106686,-0.005394274,1.380171558,-0.008090099
2020-07-08,-0.000979859,-0.012409738,0.006467757,0.019998898,0.000221643,-0.031956396,4,0.003400559,0.951645149,0.000321225,1.369965302,-0.007927646
2020-07-09,-0.008293347,-0.01267069,0.010911442,0.026435001,-0.014494491,-0.031638871,1,0.010994957,0.956412216,0.00831383,1.354827149,0.000221643
2020-07-10,0.003848804,-0.007874492,-0.003826404,0.021933847,0.006430103,-0.023860491,4,0.004486728,0.904090334,-0.047703269,1.468680178,-0.014494491
2020-07-13,0.009809244,5.04E-05,-0.012166694,0.003623355,-0.004116857,-0.019887248,1,0.009141828,0.881824648,-0.065016257,1.435064368,0.006430103
2020-07-14,0.007802622,0.012187463,-0.003954881,-0.002568779,0.004120674,-0.007838928,4,0.005086847,0.883302386,-0.0648043,1.390344139,-0.004116857
2020-07-15,-0.000537985,0.012629338,-0.003155784,-0.01219232,0.025374514,0.017313943,4,0.013374113,0.852953841,-0.098691308,1.522938889,0.004120674
2020-07-16,-0.001639458,0.019283227,-0.003880639,-0.026984401,-0.003859385,0.027949049,0,0.001884,0.858429354,-0.097982862,1.489761537,0.025374514
2020-07-17,-0.005194897,0.010239526,-4.53E-05,-0.023203271,0.001072561,0.022591507,3,0.002816448,0.857458417,-0.046631916,1.49028231,-0.003859385
2020-07-20,-0.008037422,-0.00760714,0.016443386,0.005406809,-0.012023282,0.014685082,3,0.01259991,0.829419518,-0.05240513,1.491807154,0.001072561
2020-07-21,0.004283803,-0.011125959,-0.009765301,-0.000403611,0.011559122,0.02212353,3,0.008908629,0.811519374,-0.071783012,1.502886955,-0.012023282
2020-07-22,0.000414273,-0.010173701,-0.003320741,-0.000568567,-0.003964133,-0.007215118,4,0.002244401,0.809851524,-0.043102317,1.500171439,0.011559122
2020-07-23,-0.000780175,-0.009314418,-0.010725888,-0.007413817,0.0124366,0.009080867,1,0.009488693,0.759267133,-0.099162221,1.492243403,-0.003964133
2020-07-24,-0.000659055,-0.004778577,-0.003225448,-0.010593991,-0.009106289,-0.001097983,0,0.004146171,0.760980438,-0.09647798,1.508755553,0.0124366
2020-07-27,-0.003037335,0.00022151,0.009196508,-0.017840869,0.004216765,0.015142064,4,0.005312477,0.703604889,-0.125814629,1.711670849,-0.009106289
2020-07-28,-0.001265216,-0.005327508,-0.006322378,-0.014397947,-0.003585506,-2.56E-06,0,0.002782059,0.703084506,-0.108434869,1.611150289,0.004216765
2020-07-29,-0.006293772,-0.012035553,0.001097967,-0.00997924,0.008434111,0.01239568,4,0.006036822,0.699835385,-0.110016139,1.693233651,-0.003585506
2020-07-30,-0.004791706,-0.016047084,0.008004118,0.008750767,6.54E-05,2.44E-05,1,0.005302348,0.708977075,-0.050290058,1.653294327,0.008434111
2020-07-31,-0.003292893,-0.018680921,0.007121079,0.019097294,-0.017501692,-0.008370966,3,0.010346029,0.686998772,-0.073981666,1.668126636,6.54E-05
2020-08-03,0.00173782,-0.013905766,0.007398642,0.017299428,0.010500244,-0.002087487,4,0.004885864,0.688581998,-0.015022891,1.816172795,-0.017501692
2020-08-04,0.002528883,-0.010111667,-9.23E-05,0.023529495,0.003279444,0.004777464,4,0.001731119,0.662704166,-0.04038034,1.840664005,0.010500244
2020-08-05,0.007400013,0.003582118,-0.001192048,0.02123948,0.012543915,0.008887267,4,0.006471031,0.659219467,-0.040615919,1.902292067,0.003279444
2020-08-06,0.000387772,0.008761596,0.00351493,0.016750292,-0.007455375,0.001366536,3,0.004652324,0.666246852,-0.042730223,1.807932545,0.012543915
2020-08-07,0.001063618,0.013118107,-0.009411729,0.000217484,0.015142473,0.0340107,3,0.010123662,0.642536354,-0.044462417,1.848918543,-0.007455375
2020-08-10,0.010225392,0.021605679,-0.006616668,-0.013797827,0.007084522,0.030594978,3,0.007526465,0.607251128,-0.08133087,1.902246135,0.015142473
2020-08-11,0.004232759,0.023309555,-0.009059585,-0.022765101,0.001943591,0.029259125,0,0.005822131,0.619186934,-0.043517231,1.901106526,0.007084522
2020-08-12,-0.003482227,0.012427315,0.007153745,-0.014419308,-0.008738553,0.007976658,4,0.006664472,0.617976984,-0.041242483,1.516127411,0.001943591
2020-08-13,-0.000818602,0.011220941,0.004793334,-0.013140904,-0.000138472,0.015293561,1,0.002581093,0.602023663,-0.064223189,1.497415684,-0.008738553
2020-08-14,0.001400635,0.011557958,-0.001931304,-0.005660478,-0.001037877,-0.000886789,1,0.001432227,0.60775444,-0.034781914,1.500724169,-0.000138472
2020-08-17,-0.005793869,-0.004461304,0.007265508,0.008221697,0.00209252,-0.005878791,3,0.005402449,0.639545743,0.032294616,1.514005433,-0.001037877
2020-08-18,-0.004704059,-0.013398122,0.004960465,0.022241747,-0.012252491,-0.020074873,2,0.007323055,0.644250705,0.02506377,1.541596803,0.00209252
2020-08-19,0.001342623,-0.008573272,-0.001345075,0.013742928,0.005878187,-0.005458133,1,0.003137615,0.649407034,0.03143005,1.52328016,-0.012252491
2020-08-20,-0.001463328,-0.009217998,0.007420543,0.016370136,-0.008108372,-0.013428033,3,0.006371672,0.626238325,0.024214662,1.745185773,0.005878187
2020-08-21,0.003412299,-0.007206334,0.000715059,0.019016499,-0.011020031,-0.023410187,3,0.006369692,0.56423869,-0.043515751,1.750144239,-0.008108372
2020-08-24,0.00345392,0.002041455,-0.004007227,0.007743764,0.000253348,-0.025249359,4,0.003056639,0.559517428,-0.080028315,1.699966974,-0.011020031
2020-08-25,-0.005712417,0.001033097,0.004004401,0.006787701,-0.001844505,-0.014841372,3,0.004037905,0.488494039,-0.155756666,1.74834424,0.000253348
2020-08-26,-0.007193135,-0.007502661,0.00702691,0.015159686,-0.017182428,-0.037901988,3,0.010345862,0.421336619,-0.228070415,1.679348035,-0.001844505
2020-08-27,0.003972078,-0.002067255,-0.005082473,0.00265667,0.001125455,-0.028668162,3,0.003780456,0.411145461,-0.215092864,1.740198463,-0.017182428
2020-08-28,-0.001054326,-0.006533881,-0.00068193,0.001259681,0.002058966,-0.015589165,4,0.001389237,0.449694678,-0.114544011,1.679348895,0.001125455
2020-08-31,-0.005644396,-0.015632196,0.008999819,0.014266727,-0.008286038,-0.024128551,1,0.007647148,0.414194913,-0.145322515,1.617562039,0.002058966
2020-09-01,5.84E-05,-0.009861368,0.00635193,0.016614256,0.003138622,-0.019145424,4,0.003022455,0.440163656,-0.048330383,1.618832785,-0.008286038
2020-09-02,0.000504352,-0.002163881,-0.00551652,0.004070825,-0.006601475,-0.00856447,4,0.003676351,0.451609028,0.030272408,1.309588001,0.003138622
2020-09-03,0.007607136,0.001471177,-0.015144529,-0.005991231,0.005401142,-0.004288783,0,0.010251125,0.760985583,0.349840122,0.993450648,-0.006601475
2020-09-04,0.002515686,0.005041189,-0.004566601,-0.009875902,0.00207531,-0.004272438,0,0.003239819,0.804761188,0.35506651,0.916288898,0.005401142
2020-09-08,0.005412917,0.016098501,-0.013862965,-0.032738686,0.007943409,0.011957009,0,0.009738498,0.864219593,0.45002468,0.82544515,0.00207531
2020-09-09,-0.004086951,0.01195314,0.006785268,-0.032305348,-0.005500755,0.003317631,4,0.005508718,0.880383307,0.440219651,0.832722983,0.007943409
2020-09-10,0.003107717,0.014556505,-0.002382567,-0.029171394,0.005395301,0.015314406,0,0.003419494,0.883386272,0.431777245,0.826351683,-0.005500755
2020-09-11,0.00421563,0.011165,-0.006599142,-0.020626007,-0.007507941,0.002405324,2,0.00557462,0.877469414,0.116483832,0.829857092,0.005395301
2020-09-14,-0.000886297,0.007763016,0.00587856,-0.010180846,0.013508129,0.013838142,4,0.006639438,0.870431333,0.065670145,0.936117915,-0.007507941
2020-09-15,-0.005124715,-0.002774615,0.006811269,0.010493387,-0.004438301,0.001456432,4,0.005491253,0.87342831,0.009208717,0.928721561,0.013508129
2020-09-16,0.005942607,0.007254942,-0.007946564,-0.004238444,0.013806235,0.020763423,2,0.009205997,0.865833905,-0.014549402,0.930133844,-0.004438301
2020-09-17,0.003785319,0.007932544,-0.004319498,-0.006175375,0.002160239,0.017528361,0,0.00351152,0.869457548,-0.013928725,0.927518681,0.013806235
2020-09-18,0.00244195,0.006158863,0.000463831,0.000887599,0.007465626,0.032501927,0,0.003416738,0.874742202,-0.002727213,0.914273439,0.002160239
2020-09-21,-0.00696318,8.20E-05,0.010296044,0.005305083,-0.022467665,-0.003473867,0,0.01375688,0.847084157,-0.023347175,1.039854947,0.007465626
2020-09-22,-0.005301686,-9.50E-05,0.006540071,0.005033885,-0.002609766,-0.001645332,4,0.005073497,0.850461153,-0.022967157,1.031643468,-0.022467665
2020-09-23,0.004578935,-0.001458662,-0.006615518,0.006364931,-0.0068591,-0.022310667,0,0.005537619,0.867441796,0.001607891,1.063158092,-0.002609766
2020-09-24,-0.001030411,-0.006274392,0.000704285,0.011388714,-0.00273502,-0.027205926,4,0.001493926,0.880980954,0.011523407,1.081505761,-0.0068591
2020-09-25,-0.002569064,-0.011285406,0.006506829,0.017431712,-7.13E-05,-0.034742901,4,0.003881869,0.892278486,0.017536284,1.074622191,-0.00273502
2020-09-28,-0.001003299,-0.005325524,0.002534961,0.009670628,0.007755582,-0.004519654,4,0.003916566,0.89752496,0.050440803,1.100279157,-7.13E-05
2020-09-29,4.93E-05,2.54E-05,0.001916512,0.00504707,0.001102981,-0.000806907,0,0.000919727,0.906307752,0.055846599,1.093047775,0.007755582
2020-09-30,0.003694587,-0.00085892,-0.00082659,0.010835998,-0.00625467,-0.000202477,4,0.004106367,0.900375225,0.03293343,1.07741272,0.001102981
2020-10-01,-0.004012688,-0.003841197,0.008858377,0.01899009,0.010194121,0.012726665,4,0.006878557,0.8999977,0.019016746,1.12650419,-0.00625467
2020-10-02,0.004791712,0.003519578,-0.012830083,-0.000346822,0.014899902,0.027697917,1,0.01151533,0.861726484,-0.030552001,1.193432666,0.010194121
2020-10-05,-0.001125709,0.003397168,0.005168654,0.00228687,0.009523652,0.029465986,4,0.004921687,0.873562393,-0.023962567,1.219890702,0.014899902
2020-10-06,0.000628677,0.003976579,-0.001749844,-0.001379486,0.011115714,0.039478718,0,0.005832196,0.854761558,-0.051546194,1.273121923,0.009523652
2020-10-07,0.001681252,0.001963244,0.001404129,0.000851233,0.003924584,0.049657973,4,0.001624361,0.858874915,-0.041500311,1.318830445,0.011115714
2020-10-08,-0.003675331,0.002300601,-0.003029383,-0.011036528,0.002831908,0.04229576,4,0.002997514,0.849644494,-0.050353206,1.363589081,0.003924584
2020-10-09,-0.003093484,-0.005584595,0.005067177,0.006860732,-0.003243921,0.024151936,4,0.003888683,0.855665244,-0.00606124,1.336148902,0.002831908
2020-10-12,-0.007553814,-0.0120127,0.008984572,0.01067665,-0.009284388,0.005343897,4,0.008337918,0.841820904,-0.03174149,1.251014714,-0.003243921
2020-10-13,0.000843001,-0.011798376,0.005285671,0.017712165,-0.001098854,-0.006870671,0,0.002800695,0.847213635,-0.007547922,1.253752698,-0.009284388
2020-10-14,0.000846957,-0.012632672,-0.001408983,0.014899053,-0.002684312,-0.013479567,0,0.001557072,0.866639117,0.007764202,1.261067712,-0.001098854
2020-10-15,0.000834259,-0.008123081,-0.003143511,0.014784926,0.012097844,-0.004213632,1,0.006657861,0.857049679,0.007405185,1.278776498,-0.002684312
2020-10-16,0.003791901,-0.001237696,-0.003753454,0.005964295,-0.003233249,-0.004202959,2,0.003481816,0.852119486,-0.003545758,1.317802666,0.012097844
2020-10-19,0.001996872,0.00831299,-0.000181598,-0.003201875,0.00403622,0.009117649,0,0.001979188,0.88828163,0.046460726,1.113267365,-0.003233249
2020-10-20,-0.000703422,0.006766567,-0.001445069,-0.009932614,-0.002190953,0.00802555,4,0.000944388,0.889799028,0.042585393,1.123792401,0.00403622
2020-10-21,-0.001268607,0.004651004,-0.000566946,-0.009090577,-0.00645007,0.004259792,0,0.002964867,0.851973195,-0.014665922,1.077530009,-0.002190953
2020-10-22,0.000197796,0.004014541,-0.003350748,-0.009297815,0.011164662,0.00332661,4,0.006321114,0.845700113,-0.011349566,1.096414181,-0.00645007
2020-10-23,-0.004430675,-0.004208035,0.000227206,-0.005317155,0.002827858,0.009387717,3,0.003011434,0.834956526,-0.017162961,1.119338042,0.011164662
2020-10-26,-0.004448937,-0.010653844,0.002233078,-0.002902479,-0.002982036,0.002369462,0,0.002995424,0.842161823,-0.046119807,1.125334426,0.002827858
2020-10-27,-0.005027759,-0.014978181,0.009384615,0.007927205,-0.006043927,-0.001483512,1,0.007051403,0.82629801,-0.063501018,1.149764638,-0.002982036
2020-10-28,0.00097625,-0.012733325,-0.002096092,0.006398059,0.00565515,0.010621708,0,0.00327542,0.88516884,0.033195645,1.077375644,-0.006043927
2020-10-29,-0.006642868,-0.019573989,0.004411891,0.014160699,-8.85E-05,-0.000631419,4,0.004555413,0.88975606,0.044055946,1.04475751,0.00565515
2020-10-30,0.0062779,-0.008865414,-0.012597103,0.00133639,-0.002699484,-0.006158761,0,0.007853917,0.905826036,0.07086951,1.065864479,-8.85E-05
2020-11-02,0.003609064,-0.000807413,-0.00803424,-0.008930928,0.007139251,0.003962525,4,0.006498761,0.887618438,0.045456615,1.042205343,-0.002699484
2020-11-03,0.002759687,0.006980033,0.000710097,-0.017605446,0.011081614,0.021088066,4,0.005098578,0.89993008,0.073632071,1.123807558,0.007139251
2020-11-04,-0.008518112,-0.002514329,0.016015394,0.00050604,-0.021324518,-0.005891602,4,0.015662993,0.856862925,-0.028305915,1.04366245,0.011081614
2020-11-05,2.11E-05,0.004149626,0.006292655,0.002386803,0.008190022,0.002386884,4,0.004245964,0.871814397,-0.017941663,1.078961685,-0.021324518
2020-11-06,-0.002067211,-0.004195485,0.000649377,0.015633283,-0.006839803,-0.001753435,1,0.003387763,0.869775382,-0.036050654,1.091991436,0.008190022
2020-11-09,0.017408006,0.009603457,-0.027003544,-0.003336022,0.022236427,0.013343742,3,0.022261632,0.794839577,-0.092778861,1.227342298,-0.006839803
2020-11-10,0.010378446,0.017222215,-0.012345564,-0.016391683,0.019977431,0.022239559,2,0.013882003,0.773842072,-0.126088008,1.252173929,0.022236427
2020-11-11,-0.008414624,0.017325704,0.012306504,-0.020100572,-0.007663068,0.03590101,2,0.009616359,0.756936827,-0.099926099,1.238157493,0.019977431
2020-11-12,-0.000828941,0.016475676,0.003487959,-0.022905267,-0.006498043,0.021212944,0,0.004138963,0.763980904,-0.107833493,1.252134371,-0.007663068
2020-11-13,0.000130598,0.018673486,-0.003348035,-0.026902679,0.007087521,0.035140268,4,0.004386151,0.771395086,-0.098380296,1.256884593,-0.006498043
2020-11-16,0.004257622,0.005523101,-0.003595329,-0.003494465,0.011823836,0.024727677,4,0.006630258,0.762106741,-0.032732835,1.308677668,0.007087521
2020-11-17,-0.000791054,-0.005646399,0.002722299,0.011573398,0.008476699,0.013226945,1,0.004195624,0.761460852,-0.01238122,1.29957129,0.011823836
2020-11-18,-1.77E-05,0.002750558,0.00338337,0.002650264,-0.001055637,0.019834375,0,0.001934578,0.767522823,0.010585996,1.283914579,0.008476699
2020-11-19,-0.002417654,0.001161844,0.004760359,0.003922663,0.004396967,0.030729385,4,0.003487291,0.768759041,0.004778137,1.272967571,-0.001055637
2020-11-20,-0.000665567,0.000365679,0.002628786,0.009899484,0.007493687,0.031135552,1,0.003703628,0.769743926,-0.001651161,1.263404547,0.004396967
2020-11-23,0.005518923,0.00162698,-0.003457941,0.010036873,0.012673063,0.031984779,4,0.007041529,0.74749301,-0.014613731,1.274680291,0.007493687
2020-11-24,-0.000774292,0.001643742,-0.002973995,0.004340578,0.003157461,0.026665541,4,0.00253814,0.761793884,0.000333032,1.240628002,0.012673063
2020-11-25,-0.004214517,-0.002553108,0.006360446,0.007317655,-0.003016142,0.024705036,1,0.00473023,0.654884353,-0.11263847,1.432873657,0.003157461
2020-11-27,-0.001126241,-0.001261695,0.006778634,0.00933593,0.003146009,0.023454078,4,0.003547896,0.653943464,-0.114815578,1.446808666,-0.003016142
2020-11-30,-0.004520137,-0.005116264,0.004023515,0.010730658,-0.014686542,0.001273849,0,0.008055696,0.616708796,-0.15303513,1.558181663,0.003146009
2020-12-01,-0.004976324,-0.015611511,0.001528944,0.015717543,-0.002329155,-0.013728369,4,0.002839269,0.61877224,-0.12872077,1.542665909,-0.014686542
2020-12-02,0.000215844,-0.014621375,-0.002254277,0.016437262,-0.000711754,-0.017597584,3,0.001117149,0.591563333,-0.170230551,1.534317202,-0.002329155
2020-12-03,0.00348904,-0.006917818,0.002873722,0.012950538,0.006412653,-0.008168789,3,0.002630018,0.611879418,-0.043004935,1.68193846,-0.000711754
2020-12-04,-0.000531944,-0.006323521,-0.001788913,0.004382991,0.014592133,0.003277335,4,0.007719401,0.543482587,-0.110460877,1.80145025,0.006412653
2020-12-07,-0.002987874,-0.004791258,0.006397921,0.006757397,0.001303239,0.019267117,1,0.003916012,0.537977044,-0.078731752,1.761138235,0.014592133
2020-12-08,0.000672425,0.000857491,0.002221722,0.007450176,0.011147025,0.032743297,4,0.005175447,0.68907738,0.07030514,1.651200365,0.001303239
2020-12-09,0.004492727,0.005134374,-0.011586474,-0.001882022,-0.000202479,0.033252572,0,0.006859622,0.770066228,0.178502896,1.592015251,0.011147025
2020-12-10,-0.001029799,0.000615535,0.00668987,0.001934125,0.012031519,0.038871438,2,0.006118938,0.807179466,0.195300047,1.614073461,-0.000202479
2020-12-11,0.002834918,0.003982397,-0.000988868,0.00273417,-0.004471752,0.019807553,1,0.003015936,0.783256507,0.23977392,1.606120671,0.012031519
2020-12-14,-0.001801312,0.005168958,0.009378884,0.005715133,0.005498053,0.024002366,2,0.005121646,0.75473739,0.216760346,1.631167225,-0.004471752
2020-12-15,-0.001591113,0.00290542,-0.000454148,0.003039263,0.010861402,0.023716743,4,0.005810246,0.769252994,0.080175614,1.611054226,0.005498053
2020-12-16,-0.003254859,-0.004842166,0.003228605,0.017854342,-0.00536999,0.018549232,2,0.00376718,0.763346064,-0.006720164,1.660142468,0.010861402
2020-12-17,-0.000817705,-0.004630072,0.002641852,0.013806325,0.007147135,0.013664849,4,0.003587413,0.732835809,-0.074343657,1.732907149,-0.00536999
2020-12-18,-0.000593601,-0.008058591,0.00280333,0.017598524,-0.000565777,0.017570823,0,0.001618176,0.741060548,-0.042195958,1.733158894,0.007147135
2020-12-21,0.00515238,-0.001104899,0.002884825,0.011104465,0.004086486,0.016159257,2,0.002222808,0.733087195,-0.021650195,1.780594661,-0.000565777
2020-12-22,-0.004596967,-0.004110753,0.007194572,0.018753186,0.011948563,0.017246418,2,0.007365786,0.726272179,-0.042980816,1.724018686,0.004086486
2020-12-23,0.00305594,0.002200046,-0.00362364,0.01190094,0.007871011,0.030487419,3,0.004867846,0.672459275,-0.090886789,1.947234809,0.011948563
2020-12-24,-0.001208472,0.001809279,-0.000901296,0.008357792,-0.005101024,0.01823926,3,0.002257897,0.673393713,-0.059442096,1.925380322,0.007871011
2020-12-28,-0.001949084,0.000453797,-0.001317035,0.004237426,-0.012534495,0.006270541,3,0.005780203,0.646259661,-0.094800887,1.861962757,-0.005101024
2020-12-29,-1.91E-05,-0.004717688,-0.001591568,-0.000238967,-0.016422674,-0.014238619,0,0.007977829,0.636131867,-0.096955328,1.884596784,-0.012534495
2020-12-30,0.001092157,0.000971436,0.000197463,-0.007236076,0.009133259,-0.017053923,4,0.004377561,0.619992893,-0.106279286,2.078379004,-0.016422674
2020-12-31,3.65E-05,-0.002047992,-0.004998834,-0.008611269,-0.009012492,-0.033937425,3,0.004373817,0.598134461,-0.074324814,2.036444679,0.009133259
2021-01-04,0.002285688,0.001446168,2.63E-05,-0.007683649,9.70E-05,-0.02873939,0,0.001123035,0.686027689,0.012633976,1.796406502,-0.009012492
2021-01-05,-0.001524082,0.00187117,0.002387736,-0.003978878,0.009859858,-0.006345036,4,0.005049504,0.682795632,0.036535971,1.740438865,9.70E-05
2021-01-06,0.008608948,0.010499223,-0.011810265,-0.014197575,0.033354881,0.043432519,3,0.0191384,0.615071933,-0.021059934,2.151354966,0.009859858
2021-01-07,-0.007893926,0.001513139,0.010579816,-0.003815222,0.004021257,0.038320517,4,0.007728101,0.641031534,0.021038641,1.960522784,0.033354881
2021-01-08,-0.003647398,-0.00217077,0.004763279,0.005946892,-0.007974114,0.039358895,3,0.005410484,0.608110238,0.009975777,2.016420115,0.004021257
2021-01-11,0.003701231,-0.000755226,-0.006042804,-0.000122237,0.006265568,0.045527451,0,0.005342362,0.626530083,-0.059497605,1.943239944,-0.007974114
2021-01-12,0.00151737,0.002286225,0.002341984,-0.000167989,0.017100846,0.052768439,4,0.007966466,0.617828888,-0.064966743,1.965636895,0.006265568
2021-01-13,-0.002537626,-0.008860349,0.002041266,0.013683541,-0.009815665,0.009597893,2,0.005175878,0.624467186,0.009395253,2.051644177,0.017100846
2021-01-14,0.001538144,0.000571721,0.002517406,0.005621132,0.024092534,0.02966917,1,0.011417454,0.555971631,-0.085059903,2.134891936,-0.009815665
2021-01-15,0.001479959,0.005699079,-0.001526657,-0.000668805,-0.007812806,0.029830478,0,0.004087296,0.597943317,-0.010166921,2.134921989,0.024092534
2021-01-19,-0.004337636,-0.002339789,0.007065723,0.012439723,0.004970065,0.028534975,4,0.00511943,0.597923392,-0.028606691,2.101284503,-0.007812806
2021-01-20,-0.005537184,-0.009394342,0.00567543,0.015773168,-0.00944203,0.001992098,4,0.006592489,0.59226785,-0.025561038,1.944033889,0.004970065
2021-01-21,-0.000713409,-0.007570125,0.005142042,0.018873945,-0.009242821,0.002564942,2,0.00596057,0.588447449,-0.036019738,2.016691514,-0.00944203
2021-01-22,-0.002743933,-0.011852203,0.003912651,0.020269189,0.015701609,-0.005825983,2,0.008128685,0.592106019,0.036134388,2.017785475,-0.009242821
2021-01-25,-0.004803064,-0.018135227,0.003229113,0.025024959,-0.006143923,-0.0041571,2,0.004334089,0.593130413,-0.004812904,2.022968718,0.015701609
2021-01-26,0.000748036,-0.013049555,0.000761409,0.018720645,-0.004728258,-0.013855423,0,0.002639794,0.599925109,0.002001716,2.02965551,-0.006143923
2021-01-27,0.005311499,-0.002200872,-0.000419756,0.012625459,0.006682162,0.002268769,0,0.003630918,0.697292115,0.105024264,1.651056913,-0.004728258
2021-01-28,0.000144163,-0.0013433,-0.004710195,0.002773221,-0.010704848,0.000806742,3,0.005115354,0.682495639,0.09404819,1.530563992,0.006682162
2021-01-29,-0.000991557,0.000409076,-0.000681407,-0.001820836,0.003725772,-0.011169095,0,0.002181389,0.720445429,0.128339411,1.432833111,-0.010704848
2021-02-01,-0.008305929,-0.003093789,0.009210982,0.004161033,0.009087729,0.004062557,4,0.008395506,0.753882178,0.160751765,1.435368491,0.003725772
2021-02-02,0.001816018,-0.002025807,0.001698915,0.005098538,-0.001982665,0.006808149,4,0.001782155,0.733297614,0.133372506,1.414507618,0.009087729
2021-02-03,0.000168046,-0.00716926,-0.001172843,0.004345452,0.002823682,0.002949669,3,0.001688184,0.72844295,0.031150836,1.400550181,-0.001982665
2021-02-04,-3.84E-05,-0.007351848,0.00141492,0.010470568,0.008792572,0.022447089,4,0.004221387,0.799290159,0.11679452,1.213741125,0.002823682
2021-02-05,-0.000919668,-0.007279958,0.001795806,0.01294778,0.01004714,0.028768458,4,0.005006204,0.789766151,0.069320721,1.238313095,0.008792572
2021-02-08,0.000224422,0.001250393,0.002061961,0.005798759,0.017581125,0.037261854,4,0.008460074,0.800308299,0.046426121,1.306788628,0.01004714
2021-02-09,0.00079772,0.000232095,0.00254728,0.006647125,0.005141378,0.044385898,2,0.002276994,0.804805671,0.071508057,1.319895098,0.017581125
2021-02-10,0.002318406,0.002382454,-0.002168669,0.005651299,-0.006883981,0.034678235,1,0.003921301,0.80798063,0.07953768,1.310063488,0.005141378
2021-02-11,-0.001886993,0.000533887,0.002141965,0.006378343,-0.000400007,0.025485656,3,0.001663681,0.814563114,0.015272955,1.288092204,-0.006883981
2021-02-12,-0.003819018,-0.002365463,0.00025716,0.004839698,-0.00293371,0.012504806,4,0.002058283,0.843610763,0.053844612,1.240580033,-0.000400007
2021-02-16,0.002612891,2.30E-05,-0.002839571,-6.18E-05,-0.006650813,-0.011727132,1,0.003970672,0.831387508,0.031079209,1.219441463,-0.00293371
2021-02-17,0.003179992,0.002405279,-0.005534687,-0.008143802,-0.00708951,-0.02395802,1,0.004785674,0.822527941,0.01772227,1.230207766,-0.006650813
2021-02-18,0.000632658,0.000719531,-0.00277002,-0.008745154,-0.012434866,-0.029508905,0,0.006044603,0.831352716,0.023372086,1.343051983,-0.00708951
2021-02-19,0.001887751,0.004494275,0.002512687,-0.008374431,0.023395552,-0.005713346,3,0.011016272,0.816012363,0.001449249,1.391673919,-0.012434866
2021-02-22,0.008631534,0.016944827,-0.017152017,-0.025783608,0.00084799,-0.001931646,1,0.010873475,0.803281259,-0.040329504,1.366812486,0.023395552
2021-02-23,-0.000758847,0.013573088,-0.006281763,-0.0292258,-0.010072336,-0.005353169,2,0.004770573,0.80627918,-0.025108328,1.388022036,0.00084799
2021-02-24,0.002083084,0.01247618,-0.001475765,-0.025166878,0.012218051,0.013954391,4,0.006182646,0.81837553,-0.004152411,1.41804934,-0.010072336
2021-02-25,0.007111993,0.018955515,-0.011042789,-0.033439646,-0.012776612,0.013612645,0,0.009415963,0.848184206,0.01683149,1.631593647,0.012218051
2021-02-26,-0.010307183,0.006760581,0.010304305,-0.025648028,0.005161479,-0.004621428,2,0.008801606,0.821148521,0.005136158,1.652908554,-0.012776612
2021-03-01,-0.004201149,-0.006072102,0.006098878,-0.002397134,0.009674017,0.004204599,4,0.006190214,0.841057385,0.037776126,1.710085217,0.005161479
2021-03-02,0.003537251,-0.001776003,-0.008959861,-0.005075231,-0.011328562,0.002948372,0,0.007094062,0.845643385,0.039364205,1.765343612,0.009674017
2021-03-03,0.009276603,0.005417515,-0.014245997,-0.017845463,0.002465878,-0.0068038,0,0.009891367,0.838521418,0.020145888,1.767464104,-0.011328562
2021-03-04,0.002383122,0.000688645,-0.00781993,-0.014622604,-0.014449774,-0.008476962,0,0.007675882,0.852587758,0.004403553,1.80517394,0.002465878
2021-03-05,-0.000975382,0.010020446,-0.003968516,-0.028895425,0.001567573,-0.012070869,4,0.002331515,0.853057446,0.031908925,1.703640036,-0.014449774
2021-03-08,0.015046539,0.029268134,-0.018990949,-0.053985252,0.010274474,-0.011470412,2,0.015084229,0.813081938,-0.027975448,1.679756758,0.001567573
2021-03-09,-0.013103073,0.01262781,0.022132834,-0.022892557,0.004865892,0.004724042,4,0.014571176,0.785048612,-0.060594772,1.59163325,0.010274474
2021-03-10,0.00846742,0.011818627,-0.006393973,-0.015040533,0.011919066,0.014177231,3,0.008280432,0.782515514,-0.056005904,1.619527243,0.004865892
2021-03-11,-0.004520175,0.00491533,0.014583605,0.007363001,0.012521451,0.041148456,4,0.009352024,0.78684075,-0.065747008,1.63950757,0.011919066
2021-03-12,0.007965618,0.013856329,-0.006914145,0.004417372,0.005060172,0.044641055,3,0.00651981,0.783537145,-0.069520302,1.642554457,0.012521451
2021-03-15,-0.001151751,-0.002341961,0.003973655,0.027381977,-0.003339197,0.031027384,4,0.003065931,0.785226609,-0.027855329,1.637047477,0.005060172
2021-03-16,-0.002306037,0.008455075,0.002451703,0.007700846,-0.015802424,0.010359068,1,0.008160101,0.777868382,-0.00718023,1.668084097,-0.003339197
2021-03-17,0.002878662,0.002866316,0.00109782,0.015192639,0.004371436,0.002811438,4,0.001930408,0.780713299,-0.001802214,1.661486265,-0.015802424
2021-03-18,0.010223444,0.017609936,-0.015838252,-0.015229219,-0.015018765,-0.024728778,0,0.012576383,0.790132449,0.003291699,1.669322807,0.004371436
2021-03-19,-0.006553325,0.003090993,0.008127798,-0.000187276,0.009366651,-0.020422299,2,0.00745686,0.788248695,0.00471155,1.630787601,-0.015018765
2021-03-22,-0.003841747,0.000400997,0.005205901,0.00104497,-0.016095124,-0.033178226,3,0.009067581,0.78191245,-0.003314159,1.641944783,0.009366651
2021-03-23,-0.001795924,0.000911111,-0.003603936,-0.005010669,-0.02879517,-0.046170972,0,0.013577561,0.780789376,0.002920993,1.750118659,-0.016095124
2021-03-24,0.005387035,0.003419484,-0.014817307,-0.020925796,-0.018324528,-0.068866937,0,0.011427727,0.770350048,-0.010363251,1.761195051,-0.02879517
2021-03-25,0.000905703,-0.005898257,-0.004009135,-0.009096679,0.01740384,-0.036444332,4,0.009463292,0.722052689,-0.06807976,1.912934372,-0.018324528
2021-03-26,-0.002690511,-0.002035444,-0.004160961,-0.021385438,0.000924113,-0.04488687,4,0.002353935,0.764405041,-0.023843654,1.871529679,0.01740384
2021-03-29,0.003841999,0.005648302,-0.005168649,-0.031759988,-0.02780835,-0.056600096,1,0.014172369,0.708073814,-0.073838635,2.045220171,0.000924113
2021-03-30,1.03E-05,0.007454493,0.002070263,-0.026085789,0.020212404,-0.007592521,1,0.009807882,0.675097607,-0.105691768,2.087436451,-0.02780835
2021-03-31,-0.006202241,-0.004134783,0.011710566,0.000442084,0.007578991,0.018310998,3,0.007962972,0.651028869,-0.119321179,2.225827122,0.020212404
2021-04-01,-0.006564596,-0.011605081,0.005698154,0.010149373,0.003164764,0.004071922,4,0.005299624,0.606037153,-0.116015536,2.256553428,0.007578991
2021-04-05,-0.003117767,-0.012032338,0.002253488,0.016563822,-0.009470848,-0.006323039,4,0.005092214,0.582231016,-0.182174025,2.316336891,0.003164764
2021-04-06,-0.00192196,-0.017796297,0.000447807,0.022180278,-0.001563547,0.019921764,0,0.001159344,0.637241189,-0.070832626,2.368910341,-0.009470848
2021-04-07,-0.000994951,-0.018801514,-0.002170824,0.017939191,-0.01758259,-0.017873231,2,0.008311161,0.658796261,-0.016301346,2.485168272,-0.001563547
2021-04-08,-0.002499764,-0.015099038,0.00599758,0.012226205,0.004544051,-0.020908171,4,0.003945473,0.673967368,0.022938499,2.447667308,-0.01758259
2021-04-09,0.001136302,-0.00739814,-0.00257797,0.003950081,-0.007302477,-0.031375412,4,0.003748256,0.655344272,0.049307119,2.372371707,0.004544051
2021-04-12,-0.001438437,-0.00571881,-0.003421209,-0.001724617,-0.004132432,-0.026036996,0,0.001882941,0.678591287,0.09636027,2.353747223,-0.007302477
2021-04-13,-0.005310022,-0.009106872,0.007204387,0.005031964,-0.005467175,-0.029940624,2,0.005966526,0.664282485,0.027041296,2.366035449,-0.004132432
2021-04-14,0.005687042,-0.002424878,-0.005831461,0.001371327,0.012495332,0.000137299,2,0.007838908,0.642144074,-0.016652188,2.314616329,-0.005467175
2021-04-15,-0.002028711,-0.001953825,0.001937831,-0.002688422,-0.006881915,-0.011288667,4,0.003789312,0.650118521,-0.023848847,2.225594742,0.012495332
2021-04-16,0.001224522,-0.001865605,-0.002635463,-0.002745915,-0.001124368,-0.005110558,4,0.001643409,0.598571209,-0.056773063,2.415946981,-0.006881915
2021-04-19,0.001716526,0.001289357,-0.004517397,-0.003842103,-0.008326763,-0.009304889,0,0.004536234,0.653233683,-0.025357603,2.354051351,-0.001124368
2021-04-20,-0.00072476,0.00587462,-0.002452136,-0.013498626,-0.012988643,-0.016826358,0,0.006052877,0.692157932,0.027875448,2.32487954,-0.008326763
2021-04-21,3.71E-05,0.000224632,0.002559103,-0.005108062,0.01396376,-0.01535793,4,0.006657809,0.665427785,0.023283712,2.229530414,-0.012988643
2021-04-22,-0.000206482,0.002046861,-0.000240149,-0.007286042,0.006114069,-0.002361945,0,0.003133272,0.660813929,0.010695408,1.978224486,0.01396376
2021-04-23,-0.004161695,-0.003339357,0.003386111,-0.001264468,0.006558164,0.005320587,4,0.004598384,0.688355158,0.089783949,1.876683582,0.006114069
2021-04-26,-0.003601131,-0.008657014,0.006883418,0.010136347,0.009663924,0.023311274,3,0.006105733,0.651603429,-0.001630255,2.025328194,0.006558164
2021-04-27,0.000313773,-0.007618481,-0.003225557,0.009362926,0.001632537,0.037932454,2,0.002062258,0.678119945,-0.014037987,1.722285872,0.009663924
2021-04-28,-0.004007737,-0.011663273,-0.001939301,0.004864523,0.002100891,0.026069585,1,0.00261651,0.71662737,0.051199584,1.673199276,0.001632537
2021-04-29,0.000330638,-0.011126153,-0.004499335,0.000605337,-0.010522946,0.00943257,3,0.005070327,0.72577997,0.064966041,1.64009372,0.002100891
2021-04-30,0.001759384,-0.005205073,-0.001327681,-0.004108455,-0.00549782,-0.002623413,0,0.003091268,0.733727715,0.045372557,1.630928155,-0.010522946
2021-05-03,0.00426808,0.002664138,-0.007594647,-0.018586521,0.002097344,-0.010189994,3,0.005161275,0.707567487,0.055964058,1.812271871,-0.00549782
2021-05-04,0.007281012,0.009631377,-0.012306971,-0.027667936,-0.006185692,-0.018008223,1,0.008392699,0.698464319,0.020344374,1.800541996,0.002097344
2021-05-05,0.00214359,0.015782705,-0.004456912,-0.030185547,-0.003785823,-0.023894937,2,0.003135369,0.712916697,-0.003710673,1.702684302,-0.006185692
2021-05-06,0.001120358,0.016572425,-0.004427027,-0.030113239,-0.008110079,-0.02148207,4,0.004244275,0.707332869,-0.0184471,1.630181779,-0.003785823
2021-05-07,-0.000733178,0.014079863,0.001373869,-0.027411688,0.006041734,-0.009942517,4,0.003042144,0.726757854,-0.006969861,1.701386404,-0.008110079
2021-05-10,0.00948527,0.019297052,-0.015317727,-0.035134768,-0.015793636,-0.027833497,0,0.01234396,0.73102783,0.023460343,1.796070361,0.006041734
2021-05-11,-0.005015362,0.007000678,0.007783787,-0.01504401,0.006127875,-0.01551993,0,0.00587384,0.716105919,0.0176416,1.725841229,-0.015793636
2021-05-12,0.001595696,0.006452784,-0.005399492,-0.01598659,-0.011414641,-0.023148748,0,0.005890517,0.80871381,0.095797113,1.637854048,0.006127875
2021-05-13,0.000732798,0.006065224,-0.004964872,-0.016524435,0.004533025,-0.010505644,4,0.003903529,0.819736911,0.112404042,1.688918107,-0.011414641
2021-05-14,-0.004262043,0.002536359,0.008163713,-0.009734591,0.009617941,-0.006929437,4,0.006623721,0.83691736,0.110159506,1.69542038,0.004533025
2021-05-17,0.00095154,-0.005997371,-0.001266262,0.004316874,0.003652025,0.012516224,1,0.002086603,0.83394976,0.10292193,1.67568208,0.009617941
2021-05-18,0.000741627,-0.000240382,0.002901392,-0.000565521,0.001235022,0.007623371,0,0.001230792,0.830882686,0.114776767,1.598971065,0.003652025
2021-05-19,-0.00189714,-0.003733217,0.0026546,0.007488571,-0.004880606,0.014157407,0,0.003173656,0.817033031,0.008319221,1.543983875,0.001235022
2021-05-20,-0.004965174,-0.00943119,0.007089679,0.019543122,-0.004083214,0.005541168,4,0.005496362,0.818246091,-0.001490821,1.537700602,-0.004880606
2021-05-21,0.00440662,-0.000762527,-0.004010922,0.007368487,0.004180058,0.000103285,2,0.003989331,0.804939412,-0.031977948,1.529007268,-0.004083214
2021-05-24,-0.004435788,-0.006149855,0.004156497,0.012791246,-0.004428711,-0.00797745,4,0.00412411,0.818684874,-0.015264886,1.456982329,0.004180058
2021-05-25,-0.000245436,-0.007136918,0.001834702,0.011724556,-0.007612955,-0.016825428,0,0.004175813,0.816824037,-0.01405865,1.46594414,-0.004428711
2021-05-26,-0.001566475,-0.006806254,0.004026006,0.013095961,0.017663083,0.005718261,4,0.00874485,0.803554896,-0.013478135,1.556302671,-0.007612955
2021-05-27,0.00295209,0.00111101,-0.001289824,0.004716458,0.009361007,0.019162482,3,0.00474794,0.808212771,-0.01003332,1.602616948,0.017663083
2021-05-28,0.001110085,-0.002185525,0.000138086,0.008865467,-0.002573986,0.012408438,3,0.001574517,0.802473981,-0.002465431,1.598798174,0.009361007
2021-06-01,0.001819697,0.00406996,-0.000399644,0.004309326,0.011786027,0.028623175,2,0.005738214,0.803918399,-0.014766475,1.623058645,-0.002573986
2021-06-02,-0.000721059,0.003594338,-1.90E-06,0.00247272,-0.000100199,0.036135932,4,0.000346685,0.815053813,-0.001770224,1.610473811,0.011786027
2021-06-03,0.002960521,0.008121334,-0.006727666,-0.008280951,-0.004483489,0.01398936,0,0.004363088,0.817320756,0.01376586,1.615538496,-0.000100199
2021-06-04,-0.003621696,0.001547548,0.005786636,-0.00120449,-0.005658881,-0.001030528,4,0.00501906,0.823948793,0.015736022,1.610475293,-0.004483489
2021-06-07,-0.002839163,-0.0024017,0.005651845,0.004309268,0.015027838,0.016571296,2,0.007879701,0.801965268,-0.000508713,1.643834221,-0.005658881
2021-06-08,-0.00105376,-0.005275157,0.002931477,0.007640389,0.010367827,0.015153096,3,0.005154527,0.821590275,0.017671876,1.544199017,0.015027838
2021-06-09,-0.002596963,-0.007151061,0.000880006,0.008522298,-0.005295251,0.009958044,0,0.002784812,0.840136732,0.02508292,1.612141499,0.010367827
2021-06-10,-0.004087204,-0.014198785,0.003133163,0.018383127,-0.011419463,0.00302207,3,0.006288884,0.699557062,-0.117763695,1.67407778,-0.005295251
2021-06-11,-0.001558893,-0.012135982,0.001548679,0.01414517,0.008554522,0.017235473,4,0.004463075,0.69369849,-0.130250303,1.759026941,-0.011419463
2021-06-14,-0.004306585,-0.013603404,0.005601954,0.014095279,-0.005957809,-0.003750174,2,0.005163638,0.559395409,-0.242569859,1.861579696,0.008554522
2021-06-15,-0.000735376,-0.013285021,-0.005157288,0.006006513,-0.000603391,-0.014721392,0,0.002377169,0.567895597,-0.253694678,1.883257332,-0.005957809
2021-06-16,-0.002370678,-0.013058736,0.003044143,0.008170651,0.003083061,-0.006343081,0,0.00263719,0.5345061,-0.305630632,1.962819949,-0.000603391
2021-06-17,-0.005760247,-0.01473178,0.009064622,0.014102109,-0.011397919,-0.006321536,1,0.008734682,0.487141369,-0.212415692,2.072478675,0.003083061
2021-06-18,-0.002683572,-0.015856458,0.003919931,0.016473361,-0.008759762,-0.023635821,0,0.005327615,0.595774148,-0.097924341,2.129274309,-0.011397919
2021-06-21,0.003570834,-0.00797904,-0.006017778,0.004853629,0.007466913,-0.010211099,4,0.005727689,0.655514517,0.096119107,1.968699389,-0.008759762
2021-06-22,-0.003088203,-0.010331867,0.002762559,0.012773476,-0.0008077,-0.010415407,4,0.002415229,0.650877928,0.082982331,2.076405194,0.007466913
2021-06-23,-0.001019936,-0.008981124,0.00237824,0.012107573,0.004353859,-0.009144608,2,0.002414897,0.6477516,0.1132455,2.026838527,-0.0008077
2021-06-24,0.003683444,0.000462567,0.001047396,0.004090348,0.007209662,0.009462972,4,0.003214557,0.67101775,0.183876381,1.900247996,0.004353859
2021-06-25,0.003582068,0.006728207,-0.003973882,-0.003803465,-0.002990966,0.015231768,3,0.003401373,0.664577966,0.068803817,1.854677324,0.007209662
2021-06-28,-0.00669462,-0.003537247,0.007397819,0.009612132,-0.00749181,0.000273045,2,0.006931848,0.642244937,-0.01326958,1.866665305,-0.002990966
2021-06-29,-1.42E-05,-0.000463287,0.001639439,0.008489012,-0.006107362,-0.005026617,3,0.00341396,0.657046466,0.006168538,1.837769371,-0.00749181
2021-06-30,0.004784326,0.005340974,-0.003006781,0.003103992,-0.000586938,-0.009967414,3,0.003261933,0.6419538,-0.0057978,1.837468219,-0.006107362
2021-07-01,-0.001417842,0.000239688,-0.003938181,-0.001881586,0.002899944,-0.014277132,4,0.002853135,0.638098361,-0.03291939,1.840646581,-0.000586938
2021-07-02,-0.003069307,-0.006411686,0.000548752,0.002641048,-0.017655349,-0.028941515,3,0.008556992,0.600101293,-0.064476673,1.923782768,0.002899944
2021-07-06,-0.004001757,-0.003718824,0.003683091,-0.001073679,-0.011626194,-0.033075899,1,0.006559413,0.630921062,-0.011323875,1.897226656,-0.017655349
2021-07-07,-0.000338062,-0.004042641,-0.003256518,-0.005969637,-0.01291747,-0.039886007,3,0.006039268,0.632053636,-0.02499283,1.856474975,-0.011626194
2021-07-08,0.001076995,-0.007749973,0.001393068,-0.001569788,-0.000843609,-0.040142678,0,0.001024841,0.648530047,0.006576246,1.738262468,-0.01291747
2021-07-09,0.001722776,-0.004609355,-0.001499685,0.000868708,0.010205983,-0.032836639,4,0.005234109,0.703471595,0.065373235,1.825497379,-0.000843609
2021-07-12,0.000162217,-0.001377831,-0.001317143,-0.000997188,-0.002647276,-0.017828566,4,0.00131086,0.710077337,0.109976044,1.773506051,0.010205983
2021-07-13,0.000449655,0.003073581,-0.000257215,-0.004937494,-0.015483533,-0.021685905,0,0.007779327,0.729496173,0.098575111,1.852777831,-0.002647276
2021-07-14,0.000108735,0.003520377,-0.003394632,-0.005075608,-0.017601551,-0.026369986,2,0.008411868,0.728438405,0.096384769,1.936807441,-0.015483533
2021-07-15,0.004806157,0.00724954,-0.003709297,-0.010177973,-0.002228015,-0.027754392,1,0.003719418,0.721814968,0.073284922,1.972469176,-0.017601551
2021-07-16,-0.001020181,0.004506583,-0.000433192,-0.009111479,-0.004859465,-0.042819839,0,0.002227094,0.778037107,0.074565512,1.879574744,-0.002228015
2021-07-19,-0.005149342,-0.000804976,0.005387066,-0.00240727,0.000830834,-0.03934173,0,0.004318219,0.760777555,0.050700218,1.715897727,-0.004859465
2021-07-20,0.001014541,-0.00024009,0.000514204,-0.001635851,0.01437316,-0.009485037,4,0.006944153,0.788694296,0.059198123,1.824171663,0.000830834
2021-07-21,4.51E-05,-0.000303702,0.000928069,0.00268685,0.00974047,0.017856984,4,0.004727384,0.802249002,0.073810597,1.890962017,0.01437316
2021-07-22,-0.001286369,-0.006396229,0.001577153,0.007973299,-0.017605302,0.002479696,3,0.008928245,0.793772133,0.071957165,1.941083589,0.00974047
2021-07-23,-0.003277405,-0.008653454,0.000229771,0.008636262,-0.005481205,0.001857957,4,0.002747879,0.789728907,0.0116918,1.837051616,-0.017605302
2021-07-26,-2.18E-05,-0.003525901,-0.002128692,0.001120504,0.000905355,0.001932478,4,0.001286324,0.794433796,0.033656241,1.846221679,-0.005481205
2021-07-27,0.002279548,-0.002260895,-0.00748823,-0.006881929,-0.00665838,-0.019099061,0,0.004844143,0.813903474,0.025209178,1.830948121,0.000905355
2021-07-28,-0.003459698,-0.005765716,0.007119621,-0.000690377,0.015188353,-0.013651179,2,0.00825692,0.785053241,-0.017195762,1.904193488,-0.00665838
2021-07-29,0.000190322,-0.004289024,-0.003135772,-0.005403301,0.002553019,0.006507143,4,0.00233443,0.791397006,-0.002375127,1.913021774,0.015188353
2021-07-30,0.001162995,0.000151376,-0.001749213,-0.007382285,-0.000750002,0.011238345,0,0.001228608,0.792499168,0.002770261,1.869384341,0.002553019
2021-08-02,-0.000944762,-0.000771595,0.002416196,-0.002837397,-0.002995938,0.007337052,1,0.00224538,0.81313204,0.018698244,1.891027416,-0.000750002
2021-08-03,-0.00021509,-0.003266233,-0.002720675,0.001930157,-0.004529528,0.009465903,4,0.002162738,0.822308736,0.008405262,1.817884622,-0.002995938
2021-08-04,-0.004618276,-0.004424811,0.005945727,0.000756263,-0.00769213,-0.01341458,1,0.005936377,0.821369948,0.036316707,1.81354856,-0.004529528
2021-08-05,0.001787821,-0.002827313,0.001735372,0.005627407,0.011922282,-0.004045317,4,0.005437768,0.822358439,0.030961432,1.934021988,-0.00769213
2021-08-06,0.002431906,-0.001558402,-0.005667048,0.001709571,0.003567273,0.000271958,3,0.004112074,0.792424145,-7.50E-05,1.919527187,0.011922282
2021-08-09,-0.002093633,-0.002707273,0.002585015,0.00187839,-0.004837579,-0.001569683,1,0.003148831,0.789971204,-0.023160836,1.930788414,0.003567273
2021-08-10,0.003635599,0.001143416,-0.005855202,-0.001256136,0.001041732,0.004001577,3,0.00400996,0.779246054,-0.043062682,1.853028747,-0.004837579
2021-08-11,0.004952595,0.010714287,-0.002828074,-0.010029937,0.003616266,0.015309973,3,0.003529137,0.78963106,-0.031738888,1.772175882,0.001041732
2021-08-12,-0.003718484,0.005207983,-0.00068157,-0.01244688,-0.006927951,-0.00354026,3,0.003173181,0.79014114,-0.032217298,1.770844121,0.003616266
2021-08-13,-0.00116872,0.001607356,-0.001157918,-0.00793775,-0.010990063,-0.018097596,3,0.005136618,0.766382089,-0.026042056,1.82960425,-0.006927951
2021-08-16,0.000475589,0.004176579,-0.004585276,-0.015108041,-0.008767402,-0.022027419,2,0.004346011,0.727646383,-0.062324821,2.250393015,-0.010990063
2021-08-17,-0.000864769,-0.000323789,-0.002257643,-0.011510482,-0.007645609,-0.03071476,0,0.003430867,0.669498245,-0.10974781,2.176532403,-0.008767402
2021-08-18,-7.73E-05,-0.005353714,0.001878547,-0.006803861,0.002324081,-0.032006944,0,0.001249233,0.650811219,-0.138819841,1.823735691,-0.007645609
2021-08-19,-0.003161866,-0.004797096,-0.00016329,-0.00628558,-0.013541716,-0.038620709,2,0.006384337,0.671118798,-0.119022342,1.782089132,0.002324081
2021-08-20,-0.001653976,-0.005282351,0.003709107,-0.001418555,0.008254557,-0.019376088,4,0.004399182,0.695611499,-0.07077059,2.000322913,-0.013541716
2021-08-23,-0.002366567,-0.008124508,0.006887612,0.010054333,0.010114733,-0.000493953,4,0.005825123,0.728899797,0.001253415,2.052360556,0.008254557
2021-08-24,-0.000630406,-0.007890145,0.003655133,0.015967108,0.008691905,0.015843561,4,0.004281228,0.720005623,0.050507379,2.093904666,0.010114733
2021-08-25,-0.001108789,-0.008921604,-0.000749971,0.013338591,0.001522737,0.015042216,4,0.001166529,0.758301587,0.107490368,1.996906124,0.008691905
2021-08-26,0.000393546,-0.005366192,-0.00056409,0.01293779,-0.005516187,0.023067745,0,0.002757817,0.774342057,0.103223259,1.971711272,0.001522737
2021-08-27,-0.001900971,-0.005613187,0.003446445,0.012675128,0.019363755,0.034176943,4,0.009680697,0.787331114,0.091719615,2.251439563,-0.005516187
2021-08-30,-0.005876901,-0.00912352,0.0046771,0.010464616,-0.009210197,0.014852012,2,0.00616844,0.762925572,0.034025774,2.257035172,0.019363755
2021-08-31,0.000244627,-0.008248488,0.000914359,0.007723843,0.004777537,0.010937645,1,0.002229363,0.765256185,0.045250562,2.341708396,-0.009210197
2021-09-01,-0.001675642,-0.00881534,0.002968828,0.011442641,0.00551628,0.014931188,3,0.00318637,0.770739109,0.012437522,2.346026779,0.004777537
2021-09-02,0.000872417,-0.008336469,-0.001415668,0.010591064,0.004549651,0.024997025,4,0.002546353,0.754984106,-0.019357951,2.289091423,0.00551628
2021-09-03,-0.001775559,-0.008211058,0.002442282,0.009586902,-0.00487371,0.000759561,1,0.00307927,0.772112061,-0.015219052,2.296381029,0.004549651
2021-09-07,-0.004235788,-0.006569945,0.004104755,0.009014557,-0.003797087,0.006172671,1,0.003888069,0.767321476,0.004395904,2.267640056,-0.00487371
2021-09-08,-0.000646303,-0.007460874,-0.004400582,0.003699615,-0.010118558,-0.008723424,0,0.00464293,0.794485036,0.029228851,2.320436567,-0.003797087
2021-09-09,0.000276649,-0.005508584,0.002101768,0.002832556,0.004349469,-0.009890235,0,0.002007962,0.815404639,0.04466553,2.245277139,-0.010118558
2021-09-10,-6.65E-05,-0.006447498,-0.000992129,0.003256095,-0.001888522,-0.016328407,0,0.00089141,0.831186858,0.076202752,2.177581631,0.004349469
2021-09-13,0.005265576,0.000593636,-0.002929745,-0.002115932,0.003647784,-0.007806914,3,0.003681716,0.818348897,0.046236836,2.150449825,-0.001888522
2021-09-14,-0.002647789,0.002181634,0.001263352,-0.004957335,-0.008077362,-0.012087189,0,0.004142029,0.845511639,0.078190163,2.170526311,0.003647784
2021-09-15,-0.001612684,0.001215253,-0.000241333,-0.000798086,0.00257334,0.000604709,4,0.001746588,0.838161993,0.043676957,2.080353032,-0.008077362
2021-09-16,-0.000260914,0.00067769,0.002896269,-3.58E-06,0.000862882,-0.002881878,1,0.001430804,0.830574881,0.015170241,2.294127156,0.00257334
2021-09-17,0.004351625,0.005095813,2.46E-05,0.001013161,0.010924622,0.009931265,1,0.00515608,0.823723917,-0.007462941,2.010408193,0.000862882
2021-09-20,-0.000801902,-0.000971665,-0.005061499,-0.001118593,-0.007621022,-0.00133754,0,0.003600203,0.864498831,0.046149933,1.880376437,0.010924622
2021-09-21,-0.000678803,0.000997321,0.003019049,0.000637103,0.002634866,0.009374688,2,0.001855623,0.84780593,0.002294291,1.87454582,-0.007621022
2021-09-22,0.000454789,0.003064795,0.000676158,0.001554594,0.005228081,0.012029428,4,0.002441826,0.862016271,0.023854278,1.785489026,0.002634866
2021-09-23,0.00261482,0.00594053,-0.001684602,-0.003026277,0.006019918,0.017186464,4,0.003358496,0.87349137,0.042916489,1.729988158,0.005228081
2021-09-24,-0.000505994,0.001082911,-0.001761607,-0.004812502,-0.006327804,-6.60E-05,2,0.002882715,0.864798542,0.041074625,1.71983777,0.006019918
2021-09-27,0.004829155,0.006713968,-0.002398748,-0.002149751,0.017322086,0.024877148,2,0.008786148,0.826430823,-0.038068008,1.601462307,-0.006327804
2021-09-28,0.004110505,0.011503276,-0.008109091,-0.013277891,-0.002136687,0.020105595,0,0.005092761,0.881673356,0.033867427,1.496315983,0.017322086
2021-09-29,0.001073757,0.012122244,-0.003924479,-0.017878529,-0.003574635,0.011302879,2,0.002517354,0.878275324,0.016259053,1.483874707,-0.002136687
2021-09-30,-0.004046099,0.005461325,0.007571106,-0.00862282,0.002526752,0.007809713,0,0.004862136,0.865018872,-0.008472498,1.433546937,-0.003574635
2021-10-01,0.002731138,0.008698457,-0.003283982,-0.010145195,0.005335468,0.019472985,4,0.003696508,0.874747937,0.009949394,1.415547963,0.002526752
2021-10-04,0.003600898,0.0074702,-0.008525736,-0.016272183,0.002234618,0.004385516,0,0.005441778,0.878024307,0.051593484,1.381288834,0.005335468
2021-10-05,-0.001342962,0.002016733,0.001963818,-0.006199274,-0.005570474,0.000951729,4,0.003191949,0.885583019,0.003909663,1.3156564,0.002234618
2021-10-06,-0.001117126,-0.00017415,0.000611214,-0.001663581,-0.010126009,-0.005599645,3,0.00502985,0.880626636,0.002351312,1.283911992,-0.005570474
2021-10-07,0.001507434,0.005379382,0.002170254,-0.007064433,0.007471888,-0.000654509,4,0.003252343,0.889534046,0.024515174,1.309896656,-0.010126009
2021-10-08,0.001665448,0.004313692,-0.003179933,-0.006960384,-0.005668382,-0.011658359,0,0.003271995,0.884405724,0.009657787,1.319013009,0.007471888
2021-10-11,-0.000337137,0.000375658,0.000466749,0.002032101,0.00129852,-0.012594457,0,0.000708938,0.887570549,0.009546242,1.30861517,-0.005668382
2021-10-12,-0.000998658,0.000719962,0.001018753,0.001087036,0.008538873,0.00151489,1,0.004344865,0.886462773,0.000879754,1.282374345,0.00129852
2021-10-13,-0.003033409,-0.001196322,0.004263661,0.004739483,0.000422413,0.012063312,3,0.002993102,0.878286499,-0.002340137,1.286727695,0.008538873
2021-10-14,-0.00148381,-0.004187565,0.000212704,0.002781933,-0.002654575,0.001936849,4,0.00134672,0.888763505,-0.000770541,1.221007931,0.000422413
2021-10-15,0.003455429,-0.002397584,-0.002458874,0.003502993,-0.011190388,-0.003585157,3,0.006251194,0.880421226,-0.003984498,1.233771697,-0.002654575
2021-10-18,-0.00439391,-0.006454358,0.004951366,0.00798761,-0.002402863,-0.00728654,3,0.004030915,0.845049563,-0.042520986,1.187427578,-0.011190388
2021-10-19,-0.001746482,-0.007202182,-0.000249889,0.006718968,-0.003814084,-0.019639497,4,0.001753048,0.846359663,-0.04010311,1.178848675,-0.002402863
2021-10-20,0.000621227,-0.003547546,-0.004147249,-0.001691942,0.002414117,-0.017647793,3,0.002775156,0.838343826,-0.039942674,1.16081463,-0.003814084
2021-10-21,-0.003167253,-0.005230989,0.003206954,0.001302308,-0.000195935,-0.015189153,3,0.002604377,0.824212338,-0.064551166,1.123582615,0.002414117
2021-10-22,0.003147802,-0.005538617,-0.007209134,-0.003447952,-0.001067456,-0.005066221,1,0.004337573,0.822267628,-0.058153599,1.115094117,-0.000195935
2021-10-25,-0.002941088,-0.004085794,0.004268621,-0.004130696,0.004546466,0.001883108,4,0.003601644,0.853119283,0.00806972,1.08188769,-0.001067456
2021-10-26,-0.001378116,-0.003717429,-0.001227249,-0.005108057,-0.009004469,-0.003307277,3,0.004114557,0.78619201,-0.060167653,1.123348917,0.004546466
2021-10-27,-0.002407849,-0.006746505,0.005072895,0.004112087,-0.014102718,-0.019824112,1,0.00811816,0.777737665,-0.060606161,1.250632384,-0.009004469
2021-10-28,-0.003047617,-0.006626869,0.004055495,0.004960629,0.010212913,-0.009415265,4,0.005731843,0.783322564,-0.040889775,1.446204344,-0.014102718
2021-10-29,0.000542517,-0.009232153,0.001301367,0.013471129,-0.002291294,-0.010639102,3,0.001547887,0.775731911,-0.046535717,1.414278716,0.010212913
2021-11-01,0.0008302,-0.005460866,0.004474753,0.013677261,0.024379671,0.009194103,4,0.011471512,0.694140261,-0.158979023,1.885774435,-0.002291294
2021-11-02,0.000183446,-0.003899304,-0.000237611,0.014666899,-0.002088859,0.016109713,4,0.001049651,0.691762904,-0.094429106,1.970275262,0.024379671
2021-11-03,-0.003533723,-0.005025178,0.003856761,0.013450765,0.01136051,0.041572942,4,0.006384791,0.699662407,-0.078075258,2.004762532,-0.002088859
2021-11-04,-0.005095935,-0.007073495,0.003935284,0.013330553,-0.00494302,0.026417009,2,0.004342609,0.669532022,-0.113790542,1.992689568,0.01136051
2021-11-05,0.001897702,-0.005718311,-0.001765435,0.010263751,0.010594087,0.039302389,4,0.005482975,0.647907352,-0.127824559,2.033986044,-0.00494302
2021-11-08,0.001978724,-0.004569787,-0.000213267,0.005575731,0.001432329,0.016355047,4,0.001073303,0.602585762,-0.091554499,2.222533073,0.010594087
2021-11-09,0.000419413,-0.004333819,-0.002508513,0.00330483,-0.00284002,0.015603885,0,0.001679306,0.640843789,-0.050919114,2.245038588,0.001432329
2021-11-10,0.001628897,0.000828801,-0.008486748,-0.009038679,-0.007397932,-0.003154557,0,0.005118618,0.714859289,0.015196882,2.11538798,-0.00284002
2021-11-11,-0.004959361,0.000965375,0.004656893,-0.008317069,0.007601353,0.009389817,3,0.00549982,0.653994832,-0.01553719,2.578711847,-0.007397932
2021-11-12,-0.002223783,-0.003156109,0.00273074,-0.003820894,-0.006101414,-0.007305684,4,0.003732958,0.695595601,0.047688249,2.564294233,0.007601353
2021-11-15,-0.000345536,-0.005480369,-0.000437653,-0.004045281,-0.004498203,-0.013236215,0,0.002126929,0.711510047,0.108924285,2.579322261,-0.006101414
2021-11-16,-0.00234124,-0.008241022,0.003683531,0.002146763,-0.002155685,-0.01255188,4,0.002800677,0.712283142,0.071439353,2.674131209,-0.004498203
2021-11-17,-0.003254815,-0.013124735,-0.000673829,0.009959681,-0.009109813,-0.014263761,0,0.004144724,0.739324611,0.024465322,2.70999169,-0.002155685
2021-11-18,-0.005053157,-0.013218531,0.001141639,0.006444427,-0.009040777,-0.030905892,2,0.004712851,0.730726236,0.076731404,2.732755183,-0.009109813
2021-11-19,-0.006126842,-0.01712159,0.005376447,0.009090135,-0.007281634,-0.032086112,1,0.005869077,0.739285197,0.043689596,2.770449402,-0.009040777
2021-11-22,0.003687213,-0.013088841,-0.009500306,2.75E-05,-0.001850609,-0.029438518,1,0.005555569,0.706514435,-0.004995612,2.708958017,-0.007281634
2021-11-23,0.003791332,-0.006956268,-0.006690256,-0.010346305,-0.003153865,-0.030436699,2,0.004469211,0.681017795,-0.031265347,2.681262622,-0.001850609
2021-11-24,-0.002554338,-0.006255791,0.002142054,-0.007530422,-0.000745996,-0.022072882,3,0.00194372,0.671414678,-0.067909933,2.613187718,-0.003153865
2021-11-26,-0.002615277,-0.003817912,0.000420298,-0.008251764,-0.014383537,-0.027415642,0,0.006956787,0.796853659,0.066127424,2.001165312,-0.000745996
2021-11-29,-0.006357171,-0.004048241,0.005506984,-0.008121227,-0.014878557,-0.035012565,3,0.008760967,0.774710529,0.035425331,1.826038634,-0.014383537
2021-11-30,0.000406095,-0.007329359,0.003489449,0.004868528,-0.000254271,-0.033416227,0,0.001740795,0.824685538,0.118171103,1.425796527,-0.014878557
2021-12-01,-0.001593229,-0.01271392,-0.006538143,0.005020642,-0.011809116,-0.042071478,0,0.00533339,0.841507377,0.160489583,1.461358741,-0.000254271
2021-12-02,0.003899834,-0.006259748,-0.005785861,-0.002907272,0.012968813,-0.028356668,4,0.007877562,0.845546391,0.174131713,1.488330772,-0.011809116
2021-12-03,0.0067592,0.003114729,-0.010937341,-0.014264911,-0.013057329,-0.027030459,0,0.009337035,0.834650192,0.037796532,1.531135518,0.012968813
2021-12-06,0.006873382,0.016345283,-0.002445919,-0.022217814,0.008586567,-0.003565335,4,0.0053108,0.84862108,0.073910551,1.518270667,-0.013057329
2021-12-07,-0.006614535,0.009324653,0.009382945,-0.016324318,0.002079738,-0.001231326,4,0.006588902,0.868091724,0.043406186,1.467377065,0.008586567
2021-12-08,-0.002092198,0.008825684,0.003278423,-0.006507752,0.004839038,0.015416828,4,0.003133991,0.866496545,0.024989168,1.487719994,0.002079738
2021-12-09,0.007205349,0.0121312,-0.010019161,-0.010741052,-0.015724078,-0.013276063,0,0.010224708,0.852308786,0.006762394,1.52792237,0.004839038
2021-12-10,-0.003472525,0.001899474,-0.002233312,-0.002037023,-0.013294326,-0.013513061,3,0.005874625,0.859111635,0.024461443,1.478598818,-0.015724078
2021-12-13,0.000241198,-0.00473271,-0.004822855,-0.00441396,-0.005078845,-0.027178473,0,0.002931521,0.861954466,0.013333387,1.474147719,-0.013294326
2021-12-14,0.004499371,0.006381196,-0.003962111,-0.017759015,-0.002109359,-0.03136757,0,0.003641162,0.860506812,-0.007584912,1.460950241,-0.005078845
2021-12-15,-0.005491626,0.002981767,0.005077144,-0.015960294,0.000115302,-0.036091306,4,0.004317649,0.870384325,0.003887779,1.443563702,-0.002109359
2021-12-16,0.007952374,0.003728792,-0.01627313,-0.022214263,-0.010884477,-0.031251704,0,0.010867637,0.859635709,0.007326923,1.447249055,0.000115302
2021-12-17,-0.004595496,0.002605821,0.009632565,-0.010348386,0.020266167,0.002308788,1,0.011023595,0.82306457,-0.036047064,1.45232805,-0.010884477
2021-12-20,-0.000873814,0.001490809,-0.001066525,-0.006592056,-0.004338025,0.003049608,0,0.00190307,0.834917083,-0.027037384,1.438928487,0.020266167
2021-12-21,-0.001702635,-0.004711198,0.006134329,0.003504383,0.011430459,0.016589426,4,0.006007839,0.8566481,-0.003858712,1.478524008,-0.004338025
2021-12-22,-0.002796656,-0.002016227,0.001587696,1.49E-05,-0.001563435,0.014910688,4,0.001903054,0.862746254,-0.00763807,1.468237495,0.011430459
2021-12-23,-0.000718882,-0.010687484,0.002230561,0.018518626,0.002613955,0.02840912,4,0.001640096,0.865024422,0.005388713,1.472053609,-0.001563435
2021-12-27,-0.0040054,-0.010097387,7.96E-05,0.008965684,-0.004914456,0.003228498,4,0.002624501,0.846852643,0.023788073,1.434384762,0.002613955
2021-12-28,0.003647015,-0.005576558,-0.004646955,0.005385253,-0.005622034,0.001944489,1,0.004302695,0.85682667,0.021909587,1.470376045,-0.004914456
2021-12-29,0.001080138,-0.002793785,-0.002383545,-0.00313262,-0.000186442,-0.009672412,3,0.001452335,0.85021285,-0.00643525,1.548363994,-0.005622034
2021-12-30,0.000509533,0.000512404,0.001428896,-0.00329142,0.002794168,-0.005314809,0,0.00122602,0.831967281,-0.030778974,1.516644595,-0.000186442
2021-12-31,0.000985963,0.002217249,-0.003525245,-0.009047226,0.001080946,-0.006847818,0,0.00216304,0.831818688,-0.033205734,1.454081539,0.002794168
2022-01-03,0.000413795,0.006636444,0.005580459,-0.00354639,0.005709529,0.003776166,4,0.003144669,0.833468226,-0.013384417,1.415811786,0.001080946
2022-01-04,0.00647819,0.009467619,-0.012727658,-0.011627093,-0.000995193,0.008403008,1,0.007996444,0.819348214,-0.037478456,1.384048078,0.005709529
2022-01-05,0.008859041,0.017246521,-0.014436986,-0.023680534,-0.013972336,-0.005382887,0,0.011351681,0.826280216,-0.023932634,1.476474446,-0.000995193
2022-01-06,-0.003733799,0.01300319,-0.00031535,-0.025424779,0.006586556,-0.001590498,1,0.004313305,0.818749257,-0.013218024,1.473040585,-0.013972336
2022-01-07,0.003925732,0.015942959,-0.005600235,-0.02749977,-0.008052499,-0.010723943,0,0.00541489,0.82679228,-0.005026408,1.42311523,0.006586556
2022-01-10,-0.003061059,0.012468105,0.001905925,-0.031174304,-0.002538737,-0.018972209,1,0.002312044,0.832594348,-0.000873878,1.458890382,-0.008052499
2022-01-11,-0.004053392,0.001936522,0.004878364,-0.013568283,0.001351139,-0.016625877,4,0.003690986,0.827619635,0.008271421,1.444663256,-0.002538737
2022-01-12,-0.001757835,-0.008680354,-0.000510737,0.000357967,-0.011024225,-0.013677766,3,0.005186835,0.817839585,-0.008440631,1.465500518,0.001351139
2022-01-13,0.009465091,0.004518536,-0.011098087,-0.01042477,0.006679002,-0.01358532,0,0.00914693,0.796406904,-0.022342352,1.440355075,-0.011024225
2022-01-14,-0.006423582,-0.005830778,0.005034837,0.000210302,0.000577899,-0.004954922,3,0.004718107,0.794084284,-0.032707996,1.391693187,0.006679002
2022-01-18,0.003313644,0.000543925,-0.007758131,-0.009453754,-0.012546855,-0.01496304,0,0.00722071,0.886050287,0.053455939,1.457770902,0.000577899
2022-01-19,8.23E-05,0.004679652,-0.001816685,-0.016148803,-0.006349091,-0.022663271,0,0.003015658,0.88787113,0.060251494,1.473089549,-0.012546855
2022-01-20,0.002115611,0.008553098,-0.001973558,-0.017611624,-0.007860326,-0.019499372,0,0.004291951,0.865164785,0.0473252,1.422648401,-0.006349091
2022-01-21,0.006048128,0.005136135,-0.008488782,-0.015002319,0.00108935,-0.025089024,0,0.00603792,0.865975901,0.069568996,1.372580104,-0.007860326
2022-01-24,0.000120895,0.011680612,0.003473775,-0.01656338,0.019906576,-0.005760346,4,0.009491687,0.846618382,0.052534098,1.516252004,0.00108935
2022-01-25,0.010301721,0.018668689,-0.01081313,-0.019618379,-0.00235661,0.004429898,0,0.008689965,0.823903298,-0.062146989,1.621479983,0.019906576
2022-01-26,-0.002289265,0.01629709,0.001706762,-0.016094932,-0.012355065,-0.001576075,1,0.00629699,0.817760557,-0.070110573,1.636296122,-0.00235661
2022-01-27,0.005184711,0.01936619,-0.008681578,-0.022802953,-0.017720517,-0.011436266,0,0.010061865,0.794495086,-0.070669698,1.702733895,-0.012355065
2022-01-28,-0.007660819,0.005657242,0.006753138,-0.007561034,-0.004967245,-0.017492862,4,0.006333452,0.84071863,-0.025257271,1.451784275,-0.017720517
2022-01-31,-0.00707482,-0.001538473,0.014802916,0.003768107,0.011285188,-0.02611425,4,0.010102122,0.869875793,0.023257411,1.484453861,-0.004967245
2022-02-01,0.00091183,-0.010928364,0.000585127,0.015166364,0.004089208,-0.019668431,4,0.001834314,0.868130378,0.044227079,1.477118579,0.011285188
2022-02-02,-0.003069061,-0.01170816,-0.004403357,0.009056244,-0.019779778,-0.027093144,3,0.008838887,0.86781278,0.050052223,1.442011676,0.004089208
2022-02-03,0.010043382,-0.006849489,-0.01338877,0.004349053,0.005546258,-0.003826369,0,0.010160031,0.859750023,0.065254937,1.316998336,-0.019779778
2022-02-04,-0.00575398,-0.00494265,0.010525998,0.008121913,0.000530692,0.001671567,3,0.00676158,0.863028076,0.022309446,1.305530399,0.005546258
2022-02-07,0.003748211,0.005880381,-0.002149071,-0.008830074,0.00880951,-0.000804111,2,0.004802432,0.861272216,-0.008603577,1.309760183,0.000530692
2022-02-08,0.002169257,0.007137808,0.00430896,-0.005106241,0.00778518,0.002891861,4,0.003317666,0.868364472,0.000234095,1.334558284,0.00880951
2022-02-09,-0.005841296,0.004365573,0.0062204,0.005517517,0.00405763,0.026729269,4,0.005302745,0.873633013,0.005820233,1.337540283,0.00778518
2022-02-10,0.003453462,-0.002224347,-0.002972314,0.015933972,0.002638097,0.023821108,0,0.002903342,0.87971641,0.019966386,1.304790397,0.00405763
2022-02-11,0.004760643,0.008290277,-0.009051367,-0.003643393,0.008855933,0.032146349,0,0.007698663,0.882918726,0.01989065,1.283586335,0.002638097
2022-02-14,-0.001112372,0.003429694,0.003831279,0.002336957,-0.00077316,0.022563679,0,0.002277964,0.887260661,0.025988445,1.283551965,0.008855933
2022-02-15,-0.003490081,-0.002229644,0.009336554,0.007364552,0.011532241,0.02631074,4,0.007230481,0.889003614,0.020639141,1.276348931,-0.00077316
2022-02-16,-0.002441686,0.001169966,-0.001989651,-0.000845499,0.000490814,0.022743925,2,0.001446779,0.886905847,0.013272834,1.261796541,0.011532241
2022-02-17,0.00342828,0.001144783,-0.007865828,-0.005739014,-0.003541185,0.016564643,0,0.004839053,0.896176074,0.016459665,1.237618997,0.000490814
2022-02-18,0.000382535,-0.003233325,-0.00517942,-0.001867066,-0.002101174,0.005607537,0,0.002548977,0.890418506,0.007499781,1.260091901,-0.003541185
2022-02-22,-0.004066746,-0.006187698,-0.002174774,-0.007873119,-0.004423854,0.001956842,0,0.002033142,0.898479976,0.011219315,1.2115128,-0.002101174
2022-02-23,0.004650976,0.001953359,-0.007461809,-0.024671482,0.000194998,-0.009380401,0,0.005021206,0.91087954,0.021875926,1.195818083,-0.004423854
2022-02-24,-0.012071163,-0.007676118,0.018056285,-0.004625546,0.011510104,0.001638888,4,0.013262782,0.908864161,0.021958314,1.213794946,0.000194998
2022-02-25,0.002693561,-0.008410836,-0.005854479,-0.002614196,0.000129339,0.005309413,4,0.003617057,0.914950046,0.018773971,1.133743775,0.011510104
2022-02-28,-0.002444636,-0.011238007,0.006583193,0.009148418,0.005947673,0.01335826,2,0.00444434,0.907965071,0.017546565,1.182642424,0.000129339
2022-03-01,-0.002196569,-0.009367831,-0.000454957,0.010868235,-0.003920068,0.013862046,0,0.001789076,0.902738542,0.004258566,1.165923562,0.005947673
2022-03-02,-0.000716891,-0.014735698,-0.002376599,0.015953444,0.00629314,0.019960189,4,0.003795011,0.906147363,-0.004732178,1.169195981,-0.003920068
2022-03-03,0.002411462,-0.000253074,-0.010421022,-0.012523863,-0.007666527,0.000783558,0,0.006103375,0.920873156,0.012008995,1.193086599,0.00629314
2022-03-04,0.002629347,-0.000317287,-0.008756378,-0.015425762,-0.007659522,-0.007005303,0,0.005619568,0.916921973,0.001971927,1.256367071,-0.007666527
2022-03-07,0.005954337,0.008081685,-0.006950499,-0.028959455,0.004876664,-0.008076312,0,0.005881634,0.930586392,0.022621321,1.206271768,-0.007659522
2022-03-08,0.001614858,0.011893113,0.004496486,-0.024008013,0.01322789,0.009071645,1,0.005896375,0.928307043,0.025568501,1.205458695,0.004876664
2022-03-09,-0.005542233,0.007067771,0.009945281,-0.011686132,0.001406596,0.004185101,4,0.00640743,0.935756774,0.029609412,1.161633712,0.01322789
2022-03-10,0.000925207,0.005581517,-0.005218629,-0.00648374,0.002007086,0.013858714,0,0.00320477,0.932102016,0.01122886,1.164561887,0.001406596
2022-03-11,0.006092683,0.009044852,-0.00898841,-0.006715772,-0.002988779,0.018529456,0,0.00627663,0.927997381,0.011075408,1.181775678,0.002007086
2022-03-14,0.007480452,0.010570967,-0.01320807,-0.012973343,-0.011907348,0.001745444,1,0.009907021,0.916389866,-0.014196526,1.236215096,-0.002988779
2022-03-15,-0.003161226,0.005794884,0.007601394,-0.009868435,-0.007246244,-0.01872869,4,0.00627997,0.92003477,-0.008272273,1.185306583,-0.011907348
2022-03-16,-0.00679033,0.004546787,0.014852442,-0.004961274,0.008742925,-0.01139236,4,0.009531352,0.923056457,-0.012700317,1.173070247,-0.007246244
2022-03-17,-8.54E-05,0.003536179,0.000905191,0.001162546,0.00447732,-0.008922126,4,0.00214928,0.925400032,-0.006701984,1.178207745,0.008742925
2022-03-18,-0.003674928,-0.006231433,0.008694763,0.01884572,-0.001419319,-0.007352665,4,0.005412256,0.918787256,-0.009210125,1.16987628,0.00447732
2022-03-21,-0.005392631,-0.019104515,-0.003559141,0.028494649,-0.009295362,-0.004740679,0,0.003869205,0.915519791,-0.000870075,1.178663928,-0.001419319
2022-03-22,-0.003902979,-0.019846268,0.008107787,0.029001042,-0.000456466,0.0020491,4,0.005088068,0.91470176,-0.00533301,1.167729466,-0.009295362
2022-03-23,-0.000633688,-0.013689626,-0.000938135,0.013210466,-0.005103662,-0.011797487,0,0.002322965,0.911177064,-0.011879393,1.192364835,-0.000456466
2022-03-24,-0.004122933,-0.017727159,0.004911737,0.017217012,-0.002986103,-0.019260911,4,0.004034581,0.927628111,0.002228079,1.147814909,-0.005103662
2022-03-25,-0.000646339,-0.01469857,-0.006642883,0.001879366,-0.003830273,-0.021671866,3,0.00307169,0.930750996,0.01196374,1.155946954,-0.002986103
2022-03-28,-0.004408113,-0.013714052,0.005894185,0.011332692,-0.007081015,-0.019457519,4,0.005671208,0.932813624,0.017293833,1.154409799,-0.003830273
2022-03-29,-0.002550642,-0.012361715,0.006092388,0.009317292,0.013959528,-0.005041525,4,0.007346603,0.927781586,0.013079826,1.20570846,-0.007081015
2022-03-30,0.004459362,-0.007268666,-0.005892926,0.004362501,-0.013586848,-0.013524712,0,0.007806231,0.924500587,0.013323522,1.224420867,0.013959528
2022-03-31,2.78E-05,-0.003117953,0.000303003,-0.000246233,0.005711756,-0.004826852,0,0.002804085,0.921620402,-0.006007709,1.176101017,-0.013586848
2022-04-01,0.000622197,-0.001849417,-0.000526781,0.005869868,0.006679305,0.005682726,4,0.003356761,0.918555544,-0.012195451,1.167124744,0.005711756
2022-04-04,-0.005087083,-0.002528387,0.010768966,0.01074465,-0.005989932,0.006773809,4,0.007696419,0.896807463,-0.036006161,1.268334749,0.006679305
2022-04-05,0.004560762,0.004583018,-0.010224211,-0.005571948,-0.011226131,-0.01841185,0,0.007746969,0.916461852,-0.011319734,1.326819917,-0.005989932
2022-04-06,0.005579504,0.00570316,-0.012686922,-0.012365944,-0.004560321,-0.009385322,0,0.007721212,0.904292566,-0.020208021,1.346802216,-0.011226131
2022-04-07,-0.001723852,0.003951529,-0.003634025,-0.016302972,-0.007790609,-0.022887688,3,0.003349165,0.904467879,-0.017152523,1.358930149,-0.004560321
2022-04-08,0.006624003,0.009953335,-0.010841586,-0.026617777,-0.004957188,-0.034524181,1,0.007415007,0.890389652,-0.028165892,1.391240788,-0.007790609
2022-04-11,0.005053996,0.020094413,-0.005030253,-0.042416996,0.009856251,-0.018677998,0,0.006418422,0.89168975,-0.005117713,1.265453217,-0.004957188
2022-04-12,0.000863231,0.016396882,0.000407292,-0.031785493,0.006760617,-0.000691249,1,0.003188113,0.883704338,-0.032757514,1.323973337,0.009856251
2022-04-13,-0.00110363,0.009713747,0.009026365,-0.010072207,0.007910729,0.011779801,4,0.005247166,0.867015898,-0.037276668,1.324897105,0.006760617
2022-04-14,0.008933452,0.02037105,-0.009454036,-0.015892217,0.002233486,0.021803896,0,0.007603515,0.857016441,-0.047451438,1.277183224,0.007910729
2022-04-18,-0.000943452,0.012803596,-0.001198208,-0.00624884,-0.007229221,0.019531863,0,0.003298186,0.84740657,-0.042983082,1.302149583,0.002233486
2022-04-19,-0.001518746,0.006230854,0.005390115,0.004171527,0.004285031,0.013960643,4,0.003321129,0.869951951,-0.021737799,1.294764327,-0.007229221
2022-04-20,0.007742509,0.013110132,-0.011688326,-0.007924091,0.004265756,0.011465781,2,0.008460388,0.847076291,-0.036628047,1.314370974,0.004285031
2022-04-21,0.004340709,0.018554472,-0.006049942,-0.023000398,-0.008331256,-0.004776205,0,0.005763406,0.857308059,-0.009707839,1.333181582,0.004265756
2022-04-22,-0.000479315,0.009141706,0.002347522,-0.01119884,0.002292197,-0.004717494,0,0.001490808,0.852512165,-0.004504276,1.270037419,-0.008331256
2022-04-25,0.001334458,0.011419616,0.007130566,-0.002870066,0.001270973,0.0037827,4,0.003190805,0.857706121,0.01029955,1.280309719,0.002292197
2022-04-26,0.004495184,0.017433546,-0.011784737,-0.020044918,-0.004605409,-0.005107739,0,0.006950395,0.888221633,0.018269683,1.282648437,0.001270973
2022-04-27,-0.000239881,0.009451156,-0.002240811,-0.010597402,-0.005502881,-0.014876376,2,0.002544675,0.881102645,0.034026354,1.19720528,-0.004605409
2022-04-28,-0.006162602,-0.001052156,0.005729635,0.001182174,-0.006612421,-0.01315754,4,0.005834413,0.905440445,0.048132386,1.094165885,-0.005502881
2022-04-29,0.008877508,0.008304667,-0.005647221,-0.006812569,0.008485847,-0.00696389,0,0.00703311,0.920311597,0.067799432,1.03296664,-0.006612421
2022-05-02,-0.003106481,0.003863727,0.010535328,-0.003407807,0.004380922,-0.003853942,4,0.005915183,0.919134401,0.06142828,1.028248916,0.008485847
2022-05-03,-0.002792264,-0.00342372,-0.002615067,0.005761863,0.003609763,0.00436123,4,0.002992095,0.923112719,0.034891086,1.050088739,0.004380922
2022-05-04,-0.001673131,-0.00485697,0.002000966,0.010003639,-0.002890551,0.006973559,4,0.002122627,0.938435862,0.057333217,0.996696529,0.003609763
2022-05-05,0.004591929,0.005897561,-0.014905495,-0.01063149,-0.004934463,0.008651517,0,0.008356293,0.951966995,0.04652655,1.018029049,-0.002890551
2022-05-06,0.00269792,-0.000282027,-0.008456511,-0.01344078,-0.011336399,-0.011170729,0,0.006689435,0.949291328,0.028979731,1.035654075,-0.004934463
2022-05-09,0.012492654,0.015317108,-0.011320658,-0.035296766,-0.01047002,-0.026021671,0,0.011138996,0.953511789,0.034377389,1.075655223,-0.011336399
2022-05-10,-0.005093097,0.013016275,0.007341037,-0.025340661,-0.002619426,-0.03225086,2,0.00537455,0.953223066,0.030110347,1.083265676,-0.01047002
2022-05-11,0.006392108,0.021081514,-0.015731485,-0.043073112,-0.008487809,-0.037848118,0,0.009676939,0.952829853,0.014393991,1.089366538,-0.002619426
2022-05-12,-0.001969447,0.014520138,0.001887935,-0.026279683,0.013583217,-0.019330438,2,0.00698505,0.944870148,-0.007096848,1.089763663,-0.008487809
2022-05-13,-0.008998628,0.00282359,0.013871169,-0.003952002,0.006588154,-0.001405884,4,0.009728849,0.950127306,0.000835978,1.113337304,0.013583217
2022-05-16,0.004784998,-0.004884066,-0.008165527,-0.000796871,-0.001213438,0.007850698,1,0.00534691,0.949228831,-0.004282958,1.114414254,0.006588154
2022-05-17,-0.006677012,-0.00646798,0.007243423,-0.000894485,0.011421202,0.021891327,4,0.007990991,0.947561801,-0.005661265,1.140261784,-0.001213438
2022-05-18,0.004920654,-0.007939434,-0.00717774,0.00765926,0.00502108,0.035400215,0,0.005745552,0.956552705,0.003722852,1.101120556,0.011421202
2022-05-19,-0.001701845,-0.007671831,0.00325071,0.009022036,0.00662246,0.028439459,1,0.003680024,0.955970054,0.011099906,1.094047819,0.00502108
2022-05-20,0.000134426,0.001461223,-0.003125486,-0.007974619,-0.001808315,0.02004299,2,0.001559726,0.958038166,0.00791086,1.103164781,0.00662246
2022-05-23,0.001201278,-0.002122497,-0.002600458,-0.00240955,-0.007453969,0.013802459,4,0.00383721,0.955141756,0.005912926,1.083331687,-0.001808315
2022-05-24,0.009670321,0.014224835,-0.015603541,-0.025256513,-0.007548043,-0.005166786,1,0.010778411,0.943710121,-0.003851681,1.083267287,-0.007453969
2022-05-25,-0.003421561,0.00588262,0.005597959,-0.012480815,0.009859179,-0.000328687,4,0.005888799,0.943451921,-0.013100784,1.101512765,-0.007548043
2022-05-26,-0.003723332,0.003861133,0.006712936,-0.009018589,0.001800512,-0.005150635,4,0.004337136,0.944882078,-0.011087976,1.12526499,0.009859179
2022-05-27,-0.00695336,-0.003226653,0.008276524,0.00238342,0.002215396,-0.001126924,4,0.006288288,0.945370015,-0.012668151,1.16809462,0.001800512
2022-05-31,-0.000437898,-0.004865829,0.002185492,0.00716937,-0.006424782,-9.77E-05,0,0.003686775,0.94585055,-0.009291207,1.170997014,0.002215396
2022-06-01,0.002134551,-0.012401599,0.000289555,0.023062465,0.002552336,0.010002642,0,0.001286251,0.94617909,0.00246897,1.165825566,-0.006424782
2022-06-02,-0.005091953,-0.014071992,0.008264236,0.025728743,0.004575988,0.004719451,4,0.005778014,0.946574522,0.003122601,1.19885415,0.002552336
2022-06-03,0.005942847,-0.004405813,-0.008522969,0.010492838,0.008748393,0.011667332,0,0.00763721,0.933727303,-0.011154776,1.18835144,0.004575988
2022-06-06,-0.002643789,-9.62E-05,0.000908344,0.003124658,0.000493316,0.009945252,4,0.001599203,0.93660927,-0.008760745,1.168943242,0.008748393
2022-06-07,-0.001479025,-0.001137369,-8.25E-05,0.00085664,0.006099058,0.022469092,4,0.003378638,0.928923128,-0.016927422,1.127343397,0.000493316
2022-06-08,0.002704962,-0.000566957,0.003519083,0.004086168,-0.004132318,0.015784438,0,0.003448816,0.932035058,-0.014144032,1.138856997,0.006099058
2022-06-09,0.004507027,0.009032023,-0.003770385,-0.007948454,0.002625763,0.013834212,0,0.003586887,0.93881389,-0.007760632,1.090205935,-0.004132318
2022-06-10,0.001896202,0.004985378,-0.00633278,-0.005758265,0.001834251,0.006920071,0,0.003888922,0.950808022,0.017080719,1.074463915,0.002625763
2022-06-13,0.011237106,0.018866273,-0.008397647,-0.015064255,-0.009228328,-0.002801573,0,0.009517539,0.955566053,0.018956783,1.108890504,0.001834251
2022-06-14,-0.001209542,0.019135756,0.005548035,-0.009433694,-0.000169614,-0.009070245,1,0.003051096,0.956929936,0.028006808,1.10854476,-0.009228328
2022-06-15,-0.004535068,0.011895726,0.010213846,-0.002738931,-0.000930432,-0.00586836,4,0.006327677,0.956359746,0.024324688,1.068779512,-0.000169614
2022-06-16,0.008578615,0.015967314,-0.008622766,-0.007591311,-0.01504966,-0.023543782,0,0.010287228,0.953715757,0.014901867,1.174504683,-0.000930432
2022-06-17,-0.003478744,0.010592368,0.01200127,0.010742739,0.007362677,-0.018015357,3,0.007006098,0.952580347,0.001772325,1.182334195,-0.01504966
2022-06-21,-0.002947615,-0.003592354,0.00059971,0.019740095,-0.007311569,-0.016098598,4,0.003613897,0.952310677,-0.003255376,1.147202697,0.007362677
2022-06-22,-0.000242131,-0.002624943,-0.000163944,0.014028117,-0.00091369,-0.016842674,0,0.000402032,0.956968308,3.84E-05,1.171021128,-0.007311569
2022-06-23,-0.003135614,-0.001225489,0.0065876,0.01040187,0.003088242,-0.012823999,4,0.004166219,0.969908836,0.01354909,1.16443452,-0.00091369
2022-06-24,-0.00362132,-0.013425424,0.002772448,0.021797083,0.000994793,0.003220453,4,0.00269473,0.972154723,0.018438966,1.133204995,0.003088242
2022-06-27,0.000993992,-0.008952688,-0.004204764,0.00559105,0.006369748,0.002227525,1,0.004349213,0.968379699,0.015799352,1.137284266,0.000994793
2022-06-28,0.004598806,-0.001406266,-0.009866645,-0.004875304,0.001604769,0.011143863,0,0.006264196,0.965059314,0.012748637,1.135176137,0.006369748
2022-06-29,0.00336851,0.002204375,0.00038548,-0.004325881,-0.010548264,0.001509288,1,0.006088809,0.961653441,0.004685133,1.133172283,0.001604769
2022-06-30,0.000582241,0.00592223,-0.004635208,-0.015548689,0.002157159,0.000578205,0,0.002919987,0.961257398,-0.008651438,1.132660152,-0.010548264
2022-07-01,-9.54E-05,0.009448109,-0.001552185,-0.019873322,0.001010031,0.000593444,4,0.00105466,0.958843272,-0.013311451,1.124725183,0.002157159
2022-07-05,-0.005753969,0.002700148,0.015735139,6.66E-05,0.006240511,0.000464207,3,0.009198931,0.954826344,-0.013553355,1.144731143,0.001010031
2022-07-06,-0.001313466,-0.003212125,-7.45E-05,0.009858693,-0.011511711,-0.012652274,3,0.005557266,0.951448041,-0.013611273,1.141035218,0.006240511
2022-07-07,-0.003739905,-0.01032054,0.007728949,0.017202162,0.009195547,0.007091538,4,0.006186633,0.953031869,-0.008621571,1.153510926,-0.011511711
2022-07-08,-0.000648924,-0.011551705,0.00203113,0.0238685,0.000694989,0.005629367,1,0.001147594,0.953447409,-0.007809989,1.151042471,0.009195547
2022-07-11,0.006337477,-0.005118788,-0.011243066,0.014177619,-0.009740884,-0.005121548,0,0.008323164,0.947793089,-0.011050183,1.185828979,0.000694989
2022-07-12,0.003092359,0.00372754,-0.000243404,-0.001800923,0.007073142,-0.004288917,0,0.003417565,0.943229651,-0.011596693,1.215321592,-0.009740884
2022-07-13,-0.002287076,0.002753931,0.002943218,0.001216827,0.003227791,0.010450585,0,0.002616655,0.921526408,-0.029921634,1.21169127,0.007073142
2022-07-14,-0.00164222,0.004851615,0.003324076,-0.003188046,-0.007790477,-0.006535438,1,0.004658651,0.920965748,-0.032066121,1.22330712,0.003227791
2022-07-15,0.00223824,0.00773878,-0.001292116,-0.006511291,0.00233805,-0.004892377,4,0.001774759,0.920159993,-0.033287416,1.228615667,-0.007790477
2022-07-18,0.001482506,0.002883809,0.000300485,0.005032261,0.004981966,0.009830473,0,0.002285238,0.893591096,-0.054201993,1.119168571,0.00233805
2022-07-19,-0.00326364,-0.00347219,0.00335586,0.008631525,0.007178588,0.009935919,4,0.004480666,0.917988825,-0.025240826,1.141852319,0.004981966
2022-07-20,-0.004378097,-0.00556321,0.009750265,0.015438571,0.009907814,0.016615942,4,0.007165443,0.909719502,-0.011806906,1.215016537,0.007178588
2022-07-21,-0.00474167,-0.00866266,0.00370788,0.015822375,-0.005043154,0.019363265,4,0.004180626,0.906656998,-0.014308751,1.204020021,0.009907814
2022-07-22,0.005071635,-0.005829265,-0.009499525,0.007614966,-0.006987116,0.010038099,0,0.00663844,0.905858526,-0.014301467,1.224991643,-0.005043154
2022-07-25,0.001526549,-0.005785223,-0.005670571,0.00164391,0.004694579,0.009750712,3,0.004337781,0.881539303,-0.012051792,1.290328858,-0.006987116
2022-07-26,0.004441862,0.001920279,-0.007246275,-0.008958225,0.004698943,0.007271067,0,0.005580364,0.885280256,-0.032708569,1.266011258,0.004694579
2022-07-27,-0.012184543,-0.005886167,0.014011434,-0.004697056,-0.002231215,-0.004867962,4,0.010796926,0.876894877,-0.032824625,1.242979773,0.004698943
2022-07-28,-0.001800527,-0.002945025,-0.001300152,-0.009705089,0.001209216,0.001384408,4,0.001354017,0.886554771,-0.020102227,1.208090104,-0.002231215
2022-07-29,-0.004455717,-0.012472377,0.004472809,0.004267245,-0.007615413,0.000756111,4,0.005273213,0.878371841,-0.027486685,1.200974444,0.001209216
2022-08-01,0.001403312,-0.012595614,0.001073421,0.011011237,0.001808156,-0.002130313,0,0.000774785,0.88046164,-0.001077663,1.197515831,-0.007615413
2022-08-02,-0.005654794,-0.02269227,0.005048559,0.023306071,0.006227884,-0.000601372,0,0.005426799,0.887065887,0.001785632,1.177479828,0.001808156
2022-08-03,-0.002748119,-0.013255847,0.010018681,0.019313317,-0.001548646,8.12E-05,4,0.005834934,0.897568082,0.020673205,1.140095551,0.006227884
2022-08-04,-0.001836963,-0.013292283,0.004907032,0.025520501,-0.000517163,-0.001645182,1,0.002949097,0.893144588,0.006589817,1.107585317,-0.001548646
2022-08-05,0.003966399,-0.004870167,-0.003340232,0.017707461,0.009651596,0.015621827,2,0.00558673,0.885886073,0.007514231,1.106315339,-0.000517163
2022-08-08,0.002124121,-0.004149357,0.000203629,0.016837669,0.011277161,0.025090832,2,0.005337113,0.880976721,0.00051508,1.034279464,0.009651596
2022-08-09,0.002485709,0.003991146,-0.007718526,0.004070584,-0.01043853,0.008424418,0,0.006145989,0.873029586,-0.014036302,1.116425917,0.011277161
2022-08-10,-0.004872198,0.001867067,0.007407207,0.00145911,0.007970406,0.01794347,4,0.006179036,0.885218953,-0.012349129,1.154960133,-0.01043853
2022-08-11,0.001520778,0.005224809,-0.005137125,-0.008585047,0.003753004,0.022213636,2,0.003776382,0.887455516,-0.005689072,1.1140066,0.007970406
2022-08-12,-0.004524301,-0.003265891,0.003524352,-0.001720463,0.003548753,0.016110793,4,0.003823607,0.895284503,0.00939843,1.120894567,0.003753004
2022-08-15,0.000512472,-0.00487754,0.002216646,0.000292554,-0.001618931,0.003214701,4,0.001579974,0.890117639,0.009140919,1.146492464,0.003548753
2022-08-16,0.00516562,-0.00219763,-0.003818218,0.004192862,-0.002279648,0.011373583,2,0.003926064,0.861224326,-0.01180526,1.127112293,-0.001618931
2022-08-17,0.002224165,0.004898733,-0.005364736,-0.008579082,-0.009313758,-0.005910581,0,0.005218423,0.878676349,-0.006542604,1.164734825,-0.002279648
2022-08-18,-0.001716271,0.001661684,-0.00016536,-0.003607316,0.00446312,-0.005200465,4,0.002659972,0.879287768,-0.008167748,1.175826594,-0.009313758
2022-08-19,0.004349434,0.010535419,-0.007282791,-0.01441446,-0.00893667,-0.017685888,0,0.006234215,0.886638257,-0.008646246,1.197268657,0.00446312
2022-08-22,0.002367863,0.01239081,-0.004171443,-0.020802548,0.000144827,-0.015922129,0,0.002728908,0.907436804,0.017319165,1.161679901,-0.00893667
2022-08-23,-0.002428793,0.004796398,0.002218523,-0.014765808,0.004013581,-0.0096289,1,0.002787676,0.903015704,0.041791378,1.184259349,0.000144827
2022-08-24,-0.0011013,0.001470933,0.001136838,-0.008264233,0.005468113,0.005152971,4,0.002877092,0.89772937,0.019053021,1.260600592,0.004013581
2022-08-25,-0.004257401,-0.001070197,0.002579346,-0.005519527,0.001058582,0.001748433,4,0.002932755,0.900326309,0.021038541,1.255230063,0.005468113
2022-08-26,0.003511197,-0.001908433,-0.005893391,-0.004130127,0.000723932,0.011409035,0,0.003953782,0.932839025,0.046200768,1.204468451,0.001058582
2022-08-29,0.00096007,-0.003316227,-0.003579894,-0.003538578,-0.002241356,0.009022852,0,0.002069886,0.933559788,0.026122984,1.209621927,0.000723932
2022-08-30,0.001443958,0.000556524,-0.000168085,-0.005925185,-0.003542251,0.001467019,0,0.00211161,0.945652931,0.042637227,1.222884872,-0.002241356
2022-08-31,-0.001012784,0.00064504,0.002198667,-0.004863357,0.001647248,-0.002353846,0,0.001479486,0.943926788,0.046197419,1.249290548,-0.003542251
2022-09-01,0.001630625,0.006533066,-0.005624683,-0.013067385,-0.014609226,-0.018021653,2,0.007330414,0.932543412,0.032217103,1.256137127,0.001647248
2022-09-02,6.06E-05,0.003082496,-0.002382064,-0.009556058,0.003598544,-0.015147041,0,0.002464391,0.936409475,0.00357045,1.229912796,-0.014609226
2022-09-06,-0.001440203,0.000682223,-0.003313815,-0.00928998,-0.005574409,-0.018480094,0,0.002412502,0.940854274,0.007294485,1.210657287,0.003598544
2022-09-07,-0.004273707,-0.005035442,0.002993379,-0.006128516,0.003722578,-0.011215266,4,0.003632783,0.952969606,0.007316676,1.196121309,-0.005574409
2022-09-08,-0.000488789,-0.004511447,-0.000650892,-0.008978076,0.001516758,-0.011345756,4,0.000987857,0.946824004,0.002897216,1.163929431,0.003722578
2022-09-09,-0.003355044,-0.009497116,0.005715278,0.002361885,0.004116568,0.007380037,4,0.004097951,0.953681726,0.021138314,1.170764405,0.001516758
2022-09-12,-0.003411992,-0.012969735,0.002113738,0.006857687,0.001738781,0.005520274,4,0.002522196,0.950746196,0.014336721,1.165677254,0.004116568
2022-09-13,0.003984473,-0.007545059,-0.008770571,0.001400931,0.004318651,0.015413334,0,0.006093577,0.961858015,0.021003741,1.075759709,0.001738781
2022-09-14,-0.002413451,-0.005684803,0.003993253,0.002400806,0.000373461,0.012064218,4,0.002643009,0.965416877,0.01244727,1.07865162,0.004318651
2022-09-15,0.005801641,0.000605626,-0.002997406,5.43E-05,0.004160025,0.014707485,0,0.003992662,0.967736884,0.02091288,1.060565587,0.000373461
2022-09-16,0.002695552,0.006656223,-0.001831709,-0.007492695,-0.007717375,0.002873542,0,0.004413476,0.964734182,0.011052457,1.062492619,0.004160025
2022-09-19,-0.000454211,0.009614004,0.000703871,-0.008902562,0.001280389,0.00241515,4,0.000765044,0.969854725,0.019108528,1.042239187,-0.007717375
2022-09-20,0.001179864,0.006809395,0.001756826,0.001624835,-0.002740547,-0.004644048,0,0.001998291,0.96711211,0.005254095,1.050083384,0.001280389
2022-09-21,0.000103764,0.00932661,-0.00082875,-0.003197168,0.002987027,-0.002030482,0,0.001667405,0.968505273,0.003088396,1.038195589,-0.002740547
2022-09-22,0.004908733,0.008433702,-0.005301078,-0.005500841,-0.014410608,-0.020601114,0,0.008268028,0.957848267,-0.009888617,1.056702336,0.002987027
2022-09-23,0.001083046,0.006821197,-0.00075145,-0.004420581,-0.007733923,-0.020617661,0,0.003993854,0.954415032,-0.01031915,1.070638429,-0.014410608
2022-09-26,-0.00080687,0.006468537,0.0043946,-0.000729852,-0.003822742,-0.025720793,0,0.003394265,0.944175671,-0.025679054,1.104075276,-0.007733923
2022-09-27,-0.00218662,0.003102053,0.004580042,0.002093364,0.006118533,-0.016861713,2,0.003876476,0.941038331,-0.026073779,1.116133408,-0.003822742
2022-09-28,-0.000821581,0.002176709,0.000823765,0.003745879,0.011743348,-0.008105392,4,0.005909609,0.946019565,-0.022485708,1.177370927,0.006118533
2022-09-29,0.005798724,0.003066699,-0.00748281,0.001564148,-0.002428807,0.00387641,0,0.005516272,0.948390561,-0.009457705,1.174433675,0.011743348
2022-09-30,-0.002078437,-9.48E-05,-1.05E-05,0.002305115,0.00906687,0.020677202,0,0.00497846,0.953034636,-0.001380396,1.162935421,-0.002428807
2022-10-03,0.000741276,0.001453362,-0.003132151,-0.005221636,0.000620829,0.025120774,4,0.001822272,0.956567886,0.012392215,1.142451832,0.00906687
2022-10-04,-0.002520573,0.00111941,0.00270619,-0.007095488,0.008276471,0.027278711,4,0.004628714,0.964187284,0.023148953,1.153755824,0.000620829
2022-10-05,0.000618732,0.002559722,-0.000467848,-0.008387101,-0.005373137,0.010162226,0,0.002747989,0.961177052,0.015157487,1.157251526,0.008276471
2022-10-06,-0.001227953,-0.004466955,0.003518107,0.002613816,0.004505956,0.017096989,0,0.002747229,0.959170722,0.01078016,1.153936088,-0.005373137
2022-10-07,0.007122058,0.00473354,-0.010349217,-0.00772492,-0.000753683,0.007276437,0,0.00717487,0.957867553,0.004832916,1.143810347,0.004505956
2022-10-10,0.004310115,0.008302379,-0.002887855,-0.007480623,0.001492506,0.008148113,0,0.003001134,0.955987197,-0.000580689,1.146726436,-0.000753683
2022-10-11,0.007783068,0.018606021,-0.004515258,-0.014702071,0.007131388,0.00700303,2,0.005910008,0.943754753,-0.020432531,1.22165588,0.001492506
2022-10-12,0.002326488,0.020313777,0.002423898,-0.011810326,0.000243537,0.012619704,0,0.001305414,0.944607668,-0.016569384,1.22494191,0.007131388
2022-10-13,0.002312778,0.023854508,-0.003602795,-0.018931228,-0.001834541,0.006279207,4,0.00253337,0.949726968,-0.009443754,1.184318414,0.000243537
2022-10-14,0.010410243,0.027142692,-0.007314586,-0.015896596,-0.00303345,0.00399944,0,0.007551538,0.95055601,-0.007311543,1.173907141,-0.001834541
2022-10-17,-0.007713598,0.015118979,0.007625548,-0.005383193,0.005082712,0.007589647,4,0.006763773,0.952506718,-0.003480479,1.172377428,-0.00303345
2022-10-18,-0.000228323,0.007107587,-0.002354904,-0.003222839,0.000213329,0.000671587,4,0.001188712,0.953582404,0.009827651,1.163449871,0.005082712
2022-10-19,0.003413266,0.008194365,-0.001872325,-0.007519062,-0.0106537,-0.010225649,0,0.00599713,0.950771794,0.006164126,1.190207832,0.000213329
2022-10-20,0.005012817,0.010894405,0.001815131,-0.002101136,-0.004477568,-0.012868677,0,0.003961926,0.954721216,0.004994249,1.166751028,-0.0106537
2022-10-21,0.000943474,0.001427636,-0.000640261,0.004573189,-0.001483408,-0.011318635,4,0.001025079,0.955698946,0.005142936,1.12815307,-0.004477568
2022-10-24,0.001516607,0.010657841,-0.00329463,-0.00634699,-0.008282478,-0.024683825,4,0.004337845,0.954965713,0.002458995,1.111902856,-0.001483408
2022-10-25,-0.005490249,0.005395915,0.006121628,0.002129542,0.010814204,-0.01408295,4,0.007113692,0.95506937,0.001486966,1.135495474,-0.008282478
2022-10-26,0.007489553,0.009472202,-0.013165536,-0.009163668,0.011953376,0.008524126,2,0.010991762,0.944644041,-0.006127752,1.099460462,0.010814204
2022-10-27,0.012181137,0.016640522,-0.01028616,-0.021264959,0.007203474,0.020205168,2,0.009753286,0.931382613,-0.023338603,1.088122103,0.011953376
2022-10-28,0.001207536,0.016904583,0.003970593,-0.016654106,-0.002100223,0.019588353,4,0.002534187,0.940043258,-0.015655688,1.0939579,0.007203474
2022-10-31,0.003553606,0.018941583,-0.00286604,-0.016225515,0.007449808,0.03532064,0,0.004464218,0.935928309,-0.019037404,1.093890932,-0.002100223
2022-11-01,0.001670308,0.026102139,-0.00478484,-0.027131984,0.006559488,0.031065924,1,0.004681331,0.923919708,-0.031149662,1.062629768,0.007449808
2022-11-02,0.009719775,0.028332362,-0.008868749,-0.022835196,-0.008881807,0.010230741,0,0.008867391,0.932855895,-0.011788146,1.100933391,0.006559488
2022-11-03,0.00607462,0.022225844,-0.006787733,-0.01933677,0.005369013,0.00839628,0,0.005954866,0.939060458,0.007677846,1.099700212,-0.008881807
2022-11-04,-0.001043966,0.019974343,-0.000815694,-0.024123057,-0.002274042,0.008222461,4,0.000940676,0.929162097,-0.010881161,1.095916276,0.005369013
2022-11-07,0.003425464,0.019846201,-0.001082221,-0.022339237,-0.004060599,-0.003287947,4,0.003090639,0.926943111,-0.008985198,1.09315564,-0.002274042
2022-11-08,0.004535673,0.022711566,-0.000702301,-0.018256698,-0.006068643,-0.015916078,3,0.004345299,0.925728294,0.001808586,1.103348439,-0.004060599
2022-11-09,0.001296385,0.014288176,-0.004091625,-0.013479574,-0.006197685,-0.013231956,0,0.003493572,0.932686495,-0.0001694,1.121978152,-0.006068643
2022-11-10,-0.01766757,-0.009454014,0.016973845,0.010282005,0.005337309,-0.013263661,4,0.014414699,0.948203337,0.009142879,1.129049121,-0.006197685
2022-11-11,-0.008235172,-0.016645221,0.009447787,0.020545486,-0.00130105,-0.012290668,4,0.007274831,0.933987627,0.00482553,1.129970008,0.005337309
2022-11-14,0.002699289,-0.017371395,-0.002313069,0.019314639,-0.002503912,-0.01073398,0,0.002434808,0.932275668,0.005332557,1.123503865,-0.00130105
2022-11-15,-0.007000328,-0.028907396,0.005706879,0.025723819,0.006229752,0.001564414,4,0.00617228,0.925741246,1.30E-05,1.13120365,-0.002503912
2022-11-16,0.007121856,-0.023081925,-0.007218371,0.022597072,-0.01096944,-0.003207341,0,0.008011252,0.925189113,-0.007497382,1.133948273,0.006229752
2022-11-17,0.002870325,-0.00254403,-0.00037232,0.005250907,-0.004516412,-0.013061061,0,0.003041758,0.925218797,-0.022984541,1.13261889,-0.01096944
2022-11-18,0.001178272,0.006869414,-0.004648636,-0.008845516,0.001005183,-0.010754829,4,0.002737959,0.923652409,-0.010335218,1.146534628,-0.004516412
2022-11-21,0.002544686,0.00671481,-0.007073829,-0.013606277,-0.001850343,-0.010101261,0,0.004072828,0.928074346,-0.004201322,1.157006023,0.001005183
2022-11-22,-0.001753079,0.011962059,1.68E-05,-0.01929636,-0.001973698,-0.01830471,4,0.001084445,0.930039051,0.004297805,1.123095787,-0.001850343
2022-11-23,-0.003087072,0.001753131,0.003979171,-0.008098818,-0.004243071,-0.011578341,4,0.003676965,0.937655124,0.012466011,1.13029666,-0.001973698
2022-11-25,0.004746769,0.003629575,-0.004955094,-0.012681592,0.003321052,-0.003740877,2,0.004308592,0.946059451,0.020840655,1.137393458,-0.004243071
2022-11-28,0.000972183,0.003423486,-0.000314741,-0.008347697,-0.005100056,-0.009846115,0,0.002715423,0.945644044,0.021991635,1.158361346,0.003321052
2022-11-29,0.001683835,0.002562634,-0.00437238,-0.005646248,0.004641574,-0.003354198,2,0.003765795,0.946619262,0.018544916,1.166446611,-0.005100056
2022-11-30,-0.008934458,-0.004618745,0.01266224,0.006999197,-0.003601839,-0.004982339,4,0.009185608,0.954009375,0.023970324,1.140698028,0.004641574
2022-12-01,-0.004778405,-0.006310077,0.002127262,0.005147287,-0.00173261,-0.002471878,1,0.002918676,0.944900409,0.007245286,1.121910854,-0.003601839
2022-12-02,0.002208589,-0.008848257,-0.000630832,0.009471549,0.00710868,0.00131575,2,0.003509302,0.944108682,-0.001950769,1.138470209,-0.00173261
2022-12-05,0.003934966,-0.005885473,-0.001463799,0.008322491,-0.010136965,-0.00372116,0,0.005935588,0.947532493,0.001888449,1.166134482,0.00710868
2022-12-06,0.004117521,-0.003451787,-0.005721713,0.006973158,-0.000630024,-0.008992758,0,0.004034889,0.953256143,0.006636881,1.159122704,-0.010136965
2022-12-07,0.001911196,0.007393867,-0.003263899,-0.008952982,-0.00127443,-0.006665349,1,0.002175961,0.958022322,0.004012947,1.160343287,-0.000630024
2022-12-08,-0.002045113,0.010127158,0.00370858,-0.007371663,-0.001209797,-0.006142536,4,0.002539568,0.955672561,0.010772151,1.153978708,-0.00127443
2022-12-09,-0.001693484,0.006225084,0.000369744,-0.006371086,-0.004590396,-0.017841613,0,0.002260685,0.90940602,-0.034702662,1.190187619,-0.001209797
2022-12-12,0.001487881,0.003777999,-0.001615576,-0.006522864,-0.002035247,-0.009739894,4,0.001612092,0.918065048,-0.029467444,1.179051427,-0.004590396
2022-12-13,-0.004221202,-0.004560723,0.002832091,0.002030941,0.000269057,-0.008840813,4,0.002921075,0.915029774,-0.038226369,1.183908782,-0.002035247
2022-12-14,0.001890748,-0.00458117,-0.001590868,0.003703972,-0.000449932,-0.008016316,0,0.001449437,0.92470725,-0.033315073,1.149021002,0.000269057
2022-12-15,0.002483807,-5.23E-05,-0.007553094,-0.007557703,-0.000265546,-0.007072065,0,0.004327198,0.94665952,-0.00901304,1.077461971,-0.000449932
2022-12-16,0.002677914,0.004319148,0.001428791,-0.006498656,0.004874698,0.002393029,0,0.002066313,0.946620378,0.037214358,1.058153592,-0.000265546
2022-12-19,0.004087087,0.006918355,-0.005951395,-0.010834474,-0.005138139,-0.000709862,0,0.004699833,0.947412142,0.029347094,1.065096971,0.004874698
2022-12-20,0.001773841,0.012913398,-0.00093439,-0.014600956,0.004378266,0.003399347,4,0.002336855,0.947978137,0.032948363,1.073386489,-0.005138139
2022-12-21,0.001149148,0.012171797,0.000508599,-0.012501489,0.001650472,0.005499752,4,0.000722771,0.948040216,0.023332966,1.090076109,0.004378266
2022-12-22,0.004045861,0.013733851,-0.007463535,-0.01241193,0.001614576,0.007379874,0,0.004962104,0.950196504,0.003536983,1.087064476,0.001650472
2022-12-23,-0.000522912,0.010533025,-0.003777884,-0.017618606,-0.001959028,0.000546149,4,0.001691871,0.95390059,0.007280212,1.078031516,0.001614576
2022-12-27,0.005190469,0.011636407,-0.009815023,-0.021482233,-0.002442789,0.003241498,1,0.006238483,0.947722189,0.000310047,1.062889861,-0.001959028
2022-12-28,0.001026728,0.010889294,-0.001515306,-0.022063149,-0.003749974,-0.004886742,0,0.002075355,0.95108555,0.003107413,1.066192129,-0.002442789
2022-12-29,-0.006868541,0.002871605,0.008285944,-0.014285804,0.008049989,0.001512775,4,0.007262418,0.941295702,-0.006744514,1.188777441,-0.003749974
2022-12-30,0.000327523,-0.000846732,0.001435395,-0.005386875,-0.000290895,-0.000392697,0,0.000755102,0.945928054,-0.004268449,1.18971015,0.008049989
2023-01-03,0.003680319,0.003356499,-0.003616098,-0.005225088,-0.001982379,-0.000416048,0,0.003142765,0.947316904,-0.006583686,1.176189842,-0.000290895
2023-01-04,-0.003493035,-0.005327006,-0.000623956,0.003965978,0.004870041,0.006896782,4,0.003472086,0.947384918,-0.000337271,1.138170237,-0.001982379
2023-01-05,0.001451175,-0.004902559,-0.003073487,0.002407798,0.000737253,0.011384009,0,0.001991644,0.946015999,-0.005069551,1.135908142,0.004870041
2023-01-06,-0.001533659,0.000432323,0.002716268,-0.003161878,-0.000242117,0.003091903,4,0.001785843,0.955371102,0.014075401,1.107922848,0.000737253
2023-01-09,-0.002596599,-0.002491799,0.0070269,0.002429627,0.002501133,0.005883931,2,0.004097321,0.949703821,0.003775767,1.114508126,-0.000242117
2023-01-10,-0.001406579,-0.007578697,0.003054327,0.009100052,0.007825625,0.015691935,4,0.004087036,0.950112122,0.002795218,1.124034375,0.002501133
2023-01-11,-0.004820673,-0.008906335,0.004676576,0.014400583,-0.001094804,0.00972709,4,0.003912549,0.951630024,0.004245106,1.130107573,0.007825625
2023-01-12,0.002955768,-0.007401742,0.002921074,0.020395143,0.013799513,0.02278935,4,0.006080188,0.946832751,0.000816752,1.173820039,-0.001094804
2023-01-13,-0.000699755,-0.006567838,0.003081756,0.020760631,0.001841424,0.02487289,4,0.00172418,0.946259581,-0.009111522,1.170380148,0.013799513
2023-01-17,-0.009453803,-0.013425042,0.003471178,0.017204909,0.000579488,0.022951246,1,0.005611322,0.91213899,-0.037564831,1.199470511,0.001841424
2023-01-18,-0.002583972,-0.014602434,0.003159877,0.01731046,-0.000326531,0.01479909,0,0.002363106,0.913077003,-0.037035119,1.214895253,0.000579488
2023-01-19,5.85E-05,-0.009723308,-0.001937509,0.010696375,-0.002092051,0.013801844,0,0.001182034,0.917266388,-0.034363637,1.197585531,-0.000326531
2023-01-20,-0.008776838,-0.021455914,0.0074649,0.015240202,-0.002006626,-0.002004296,4,0.006684084,0.91860496,-0.028227792,1.155744894,-0.002092051
2023-01-23,-0.004227662,-0.024983821,0.008094435,0.02025288,0.000657908,-0.003187811,4,0.005122098,0.918071184,-0.028188397,1.155994248,-0.002006626
2023-01-24,0.003811429,-0.01171859,-0.001943961,0.014837742,-0.002021039,-0.005788339,1,0.002731586,0.907133973,-0.005005017,1.182560213,0.000657908
2023-01-25,0.000474546,-0.008660072,-0.001664737,0.010013127,0.002676472,-0.002785336,2,0.00178958,0.909576977,-0.003500026,1.184455341,-0.002021039
2023-01-26,-0.004874106,-0.013592631,0.00649353,0.018444166,-0.004230659,-0.004923944,4,0.005231847,0.920270309,0.003003921,1.157364527,0.002676472
2023-01-27,-0.001647658,-0.006463451,0.006957566,0.017936832,0.001912446,-0.001004873,4,0.003730029,0.909928495,-0.008676465,1.133290336,-0.004230659
2023-01-30,0.00534284,0.003107051,-0.00675114,0.003091257,-0.000504063,-0.002166843,0,0.004948522,0.908951721,-0.009119463,1.090118463,0.001912446
2023-01-31,-0.003653241,-0.00435762,0.002065805,0.007101023,0.009678649,0.009532845,4,0.005625035,0.908775387,0.001641414,1.138599227,-0.000504063
2023-02-01,-0.010195006,-0.015027172,0.0094113,0.01817706,0.004434978,0.011291351,4,0.008343596,0.901847241,-0.007729736,1.133497422,0.009678649
2023-02-02,-0.015737544,-0.025890611,0.01742915,0.029112681,0.005806912,0.021328922,3,0.01379745,0.872681306,-0.047589003,1.141246469,0.004434978
2023-02-03,0.006644841,-0.017598112,-0.005608931,0.016546184,0.002537508,0.021953985,0,0.005127073,0.858318267,-0.051610228,1.131988826,0.005806912
2023-02-06,0.005127434,-0.017813517,-0.003843034,0.019454291,-0.007945987,0.014512061,0,0.005570877,0.83550991,-0.073441811,1.231623464,0.002537508
2023-02-07,-0.004981924,-0.019142199,0.006070874,0.02345936,-0.005213348,-0.000379937,4,0.005310412,0.836742587,-0.072032799,1.206157984,-0.007945987
2023-02-08,0.005043808,-0.003903385,-0.005779899,0.008268161,-0.004187689,-0.009002603,0,0.004841593,0.846267218,-0.055580023,1.204129453,-0.005213348
2023-02-09,0.00150351,0.013337669,-0.001336897,-0.010497886,-0.005263125,-0.020072641,0,0.00290142,0.848108804,-0.024572502,1.241702519,-0.004187689
2023-02-10,0.002821,0.009513829,-0.008272581,-0.013161537,-0.000382758,-0.022992907,3,0.004762012,0.844186266,-0.014132001,1.195224684,-0.005263125
2023-02-13,-0.000323953,0.004062441,0.003328308,-0.005990196,0.000186634,-0.014860286,4,0.001700177,0.848045773,0.012535863,1.186687693,-0.000382758
2023-02-14,-0.004304604,0.004739761,0.006012527,-0.006048542,-0.000353385,-0.010000323,1,0.004256223,0.858143531,0.021400944,1.18864114,0.000186634
2023-02-15,-0.001632346,-0.001936393,0.006422242,0.006153599,0.008028298,0.002215665,4,0.004735919,0.849580803,0.003313585,1.232475614,-0.000353385
2023-02-16,0.001169447,-0.002270457,-0.004067477,0.003423019,0.004271935,0.011750725,0,0.00344913,0.85267237,0.004563566,1.180914447,0.008028298
2023-02-17,0.006617012,0.001525555,-0.003028398,0.008667202,0.004905716,0.017039199,2,0.004434098,0.828088252,-0.016098014,1.218916659,0.004271935
2023-02-21,-0.000578557,0.001270951,-0.005098083,0.000240811,-0.0100869,0.006765664,0,0.004688583,0.854851694,0.00680592,1.294762245,0.004905716
2023-02-22,-0.000979053,0.004596503,0.002859223,-0.002912493,0.004995513,0.012114563,2,0.002724585,0.858155843,1.23E-05,1.294898465,-0.0100869
2023-02-23,-0.002027603,0.004201246,0.001900268,-0.007434467,0.001737458,0.005823723,4,0.001834197,0.86085976,0.011278958,1.292997139,0.004995513
2023-02-24,0.000377095,0.003408894,-0.006414303,-0.009781293,0.00132679,0.002878578,0,0.00353548,0.864114008,0.011441638,1.310985418,0.001737458
2023-02-27,-0.000871599,-0.004079717,0.003233914,-0.003518981,-1.55E-05,-0.002042672,4,0.001811195,0.864629705,0.036541453,1.307564743,0.00132679
2023-02-28,-0.00405035,-0.007551509,0.002042437,0.003621539,0.003420225,0.011464454,1,0.003254544,0.855335235,0.000483542,1.320097334,-1.55E-05
2023-03-01,0.004893866,-0.001678591,-0.00192522,-0.001162904,0.005495307,0.011964248,2,0.00364898,0.835413405,-0.022742438,1.275843802,0.003420225
2023-03-02,0.002854734,0.003203746,-0.000242615,-0.003305787,-0.005327926,0.004898864,4,0.003403491,0.834404225,-0.026455536,1.240717411,0.005495307
2023-03-03,-0.004349029,-0.001522378,0.003507562,0.006616078,-0.002653627,0.000918446,4,0.003425632,0.888037511,0.023923503,1.158893262,-0.005327926
2023-03-06,0.000524419,-0.00012636,-0.00182279,0.001559373,-0.01557741,-0.014643431,2,0.007638833,0.870598054,0.005968349,1.219638778,-0.002653627
2023-03-07,-0.001902821,0.002021169,0.002913347,0.002430283,0.004308701,-0.013754955,0,0.002804739,0.875962977,0.020627742,1.143686875,-0.01557741
2023-03-08,-0.003182514,-0.00605521,0.002539234,0.006894737,-0.00100934,-0.020259602,3,0.002374312,0.871265863,0.035852458,1.190741958,0.004308701
2023-03-09,0.001920882,-0.006989062,-0.002111381,0.005025972,-0.009912453,-0.024844129,0,0.005192528,0.887372643,0.052968419,1.245599253,-0.00100934
2023-03-10,0.003823437,0.001183404,-0.003164224,-0.001645814,-0.015363072,-0.037553573,0,0.008298677,0.884582789,-0.003454722,1.332636861,-0.009912453
2023-03-13,-0.001329261,-0.000670276,0.005985184,0.00616216,-0.014639522,-0.036615685,1,0.008698408,0.877041394,0.006443341,1.361273881,-0.015363072
2023-03-14,-0.005829992,-0.004597447,0.004820417,0.008069229,0.002168908,-0.038755478,4,0.004531128,0.882957304,0.006994327,1.35509716,-0.014639522
2023-03-15,-0.001766524,-0.003181458,0.007521448,0.013051444,-0.01056623,-0.048312369,1,0.007428568,0.878342795,0.007076932,1.377465683,0.002168908
2023-03-16,-0.005807014,-0.010909354,0.007059394,0.022222219,-0.003022774,-0.04142269,4,0.005535041,0.89125771,0.003885067,1.287400988,-0.01056623
2023-03-17,-0.000917,-0.015649791,0.00364772,0.029034163,-0.014856372,-0.04091599,0,0.008126103,0.893739312,0.009156523,1.366402566,-0.003022774
2023-03-20,0.003057636,-0.011262895,-0.005014609,0.018034371,0.002127082,-0.024149387,4,0.003606137,0.899391286,0.022349892,1.366814429,-0.014856372
2023-03-21,-0.003145661,-0.008578563,0.002785992,0.015999946,0.005695422,-0.020622872,4,0.003784935,0.889497362,0.006540058,1.398609966,0.002127082
2023-03-22,0.000173671,-0.006638368,0.000437566,0.008916063,-0.012148418,-0.02220506,0,0.006178701,0.904242559,0.025899764,1.406005562,0.005695422
2023-03-23,-0.000636894,-0.001468248,0.007033098,0.008889768,-0.007081403,-0.026263688,3,0.005770586,0.900658145,0.009400435,1.392280047,-0.012148418
2023-03-24,-0.001512251,-0.0020635,-0.002527183,0.002714865,0.002844461,-0.008562855,4,0.002338627,0.90474108,0.011001768,1.433312311,-0.007081403
2023-03-27,0.004371179,-0.000749956,-0.00631823,0.001411244,0.009103832,-0.001586105,3,0.006560034,0.8867884,-0.012602887,1.459128763,0.002844461
2023-03-28,0.000407962,0.002803667,-0.002918,-0.004292749,0.000981843,-0.006299684,0,0.001737942,0.889889526,0.000392164,1.4600827,0.009103832
2023-03-29,-0.004204661,-0.001574665,0.0036419,-0.001088415,-0.003371311,0.002477422,4,0.00357953,0.902795955,-0.001446605,1.440295961,0.000981843
2023-03-30,-0.001385516,-0.002323286,0.001588464,-0.006533049,-0.007518202,0.002040623,3,0.003982797,0.905334241,0.004676096,1.442113173,-0.003371311
2023-03-31,-0.001779187,-0.002590222,0.00286843,-0.001137437,0.00476628,0.003962441,4,0.002917706,0.906623357,0.001882277,1.486141226,-0.007518202
2023-04-03,0.006087451,-0.00087395,-0.006351438,-0.001170645,-0.003786298,-0.008927689,2,0.00540471,0.898747698,0.011959299,1.466104683,0.00476628
2023-04-04,-0.000119284,-0.001401196,0.000622128,0.002369484,-0.012473568,-0.0223831,0,0.006328944,0.907748391,0.017858865,1.560033181,-0.003786298
2023-04-05,0.004897807,0.007701272,-0.008238668,-0.009511084,-0.007454126,-0.026465914,1,0.00627947,0.900618699,-0.002177256,1.559515527,-0.012473568
2023-04-06,-0.003496011,0.005590777,0.003992161,-0.007107387,-0.002243872,-0.021191583,4,0.003287896,0.881304877,-0.024029363,1.617991811,-0.007454126
2023-04-10,0.002022765,0.009392728,-0.001293636,-0.011269453,0.009200193,-0.01675767,3,0.004681907,0.850822927,-0.05580043,1.630156391,-0.002243872
2023-04-11,0.002962944,0.006268221,-0.004310946,-0.009228961,0.007993014,-0.004978357,2,0.005170832,0.847383178,-0.051364521,1.592474311,0.009200193
2023-04-12,0.003006123,0.009393628,-0.004415429,-0.014266518,-0.003097567,0.004397643,0,0.003319123,0.837450248,-0.070298143,1.612598014,0.007993014
2023-04-13,-0.001851129,0.002644692,0.006490921,0.000463071,-0.000302696,0.011549073,4,0.003694489,0.853224766,-0.047393932,1.564253922,-0.003097567
2023-04-14,-0.00214612,0.003994583,-0.001452592,-0.004981682,-0.006609793,0.007183152,0,0.002849083,0.849503043,-0.031801834,1.656364296,-0.000302696
2023-04-17,-0.000333101,0.001638717,-0.000479588,-0.004167634,0.00880324,0.006786198,4,0.004541504,0.834276919,-0.016546008,1.625681307,-0.006609793
2023-04-18,-0.001165337,-0.002489564,-0.00120939,-0.001066077,-0.004906626,-0.006113442,1,0.002132377,0.840064932,-0.007318246,1.637426997,0.00880324
2023-04-19,-0.002261777,-0.007757464,0.000398557,0.003747909,0.002248329,-0.000767546,2,0.001852241,0.820145009,-0.017305239,1.633113209,-0.004906626
2023-04-20,0.002708373,-0.003197962,-0.002096087,-0.004839099,0.000542843,7.80E-05,0,0.001973995,0.763836031,-0.089388735,1.591020437,0.002248329
2023-04-21,-0.000241796,-0.001293638,0.00016637,-0.003220137,0.000108083,0.006795869,4,0.000180333,0.781668721,-0.067834322,1.572716824,0.000542843
2023-04-24,0.00111194,0.000151404,-0.003776168,-0.006516718,-0.002325929,-0.0043333,2,0.002212117,0.781535208,-0.052741711,1.568497681,0.000108083
2023-04-25,0.005713401,0.007030142,-0.004036331,-0.009343659,-0.008348157,-0.00777483,0,0.005986117,0.853492144,0.013427212,1.489179827,-0.002325929
2023-04-26,-0.00300309,0.006288828,0.008515084,-0.001227133,-0.005091814,-0.015114974,1,0.005983523,0.831164485,0.011019475,1.500552465,-0.008348157
2023-04-27,-0.003756306,-0.00017585,0.004618253,0.005487207,-0.007422917,-0.023080734,4,0.00515675,0.83670023,0.072864199,1.399683287,-0.005091814
2023-04-28,-0.000210375,-0.00014443,-0.001297356,0.00402348,0.001876754,-0.021312063,4,0.001318529,0.845422117,0.063753395,1.41471687,-0.007422917
2023-05-01,-0.000977312,-0.002233682,-0.000757922,0.007041726,0.000510522,-0.018475612,1,0.000686837,0.817828354,0.036293146,1.402591776,0.001876754
2023-05-02,0.00081269,-0.007134393,0.000779124,0.011857182,-0.00953888,-0.019666336,0,0.005048722,0.855065387,0.001573243,1.441770947,0.000510522
2023-05-03,-0.001033706,-0.005165008,0.002444782,0.00578688,0.011153849,-0.003420672,1,0.005537283,0.831996228,0.000831743,1.353866519,-0.00953888
2023-05-04,-0.001366246,-0.002774948,0.002332404,0.003501031,-0.004594113,-0.000591868,0,0.002893792,0.85103203,0.0143318,1.34064565,0.011153849
2023-05-05,-0.001939834,-0.004504407,0.003925298,0.008723686,0.005307236,0.002838614,4,0.003368571,0.886279407,0.040857291,1.339417241,-0.004594113
2023-05-08,-0.002107101,-0.005634196,0.001304423,0.010786031,-0.003530854,-0.001202762,2,0.002153559,0.892559612,0.074731258,1.3151073,0.005307236
2023-05-09,0.002896506,-0.00355038,-0.00174243,0.008264477,0.001856083,0.010192202,0,0.002049845,0.90327761,0.048212223,1.287200668,-0.003530854
2023-05-10,-0.005382544,-0.007899218,0.005890496,0.01171019,0.00112848,0.000166833,3,0.004628668,0.900121112,0.068124884,1.28782903,0.001856083
2023-05-11,-0.004939111,-0.011472084,0.003489775,0.012867561,-0.006748972,-0.001988026,1,0.004666151,0.883667234,0.032635204,1.326560647,0.00112848
2023-05-12,0.001317616,-0.008214633,-0.001972025,0.006970238,-0.000630283,-0.007925545,0,0.001367436,0.881810628,-0.00446878,1.312626148,-0.006748972
2023-05-15,-0.001514007,-0.007621539,0.003575223,0.009241038,0.008866848,0.004472156,4,0.004613017,0.883481966,-0.009077646,1.311661978,-0.000630283
2023-05-16,-0.00374234,-0.014260386,0.004604362,0.01558783,-0.008108695,-0.005492622,0,0.005410719,0.880343971,-0.022933638,1.339497373,0.008866848
2023-05-17,0.000481469,-0.008396373,0.000860444,0.010557779,0.010010676,0.003389574,4,0.004794632,0.890605176,-0.009515935,1.399831724,-0.008108695
2023-05-18,-0.005961462,-0.009418724,0.005547863,0.012615867,-0.003579444,0.006559102,4,0.005004802,0.889501874,0.00583464,1.38560587,0.010010676
2023-05-19,-0.001817041,-0.012553381,-0.000994384,0.013593508,-0.004814039,0.002375346,0,0.002075932,0.890512777,0.008702149,1.3910558,-0.003579444
2023-05-22,-0.004353621,-0.015392996,0.004800319,0.014818604,0.011982659,0.005491158,3,0.006999023,0.88050955,-0.002972416,1.424082092,-0.004814039
2023-05-23,0.004319534,-0.007331122,-0.001414364,0.008799878,0.007004217,0.020604069,0,0.003880243,0.861192816,-0.019151155,1.343592646,0.011982659
2023-05-24,-0.000416675,-0.008229266,0.001269101,0.009208535,-0.004306743,0.00628665,0,0.0024048,0.875322366,-0.01528281,1.33890268,0.007004217
2023-05-25,-0.009795387,-0.012063191,0.008271467,0.011932138,-0.015761753,-0.005895659,2,0.010616041,0.827660154,-0.06184172,1.469191148,-0.004306743
2023-05-26,-0.002982834,-0.013228984,0.008661383,0.021587905,-0.002521259,-0.003602879,4,0.005409297,0.836794137,-0.053718639,1.415786636,-0.015761753
2023-05-30,-0.001545529,-0.010420892,0.003194962,0.019982548,-0.0032536,-0.018839138,2,0.002740986,0.837764183,-0.042745367,1.418904054,-0.002521259
2023-05-31,0.002048215,-0.012692211,-0.000202608,0.021194304,-0.003904182,-0.029747537,0,0.002477864,0.821110876,-0.04008194,1.376958884,-0.0032536
2023-06-01,-0.005158605,-0.01743414,0.002921619,0.022846822,0.000592997,-0.024847797,4,0.003407004,0.843460517,-0.031861849,1.396740059,-0.003904182
2023-06-02,0.006557068,-0.001081685,-0.003816214,0.010759141,0.020568323,0.01148228,4,0.010720465,0.816636472,-0.011023682,1.597139638,0.000592997
2023-06-05,-0.0039328,-0.00203165,0.001148791,0.003246549,-0.011300048,0.002703491,0,0.005623983,0.783950236,-0.052843902,1.714805098,0.020568323
2023-06-06,-0.00204066,-0.002526782,0.001194524,0.001246111,0.024241699,0.030198789,4,0.012334411,0.752782816,-0.084981367,1.86959686,-0.011300048
2023-06-07,0.006548046,0.00197305,-0.009183994,-0.007735275,0.021475335,0.055578307,2,0.012905839,0.692743569,-0.128367307,1.920998586,0.024241699
2023-06-08,-0.001174205,0.00595745,0.003974919,-0.006681975,-0.010239333,0.044745977,3,0.006005259,0.684729219,-0.158731298,1.923581951,0.021475335
2023-06-09,0.000127791,-0.000471827,0.000408972,-0.002456789,-0.009192344,0.01498531,3,0.004688746,0.679527218,-0.137109253,1.932867961,-0.010239333
2023-06-12,-0.003698384,-0.000237412,0.005899879,0.0022943,-0.005266116,0.021019242,4,0.004962211,0.676135636,-0.107814599,1.893549298,-0.009192344
2023-06-13,-0.002638023,-0.000834775,0.0013326,0.002432376,0.00535833,0.002135872,4,0.003333675,0.680959207,-0.071823609,1.879501491,-0.005266116
2023-06-14,-0.007646746,-0.015029567,0.003089779,0.014706149,-0.012610975,-0.031950438,2,0.007150095,0.659709469,-0.033034101,1.931583489,0.00535833
2023-06-15,0.000433875,-0.013421487,-0.000696662,0.010034568,-0.004037292,-0.025748398,4,0.00202901,0.638103065,-0.046626154,1.843730132,-0.012610975
2023-06-16,0.000507308,-0.013041971,-0.003110283,0.006515313,-0.003658164,-0.020214217,0,0.002122335,0.650271072,-0.029256147,1.870612915,-0.004037292
2023-06-20,-0.002429661,-0.011773248,0.003117492,0.003732926,5.92E-05,-0.014888887,0,0.002272003,0.650028801,-0.026106836,1.831366764,-0.003658164
2023-06-21,0.002248983,-0.006886242,-0.006893654,-0.004493328,0.003280411,-0.016966805,0,0.00457807,0.665137215,-0.015821992,1.7672708,5.92E-05
2023-06-22,-0.003845572,-0.003085068,0.005761445,-0.001821662,-0.011695995,-0.016051825,2,0.00732271,0.644827201,-0.014882268,1.955920236,0.003280411
2023-06-23,0.001207762,-0.00231118,-0.002494314,-0.003619314,-0.006781405,-0.018795938,0,0.003530569,0.652714531,0.014611466,1.971390151,-0.011695995
2023-06-26,0.004119759,0.001301271,-0.00718782,-0.00769685,0.00539134,-0.009746434,1,0.005667283,0.678866268,0.028595196,1.941430886,-0.006781405
2023-06-27,-0.005121559,-0.001390626,0.004963502,-0.005850841,0.003130983,-0.006674665,4,0.004414378,0.67783682,0.027808019,1.999883527,0.00539134
2023-06-28,-0.001831721,-0.00547133,0.003012226,0.004055039,0.005088988,-0.004866089,2,0.0030822,0.675248142,0.010110926,1.99103785,0.003130983
2023-06-29,0.00347355,0.001847792,-0.004494464,-0.006200869,0.0077709,0.014600806,3,0.005204551,0.653504961,0.00867776,2.042462686,0.005088988
2023-06-30,-0.003871536,-0.003231506,0.002166395,-0.00154016,-0.008406861,0.01297535,4,0.004647373,0.645681322,-0.007033209,1.980733307,0.0077709
2023-07-03,-0.000854206,-0.008205471,0.000920204,0.006567863,0.003083099,0.010667109,4,0.001693393,0.58975329,-0.089112978,1.805231116,-0.008406861
2023-07-05,-0.001808922,-0.004892835,0.000150585,0.001754947,-0.01069408,-0.003157954,0,0.005148225,0.590879276,-0.086957544,1.798304706,0.003083099
2023-07-06,-0.002788574,-0.005849688,-0.000244567,-0.001501846,-0.008562544,-0.016809486,0,0.00398071,0.663076424,-0.012171718,1.5516181,-0.01069408
2023-07-07,-0.002669989,-0.011993228,0.001529017,0.004521635,0.014971178,-0.009609208,1,0.00786944,0.7089153,0.055410339,1.491033611,-0.008562544
2023-07-10,0.003789423,-0.004332269,-0.000591229,0.001764011,0.013869868,0.012667521,4,0.006689615,0.707923446,0.062242124,1.614641157,0.014971178
2023-07-11,0.002576565,-0.000901499,-0.001238318,-0.000394511,0.002790511,0.012374934,4,0.001974623,0.718437995,0.128684705,1.585874347,0.013869868
2023-07-12,-0.004876711,-0.003969287,0.004051314,0.003506218,0.003025013,0.026094026,4,0.004005687,0.724137406,0.13325813,1.640477766,0.002790511
2023-07-13,-0.007046378,-0.008227091,0.007220126,0.010970911,0.000581434,0.035238004,4,0.005830299,0.712669411,0.049592987,1.598415861,0.003025013
2023-07-14,0.004330704,-0.001226398,-0.000735643,0.008706251,-0.009176161,0.011090665,1,0.005648331,0.715543873,0.006628573,1.577019613,0.000581434
2023-07-17,-0.001638808,-0.006654628,0.005408531,0.014706011,0.00654789,0.003768687,4,0.004008303,0.709316736,0.00139329,1.711642228,-0.009176161
2023-07-18,0.003451386,-0.005779807,0.000509005,0.016453334,0.005537477,0.006515653,4,0.002600156,0.708415287,-0.010022709,1.711205049,0.00654789
2023-07-19,0.000766603,-0.000136493,-0.00205004,0.01035198,0.002098373,0.005589013,4,0.001734694,0.701050845,-0.023086561,1.741853847,0.005537477
2023-07-20,0.011445568,0.018355454,-0.013959563,-0.01082771,-0.002192781,0.002814798,1,0.010410576,0.652120568,-0.060548843,1.759908876,0.002098373
2023-07-21,-0.00025274,0.01377201,-0.002495161,-0.012587228,-0.003837815,0.008153144,2,0.001841704,0.678621331,-0.036922541,1.729645824,-0.002192781
2023-07-24,0.001170736,0.016581553,-0.002170645,-0.020166405,-0.001264892,0.000340361,4,0.001460587,0.633700682,-0.075616054,1.706420578,-0.003837815
2023-07-25,-0.00205328,0.011076887,0.003265826,-0.017409584,-0.002592024,-0.00778914,4,0.002653578,0.628509202,-0.079906085,1.782878697,-0.001264892
2023-07-26,0.002468103,0.012778388,-0.001066917,-0.016426461,0.007377126,-0.002510387,2,0.003758863,0.598566201,-0.102484645,1.858149193,-0.002592024
2023-07-27,-0.000260644,0.001072175,0.000967944,-0.001498954,-0.006494192,-0.006811798,0,0.003406237,0.642208096,-0.009912471,1.870374362,0.007377126
2023-07-28,-0.004837415,-0.003512499,0.008964279,0.009960487,0.00370591,0.000731928,4,0.005835368,0.663290048,-0.015331283,1.793140211,-0.006494192
2023-07-31,0.001355342,-0.003327894,0.000580979,0.012712111,0.009393969,0.011390789,4,0.004409357,0.660807555,0.027106873,2.014341289,0.00370591
2023-08-01,0.004667472,0.003392859,-0.001670134,0.00777615,-0.001839354,0.01214346,1,0.003034394,0.659724301,0.031215099,2.005393462,0.009393969
2023-08-02,0.004116789,0.005041544,-0.008038425,0.000804643,0.000131342,0.004897676,0,0.005098689,0.723698593,0.125132392,1.694079097,-0.001839354
2023-08-03,0.000661001,0.005963189,0.001568131,0.00140483,-0.000213345,0.011178523,0,0.000801171,0.694508764,0.052300668,1.624177343,0.000131342
2023-08-04,0.001037945,0.011838548,0.001691533,-0.005867915,0.003303347,0.01077596,0,0.001384675,0.738987038,0.07569699,1.564613239,-0.000213345
2023-08-07,0.002570664,0.013053871,-0.002879726,-0.00932862,-0.008227833,-0.006845842,4,0.004632448,0.732537358,0.071729803,1.405223347,0.003303347
2023-08-08,-0.00025496,0.008131439,-0.003669904,-0.01132839,-0.001670833,-0.006677322,0,0.001682947,0.736608576,0.076884275,1.403460778,-0.008227833
2023-08-09,0.001636725,0.005651375,-0.004694742,-0.007984707,-0.001522926,-0.00833159,0,0.002695213,0.754020115,0.030321522,1.389997425,-0.001670833
2023-08-10,0.001251151,0.006241525,0.000912515,-0.008640323,-0.004480743,-0.012598988,3,0.002654111,0.760623029,0.066114265,1.428240874,-0.001522926
2023-08-11,0.004057882,0.009261462,-0.005732608,-0.016064464,0.00236453,-0.013537806,2,0.004274,0.772701918,0.03371488,1.378605763,-0.004480743
2023-08-14,-0.004990817,0.001699981,0.004726451,-0.008458288,-0.00813675,-0.013446722,3,0.005651242,0.752133719,0.019596361,1.295419373,0.00236453
2023-08-15,0.001334273,0.003289214,0.000145816,-0.004642568,-0.001347679,-0.013123568,0,0.001097482,0.752340922,0.015732346,1.211639899,-0.00813675
2023-08-16,0.002401261,0.00405375,-0.003957533,-0.003905359,-0.005279511,-0.016880153,0,0.003541157,0.761369593,0.007349478,1.226675118,-0.001347679
2023-08-17,-0.00066012,0.002142479,-0.004029703,-0.008847578,-0.003790031,-0.016189441,0,0.002086594,0.829499519,0.068876489,1.237965906,-0.005279511
2023-08-18,0.000897739,-0.001017664,-0.001816834,-0.004931805,0.00519525,-0.013358721,2,0.002973554,0.825810815,0.053108897,1.271702007,-0.003790031
2023-08-21,-0.007927747,-0.003954594,0.008584922,-0.001073333,-0.008691242,-0.013913214,2,0.008081897,0.792336975,0.040203256,1.224078312,0.00519525
2023-08-22,-0.002305425,-0.007594293,0.003394606,0.002175457,-8.12E-06,-0.01257366,1,0.002348491,0.784205427,0.031864506,1.235253416,-0.008691242
2023-08-23,-0.005628079,-0.015623633,0.004820967,0.010953958,-0.000669413,-0.007963561,4,0.004274735,0.816223157,0.054853564,1.15991864,-8.12E-06
2023-08-24,0.002653942,-0.01230957,-0.00536315,0.009620511,0.000767685,-0.003405846,0,0.003437719,0.835133781,0.005634262,1.091809235,-0.000669413
2023-08-25,0.00053579,-0.012671519,0.002669376,0.014106721,-0.002722439,-0.011323535,4,0.002218562,0.827712903,0.001902088,1.020393518,0.000767685
2023-08-28,-6.04E-05,-0.004804193,0.002143043,0.007664842,0.002017924,-0.000614369,4,0.001219929,0.854691484,0.062354508,0.960994706,-0.002722439
2023-08-29,-0.005970645,-0.008469413,0.002857804,0.00712804,-0.000309174,-0.000915418,4,0.00369611,0.879422011,0.095216583,0.986306422,0.002017924
2023-08-30,-0.002748572,-0.005589906,0.001577701,0.003884773,0.000212281,-3.37E-05,4,0.001812836,0.864973326,0.048750169,1.012861158,-0.000309174
2023-08-31,-0.003237967,-0.011481816,0.002714631,0.011962555,-0.000258222,-0.00105963,1,0.002433627,0.860473538,0.025339757,1.014119453,0.000212281
2023-09-01,0.001532031,-0.010485575,-0.002022701,0.007270478,0.009274369,0.010937179,3,0.004938422,0.843502424,0.015789521,1.092116866,-0.000258222
2023-09-05,-0.001431533,-0.011856687,0.003428787,0.008556222,-0.01704328,-0.008124025,0,0.009086318,0.835112474,-0.019579009,1.277457766,0.009274369
2023-09-06,0.001241439,-0.004644603,-0.003650358,0.00204806,0.003709532,-0.004105319,0,0.00306616,0.830184301,-0.04923771,1.254754128,-0.01704328
2023-09-07,0.004885589,0.002989558,-0.005736113,-0.005265753,-0.006713847,-0.011031447,1,0.005401937,0.809202812,-0.055770514,1.284663243,0.003709532
2023-09-08,0.000770756,0.006998281,-0.000502303,-0.008482688,-0.003702181,-0.014475406,3,0.001966799,0.809969425,-0.050504113,1.281270501,-0.006713847
2023-09-11,-0.00418424,0.001282011,0.004597048,-0.001862939,-0.004758525,-0.028508301,4,0.004342156,0.826818543,-0.01668388,1.257311959,-0.003702181
2023-09-12,0.005200539,0.007914083,-0.004708401,-0.010000126,0.005809155,-0.005655866,1,0.004934043,0.81899336,-0.016119114,1.258958389,-0.004758525
2023-09-13,-0.00327656,0.003396084,0.001657549,-0.00469222,-0.00907605,-0.018441448,2,0.004735044,0.796187968,-0.033996333,1.309119923,0.005809155
2023-09-14,0.001149687,-0.000339818,-0.000286292,0.000757601,0.005518112,-0.006209488,4,0.002687775,0.790468615,-0.018734197,1.344964809,-0.00907605
2023-09-15,0.003924292,0.002813718,-0.003523344,-0.002263439,0.001678437,-0.000828871,0,0.003138482,0.792241846,-0.017727579,1.270826017,0.005518112
2023-09-18,-0.000545919,0.006452039,-0.000581695,-0.007442182,-0.007637023,-0.003707369,3,0.003640321,0.79504534,-0.031773204,1.276554864,0.001678437
2023-09-19,-0.000929324,0.000322176,-0.000187064,-0.002920845,-0.002091629,-0.011608153,0,0.000948807,0.821876126,0.002882765,1.299348434,-0.007637023
2023-09-20,0.007210285,0.010809021,-0.005963029,-0.010541423,0.000403275,-0.002128828,0,0.005386015,0.826277876,0.030089908,1.269671733,-0.002091629
2023-09-21,0.005722333,0.015381667,-0.00183159,-0.012086721,0.000795741,-0.006851199,0,0.003227085,0.837037119,0.046568504,1.219744186,0.000403275
2023-09-22,-0.000834952,0.010622423,0.001377448,-0.007185929,-0.000697528,-0.009227163,0,0.00101243,0.81851363,0.026271784,1.266390691,0.000795741
2023-09-25,-0.002748594,0.008419748,0.000479251,-0.006124983,0.000332418,-0.001257722,4,0.00152283,0.815166564,0.020121224,1.28811978,-0.000697528
2023-09-26,0.003369122,0.012718194,-0.000930645,-0.006868565,0.002079772,0.002913679,0,0.001952681,0.819080504,-0.002795622,1.212530296,0.000332418
2023-09-27,-0.002272172,0.003235737,0.002006433,0.001100897,0.009537766,0.01204817,3,0.005120706,0.764597681,-0.061680196,1.331695249,0.002079772
2023-09-28,-0.002422254,-0.00490885,0.002371688,0.005304176,0.002749493,0.014001922,4,0.002396586,0.775457483,-0.061579636,1.345167421,0.009537766
2023-09-29,-0.002015966,-0.006089864,0.004078864,0.008005591,-0.002432898,0.012266552,1,0.002976912,0.775615933,-0.042897697,1.346958119,0.002749493
2023-10-02,-0.002294707,-0.005635978,0.006589256,0.014115596,-0.016048461,-0.004114327,2,0.009516625,0.735918837,-0.079247727,1.325802679,-0.002432898
2023-10-03,0.000865091,-0.008140008,-0.004995124,0.010051117,-0.003193265,-0.009387364,0,0.002737938,0.794255353,-0.024825151,1.19514882,-0.016048461
2023-10-04,-0.004231038,-0.010098874,0.00535056,0.013395244,-0.007000717,-0.025925847,4,0.005381855,0.802977215,0.038379534,1.152074602,-0.003193265
2023-10-05,0.00100358,-0.00667304,8.17E-05,0.01110529,0.002749751,-0.025925589,1,0.001277765,0.818875727,0.043418244,1.14768402,-0.007000717
2023-10-06,-0.003087234,-0.007744307,0.004127148,0.011153574,-0.003664053,-0.027156745,4,0.00357156,0.840018512,0.06440258,1.111386257,0.002749751
2023-10-09,-0.000402429,-0.005852029,-0.002353225,0.002211093,-0.000326728,-0.011435012,4,0.001069439,0.840991309,0.105072472,1.133279587,-0.003664053
2023-10-10,-0.001195527,-0.007912647,0.000617599,0.007823816,0.006108193,-0.002133555,4,0.003239072,0.857172335,0.062916983,1.182682392,-0.000326728
2023-10-11,-0.002342265,-0.006023874,0.002830897,0.005304152,-0.005777038,-0.000909876,3,0.003646119,0.86279781,0.059820595,1.161441726,0.006108193
2023-10-12,0.00111356,-0.005913895,-9.99E-06,0.005212424,-0.016001177,-0.019660803,0,0.008201485,0.843257594,0.024381867,1.227438174,-0.005777038
2023-10-13,0.006194872,0.003368211,-0.007346741,-0.006261465,-0.003387898,-0.019384649,1,0.00573517,0.819973398,-0.020045114,1.271692307,-0.016001177
2023-10-16,-0.001248773,0.002521867,0.001379849,-0.002528391,0.005240117,-0.013817803,4,0.002811276,0.842572806,0.001581497,1.308359459,-0.003387898
2023-10-17,0.000483921,0.004201314,-0.002427824,-0.005573814,0.010909283,-0.009016713,2,0.005917388,0.82860691,-0.028565425,1.355721338,0.005240117
2023-10-18,0.003660092,0.010203672,-0.002857526,-0.011262238,-0.007821689,-0.011061364,0,0.00484505,0.85463407,-0.00816374,1.399617408,0.010909283
2023-10-19,0.001038107,0.010128219,-0.001150311,-0.012402554,-0.006699114,-0.001759302,0,0.003448696,0.850020959,0.006763364,1.502442112,-0.007821689
2023-10-20,0.004042181,0.007975529,-0.002800975,-0.007856788,-0.000286104,0.001342492,0,0.002830694,0.857839859,0.037866461,1.451036844,-0.006699114
2023-10-23,-0.00409142,0.005132882,0.004342199,-0.004894437,-0.007223437,-0.011121062,1,0.005020556,0.847077043,0.004504237,1.460727022,-0.000286104
2023-10-24,-0.001035641,0.003613319,0.002053235,-0.000413379,0.000903091,-0.021127254,4,0.001314235,0.848291172,0.019684262,1.546959945,-0.007223437
2023-10-25,0.011256563,0.01120979,-0.010106104,-0.007661957,-0.002411084,-0.015716648,0,0.008836658,0.846852905,-0.007781165,1.441893299,0.000903091
2023-10-26,0.0042571,0.014428782,-0.00585014,-0.012361786,0.015270208,0.006252674,1,0.008921137,0.807292617,-0.042728342,1.387573676,-0.002411084
2023-10-27,-0.006436756,0.003949845,0.008567945,-0.000992866,-0.00736829,-0.000829512,1,0.007354735,0.784554417,-0.073285442,1.399964812,0.015270208
2023-10-30,0.003712896,0.011754161,-0.000419954,-0.005755019,-0.005635547,0.000758378,4,0.003844884,0.8093998,-0.037677243,1.306050554,-0.00736829
2023-10-31,-0.002698193,0.010091609,-0.001636756,-0.00944501,0.00260455,0.002459837,4,0.002308992,0.792751478,-0.055539694,1.335803992,-0.005635547
2023-11-01,-0.003765943,-0.004930896,0.005775136,0.00643623,-0.005997426,-0.001126506,4,0.005148694,0.799247958,-0.047604947,1.323425891,0.00260455
2023-11-02,-0.001860332,-0.011048328,-0.001022463,0.011263907,0.007625431,-0.008771283,4,0.004360058,0.831300562,0.024007944,1.353553936,-0.005997426
2023-11-03,-0.002803737,-0.00741531,0.004402508,0.00709847,0.017409236,0.016006243,4,0.008944243,0.826990069,0.042435652,1.495507398,0.007625431
2023-11-06,-0.000737946,-0.011866151,0.001248871,0.008767295,-0.014762417,0.006879373,3,0.007511257,0.814864388,0.005464588,1.53308109,0.017409236
2023-11-07,-0.001173281,-0.010341239,0.006080471,0.016484523,-0.005595987,-0.001321164,3,0.00481474,0.808481202,0.015729724,1.514019777,-0.014762417
2023-11-08,-0.002186045,-0.008761341,-0.000231256,0.010478131,-0.012074359,-0.007398097,2,0.005718985,0.805964805,0.006716847,1.538181575,-0.005595987
2023-11-09,0.00163683,-0.005264178,-0.001375551,0.010125043,-0.007659885,-0.022683413,0,0.004064495,0.813022452,-0.01827811,1.484495289,-0.012074359
2023-11-10,-0.004020462,-0.006480903,0.004758565,0.0104811,-0.004837066,-0.044929715,4,0.004397154,0.828437646,0.001447577,1.423384731,-0.007659885
2023-11-13,0.00243248,-0.003310477,-0.001367272,0.007864957,0.000941766,-0.029225532,2,0.001598575,0.818366981,0.003502594,1.407709956,-0.004837066
2023-11-14,-0.004731204,-0.0068684,0.004552566,0.006337052,0.034099173,0.010469628,4,0.017494886,0.839970833,0.031489631,1.707468553,0.000941766
2023-11-15,0.003088151,-0.001594205,-0.000924777,0.005643532,1.56E-05,0.02255958,4,0.001751681,0.822248416,0.01628361,1.730759222,0.034099173
2023-11-16,-0.002497823,-0.005728858,-0.000492983,0.006526099,-0.016552323,0.013667142,2,0.007852348,0.807593649,-0.005428803,1.785231446,1.56E-05
2023-11-17,-0.001229363,-0.002937759,-0.000444762,0.001322773,0.012164198,0.030668406,4,0.006381391,0.786615212,-0.041822434,1.892702356,-0.016552323
2023-11-20,-0.001549601,-0.00691984,0.003833757,0.006523801,-0.002197864,0.027528776,4,0.002703559,0.788656265,-0.029710716,1.874281576,0.012164198
2023-11-21,0.000236227,-0.001952408,-0.003913588,-0.001942352,-0.011246127,-0.017816524,0,0.005359407,0.793128154,-0.046842679,1.906920252,-0.002197864
2023-11-22,0.00119835,-0.003842209,0.000575801,-0.000441775,0.002809774,-0.015022343,4,0.001212343,0.794572863,-0.027675552,2.062586851,-0.011246127
2023-11-24,0.002718108,0.001373721,-0.001649464,-0.001598256,0.006042145,0.007572126,3,0.00336529,0.81888694,0.011293291,2.30308136,0.002809774
2023-11-27,0.000353219,0.002956303,0.001266042,0.000112549,-0.001563242,-0.006155315,0,0.001179063,0.842010423,0.055395211,2.311141481,0.006042145
2023-11-28,0.001381103,0.005887007,0.001877044,-0.001844164,-0.005620748,-0.009578199,3,0.003446161,0.865880256,0.077223991,2.374633459,-0.001563242
2023-11-29,0.001326143,0.006976923,-0.00068395,0.001385473,0.00706357,0.008731498,2,0.003524948,0.860491135,0.067362981,2.342766528,-0.005620748
2023-11-30,0.0108061,0.016584674,-0.006042745,-0.005233073,-0.000892785,0.005028939,3,0.007079037,0.813579824,0.019006961,2.396097815,0.00706357
2023-12-01,0.002304819,0.016171384,-0.000332038,-0.003915647,0.023353012,0.022339806,4,0.011408135,0.780923806,-0.037963135,2.789800515,-0.000892785
2023-12-04,0.004289754,0.02010792,-0.002968427,-0.008150116,0.015774022,0.039677071,1,0.008225379,0.747284406,-0.094726017,2.621170956,0.023353012
2023-12-05,-0.001639843,0.017086974,0.003695502,-0.006331658,-0.01333144,0.031966379,1,0.007354983,0.748582233,-0.117298023,2.614682922,0.015774022
2023-12-06,0.001970657,0.017731488,-0.001950161,-0.007597868,0.001761805,0.026664614,0,0.001825415,0.763024522,-0.097466613,2.552191654,-0.01333144
2023-12-07,-0.006192183,0.000733204,0.005633458,0.004078335,0.000772393,0.028329793,4,0.004853321,0.749884625,-0.0636952,2.449640497,0.001761805
2023-12-08,-0.000480643,-0.002052258,0.000364556,0.004774928,0.002618525,0.007595306,4,0.001372958,0.718937047,-0.061986759,2.521726833,0.000772393
2023-12-11,0.000406732,-0.00593528,-0.001938726,0.005804629,-0.002397298,-0.010576014,4,0.001391797,0.715689341,-0.031595065,2.883878516,0.002618525
2023-12-12,0.000152356,-0.004143082,0.002378732,0.004487858,-0.005869061,-0.003113635,3,0.003528075,0.706661479,-0.041920754,2.905455669,-0.002397298
2023-12-13,0.000350106,-0.005763633,0.00014721,0.006585229,0.021046202,0.016170762,4,0.010441202,0.629081275,-0.133943247,2.809942852,-0.005869061
2023-12-14,0.001610309,0.00203886,-0.00077212,0.000179651,0.024206949,0.039605318,4,0.012004873,0.61424285,-0.135641775,3.033610705,0.021046202
2023-12-15,0.001600221,0.004119724,0.003617051,0.003432146,-0.007641495,0.029345298,2,0.004918231,0.609307612,-0.109629435,2.899701943,0.024206949
2023-12-18,-0.004495086,-0.000782094,0.001598555,0.006969426,-0.005884185,0.025858411,3,0.003564153,0.603781006,-0.111908335,2.876076813,-0.007641495
2023-12-19,0.000880362,-5.41E-05,0.000731608,0.005322303,0.013400063,0.045127535,4,0.006442869,0.620758841,-0.085902638,3.014649099,-0.005884185
2023-12-20,0.0020405,0.001636306,-0.000336121,0.004838972,-0.004244383,0.01983695,0,0.00262542,0.704679848,0.075598573,2.379845091,0.013400063
2023-12-21,-0.001593396,-0.0015674,0.00225431,0.007865403,0.006862122,0.002492123,4,0.003676979,0.719596957,0.105354107,2.307598492,-0.004244383
2023-12-22,-0.002150265,-0.005317885,0.000284087,0.004532439,0.006684896,0.016818514,3,0.0038117,0.718721094,0.109413482,2.312619369,0.006862122
2023-12-26,3.07E-05,-0.000792074,0.001205072,0.004138956,0.0081053,0.030807998,4,0.003887373,0.714524885,0.11074388,2.31699106,0.006684896
2023-12-27,0.001527712,-0.000144724,0.000201743,0.00360909,0.001973884,0.019381818,4,0.000973335,0.718254187,0.097495347,2.28044035,0.0081053
2023-12-28,0.001051798,-0.001133426,-0.000637709,0.003307503,-0.004186223,0.019439978,2,0.002271575,0.720355151,0.015675303,2.32875808,0.001973884
2023-12-29,0.00228505,0.00274502,-0.002735782,-0.001682589,-0.012478024,9.98E-05,0,0.006496637,0.792964207,0.07336725,2.4236767,-0.004186223
2024-01-02,0.006353012,0.011248297,-0.010806688,-0.012773365,-0.001387902,-0.007972966,1,0.007083797,0.775191569,0.056470475,2.221393402,-0.012478024
2024-01-03,0.000467325,0.011684897,-0.003786766,-0.017765202,-0.018941992,-0.035020257,0,0.009118922,0.828413145,0.113888259,2.39417908,-0.001387902
2024-01-04,0.003705365,0.01386255,-0.002194822,-0.020161767,0.002683699,-0.034310442,1,0.002667789,0.837741879,0.119487692,2.297538049,-0.018941992
2024-01-05,-0.001135976,0.011674776,-0.000875456,-0.020399514,-0.005195826,-0.035320045,3,0.002314255,0.835184562,0.114829411,2.34319979,0.002683699
2024-01-08,-0.008243344,0.001146382,0.007756977,-0.009906755,0.005207262,-0.017634758,4,0.007063221,0.842778389,0.049814182,2.249558289,-0.005195826
2024-01-09,-0.002718736,-0.007925367,0.002417697,0.00331763,-0.009119895,-0.025366752,1,0.004973958,0.836374164,0.061182595,2.282822425,0.005207262
2024-01-10,-0.001114788,-0.00950748,0.001855944,0.00896034,-0.004522605,-0.010947365,4,0.002681194,0.835239823,0.006826678,2.269345884,-0.009119895
2024-01-11,0.00107679,-0.012136055,0.000707356,0.011862517,-0.006868798,-0.020499862,2,0.003758404,0.839855305,0.002113426,2.294117541,-0.004522605
2024-01-12,-0.003885697,-0.014885776,-0.000579078,0.012158895,-0.003054595,-0.018358631,2,0.001882312,0.808317266,-0.026867296,2.203265991,-0.006868798
2024-01-16,-0.002448403,-0.009090835,0.00183906,0.006240978,-0.008463135,-0.032029028,0,0.00448791,0.834593704,-0.008184686,1.978773506,-0.003054595
2024-01-17,0.003101522,-0.003270577,-0.000322292,0.00350099,-0.001725779,-0.024634912,0,0.002035042,0.841993646,0.005619482,1.932773294,-0.008463135
2024-01-18,-0.003362633,-0.005518422,0.004608389,0.006253434,-0.00330386,-0.023416166,4,0.003759481,0.849993684,0.014753861,1.88668481,-0.001725779
2024-01-19,-0.001746276,-0.008341488,0.004577877,0.010123956,-0.001514433,-0.018061802,4,0.002936336,0.863529824,0.023674518,1.691679767,-0.00330386
2024-01-22,0.001446301,-0.00300949,0.001024142,0.011727176,0.017662231,0.002655024,4,0.008441246,0.823220989,0.014903723,2.010219576,-0.001514433
2024-01-23,-0.005455988,-0.006017074,0.00134781,0.011235926,-0.006508338,0.00460982,2,0.003905776,0.792632312,-0.041961392,2.012506693,0.017662231
2024-01-24,-0.003428327,-0.012546924,0.002810752,0.014368969,-0.008129843,-0.001794244,2,0.004712351,0.794531403,-0.047462244,1.988658963,-0.006508338
2024-01-25,0.00115346,-0.00803083,-0.003402251,0.00635833,0.001874298,0.003383914,4,0.002336929,0.788068027,-0.061925657,1.928577612,-0.008129843
2024-01-26,0.002235557,-0.004048997,-0.002909325,-0.001128871,0.001891159,0.006789506,2,0.002357107,0.78301268,-0.080517144,1.915778104,0.001874298
2024-01-29,-0.001667253,-0.007162551,0.003582482,0.001429469,0.009059564,-0.001813161,4,0.00474616,0.797581362,-0.025639627,1.987458941,0.001891159
2024-01-30,0.004086721,0.002380158,-0.006987354,-0.006905695,-0.006974726,-0.002279548,1,0.005470848,0.780247247,-0.012385065,1.947374828,0.009059564
2024-01-31,0.00796174,0.013770226,-0.006316862,-0.016033309,-0.008564233,-0.002713938,0,0.007408751,0.841186689,0.046655286,1.814272322,-0.006974726
2024-02-01,-0.002776499,0.009840267,0.000532342,-0.012098716,0.001394099,-0.003194136,4,0.001803256,0.836344487,0.04827646,1.64120136,-0.008564233
2024-02-02,-0.007140023,0.000464687,0.006623735,-0.002565656,-0.016566126,-0.021651421,3,0.009938781,0.809731422,0.026718742,1.625677317,0.001394099
2024-02-05,-0.003930106,-0.001798167,0.001188614,-0.004959524,-0.009880652,-0.040591637,0,0.004988526,0.811355861,0.013774499,1.646259887,-0.016566126
2024-02-06,0.001365485,-0.004519403,-0.00158224,0.00044559,0.006117162,-0.02749975,4,0.003320844,0.788352465,0.008105219,1.667880922,-0.009880652
2024-02-07,-0.004166159,-0.016647303,0.001206488,0.007968939,-0.009882902,-0.028818418,3,0.005008371,0.78379775,-0.057388939,1.61359352,0.006117162
2024-02-08,0.000694862,-0.013175942,0.001779495,0.009216092,0.014360909,-0.015851608,4,0.00680756,0.76309026,-0.073254227,1.696911623,-0.009882902
2024-02-09,-0.007137755,-0.013173674,0.006667137,0.009259494,0.009458532,0.010173049,3,0.007408698,0.742541512,-0.06718991,1.739503831,0.014360909
2024-02-12,0.00419425,-0.005049317,-0.002063784,0.006007096,0.018344588,0.038398289,2,0.009193619,0.71172593,-0.099629931,1.80133232,0.009458532
2024-02-13,0.000154074,-0.006260728,-0.004394358,0.003194978,-0.02668653,0.005594597,0,0.012811297,0.783701152,-0.004651313,2.005266577,0.018344588
2024-02-14,-0.005583044,-0.007677613,0.003383822,0.005372312,0.014574986,0.030052485,4,0.008500215,0.783072734,-0.000725017,2.106365077,-0.02668653
2024-02-15,0.0032336,-0.005138875,-0.002843939,0.000748878,0.018440849,0.034132424,4,0.009486166,0.774259271,0.011169011,2.227620518,0.014574986
2024-02-16,0.001064891,0.003063771,-0.003424399,-0.009342659,-0.003142864,0.021531028,0,0.002248635,0.776468055,0.033926544,2.298850378,0.018440849
2024-02-20,0.004360361,0.003229881,-0.003202146,-0.01048102,-0.014227779,-0.011041339,0,0.007937103,0.786470616,0.074744685,2.267179774,-0.003142864
2024-02-21,-8.15E-06,0.003067653,-0.004461579,-0.010548241,-0.005964739,0.009680452,2,0.003069436,0.792434326,0.008733174,2.272257133,-0.014227779
2024-02-22,-0.009140056,-0.000489359,0.008239826,-0.005692236,-0.01137327,-0.016267803,4,0.00900235,0.792536732,0.009463998,1.963554607,-0.005964739
2024-02-23,0.001248568,-0.002474391,-0.003144517,-0.005992814,0.001066307,-0.033642345,3,0.002034031,0.79416788,0.01990861,1.96213485,-0.01137327
2024-02-26,0.002200584,-0.001338698,0.002507212,-6.12E-05,0.009864675,-0.020634805,1,0.004295396,0.78935643,0.012888375,1.949102332,0.001066307
2024-02-27,-0.004186144,-0.009885202,0.00198439,0.005125332,0.011582744,0.005175718,3,0.00667385,0.770582368,-0.015888248,1.956356412,0.009864675
2024-02-28,0.001059167,-0.008817881,-0.003815857,0.005771053,-0.006054583,0.005085874,0,0.003313153,0.782359779,-0.010074547,1.953031395,0.011582744
2024-02-29,-0.003999976,-0.003677802,0.003784666,0.001315893,0.001880773,0.018339916,4,0.003325025,0.74517595,-0.047360782,2.073480444,-0.006054583
2024-03-01,-0.005645405,-0.010571775,0.003333314,0.007793724,0.002456792,0.019730401,4,0.004041954,0.737244006,-0.056923874,2.126445813,0.001880773
2024-03-04,-0.001304855,-0.014077214,-0.002957853,0.00232866,0.000191814,0.010057539,0,0.001454337,0.767518527,-0.021837903,2.180697671,0.002456792
2024-03-05,-0.000186828,-0.010077898,-0.006423353,-0.006079083,0.000264704,-0.0012605,0,0.003229972,0.781900752,0.011318384,2.042357395,0.000191814
2024-03-06,-0.00316384,-0.014300905,0.00062416,-0.001639066,0.001849691,0.006643774,4,0.002137116,0.785534971,0.003175192,2.027366946,0.000264704
2024-03-07,-0.006886732,-0.017187661,0.0047212,-0.000702532,-0.002232778,0.002530223,4,0.004825827,0.793852702,0.048676752,1.999696478,0.001849691
2024-03-08,0.004778369,-0.006763887,-0.005086693,-0.009122538,0.005575692,0.005649123,0,0.004928127,0.793895509,0.056651503,1.919376348,-0.002232778
2024-03-11,0.002335085,-0.003123946,-0.00297881,-0.009143495,-0.006990814,-0.001533505,1,0.004025993,0.800402617,0.03288409,1.916828493,0.005575692
2024-03-12,-0.005075137,-0.008012256,0.00412303,0.001402888,-0.011333106,-0.013131316,3,0.006669934,0.806896699,0.024995947,1.787392862,-0.006990814
2024-03-13,0.00289583,-0.001952586,-0.003490453,-0.002711725,0.004938083,-0.010042924,2,0.003662301,0.744637708,-0.040897262,1.488068333,-0.011333106
2024-03-14,-0.000656841,0.004277305,-0.000173057,-0.007605983,-0.016882182,-0.024692327,0,0.008307427,0.733318643,-0.060534059,1.498441512,0.004938083
2024-03-15,0.001585446,0.001084383,-0.003175313,-0.005694603,0.010503484,-0.019764535,1,0.005861066,0.725237309,-0.0686582,1.273624821,-0.016882182
2024-03-18,-0.004345794,-0.005596496,0.001824928,-0.000890865,-0.013473284,-0.026247006,3,0.006826235,0.698589972,-0.101812645,1.274859897,0.010503484
2024-03-19,0.002590853,0.002069494,-0.001707659,-0.006721555,-0.000229912,-0.015143812,4,0.001786504,0.680200738,-0.126695961,1.144410949,-0.013473284
2024-03-20,0.001345255,0.00051892,0.003590453,0.000359351,0.010193865,-0.009888029,4,0.00452364,0.70900922,-0.035628489,1.232397016,-0.000229912
2024-03-21,0.003559745,0.004735505,-0.001252154,-0.000719745,0.00811685,0.015111003,4,0.004201416,0.680180804,-0.053137839,1.534567627,0.010193865
2024-03-22,-0.006305248,-0.003155189,0.003046786,0.005502354,-0.011333927,-0.006726408,1,0.006435902,0.672971344,-0.052265965,1.622310568,0.00811685
2024-03-25,-0.001059131,0.000131474,0.00035649,0.004033916,0.004101526,0.010848402,1,0.002249685,0.682935704,-0.015654268,1.620215097,-0.011333927
2024-03-26,0.002006925,-0.000452454,-0.00140241,0.004339165,0.000873368,0.011951683,0,0.001438893,0.703656323,0.023455585,1.532118617,0.004101526
2024-03-27,0.003494999,0.001697291,-0.003469404,-0.002720692,0.012528031,0.014285848,4,0.006875196,0.710230615,0.001221395,1.629632781,0.000873368
2024-03-28,7.29E-05,-0.001789565,-0.002339792,-0.00380833,0.003696693,0.009865691,3,0.002492281,0.709117501,0.028936697,1.63554282,0.012528031
2024-04-01,-0.004044798,0.000470885,0.003075534,-0.003779582,-0.00825557,0.012944048,1,0.004922714,0.69946991,0.026498566,1.693770919,0.003696693
2024-04-02,-0.002809067,-0.001279051,-0.002317584,-0.006453656,-0.01087385,-0.002031328,0,0.004743369,0.728897892,0.045962188,1.753761424,-0.00825557
2024-04-03,-0.002191399,-0.005477375,0.001185743,-0.003865503,0.004299133,0.001394437,3,0.002706721,0.697622913,-0.00603341,1.889816191,-0.01087385
2024-04-04,-0.001231277,-0.010203651,-0.001718759,-0.002114857,0.00157814,-0.009555454,0,0.001470847,0.724651687,0.014421072,1.717817649,0.004299133
2024-04-05,-0.00311402,-0.013390561,0.001312217,0.001537151,-0.006355413,-0.01960756,4,0.003424192,0.728572777,0.019455275,1.684074143,0.00157814
2024-04-08,8.58E-05,-0.009259975,0.000709471,-0.000828912,0.005324938,-0.006027052,2,0.002549606,0.738359854,0.038889944,1.74966427,-0.006355413
2024-04-09,-0.001679197,-0.008130105,0.001791347,0.003280019,0.001968754,0.006815553,3,0.001714845,0.741289776,0.012391884,1.73236805,0.005324938
2024-04-10,-0.001414389,-0.007353095,0.001109575,0.003203851,-0.016008095,-0.013491675,0,0.008020037,0.790482846,0.092859933,1.985571704,0.001968754
2024-04-11,-0.007480497,-0.013602316,0.009253973,0.014176583,-0.00043611,-0.015505925,3,0.00686384,0.778793654,0.054141967,1.937023691,-0.016008095
2024-04-12,0.002207782,-0.008280513,-0.00172117,0.011143195,-0.004834959,-0.01398547,0,0.002971337,0.815153674,0.086580897,1.719816992,-0.00043611
2024-04-15,0.005540175,-0.002826125,-0.006001702,0.004432022,-0.001708944,-0.021019353,0,0.004776914,0.83306771,0.094707857,1.67659493,-0.004834959
2024-04-16,0.003749501,0.002602572,0.00081331,0.003453986,-0.002115657,-0.025103765,1,0.002428929,0.847498814,0.106209038,1.707723349,-0.001708944
2024-04-17,0.004588671,0.008605632,-0.005732885,-0.003388475,-0.004178639,-0.013274308,0,0.004629604,0.840747759,0.050264913,1.734019061,-0.002115657
2024-04-18,0.002795024,0.018881153,-0.003023258,-0.015665705,-0.000354347,-0.013192546,1,0.002379983,0.812609873,0.033816219,1.690941682,-0.004178639
2024-04-19,0.014367751,0.031041122,-0.01189363,-0.025838164,0.011213236,0.002855649,2,0.011927439,0.726939327,-0.088214348,1.620501014,-0.000354347
2024-04-22,-0.002039934,0.023461013,0.002324106,-0.017512356,0.001426418,0.005991011,4,0.00190315,0.768531238,-0.064536472,1.548007645,0.011213236
2024-04-23,-0.005021027,0.014690486,0.003859326,-0.01446634,0.005824312,0.01393098,4,0.004781657,0.796441465,-0.051057348,1.531813364,0.001426418
2024-04-24,-0.001324395,0.008777419,0.000812843,-0.007920612,-0.003819712,0.014289907,2,0.002026078,0.795409144,-0.045338614,1.532440824,0.005824312
2024-04-25,-0.005214246,0.00076815,-0.001861089,-0.006758443,-0.00261032,0.012033934,0,0.002161234,0.7866978,-0.025912073,1.438432376,-0.003819712
2024-04-26,-0.00612571,-0.019725311,0.00989047,0.015025657,0.000326961,0.001147659,4,0.006614809,0.800763895,0.073824568,1.395545465,-0.00261032
2024-04-29,0.000648541,-0.017036836,0.000284946,0.012986497,0.003810157,0.003531398,4,0.001769515,0.810341092,0.041809854,1.393215409,0.000326961
2024-04-30,0.000890628,-0.011125181,-0.004704624,0.004422547,-0.00525833,-0.007551244,0,0.003162276,0.833267217,0.036825752,1.334313106,0.003810157
2024-05-01,0.005749017,-0.004051769,9.30E-05,0.003702729,0.006637979,0.002906446,2,0.003567673,0.828516806,0.033107662,1.329308911,-0.00525833
2024-05-02,-0.000617894,0.000544583,0.005889799,0.011453617,0.008869891,0.014386657,4,0.004609732,0.838019513,0.051321713,1.411603661,0.006637979
2024-05-03,-0.000774609,0.005895684,0.007234382,0.008797529,-0.002798912,0.011260784,4,0.004374919,0.847629588,0.046865693,1.413485981,0.008869891
2024-05-06,-0.005717651,-0.000470509,0.001596923,0.010109506,0.001908411,0.009359038,4,0.003543075,0.853359075,0.043017983,1.391071054,-0.002798912
2024-05-07,-0.000519435,-0.001880573,-0.002363918,0.012450212,0.00058701,0.015204378,3,0.001275958,0.853399306,0.020132089,1.389179526,0.001908411
2024-05-08,0.004422765,-0.003206824,-0.001820395,0.010536791,-0.004610918,0.003955481,1,0.003791512,0.851757449,0.023240642,1.273667338,0.00058701
2024-05-09,0.003370604,0.000781673,-0.002413326,0.002233666,0.003878686,-0.001035723,4,0.002965506,0.862689988,0.024670476,1.293473206,-0.004610918
2024-05-10,0.001522487,0.003078769,-0.001977812,-0.006978528,-0.008349483,-0.006586294,2,0.004342135,0.83407983,-0.013549758,1.30048767,0.003878686
2024-05-13,-0.001819059,0.006977361,0.003136013,-0.005439438,0.001376775,-0.00711793,2,0.002099605,0.808440004,-0.044919071,1.320488791,-0.008349483
2024-05-14,-0.001620721,0.005876076,0.002647541,-0.000427979,0.006538922,-0.001166018,4,0.003562939,0.808270439,-0.045128867,1.335223286,0.001376775
2024-05-15,-0.002841737,-0.001388426,0.002258328,0.003650744,-0.000315563,0.003129336,4,0.002087507,0.811000644,-0.040756805,1.280183344,0.006538922
2024-05-16,0.001115616,-0.003643414,-0.000551892,0.005512178,-0.0041981,-0.00494745,0,0.002300077,0.81125129,-0.051438698,1.303162816,-0.000315563
2024-05-17,0.002196517,-0.002969384,-0.001903941,0.005586049,-0.001416974,0.001985059,2,0.001838607,0.880095866,0.046016036,1.399895261,-0.0041981
2024-05-20,-0.00584818,-0.006998505,0.005589172,0.008039208,0.002313987,0.002922271,3,0.00482144,0.861722923,0.053282919,1.403314332,-0.001416974
2024-05-21,-0.000836627,-0.006214411,-0.000253562,0.005138105,-0.004469724,-0.008086375,3,0.002082828,0.854167881,0.045897443,1.390116503,0.002313987
2024-05-22,-0.002367891,-0.005740565,0.000861665,0.003741442,-0.005256695,-0.013027507,0,0.002741529,0.857114296,0.046113653,1.402495336,-0.004469724
2024-05-23,-0.00797964,-0.014835821,0.003501508,0.007794842,-0.008717651,-0.017547057,0,0.006011114,0.849631978,0.038380688,1.461497429,-0.005256695
2024-05-24,-0.006865863,-0.023898201,0.004002501,0.013701284,0.003348648,-0.012781435,4,0.004977103,0.849122501,-0.030973365,1.495528282,-0.008717651
2024-05-28,-0.005811507,-0.023861528,0.005590364,0.013702475,-0.001612151,-0.016707573,2,0.004718212,0.840530373,-0.02119255,1.48568421,0.003348648
2024-05-29,-0.003248736,-0.026273637,0.001542831,0.015498868,-0.007551053,-0.019788902,0,0.004022031,0.80357365,-0.050594231,1.625328604,-0.001612151
2024-05-30,-0.002630102,-0.026535848,-0.004911058,0.009726146,0.015966753,0.001434546,1,0.009455606,0.763987377,-0.093126919,1.612610389,-0.007551053
2024-05-31,0.006974672,-0.011581537,-0.008118944,-0.001894306,-0.001438655,0.008713542,3,0.006190454,0.705267737,-0.144364241,1.510030153,0.015966753
2024-06-03,-0.004100009,-0.008815683,0.004465013,-0.001431794,-0.006176213,-0.000811319,2,0.00470636,0.662021698,-0.187100803,1.641847148,-0.001438655
2024-06-04,0.002128075,-0.000876101,0.000183357,-0.006838801,-0.014077509,-0.013276677,3,0.007486175,0.612289651,-0.228240722,1.788758126,-0.006176213
2024-06-05,-0.009300182,-0.006927547,0.007658641,-0.00072299,0.002830132,-0.002895492,4,0.007136868,0.634378878,-0.169194772,1.721416759,-0.014077509
2024-06-06,0.002229447,-0.002067997,-0.000660513,0.003527554,-0.006816525,-0.025678769,1,0.003872442,0.640216368,-0.123771009,1.73467576,0.002830132
2024-06-07,-0.001128696,-0.010171365,-0.001215412,0.010431086,-0.010115851,-0.034355965,0,0.004699964,0.642380298,-0.062887439,1.75601432,-0.006816525
2024-06-10,-0.000799406,-0.006870762,0.00088335,0.006849423,-8.38E-05,-0.028263571,4,0.000689537,0.653677587,-0.008344111,1.742292117,-0.010115851
2024-06-11,-0.005814789,-0.014813625,0.006039063,0.012705129,-0.00628664,-0.020472703,2,0.005791253,0.644191487,0.031901836,1.745683361,-8.38E-05
2024-06-12,-0.009376863,-0.014890306,0.006689857,0.011736344,0.007580902,-0.015721933,3,0.007835013,0.636853648,0.00247477,1.756667263,-0.00628664
2024-06-13,-0.004025209,-0.021144963,0.001010008,0.013406865,-0.011223815,-0.020129223,2,0.005553049,0.585890055,-0.054326313,1.88304817,0.007580902
2024-06-14,-0.00110643,-0.021122697,0.00159996,0.016222238,-0.015798966,-0.025812338,1,0.008058687,0.578412707,-0.063967592,1.998286658,-0.011223815
2024-06-17,-0.002750882,-0.023074173,0.001825275,0.017164163,0.000234443,-0.025494077,4,0.001900396,0.609123544,-0.044554044,1.968986543,-0.015798966
2024-06-18,-0.001055568,-0.018314953,-0.002226382,0.008898718,-0.00092696,-0.020134397,4,0.000913149,0.613227794,-0.030963694,1.961524287,0.000234443
2024-06-20,0.010221965,0.001283876,-0.005375665,-0.003166804,-0.001349533,-0.029064832,1,0.006637036,0.565740095,-0.071113553,1.934488918,-0.00092696
2024-06-21,0.001961037,0.007270122,-0.000257016,-0.004433828,0.003860719,-0.013980297,2,0.001921397,0.547372541,-0.038517514,1.938226163,-0.001349533
2024-06-24,0.009711393,0.018087945,-0.007874246,-0.013908034,0.007402664,0.009221333,2,0.007953423,0.43296564,-0.145447067,1.948922142,0.003860719
2024-06-25,-0.011542771,0.009296056,0.008616298,-0.007117012,-0.008100441,0.000886449,2,0.008994352,0.391126091,-0.217997453,1.935470178,0.007402664
2024-06-26,-0.001171385,0.009180239,0.003355776,-0.001534854,-0.003665003,-0.001851594,3,0.00291648,0.396917602,-0.216310192,1.939732632,-0.008100441
2024-06-27,1.93E-05,-0.001022414,0.002094425,0.005935237,0.009062442,0.008560381,4,0.004292944,0.301850399,-0.263889696,2.092876418,-0.003665003
2024-06-28,0.002937248,-4.62E-05,-0.002992902,0.003199351,0.008668579,0.013368241,1,0.00497271,0.301191573,-0.246180968,2.120898427,0.009062442
2024-07-01,-0.001377797,-0.011135393,0.00556694,0.016640538,-0.011314042,-0.005348466,3,0.007028647,0.245974517,-0.186991122,2.257132922,0.008668579
2024-07-02,-0.002040424,-0.001633047,0.002148379,0.010172618,-0.004306075,-0.001554099,4,0.002763759,0.262828868,-0.128297222,2.186165164,-0.011314042
2024-07-03,-0.005678165,-0.006139827,0.003738763,0.010555606,-0.003720373,-0.001609469,3,0.004165446,0.275454522,-0.121463079,2.047713276,-0.004306075
2024-07-05,-0.003708815,-0.009867954,0.003567412,0.012028592,-0.010301896,-0.020973807,3,0.005925796,0.180441009,-0.121409391,2.187676122,-0.003720373
2024-07-08,-0.001805862,-0.014611063,0.001757776,0.01677927,0.004857826,-0.02478456,3,0.002838191,0.173578204,-0.127613369,2.206063809,-0.010301896
2024-07-09,-0.002084198,-0.015317463,0.000646481,0.011858811,-0.005263793,-0.01873431,2,0.002660938,0.14023739,-0.105737127,2.140261226,0.004857826
2024-07-10,0.000712607,-0.012564432,0.001611855,0.011322287,0.000762112,-0.013666124,4,0.000659536,0.278317928,0.01548906,1.992011144,-0.005263793
2024-07-11,0.009616764,0.002730497,-0.010913616,-0.003330093,0.043899207,0.033953456,2,0.023699433,0.108088938,-0.167365585,2.348289831,0.000762112
2024-07-12,0.000695875,0.007135186,0.000770416,-0.006127089,0.005370368,0.04962572,4,0.002465337,0.117170308,-0.063270701,2.378128725,0.043899207
2024-07-15,0.002434333,0.011375381,0.00119835,-0.006686514,0.015054803,0.059822697,4,0.006992939,0.134180524,-0.03939768,2.424926722,0.005370368
2024-07-16,0.011933703,0.025393282,-0.004380535,-0.01171353,0.02807841,0.093164899,4,0.014521216,0.199723202,0.059485812,2.607889544,0.015054803
2024-07-17,0.019955832,0.044636506,-0.014049392,-0.027374777,0.003366585,0.095769372,1,0.013969697,0.23592034,-0.042397587,2.207995611,0.02807841
2024-07-18,-0.005176244,0.029843499,0.000838121,-0.01562304,-0.010801583,0.041068582,0,0.005381062,0.328605112,0.220516174,2.26933125,0.003366585
2024-07-19,-0.00216035,0.026987275,-0.000940272,-0.017333727,0.000804422,0.036502636,0,0.001275433,0.377046807,0.2598765,2.205289073,-0.010801583
2024-07-22,-0.007564315,0.016988626,0.00497254,-0.013559538,0.005747338,0.027195172,4,0.006123385,0.396896905,0.262716381,2.110459676,0.000804422
2024-07-23,0.000139259,0.005194182,0.000991578,-0.008187425,0.011694047,0.010810809,1,0.005675501,0.410291456,0.210568254,2.131462054,0.005747338
2024-07-24,0.010848918,-0.003912732,-0.013648305,-0.007786338,0.001837261,0.009281486,0,0.01011796,0.582181725,0.346261384,1.774314176,0.011694047
2024-07-25,0.00719124,0.008454752,-0.004152998,-0.012777457,0.017653868,0.037736937,2,0.009549512,0.577145665,0.248540552,1.767927742,0.001837261
2024-07-26,0.005221153,0.015836255,-0.000828858,-0.012666043,0.005517767,0.042450282,4,0.003358614,0.597566604,0.220519797,1.710728625,0.017653868
2024-07-29,-0.00203104,0.021369531,-0.000103562,-0.017742144,-0.011819893,0.02488305,2,0.005632162,0.589651536,0.192754631,1.767471675,0.005517767
2024-07-30,0.009977207,0.031207479,-0.007935815,-0.026669537,0.008460233,0.021649236,2,0.008297114,0.5960111,0.185719644,1.724868983,-0.011819893
2024-07-31,-0.013231797,0.007126764,0.010347132,-0.0026741,-0.010627264,0.009184711,4,0.010792579,0.576517504,-0.005664221,1.613903424,0.008460233
2024-08-01,0.001598893,0.001534417,-0.009507477,-0.008028579,-0.016984675,-0.025453832,0,0.00868925,0.639137651,0.061991986,1.746642443,-0.010627264
2024-08-02,0.003301184,-0.000385552,-0.006057485,-0.013257207,-0.017232726,-0.048204324,0,0.009030826,0.699140933,0.101574329,1.836165146,-0.016984675
2024-08-05,0.004061792,0.005707279,-0.004515614,-0.017669259,-0.003395891,-0.039780323,0,0.003860739,0.754719615,0.165068079,1.704344056,-0.017232726
2024-08-06,-0.002723282,-0.006993209,-5.91E-05,-0.009792555,0.001952385,-0.046288171,4,0.001920012,0.764686479,0.168675378,1.667324951,-0.003395891
2024-08-07,0.001740839,0.007979426,-0.002740668,-0.022880355,-0.00647663,-0.042137537,0,0.003583023,0.758779784,0.18226228,1.726042697,0.001952385
2024-08-08,-0.005313885,0.001066648,0.005478129,-0.007894749,0.001159598,-0.023993264,4,0.004440488,0.835175801,0.19603815,1.495918898,-0.00647663
2024-08-09,-0.003367457,-0.005601993,0.000445061,-0.001392203,-0.006341334,-0.013101872,3,0.00317785,0.829370094,0.130229161,1.484460822,0.001159598
2024-08-12,-0.003607253,-0.013271038,0.002063314,0.005186725,-0.009137879,-0.01884386,2,0.00490731,0.824307232,0.069587617,1.453980506,-0.006341334
2024-08-13,-0.006378142,-0.016925899,0.00725749,0.012503326,-0.00077824,-0.021574485,4,0.005596277,0.85248467,0.087798191,1.292332635,-0.009137879
2024-08-14,0.002269523,-0.016397216,-0.00352614,0.011717855,-0.009017954,-0.02411581,3,0.004916509,0.881127989,0.122348205,1.309272043,-0.00077824
2024-08-15,-0.002235922,-0.013319252,0.007102827,0.013342553,0.008239564,-0.017035844,4,0.005176712,0.89420813,0.059032329,1.316491421,-0.009017954
2024-08-16,0.00039338,-0.009558415,0.000125437,0.013022929,0.001028035,-0.009666475,4,0.000457948,0.895935013,0.066564919,1.324501205,0.008239564
2024-08-19,-0.003869026,-0.009820188,0.004127158,0.015086773,0.002196516,0.00166792,4,0.003431285,0.899568886,0.075261654,1.314033462,0.001028035
2024-08-20,0.00048007,-0.002961976,-0.001365892,0.006463391,-0.00975926,-0.0073131,0,0.004796173,0.905328171,0.052843502,1.309512911,0.002196516
2024-08-21,-0.002872031,-0.008103529,0.001480683,0.011470214,0.008925868,0.010630723,4,0.005030568,0.898899247,0.017771258,1.403869855,-0.00975926
2024-08-22,0.004617545,-0.001250062,-0.007890407,-0.00352302,-0.000530474,0.001860685,0,0.005171889,0.917158531,0.022950402,1.376701105,0.008925868
2024-08-23,-0.000126843,-0.001770284,0.003143463,-0.000504995,0.02002167,0.02085432,4,0.009627634,0.915875273,0.01994026,1.456513206,-0.000530474
2024-08-26,0.004746794,0.006845535,-0.005380911,-0.010013064,0.002807078,0.021464882,1,0.004403994,0.914177472,0.014608587,1.440586517,0.02002167
2024-08-27,-0.001351948,0.005013518,4.36E-05,-0.008603538,-0.008343642,0.0228805,3,0.004006493,0.929357982,0.02402981,1.452125388,0.002807078
2024-08-28,0.002130053,0.010015601,-0.005265705,-0.015349926,-0.00054587,0.013408762,0,0.003118458,0.945620006,0.046720759,1.487903616,-0.008343642
2024-08-29,0.005950821,0.011348877,-0.002218781,-0.0096783,0.006570063,0.0205093,2,0.004357662,0.935894306,0.018735775,1.44234838,-0.00054587
2024-08-30,-0.004541056,0.006934663,0.00115205,-0.011669713,-0.003414432,-0.002926803,4,0.00271017,0.925053248,0.009177975,1.355363148,0.006570063
2024-09-03,0.006198317,0.008386187,-0.011756757,-0.018045559,-0.009960727,-0.015694608,0,0.008478314,0.925743888,0.011566416,1.493943548,-0.003414432
2024-09-04,0.002532609,0.012270744,-0.001435278,-0.019524471,-0.000254388,-0.007605354,1,0.001669452,0.924407658,-0.004950324,1.492994391,-0.009960727
2024-09-05,-0.002341847,0.007798844,0.005557332,-0.008701435,-0.003135535,-0.01019502,1,0.003924206,0.912364463,-0.033255543,1.488049513,-0.000254388
2024-09-06,0.007291648,0.009139671,-0.008424294,-0.014906947,-0.001834599,-0.018599682,0,0.006462752,0.909812272,-0.026082034,1.498445381,-0.003135535
2024-09-09,0.000415888,0.014096615,2.89E-05,-0.016030062,-0.008472315,-0.023657565,4,0.004314463,0.902478687,-0.022574561,1.460452082,-0.001834599
2024-09-10,-0.006733948,0.00116435,0.003869949,-0.000403356,-0.004624831,-0.018321669,2,0.004750122,0.898990418,-0.02675347,1.440259924,-0.008472315
2024-09-11,-0.007550905,-0.008919165,0.010870091,0.011902013,-0.007557035,-0.025624316,4,0.008713858,0.876619193,-0.047788465,1.456571881,-0.004624831
2024-09-12,-0.001731296,-0.008308614,0.002494083,0.008838764,0.004617908,-0.017870873,4,0.002787169,0.888901063,-0.0234634,1.461878179,-0.007557035
2024-09-13,0.001807998,-0.013792264,0.001091358,0.018354416,0.019218974,0.0031827,4,0.009156487,0.861549054,-0.048263218,1.557018906,0.004617908
2024-09-16,0.004244252,-0.0099639,-0.006463321,0.01186216,0.001800178,0.013455193,3,0.004582029,0.85309328,-0.049385407,1.557694993,0.019218974
2024-09-17,-0.000646559,-0.003876511,0.001775775,0.009767986,0.007158207,0.025238232,3,0.003542175,0.844859583,-0.054130835,1.584857232,0.001800178
2024-09-18,0.000420113,0.004094508,-0.000210574,-0.001312679,0.003290569,0.036085836,1,0.001631563,0.847106087,-0.029513106,1.547103588,0.007158207
2024-09-19,-0.004333284,0.001492519,0.007933043,0.004126281,0.003964488,0.035432416,4,0.005263814,0.86814471,-0.020756353,1.477475074,0.003290569
2024-09-20,0.002850718,0.002535239,-0.001708701,0.001326223,-0.009136104,0.007077338,1,0.005116584,0.85904259,-0.002506464,1.524552899,0.003964488
2024-09-23,-0.00134933,-0.003058342,-0.001360604,0.006428939,-0.006226908,-0.000949748,3,0.002737367,0.854217158,0.001123877,1.37772065,-0.009136104
2024-09-24,-0.000526115,-0.002937897,0.00305389,0.007707054,-0.000838483,-0.008946438,4,0.001788171,0.859074224,0.014214642,1.384317817,-0.006226908
2024-09-25,-0.005114182,-0.008472193,0.002288431,0.010206059,-0.010142317,-0.022379325,1,0.005544237,0.852740788,0.005634701,1.403744176,-0.000838483
2024-09-26,0.002161886,-0.001977023,0.001928708,0.004201724,0.001605626,-0.024738186,4,0.000976383,0.849930639,-0.018214071,1.41936849,-0.010142317
2024-09-27,0.004518149,-0.000309592,-0.002640216,0.003270209,0.007942313,-0.007659769,2,0.004703029,0.850998707,-0.008043883,1.417585363,0.001605626
2024-09-30,-0.00382241,-0.002782673,-0.000394911,0.004235902,-0.001861537,-0.003294399,4,0.00173147,0.84802856,-0.006188597,1.442843504,0.007942313
2024-10-01,0.00526829,0.003011733,-0.006079228,-0.004897215,-0.005513809,-0.007969725,0,0.005326455,0.788394416,-0.070679809,1.459357838,-0.001861537
2024-10-02,0.000799358,0.008925273,0.00068537,-0.006500276,-0.001058236,0.001114356,3,0.000853052,0.788839466,-0.063901322,1.46359377,-0.005513809
2024-10-03,-0.002709385,0.004054002,0.001312404,-0.00711658,-0.005110141,-0.005601411,0,0.002863044,0.794658845,-0.055271794,1.474484117,-0.001058236
2024-10-04,-0.000842431,-0.001306577,0.003238029,-0.001238335,0.005934811,-0.007608912,4,0.003112747,0.74464338,-0.106355326,1.695697331,-0.005110141
2024-10-07,0.000178369,0.002694202,-0.00223359,-0.003077014,0.000685108,-0.005062267,0,0.001293678,0.785355315,-0.062673245,1.670510629,0.005934811
2024-10-08,-0.006640779,-0.009214867,0.004704941,0.007707155,-0.008781329,-0.008329787,4,0.006181525,0.784411188,-0.003983227,1.615087692,0.000685108
2024-10-09,0.003116771,-0.006897454,-0.001127934,0.00589385,-0.004535611,-0.011807162,4,0.003158942,0.798029724,0.009190258,1.664371941,-0.008781329
2024-10-10,0.000709869,-0.003478201,0.001549031,0.006130477,-0.003473491,-0.010170512,0,0.002206033,0.792671394,-0.001987451,1.661421118,-0.004535611
2024-10-11,0.003571434,0.000935664,-0.002708626,0.000183822,0.014763777,-0.001341546,4,0.007681436,0.794390701,0.04974732,1.587712643,-0.003473491
2024-10-14,-0.002991465,-0.00223417,0.000993253,0.003410665,-0.001329745,-0.0033564,4,0.001725767,0.814159542,0.028804227,1.561866078,0.014763777
2024-10-15,6.80E-05,0.004474614,-0.00252493,-0.003819206,0.008163268,0.013588198,1,0.004650386,0.811003552,0.026592363,1.466510002,-0.001329745
2024-10-16,0.00319209,0.004549933,-0.001860898,-0.00455217,0.011582478,0.029706286,4,0.005947421,0.802510364,0.004480641,1.563021206,0.008163268
2024-10-17,0.003909772,0.007749836,0.000526601,-0.0055746,-0.002381556,0.030798222,2,0.002593573,0.747972163,-0.044699231,1.660870339,0.011582478
2024-10-18,-0.003111594,0.001066808,0.002326701,-0.000539273,-0.006052813,0.009981632,3,0.003653471,0.742231163,-0.052159538,1.598279736,-0.002381556
2024-10-21,-0.006163512,-0.00210524,0.00454977,0.003017244,-0.014288289,-0.002976911,1,0.008157325,0.725345687,-0.088813855,1.71834858,-0.006052813
2024-10-22,0.000318637,-0.001854607,0.002617209,0.008159383,-0.003183947,-0.014324127,1,0.002385613,0.724312671,-0.086690881,1.724137698,-0.014288289
2024-10-23,-0.000362274,-0.005408971,-0.007215195,0.002805086,0.001274966,-0.024631638,0,0.003824719,0.751572527,-0.050937837,1.570766408,-0.003183947
2024-10-24,-0.005455786,-0.014774529,0.005424388,0.007702873,0.000148479,-0.022101604,3,0.004442529,0.732692823,-0.01527934,1.570102375,0.001274966
2024-10-25,-0.005854268,-0.017517202,0.00588346,0.011259631,-0.004638469,-0.02068726,1,0.005325773,0.731544247,-0.010686916,1.562884844,0.000148479
2024-10-28,0.003817544,-0.007536146,-2.81E-05,0.006681803,0.013560682,0.007161711,4,0.006408574,0.724720045,-0.000625642,1.686596528,-0.004638469
2024-10-29,-0.005264884,-0.013119668,0.006196269,0.010260863,-0.004281175,0.006064483,2,0.00521651,0.689543422,-0.034769249,1.717645721,0.013560682
2024-10-30,0.001136514,-0.01162088,-0.002311601,0.015164457,0.001046732,0.005836249,0,0.001604856,0.692092102,-0.059480425,1.69578674,-0.004281175
2024-10-31,0.009778022,0.003612927,-0.009153714,0.000586355,0.00235966,0.00804743,0,0.007804746,0.734790206,0.002097383,1.428042299,0.001046732
2024-11-01,0.002805524,0.01227272,0.003884468,-0.001412636,0.002033698,0.014719597,4,0.001640152,0.717075626,-0.014468621,1.408492884,0.00235966
2024-11-04,-0.003328273,0.005126903,-0.000475535,-0.001860113,0.006834937,0.007993852,1,0.004309794,0.685475685,-0.03924436,1.449363805,0.002033698
2024-11-05,-0.002019669,0.008372118,0.001965157,-0.006091225,0.006475257,0.018750284,4,0.003631499,0.735479805,0.045936383,1.52398591,0.006834937
2024-11-06,0.010112932,0.017348537,0.004110155,0.00033053,0.031796599,0.049500151,4,0.014150802,0.849318683,0.157226581,1.861530326,0.006475257
2024-11-07,-0.007417243,0.000153273,0.007549116,0.01703336,-0.011688022,0.035452469,2,0.008470111,0.825173148,0.090382941,1.841916696,0.031796599
2024-11-08,0.002170273,-0.000481978,-0.002851451,0.010297441,0.00333881,0.036757582,4,0.002721688,0.827712772,0.110637147,1.799264752,-0.011688022
2024-11-11,0.005921631,0.008767925,-0.000347612,0.010425364,0.013651259,0.043573904,4,0.006561011,0.821701092,0.136225407,1.846178342,0.00333881
2024-11-12,-0.005768296,0.005019297,0.001996939,0.010457147,-0.014974518,0.02212413,0,0.007608005,0.819410772,0.083930967,1.975390515,0.013651259
2024-11-13,0.000842373,-0.004251262,-0.002864085,0.003482908,-0.00967522,-0.01934769,2,0.004772068,0.819401752,-0.029916931,1.973203533,-0.014974518
2024-11-14,0.001340377,0.004506357,-0.00035213,-0.004418338,-0.007713682,-0.01537335,0,0.004087119,0.826192033,0.001018885,1.977800437,-0.00967522
2024-11-15,0.006275676,0.00861176,-0.009337557,-0.010904444,-0.000973591,-0.019685751,0,0.006414845,0.830318219,0.002605447,1.899338798,-0.007713682
2024-11-18,-0.005185843,-0.002495714,0.002051195,-0.008505637,-0.002825603,-0.036162614,3,0.003172972,0.83812637,0.016425278,1.843164453,-0.000973591
2024-11-19,-0.006740478,-0.003467896,0.006402409,-0.004100168,0.004029311,-0.017158786,3,0.005751925,0.831402303,0.011991531,1.83809396,-0.002825603
2024-11-20,0.003197515,-0.001112754,-0.001145959,-0.002382041,0.00027908,-0.007204485,3,0.001849076,0.824303247,0.004901495,1.881225679,0.004029311
2024-11-21,0.005257922,0.002804792,-0.004995227,-0.007025139,0.011089334,0.01159853,4,0.006912651,0.823863542,-0.00232849,1.90340165,0.00027908
2024-11-22,0.006205243,0.002734359,-0.001817215,0.000495203,0.014418489,0.02699061,4,0.007332095,0.82923957,-0.001078649,1.923726969,0.011089334
2024-11-25,0.006869435,0.014789637,-0.000325885,-0.001881877,0.011569728,0.041385942,4,0.005748369,0.828967392,-0.009158978,1.916757078,0.014418489
2024-11-26,-0.002943584,0.018586532,0.000544055,-0.007740231,-0.012988398,0.024368233,3,0.006283897,0.828271157,-0.003131147,1.919958842,0.011569728
2024-11-27,0.000721934,0.016110951,-0.002145294,-0.008739566,0.004583611,0.028672764,1,0.002806906,0.826679007,0.00237576,1.911676388,-0.012988398
2024-11-29,-0.001384056,0.009468973,0.002646955,-0.001097384,-0.002078363,0.015505068,4,0.002087688,0.816632694,-0.007230848,2.163444724,0.004583611
2024-12-02,-0.005314117,-0.002050387,0.007174968,0.007894799,-0.002687856,-0.001601278,2,0.005378153,0.804165931,-0.02507364,2.170642695,-0.002078363
2024-12-03,-0.002160385,-0.011080207,0.003507059,0.011727743,-0.007786637,-0.020957643,2,0.004733926,0.80429443,-0.024672962,2.226805986,-0.002687856
2024-12-04,0.000844003,-0.00729262,0.006931545,0.018115233,-0.001816718,-0.009785963,4,0.003793952,0.793212255,-0.035058901,2.265803767,-0.007786637
2024-12-05,-0.003660429,-0.011674983,0.000103601,0.020364128,-0.010731518,-0.025101092,0,0.005083822,0.603145119,-0.223533888,2.194003568,-0.001816718
2024-12-06,-0.005248053,-0.01553898,0.005571887,0.02328906,0.002843626,-0.020179103,3,0.004624788,0.623424081,-0.193208613,2.290873964,-0.010731518
2024-12-09,0.00075934,-0.009465524,-5.36E-05,0.016060518,-0.000563419,-0.018054667,0,0.000545235,0.639067034,-0.165098896,2.195381915,0.002843626
2024-12-10,-0.000508357,-0.007813497,0.000459694,0.013013153,-0.001249013,-0.011517042,0,0.0007323,0.655312461,-0.148981969,2.06212211,-0.000563419
2024-12-11,-0.010378636,-0.019036136,0.009371936,0.015453544,-0.003363909,-0.013064233,3,0.008207509,0.625002958,-0.168209298,1.833331026,-0.001249013
2024-12-12,0.000104386,-0.015271321,-0.001184126,0.014165817,-0.008484496,-0.010817211,0,0.004104106,0.653653864,0.050508745,1.822971939,-0.003363909
2024-12-13,-0.001935247,-0.011958515,0.00122562,0.00981955,-0.005997441,-0.019658278,1,0.003160719,0.633474952,0.010050871,1.821090847,-0.008484496
2024-12-16,-0.006318342,-0.019036196,0.00853549,0.018408614,0.002617058,-0.0164778,3,0.006158534,0.543349382,-0.095717652,2.213368766,-0.005997441
2024-12-17,-0.002268039,-0.020795878,0.000652741,0.018601661,-0.008015158,-0.023243945,0,0.003942352,0.579709569,-0.075602892,2.247344571,0.002617058
2024-12-18,0.003750126,-0.006667116,-0.006337819,0.002891906,-0.015002847,-0.034882883,0,0.008204877,0.83013365,0.205130692,1.691018525,-0.008015158
2024-12-19,0.001228481,-0.005543021,-0.000162228,0.003913804,-0.003630361,-0.030028748,1,0.00208737,0.832926989,0.179273125,1.690833531,-0.015002847
2024-12-20,0.000882747,-0.002725028,-0.000548318,0.002139866,-0.001459728,-0.025491035,4,0.000982196,0.855008536,0.221533584,1.581359609,-0.003630361
2024-12-23,-0.005705405,-0.002112091,0.00251521,-0.003880414,-0.009461915,-0.037570008,3,0.005427915,0.874009775,0.330660393,1.451170441,-0.001459728
2024-12-24,-0.001931962,-0.001776014,0.002398704,-0.002134451,-0.00101608,-0.03057093,4,0.001865765,0.904361321,0.324651752,1.361431977,-0.009461915
2024-12-26,0.001069989,-0.004456151,-0.000132141,0.004071227,0.009366006,-0.006202078,2,0.004558583,0.898042598,0.067908948,1.409385543,-0.00101608
2024-12-27,0.003387945,-0.002296687,-0.00389617,0.000337286,-0.004618527,-0.007190244,0,0.003715652,0.90869196,0.075764971,1.390436478,0.009366006
2024-12-30,0.000978123,-0.00220131,-0.001239823,-0.00035422,0.003242345,-0.00248817,0,0.001896104,0.902890642,0.047882106,1.352262687,-0.004618527
2024-12-31,0.003600575,0.00710467,-0.004778787,-0.007648217,0.005361712,0.012335457,1,0.004478597,0.893059037,0.019049262,1.356784401,0.003242345
2025-01-02,-0.00135159,0.007685043,0.000671619,-0.009375302,0.00290322,0.016254756,1,0.00177678,0.893311696,-0.011049625,1.361130419,0.005361712
2025-01-03,-0.004532309,0.002082744,0.00500849,-0.004234671,0.003838077,0.010726827,4,0.004309077,0.903190049,0.005147451,1.378422952,0.00290322
2025-01-06,-0.006121332,-0.007426532,0.006800578,0.006462077,-0.006325422,0.009019932,2,0.006211809,0.901181706,-0.007510254,1.344706953,0.003838077
2025-01-07,0.006984649,-0.001420007,-0.007907306,-0.000205405,0.003704439,0.009482026,0,0.006405703,0.892771335,-0.010119307,1.302984358,-0.006325422
2025-01-08,0.000949908,-0.004070674,-0.002113377,0.002460005,-0.006389034,-0.00226872,2,0.003262329,0.887791932,-0.005267105,1.306398252,0.003704439
2025-01-10,-0.000945499,-0.003664583,-0.000889321,0.000899064,-0.006929942,-0.012101882,0,0.003188714,0.896255817,0.002944121,1.30895678,-0.006389034
2025-01-13,0.006941772,0.007809498,-0.005419007,-0.009528433,0.000784537,-0.015155422,3,0.00506091,0.895020617,-0.008169431,1.330814585,-0.006929942
2025-01-14,0.004069483,0.018000312,-0.003438104,-0.019767116,0.010110551,0.00128055,3,0.005824009,0.886036565,-0.015145141,1.354540379,0.000784537
2025-01-15,-0.001742031,0.009273632,0.006070486,-0.005789324,0.001507601,-0.000916288,4,0.003348803,0.904262731,0.011491396,1.320456703,0.010110551
2025-01-16,0.00053062,0.008854344,-0.006788277,-0.010464224,0.003660151,0.009132898,1,0.004399705,0.909936166,0.022144234,1.317232679,0.001507601
2025-01-17,-0.00221532,0.007584523,0.005040659,-0.004534244,-0.00593949,0.01012335,4,0.004588716,0.910789544,0.014533727,1.276747856,0.003660151
2025-01-21,0.003564926,0.004207677,-0.002302478,-0.001417715,0.009595041,0.018933855,4,0.005183424,0.857708167,-0.03731245,1.194142029,-0.00593949
2025-01-22,-0.003149841,-0.003011647,0.006583288,0.008603677,-0.012285776,-0.003462473,3,0.007844542,0.836023377,-0.050013189,1.195396049,0.009595041
2025-01-23,0.003905595,0.00263598,-0.003085914,-0.000552723,-0.000587686,-0.00555776,4,0.002893006,0.827653519,-0.076609211,1.209251764,-0.012285776
2025-01-24,-0.000305668,0.001799692,-0.002108748,0.004126806,-0.000109026,-0.009326937,0,0.000993344,0.841786176,-0.068149989,1.218253271,-0.000587686
2025-01-27,0.021179784,0.025194796,-0.016486527,-0.01740038,0.004356429,0.000968983,1,0.01548002,0.77414956,-0.136639984,1.186691865,-0.000109026
2025-01-28,-0.006121434,0.015508436,0.010876496,-0.004221406,-0.007058777,-0.015684836,4,0.00825166,0.768846974,-0.088861193,1.138993947,0.004356429
2025-01-29,0.001634355,0.020292633,-0.000455172,-0.011259866,0.002170163,-0.001228896,0,0.001262719,0.752904798,-0.083118579,1.106528909,-0.007058777
2025-01-30,-0.001497759,0.014889279,-0.002746941,-0.010920893,0.005347238,0.004706028,4,0.003562678,0.737456244,-0.090197276,1.152880151,0.002170163
2025-01-31,-0.002487807,0.01270714,0.002296353,-0.006515792,-0.003540844,0.00127421,0,0.002615179,0.739382461,-0.102403715,1.178804811,0.005347238
2025-02-03,0.004878226,-0.003594419,-0.004432273,0.005538462,-0.005239439,-0.008321659,0,0.004660096,0.751282312,-0.022867248,1.205413869,-0.003540844
2025-02-04,-0.004184025,-0.00165701,0.006224371,0.000886337,0.006779173,0.005516291,4,0.005252303,0.734175293,-0.034671681,1.224730921,-0.005239439
2025-02-05,0.00319379,-9.76E-05,-0.001953704,-0.000612195,0.007396302,0.010742429,4,0.004085574,0.747135343,-0.005769455,1.26020241,0.006779173
2025-02-06,-0.006441762,-0.005041579,0.001410424,0.003545171,-0.007578486,-0.002183294,2,0.004515423,0.722857728,-0.014598515,1.313827933,0.007396302
2025-02-07,-0.000467224,-0.003020996,-0.00415371,-0.002904892,-0.002441974,-0.001084424,0,0.00191169,0.747101723,0.007719262,1.297036845,-0.007578486
2025-02-10,-0.002927473,-0.010826694,0.003038837,0.004566217,-0.003086513,0.001068502,4,0.002893574,0.69561816,-0.055664152,1.251828346,-0.002441974
2025-02-11,0.002427884,-0.004214785,-0.003917451,-0.005575604,-0.005703673,-0.011414343,2,0.003689501,0.70420025,-0.029975043,1.269083299,-0.003086513
2025-02-12,-0.002332775,-0.009741349,0.003037548,-0.000584353,-0.006015567,-0.024826212,1,0.003821189,0.716153785,-0.030981558,1.25883245,-0.005703673
2025-02-13,-0.002674225,-0.005973813,0.004563537,0.00256876,0.001214257,-0.016033469,4,0.003002429,0.66531238,-0.057545348,1.287191054,-0.006015567
2025-02-14,-0.003633103,-0.009139692,0.004131197,0.010853668,-0.000892488,-0.014483983,1,0.003215788,0.661952632,-0.085149091,1.294114859,0.001214257
2025-02-18,-0.002211668,-0.008423888,-0.001718722,0.006096109,0.002096021,-0.009301449,4,0.00194915,0.647532561,-0.048085599,1.347989384,-0.000892488
2025-02-19,-0.000776327,-0.011628099,-0.00162646,0.0083871,-0.005825044,-0.009422821,3,0.00259839,0.625341687,-0.078858563,1.243272005,0.002096021
2025-02-20,-0.005812336,-0.01510766,-0.000348752,0.005000801,-0.004775762,-0.008183016,0,0.002989376,0.655042746,-0.061111039,1.268296907,-0.005825044
2025-02-21,0.000119907,-0.012313527,-0.004992094,-0.004554831,-0.012581496,-0.02197877,0,0.005974157,0.740052192,0.074739811,1.384247707,-0.004775762
2025-02-24,0.005745487,-0.002934937,-0.007235836,-0.015921864,-0.002829045,-0.023915327,1,0.005437743,0.731745969,0.069793338,1.384587924,-0.012581496
2025-02-25,0.008364235,0.007640966,-0.008909937,-0.02311308,0.000923792,-0.025087556,1,0.007074957,0.814770743,0.167238182,1.493205045,-0.002829045
2025-02-26,-0.004456063,0.00396123,0.002429184,-0.019057435,0.001746862,-0.01751565,3,0.003097815,0.819296911,0.193955224,1.578069804,0.000923792
2025-02-27,0.011523863,0.021297429,-0.012231522,-0.030940205,-8.31E-06,-0.012748194,0,0.009700197,0.804994932,0.149952186,1.468546669,0.001746862
2025-02-28,-0.001916806,0.019260715,0.000469858,-0.025478253,-0.004848137,-0.005014835,4,0.002414699,0.829035441,0.088983249,1.321540762,-8.31E-06
2025-03-03,0.002823656,0.016338884,-0.008975268,-0.027217684,-0.0107717,-0.012957489,0,0.006657286,0.862027681,0.130281712,1.356327177,-0.004848137
2025-03-04,-0.003329573,0.004645077,0.0087602,-0.009547547,0.001448771,-0.01243251,0,0.00510211,0.845676286,0.030905543,1.316056745,-0.0107717
2025-03-05,0.000258088,0.009359228,0.00342969,-0.008547041,-0.000944969,-0.015124342,4,0.001901017,0.85898407,0.039687159,1.253547263,0.001448771
2025-03-06,0.00798933,0.005824695,-0.008425157,-0.004740677,0.001565827,-0.013550208,0,0.006756361,0.86613869,0.061143758,1.151011618,-0.000944969
2025-03-07,-0.000290184,0.007451317,0.001496345,-0.00371419,-0.001193566,-0.009895637,4,0.001117708,0.87613756,0.047102119,1.163954216,0.001565827
2025-03-10,0.006330567,0.010958228,-0.013481404,-0.008220327,-0.000211918,0.000664144,0,0.008333001,0.897488007,0.035460325,1.11037754,-0.001193566
2025-03-11,-0.003879377,0.010408423,0.005750422,-0.011230105,0.009832809,0.009048182,1,0.006070585,0.873211831,0.027535546,1.128492708,-0.000211918
2025-03-12,-0.006869324,0.003281011,0.007230201,-0.007429594,-0.003452764,0.006540388,3,0.006027577,0.871355231,0.012371161,1.124193074,0.009832809
2025-03-13,0.000908094,-0.003800224,-0.005779088,-0.004783525,-0.002319818,0.002654742,0,0.002982008,0.879456206,0.013317515,1.121298692,-0.003452764
2025-03-14,-0.004648695,-0.008158736,0.004692536,-0.001587334,0.003927513,0.007775822,4,0.004286129,0.894207809,0.018070249,1.137500649,-0.002319818
2025-03-17,0.002087273,-0.01240203,-0.003326673,0.008567397,0.005388338,0.013376078,4,0.003658517,0.896740498,-0.000747509,1.159226142,0.003927513
2025-03-18,0.00446967,-0.004052982,-0.006537965,-0.00372099,0.001779607,0.005322876,0,0.004685762,0.895957043,0.022745212,1.147323047,0.005388338
2025-03-19,-0.001564267,0.001252075,0.003253128,-0.007698063,0.004816328,0.013591968,4,0.002923891,0.90357611,0.032220879,1.172182223,0.001779607
2025-03-20,0.001917768,0.002261749,-0.001150991,-0.003069965,-0.004293652,0.011618134,0,0.002603098,0.907223707,0.027767502,1.169394823,0.004816328
2025-03-21,-6.11E-05,0.006849337,0.004386024,-0.003376477,-0.006471931,0.001218689,3,0.004471182,0.901653463,0.007445655,1.107226071,-0.004293652
2025-03-24,-0.003350268,0.001411796,0.005000317,0.004950513,0.007663015,0.003493365,4,0.004941861,0.914861981,0.018121483,1.140135923,-0.006471931
2025-03-25,-0.001474947,-0.004532822,0.002994576,0.014483054,-0.00823224,-0.006518481,3,0.004748612,0.919055955,0.023098912,1.142481097,0.007663015
2025-03-26,0.00809858,0.005130026,-0.00939656,0.001833365,0.000881952,-0.010452857,0,0.007179065,0.918503083,0.014926973,1.13532216,-0.00823224
2025-03-27,-0.000347287,0.002864971,-0.002008679,0.000975677,-0.000615588,-0.006774792,0,0.000880684,0.925282642,0.018058935,1.144090144,0.000881952
2025-03-28,0.002867661,0.00579374,-0.007455661,-0.010866008,-0.000819503,-0.001122364,0,0.004365458,0.929573897,0.027920433,1.166756467,-0.000615588
2025-03-31,0.004475287,0.013619295,-0.006892369,-0.022758693,-0.011153728,-0.019939107,2,0.006973686,0.910612062,-0.004249919,1.106022288,-0.000819503
2025-04-01,-0.004055103,0.011039139,0.00489387,-0.020859399,-0.003610117,-0.015316983,3,0.004143536,0.91958223,0.000526275,1.109909911,-0.011153728
2025-04-02,-0.001116177,0.001824381,0.001919562,-0.009543277,0.00961962,-0.006579315,4,0.004841071,0.914552828,-0.003950255,1.153288213,-0.003610117
2025-04-03,0.009021261,0.011192929,-0.011929771,-0.019464369,-0.01857671,-0.024540437,0,0.012293536,0.948873401,0.023590759,1.273787113,0.00961962
2025-04-04,0.005011458,0.013336726,0.001674059,-0.010334649,0.016909591,-0.006811343,0,0.007630404,0.943081553,0.013507656,1.085549553,-0.01857671
2025-04-07,-0.006823072,0.002038367,0.003326128,-0.000116152,-0.006953321,-0.002610936,1,0.00512068,0.938975125,0.028363063,1.090100892,0.016909591
2025-04-08,0.007360367,0.013453838,-0.005901518,-0.01091154,-0.011862001,-0.01086282,0,0.008218954,0.940624799,0.021042569,1.105726164,-0.006953321
2025-04-09,-0.015134538,-0.000564523,0.023889543,0.011058441,-0.007855651,-0.028338091,4,0.016943765,0.969732495,0.055179667,1.01774098,-0.011862001
2025-04-10,0.009913462,0.000327677,-0.008809778,0.014178434,-0.008460487,-0.018221868,0,0.008830593,0.970470609,0.021597208,1.030115799,-0.007855651
2025-04-11,-0.002416251,-0.007100032,0.002434706,0.014939081,-0.002321648,-0.037453107,4,0.002297095,0.970632471,0.027550918,1.021188216,-0.008460487
2025-04-14,-0.000182595,-0.000459555,-0.001534723,0.010078229,0.003142453,-0.027357333,4,0.00197956,0.971329358,0.032354233,1.019672368,-0.002321648
2025-04-15,-0.002123391,-0.009943313,0.001235403,0.01721515,0.002813307,-0.012682026,1,0.002083506,0.971308926,0.030684127,1.022111249,0.003142453
2025-04-16,0.005181931,0.010373156,-0.00848956,-0.015163953,0.012285164,0.00745879,0,0.008750262,0.968472838,-0.001259658,1.005059272,0.002813307
2025-04-17,-0.014703885,-0.014244191,-0.002596758,-0.008950932,0.007829852,0.023749128,2,0.009342198,0.962163056,-0.008307553,1.010154777,0.012285164
2025-04-21,-0.001291687,-0.013119626,-0.001996569,-0.013382207,0.002187582,0.028258357,0,0.001838241,0.962906701,-0.007725769,1.007348956,0.007829852
2025-04-22,0.001476996,-0.011460035,0.001896649,-0.009950834,0.001978589,0.027094493,4,0.000918696,0.963763381,-0.007565977,0.999788634,0.002187582
2025-04-23,-0.005873404,-0.015210047,0.008175952,-0.003010285,-0.001371669,0.022909517,4,0.00585969,0.964880641,-0.006428285,1.000097662,0.001978589
2025-04-24,-0.007839956,-0.028231935,0.006985645,0.012464919,-0.000219697,0.010404656,4,0.006055962,0.967037888,-0.00143495,1.001497078,-0.001371669
2025-04-25,-0.006844842,-0.020372892,0.00521019,0.020271867,-0.007330745,-0.004755941,4,0.00599008,0.966207207,0.004044151,0.999570034,-0.000219697
2025-04-28,0.002199637,-0.016881568,-0.001607929,0.020660508,0.00340218,-0.003541342,3,0.002236879,0.965283055,0.002376354,1.000740721,-0.007330745
2025-04-29,0.001645028,-0.016713537,-0.000319282,0.018444577,-0.000220038,-0.00573997,4,0.000922104,0.968366283,0.004602902,1.001326687,0.00340218
2025-04-30,0.002012327,-0.008827807,-0.002337189,0.007931436,-0.007772324,-0.012140624,2,0.00422413,0.967560533,0.002679891,1.002395576,-0.000220038
2025-05-01,-0.004225816,-0.005213666,0.008762027,0.009707819,-0.000319912,-0.012240839,4,0.005486003,0.968216201,0.001178313,0.995631937,-0.007772324
2025-05-02,-0.000863252,0.000767924,0.000343356,0.004840985,0.007840846,0.002930752,4,0.004039096,0.967793932,0.001586725,0.936570732,-0.000319912
2025-05-05,0.004012755,0.002581042,-0.001050969,0.005397945,-0.001786809,-0.002258238,0,0.00258549,0.964826767,-0.000456288,0.998553261,0.007840846
2025-05-06,-0.001779547,-0.000843533,-0.000977498,0.004739728,-0.002845305,-0.004883504,0,0.001207127,0.966869833,-0.00149645,0.99560214,-0.001786809
2025-05-07,0.002618385,-0.000237475,-0.001598975,0.005477942,-0.001079781,0.001809039,4,0.001877736,0.969625306,0.002064773,0.968725123,-0.002845305
2025-05-08,0.000387537,0.004375878,0.004870299,0.001586214,0.012518963,0.014647914,4,0.005819244,0.923883594,-0.044332606,1.089990828,-0.001079781
2025-05-09,-0.002170704,0.003068426,0.000755201,0.001998059,-0.000937904,0.005869164,1,0.001261919,0.901354189,-0.066439743,1.004274505,0.012518963
2025-05-12,-0.004289454,-0.005233784,0.010514382,0.013563409,0.001560011,0.009215984,4,0.00622452,0.919031189,-0.045795578,1.016811633,-0.000937904
2025-05-13,-0.013601032,-0.017055269,0.008778418,0.023319325,-0.002382366,0.009678922,3,0.00921496,0.906696925,-0.060172908,1.013660256,0.001560011
2025-05-14,-0.003146935,-0.022820589,0.006142377,0.031060677,-0.009886531,0.000872172,2,0.006670925,0.897383459,-0.072241847,1.042263024,-0.002382366
2025-05-15,0.002316388,-0.020891738,-0.005926798,0.020263579,0.001088552,-0.010558239,3,0.00365548,0.88937105,-0.034512544,1.137968321,-0.009886531
2025-05-16,0.000832749,-0.017888285,-0.001825802,0.017682576,0.001840654,-0.00777968,4,0.001553,0.907983145,0.006628956,1.141622348,0.001088552
2025-05-19,0.002338718,-0.011260113,-0.000648734,0.00651946,-0.005058162,-0.014397853,3,0.003089731,0.874501333,-0.044529856,1.252034788,0.001840654
2025-05-20,0.001200681,0.003541601,9.46E-05,-0.00216438,0.004434164,-0.007581323,1,0.002074111,0.859901444,-0.046795481,1.24069232,-0.005058162
2025-05-21,-0.003057736,0.003630801,0.002057993,-0.006248763,-0.012163918,-0.00985871,0,0.006277619,0.880870935,-0.016512524,1.331632369,0.004434164
2025-05-22,0.000412682,0.001727095,0.003254595,0.00293263,-4.38E-05,-0.010991036,1,0.001579258,0.873279354,-0.016091696,1.366688091,-0.012163918
2025-05-23,0.000595896,0.001490242,-0.003280577,0.001477856,0.003935544,-0.008896147,0,0.002956046,0.881073621,-0.026909525,1.343766256,-4.38E-05
2025-05-27,-0.002608119,-0.003456595,0.004102519,0.006229109,0.004226544,0.00038856,4,0.003332383,0.898556171,0.024054839,1.334172136,0.003935544
2025-05-28,-0.000214787,-0.004872063,0.000457786,0.006592317,-0.005283322,-0.009328926,0,0.002696787,0.903042954,0.04314151,1.343085881,0.004226544
2025-05-29,-0.001227102,-0.00304143,-8.80E-05,0.004446306,-0.000633297,0.002201695,4,0.000567306,0.907969826,0.027098891,1.33010115,-0.005283322
2025-05-30,0.001367555,-0.002086557,-0.003162491,-0.001970781,-0.004019202,-0.001773733,1,0.002554375,0.910832709,0.037553355,1.336618759,-0.000633297
2025-06-02,-0.00325629,-0.005938743,0.002624414,0.00393421,-0.002222543,-0.007931819,4,0.002607281,0.906557165,0.025483545,1.304798083,-0.004019202
2025-06-03,-0.000734072,-0.004064695,0.002308913,0.002140604,0.009945987,-0.002212376,4,0.004885701,0.902368106,0.003811934,1.345344305,-0.002222543
2025-06-04,-0.002237433,-0.006087342,0.003093079,0.004775896,-0.002215798,0.000855148,2,0.002517969,0.896230716,-0.006812238,1.353428497,0.009945987
2025-06-05,0.002742608,-0.002117632,-0.003070169,0.001793745,0.004752784,0.006241228,0,0.003398095,0.8962673,-0.011702526,1.332089757,-0.002215798
2025-06-06,0.000188429,-0.003296758,0.001696207,0.006652444,0.006274874,0.016535305,4,0.002923598,0.903228358,-0.007604351,1.305625591,0.004752784
2025-06-09,-0.000945468,-0.000985936,0.00221387,0.006241899,0.004785801,0.023543648,3,0.002551841,0.900828513,-0.005728652,1.306687644,0.006274874
2025-06-10,-0.003013006,-0.00326487,0.00082872,0.004761707,9.37E-05,0.013691323,4,0.001701086,0.843384604,-0.058983502,1.481851418,0.004785801
2025-06-11,0.002721963,0.001694526,-0.002292126,-0.000623498,-0.001052863,0.014854259,0,0.002134979,0.891775451,-0.004455264,1.498081612,9.37E-05
2025-06-12,-0.001441893,-0.002489976,-0.001441847,0.001004824,-0.007611446,0.002490029,3,0.00339386,0.907019772,0.010752471,1.468762203,-0.001052863
2025-06-13,-0.006718338,-0.009396742,-0.001727033,-0.002418417,-0.00730708,-0.011091925,0,0.003627543,0.924822996,0.021594637,1.484425368,-0.007611446
2025-06-16,-0.001857583,-0.010308857,0.00570621,0.001073923,0.001833251,-0.014044475,4,0.003230135,0.926225488,0.025396975,1.475334883,-0.00730708
2025-06-17,0.001322769,-0.005973083,-0.000797431,-0.000552228,-0.002104768,-0.016242905,0,0.001436664,0.933957193,0.090572589,1.456142669,0.001833251
2025-06-18,-0.000736854,-0.009431899,0.001598328,0.003338225,0.005528853,-0.009661189,2,0.002796233,0.9342772,0.042501749,1.472590291,-0.002104768
2025-06-20,0.003014427,-0.004975579,-0.002889509,0.001890564,0.000433171,-0.001616572,1,0.002418388,0.919774403,0.012754631,1.387843136,0.005528853
2025-06-23,-0.00071599,0.001026769,-0.000166105,0.003451492,0.001476792,0.0071673,4,0.000936791,0.92392734,-0.000895655,1.372435599,0.000433171
2025-06-24,0.000781377,0.003665729,0.003180361,0.000925643,0.002228531,0.00756258,4,0.001427321,0.931127297,0.004901809,1.398146317,0.001476792
2025-06-25,-0.002473491,-0.000130531,0.003063077,0.004786151,-0.011645791,-0.001978443,1,0.00633943,0.890449461,-0.043507733,1.54756675,0.002228531
2025-06-26,0.001376614,0.001982937,0.001695667,0.00488349,0.008691809,0.001184512,4,0.00390382,0.889275236,-0.045001964,1.590520362,-0.011645791
2025-06-27,0.004712099,0.00368061,1.46E-05,0.007787553,-0.005012094,-0.004260753,4,0.003970928,0.874215122,-0.045559281,1.58572768,0.008691809
2025-06-30,0.001116369,0.005512969,-0.000413827,0.007539831,-0.003996465,-0.00973401,4,0.002211846,0.872600938,-0.051326403,1.565393341,-0.005012094
2025-07-01,0.010153493,0.014885084,-0.007105147,-0.002745677,0.011410655,-0.000551886,2,0.00878472,0.821137208,-0.109990089,1.580301774,-0.003996465
2025-07-02,-0.004970323,0.012388252,0.004638553,-0.001170201,0.00830445,0.019398355,3,0.005753065,0.80801023,-0.08243923,1.560882865,0.011410655
2025-07-03,-0.000598641,0.010412997,0.001841954,-0.001023914,0.001822202,0.012528749,4,0.001254623,0.816586137,-0.072689099,1.538057961,0.00830445
2025-07-07,-0.001568739,0.004132159,-0.00130267,-0.002341137,-0.007705403,0.009835439,0,0.003443055,0.841866946,-0.032348175,1.624578201,0.001822202
2025-07-08,-0.00301997,-4.18E-06,0.001007168,-0.000920143,0.007247838,0.021079742,2,0.004313327,0.819483068,-0.053117869,1.613231689,-0.007705403
2025-07-09,-0.001138689,-0.011296362,0.00335816,0.009543164,0.004556065,0.014225152,4,0.00269905,0.825027407,0.003890199,1.619835158,0.007247838
2025-07-10,0.001574525,-0.004751513,-0.001805517,0.003099094,0.002093779,0.008014481,4,0.001756458,0.824289942,0.016279712,1.630130569,0.004556065
2025-07-11,-0.002968048,-0.00712092,0.001113013,0.002370153,-0.009404318,-0.003212039,0,0.004718617,0.827480893,0.010894756,1.696826143,0.002093779
2025-07-14,0.000577941,-0.00497424,0.001252141,0.004924964,0.005238579,0.009731943,4,0.002370168,0.831693701,-0.010173246,1.69423905,-0.009404318
2025-07-15,-0.005899065,-0.007853336,0.005777911,0.009695708,-0.016095849,-0.013611744,1,0.009336519,0.769779524,-0.049703544,1.903214305,0.005238579
2025-07-16,0.002056057,-0.004658589,-0.000643693,0.005693855,0.006712118,-0.01145569,4,0.003326281,0.758559491,-0.066467916,1.978713425,-0.016095849
2025-07-17,-0.000182246,-0.006415361,0.002097384,0.009596756,0.006554132,-0.006995338,4,0.003133515,0.734758491,-0.089531451,2.134701202,0.006712118
2025-07-18,-0.003113434,-0.006560748,0.000569173,0.009052917,-0.005993581,-0.003584601,1,0.003039559,0.743534278,-0.083946615,2.177919051,0.006554132
2025-07-21,-0.001829467,-0.008968155,0.002352963,0.010153739,-0.00537036,-0.01419354,2,0.003258381,0.745017332,-0.086676369,2.243058305,-0.005993581
2025-07-22,0.003401406,0.000332316,-0.00453016,-0.000154332,0.007233498,0.009135807,3,0.00500328,0.712429543,-0.057349981,2.344873729,-0.00537036
2025-07-23,0.003565527,0.001841785,-0.001705548,-0.001216188,0.007386768,0.009810456,4,0.004033635,0.693105724,-0.065453767,2.519954754,0.007233498
2025-07-24,-0.007751835,-0.005727804,0.001105406,-0.002208166,-0.014368854,-0.01111253,2,0.007242612,0.69248789,-0.042270601,2.563549214,0.007386768
2025-07-25,0.000676892,-0.001937477,-0.001577841,-0.00435518,-4.65E-06,-0.0051236,4,0.000956166,0.66321001,-0.080324267,2.565231578,-0.014368854
2025-07-28,-0.00161129,-0.0017193,0.003146164,-0.003561979,-0.002098171,-0.001851411,2,0.002367671,0.669195643,-0.075821689,2.60692268,-4.65E-06
2025-07-29,-0.001609086,-0.006729793,-0.000834517,0.000133664,-0.003156619,-0.012241528,0,0.001342783,0.686623098,-0.025806445,2.615220676,-0.002098171
2025-07-30,-0.002604293,-0.012899613,0.002736474,0.004575686,-0.003468995,-0.02309729,1,0.002800058,0.781654463,0.088548739,2.583296636,-0.003156619
2025-07-31,-0.003755023,-0.008902801,0.003359871,0.006830151,-0.005636735,-0.014365171,0,0.004002741,0.793817964,0.101330074,2.500874438,-0.003468995
2025-08-01,0.003754493,-0.0058252,-0.006493375,0.001914617,-0.004375204,-0.018735724,0,0.004573474,0.804873028,0.141663018,2.081137397,-0.005636735
2025-08-04,-0.001296466,-0.005510376,0.0047194,0.003487852,0.006160948,-0.010476605,4,0.003603153,0.83318203,0.163986386,1.951609404,-0.004375204
2025-08-05,0.00346738,-0.00043391,-0.001660168,0.002662201,0.010894942,0.003574957,1,0.005572027,0.820739838,0.134116739,1.908765905,0.006160948
2025-08-06,-0.005412298,-0.003241914,0.004761413,0.00468714,-0.009225355,-0.002181404,3,0.006128789,0.796240542,0.014586079,1.845377113,0.010894942
2025-08-07,-0.004294681,-0.003781572,0.004253385,0.005580654,-0.002164356,0.001290975,1,0.003651656,0.793532406,-0.000285558,1.838337579,-0.009225355
2025-08-08,-0.003073309,-0.010609373,0.001942831,0.01401686,-0.006100231,-0.000434052,4,0.003529015,0.78892322,-0.015949808,1.745762335,-0.002164356
2025-08-11,-0.002042211,-0.011355118,-0.000509823,0.008787637,0.001645964,-0.004949036,0,0.001520362,0.789720714,-0.043461315,1.712725504,-0.006100231
2025-08-12,-0.000346263,-0.015168761,0.002487806,0.012935611,0.018178561,0.002334583,4,0.008823123,0.827295106,0.006555269,1.780371614,0.001645964
2025-08-13,0.007150149,-0.002606314,-0.001785066,0.006389131,0.016416443,0.027976381,4,0.008270469,0.807201223,0.010960681,1.862071759,0.018178561
2025-08-14,-0.000548116,0.001140251,-0.00041684,0.001718907,-0.012829296,0.017311442,1,0.006258186,0.795195591,0.001663185,1.907672228,0.016416443
2025-08-15,0.003677222,0.007890782,-0.001145842,-0.001369765,-0.002576717,0.020834955,1,0.002675436,0.793299997,0.004376777,1.88728835,-0.012829296
2025-08-18,-0.000662676,0.009270316,0.000414693,-0.000445249,0.003571616,0.022760607,2,0.001880241,0.795227823,0.005507108,1.878658594,-0.002576717
2025-08-19,0.006107963,0.015724542,-0.008786588,-0.011719642,-0.001938997,0.002643049,1,0.0061357,0.793867985,-0.033427121,1.838001587,0.003571616
2025-08-20,0.002791607,0.011366,-0.004253894,-0.01418847,-0.000759421,-0.014532815,1,0.002900081,0.785437869,-0.021763354,1.816189464,-0.001938997
2025-08-21,0.000606017,0.012520133,0.000579835,-0.013191795,0.006103142,0.004399623,1,0.002867604,0.8008837,0.005688109,1.736927439,-0.000759421
2025-08-22,0.003646778,0.012489689,0.003531905,-0.008514049,0.022830831,0.029807171,4,0.010358208,0.843993025,0.050693028,1.920554413,0.006103142
2025-08-25,-0.003408023,0.009744342,0.002075065,-0.006853677,-0.005415884,0.020819672,0,0.003359841,0.845456984,0.050229161,1.929510633,0.022830831
2025-08-26,-0.001135378,0.002501002,0.000292892,0.002225802,0.004146658,0.026905327,4,0.002297843,0.8444769,0.050608915,1.921880625,-0.005415884
2025-08-27,0.000846755,0.00055615,-0.000261239,0.006218458,0.004035673,0.03170042,4,0.001977629,0.847756113,0.062318244,1.913189052,0.004146658
2025-08-28,-0.001580118,-0.001629985,0.002161522,0.007800145,-0.001211654,0.024385623,4,0.001686985,0.850504081,0.049620381,1.890907442,0.004035673
2025-08-29,0.004400364,-0.000876399,-0.005147898,-0.000879657,0.001364812,0.002919605,0,0.003984617,0.815432902,-0.028560123,2.006232312,-0.001211654
2025-09-02,0.001462663,0.003994287,-0.001286722,-0.004241445,0.000923414,0.009258902,0,0.001203548,0.797304052,-0.048152931,2.096579317,0.001364812
2025-09-03,-0.005629873,-0.000500208,0.00510994,0.000575604,-0.006039858,-0.000927614,2,0.005276651,0.787737809,-0.056739091,2.122739367,0.000923414
2025-09-04,-0.000609116,-0.001956079,0.001407333,0.002244176,0.004222257,-0.00074103,4,0.002150796,0.820221087,-0.027535026,2.123131729,-0.006039858
2025-09-05,-0.001673266,-0.002049228,0.002833884,0.002916538,0.007966139,0.008436764,1,0.004221598,0.822411587,-0.028092494,2.086886151,0.004222257
2025-09-08,0.000406028,-0.006043564,0.002416273,0.010480708,-0.000499129,0.006572823,4,0.001278421,0.833230048,0.017797146,2.155724488,0.007966139
2025-09-09,0.00162103,-0.005885197,0.001014833,0.012782263,-0.008156873,-0.002507463,3,0.004566976,0.820588397,0.023284344,2.192118241,-0.000499129
2025-09-10,-0.007812645,-0.008067969,-0.002678778,0.004993545,-0.004579951,-0.001047556,2,0.00328647,0.775525631,-0.012212179,2.112930069,-0.008156873
2025-09-11,0.005023596,-0.002435257,-0.001301736,0.002284476,0.009685489,0.004415675,4,0.005026612,0.801884936,-0.01833615,1.999331888,-0.004579951
2025-09-12,-0.005472646,-0.006234637,0.004920189,0.004370781,-0.009673695,-0.013224159,1,0.006366447,0.792405435,-0.030006152,1.970769859,0.009685489
2025-09-15,-0.003622056,-0.01026272,0.004639221,0.006593729,-0.001334681,-0.014059711,4,0.00348319,0.786644469,-0.046585579,1.950363303,-0.009673695
2025-09-16,-0.001451288,-0.013335039,0.000626801,0.006205698,0.000415306,-0.005487532,0,0.000936258,0.788570823,-0.032017573,1.947148542,-0.001334681
2025-09-17,0.006645804,0.00112341,-0.002286697,0.006597779,0.002762626,0.001855044,2,0.003844824,0.789605007,0.014079377,1.978426381,0.000415306
2025-09-18,-0.002084532,-0.005984718,0.004584376,0.012483891,0.019986395,0.012155951,4,0.009973465,0.781637906,-0.02024703,2.164602549,0.002762626
2025-09-19,-0.001134563,-0.001646634,0.002255194,0.009818896,-0.012574181,0.009255465,3,0.006625386,0.760491541,-0.031913894,2.276666651,0.019986395
2025-09-22,-0.002970538,-0.000995117,0.002534878,0.007714552,0.001531972,0.012122118,4,0.002401122,0.636485789,-0.15015868,2.051676515,-0.012574181
2025-09-23,0.003601873,0.004058045,-0.0039844,0.00310335,0.00314781,0.014854621,0,0.003504566,0.612043705,-0.176527118,1.927245911,0.001531972
2025-09-24,-0.000860883,-0.003448643,-0.000504511,0.004885536,-0.006359434,0.005732561,0,0.002973203,0.627998576,-0.161606432,1.955375506,0.00314781
2025-09-25,0.001242703,-0.000121408,-2.09E-05,0.000280298,-0.00485868,-0.019112514,0,0.002698448,0.649496894,-0.132141012,1.929537414,-0.006359434
2025-09-26,0.000622829,0.001635983,-0.001455072,-0.003429968,0.00372479,-0.002813543,4,0.002182315,0.658820792,-0.101670749,1.930868786,-0.00485868
2025-09-29,-0.001145933,0.003460588,0.002119104,-0.003845741,-0.002250141,-0.006595656,4,0.001867194,0.655248666,0.018762877,2.043377789,0.00372479
2025-09-30,-0.002317498,-0.002458783,-0.001039071,-0.000900412,-0.003577558,-0.013321024,4,0.001552295,0.62485102,0.012807314,2.218785198,-0.002250141
2025-10-01,-0.002463275,-0.004061175,0.000796099,0.000400199,-0.00098779,-0.00794938,4,0.001404162,0.648484151,0.020485575,2.239517986,-0.003577558
2025-10-02,0.001073242,-0.004230636,0.00328062,0.003701681,0.005968442,0.002877743,4,0.002639389,0.609089678,-0.040407216,2.329301198,-0.00098779
2025-10-03,0.005049587,0.000196122,-0.002850899,0.002305854,0.007104175,0.006257128,3,0.004562873,0.594050635,-0.064770157,2.440398037,0.005968442
2025-10-06,-0.004994915,-0.00365286,0.003409609,0.003596359,0.000458829,0.008966099,3,0.003486541,0.581844103,-0.073404563,2.429068633,0.007104175
2025-10-07,0.001846762,0.0005114,-0.002886365,0.001749065,-0.007478288,0.005065369,0,0.00406316,0.623558597,-0.001292423,2.388905162,0.000458829
2025-10-08,-0.005836481,-0.002861806,0.005317963,0.00627093,0.00453655,0.010589709,3,0.005128008,0.626865556,-0.021618595,2.367428123,-0.007478288
2025-10-09,-0.002476413,-0.006411461,0.00194536,0.004935669,-0.003354266,0.001267002,0,0.002407919,0.594946325,-0.014143352,2.342100879,0.00453655
2025-10-10,0.008346906,-0.003114142,-0.00878677,-0.001000202,-0.003054456,-0.00889163,0,0.007145052,0.835057089,0.241006454,1.489747881,-0.003354266
2025-10-13,-0.002632763,-0.00075199,0.006357356,0.001947545,0.012048061,0.002697602,4,0.006590626,0.871946987,0.290102884,1.551674526,-0.003054456
2025-10-14,0.005959908,0.003361157,-0.006082618,-0.001248708,0.015316274,0.025492164,2,0.009117673,0.845227319,0.221668722,1.587285466,0.012048061
2025-10-15,-0.004388685,0.004808953,0.002548824,-0.004017848,0.005652662,0.026608275,3,0.004245597,0.854409335,0.227543779,1.594524704,0.015316274
2025-10-16,-0.000216159,0.007069207,0.001559251,-0.004403957,-0.014834458,0.015128083,0,0.007681903,0.861358631,0.266412305,1.565404039,0.005652662
2025-10-17,-8.29E-05,-0.001360615,-6.57E-05,0.004317159,-0.011294511,0.006888028,3,0.005622608,0.862844876,0.027787787,1.557426025,-0.014834458
2025-10-20,0.000492773,0.001764921,0.002984875,0.000944678,0.008665657,0.003505624,4,0.003974123,0.87379869,0.001851703,1.581187727,-0.011294511
2025-10-21,0.004627295,0.000432308,-0.001637649,0.005389647,-0.004932846,-0.016743497,2,0.003978388,0.867335776,0.022108457,1.606638289,0.008665657
2025-10-22,-0.001798441,0.003022552,-0.003982903,-0.00114208,-0.009282213,-0.031678372,0,0.00402201,0.871305745,0.016896411,1.623377832,-0.004932846
2025-10-23,-0.002720219,0.000518492,0.003007033,0.000305702,0.006799553,-0.010044361,4,0.004087445,0.869589649,0.008231019,1.632329384,-0.009282213
2025-10-24,0.0021884,0.002789808,0.003530163,0.003901519,0.004462364,0.005712515,4,0.00193658,0.872948308,0.010103432,1.630082999,0.006799553
2025-10-27,-0.005091889,-0.002794854,0.006255507,0.007172151,-0.009445932,-0.012399074,4,0.006761044,0.862435268,-0.011363422,1.566036631,0.004462364
2025-10-28,0.00111162,-0.006310529,0.005721854,0.014531654,-0.007771635,-0.015237863,3,0.00560219,0.855553626,-0.01178215,1.579344821,-0.009445932
2025-10-29,-0.001516571,-0.00602866,0.005525557,0.024040114,-0.008707361,-0.014663011,1,0.005863197,0.849679898,-0.021625847,1.600390898,-0.007771635
2025-10-30,0.007644697,0.004336256,-0.005920486,0.015112595,0.002335079,-0.019127485,0,0.005622179,0.847298139,-0.022291511,1.545568225,-0.008707361
2025-10-31,-0.001757373,0.000390484,0.003465931,0.015048363,0.002816872,-0.020772977,4,0.002443762,0.855274165,-0.017674143,1.540114329,0.002335079
2025-11-03,-0.006486208,-0.001003835,0.002896439,0.011689294,-0.005007671,-0.016334716,2,0.004361117,0.851282575,-0.011152693,1.541858563,0.002816872
2025-11-04,0.006480326,0.004364871,-0.008798355,-0.002830915,-0.006117751,-0.014680831,0,0.006807887,0.856175306,0.000621679,1.51715304,-0.005007671
2025-11-05,0.001136389,0.007017832,0.002806281,-0.005550191,0.011659624,0.005686154,4,0.005299545,0.859271776,0.009591878,1.550084454,-0.006117751
2025-11-06,0.002778226,0.00215136,-0.007911943,-0.007541648,-0.007581585,-0.00423051,0,0.005396853,0.872455834,0.025157695,1.551728594,0.011659624
2025-11-07,0.000332165,0.004240898,-0.003408366,-0.014415944,0.004510214,-0.002537168,3,0.003243209,0.822945068,-0.032329097,1.830068037,-0.007581585
2025-11-10,-0.007196584,0.003530522,0.007180746,-0.010131636,-0.005943281,-0.003472779,4,0.006577709,0.789791992,-0.061490583,1.657977424,0.004510214
2025-11-11,0.009665698,0.006715894,-0.004578513,-0.005911794,-0.001002722,0.00164225,3,0.006088876,0.790013523,-0.066161783,1.607050736,-0.005943281
2025-11-12,0.006167337,0.011746841,-0.003267834,-0.011985909,-0.003676728,-0.013694102,2,0.004549069,0.789562991,-0.069708785,1.578529481,-0.001002722
2025-11-13,2.84E-05,0.008996989,-0.006474919,-0.010548885,-0.011367273,-0.01747979,0,0.005531945,0.836198125,-0.036257709,1.496284399,-0.003676728
2025-11-14,-0.006046225,0.002618599,0.001822797,-0.005317722,0.002702552,-0.019287451,2,0.003941444,0.828929428,0.005984359,1.505985266,-0.011367273
2025-11-17,-0.002685033,0.00713015,0.000762212,-0.011736257,-0.010607551,-0.023951721,0,0.005198011,0.821141551,0.03134956,1.480057444,0.002702552
2025-11-18,-0.002466609,-0.005002157,-0.003903287,-0.011061031,0.011429271,-0.011519729,1,0.00696536,0.802297687,0.012284164,1.456734108,-0.010607551
2025-11-19,-0.002726944,-0.013896438,0.002092737,-0.00570046,-0.004108811,-0.011951812,3,0.002773328,0.796779846,0.007216855,1.420807388,0.011429271
2025-11-20,0.007277369,-0.006647443,-0.006092266,-0.005317806,-0.002698836,-0.003283375,0,0.005679985,0.808046214,-0.028151911,1.33625283,-0.004108811
2025-11-21,0.000945889,0.000344671,-0.000980263,-0.008120867,0.017813434,0.011827507,4,0.008947072,0.798858062,-0.030071366,1.484625085,-0.002698836
2025-11-24,-0.010971828,-0.007942124,0.011186285,0.002303207,0.003335318,0.025770375,4,0.009192172,0.805880815,-0.015260736,1.52828428,0.017813434
2025-11-25,0.005177185,-0.00029833,-0.002328569,0.003877925,0.012167282,0.026508387,4,0.00642648,0.816992795,0.014695108,1.581880403,0.003335318
2025-11-26,-0.00022601,0.002202605,0.001296076,0.003081263,0.001251053,0.031868251,4,0.000806046,0.830127207,0.033347362,1.556494374,0.012167282
2025-11-28,0.000740885,-0.004333879,0.001142952,0.010316481,0.000398893,0.034965981,4,0.000487049,0.835046812,0.027000598,1.579330569,0.001251053
2025-12-01,-0.003653415,-0.008933183,0.001488211,0.012784956,-0.007259327,0.00989322,0,0.003918103,0.834388019,0.035529957,1.594637064,0.000398893
2025-12-02,0.001453032,0.003491677,0.003446469,0.005045139,-0.00413635,0.002421553,3,0.003212125,0.839517675,0.03363686,1.591753104,-0.007259327
2025-12-03,0.005591152,0.003905644,-0.00125051,0.006123198,0.01597589,0.006230161,4,0.007849914,0.827525678,0.010532883,1.654482832,-0.00413635
2025-12-04,-0.001747361,0.002384293,0.001094522,0.005921644,0.006462985,0.011442093,3,0.003539396,0.825259189,-0.004868018,1.629997276,0.01597589
2025-12-05,0.000237266,0.001880673,0.001165708,0.0059444,-0.005766407,0.005276793,3,0.003157358,0.806976006,-0.028070806,1.627735552,0.006462985
2025-12-08,-0.001024128,0.004509961,0.002115416,0.006571604,0.003284999,0.015821119,0,0.001960193,0.808244798,-0.026143221,1.614479362,-0.005766407
2025-12-09,-0.002880491,0.000176438,0.002175058,0.005300193,0.002961064,0.022918532,2,0.002615596,0.811432614,-0.028085061,1.736110114,0.003284999
2025-12-10,0.003678382,-0.001736331,-0.003438328,0.003112375,0.006396037,0.013338679,4,0.00429156,0.831660716,0.004135038,1.738600823,0.002961064
2025-12-11,0.011280798,0.011291828,-0.004629302,-0.002611448,0.009961274,0.016836967,3,0.007722646,0.821218728,-0.004040461,1.750682908,0.006396037
2025-12-12,0.005658002,0.016712564,-0.006321505,-0.010098661,-0.004506768,0.018096605,0,0.005341736,0.781382973,-0.025593032,1.721283705,0.009961274
2025-12-15,0.000741222,0.018477914,-0.004359025,-0.016573102,-0.006583831,0.008227775,0,0.003506138,0.788790376,-0.019454422,1.751208921,-0.004506768
2025-12-16,-0.003876476,0.017481929,0.004728203,-0.014019956,-0.00211619,0.003150521,1,0.003717594,0.765199965,-0.046232649,1.695688856,-0.006583831
2025-12-17,0.006903756,0.020707302,-0.006598161,-0.017179789,0.000884751,-0.002360766,0,0.005526485,0.785919554,-0.045741162,1.692608029,-0.00211619
2025-12-18,-0.00652807,0.002898434,0.005797099,-0.006753388,-0.001675116,-0.013997155,4,0.005085298,0.780242409,-0.040976319,1.661356627,0.000884751
2025-12-19,-0.004969531,-0.0077291,0.004230229,0.003798345,-0.000219288,-0.009709675,4,0.003759851,0.736972428,-0.044410546,1.728235661,-0.001675116
2025-12-22,-0.001694726,-0.010165048,-0.001228861,0.00692851,0.005120769,0.001994926,4,0.003130366,0.73283114,-0.055959236,1.59814677,-0.000219288
2025-12-23,-0.00289283,-0.009181402,0.001121062,0.003321369,-0.011465686,-0.00735457,3,0.005694432,0.719212005,-0.04598796,1.735950725,0.005120769
2025-12-24,0.002726687,-0.01335847,-0.001034193,0.008885337,-0.000481114,-0.008720434,4,0.001670228,0.7005979,-0.085321654,1.642893375,-0.011465686
2025-12-26,-0.000110019,-0.006940419,-0.00055187,0.002536368,-0.005098523,-0.012143841,0,0.002450579,0.68941168,-0.090830729,1.686130115,-0.000481114
2025-12-29,-0.001627538,-0.003598425,-0.001547798,-0.003241659,-0.002259517,-0.01418407,0,0.000960133,0.690684711,-0.046287717,1.701220309,-0.005098523
2025-12-30,-0.000582946,-0.002486645,-0.000980627,-0.002993425,-0.006276199,-0.025581039,0,0.002905548,0.679319335,-0.053511805,1.692550578,-0.002259517
2025-12-31,0.001084558,0.001490742,-0.000205644,-0.004320131,-0.000113482,-0.014228835,0,0.000601377,0.701265217,-0.017946788,1.643645527,-0.006276199
