Date,TDA_L1_H0,TDA_L1_H1,TDA_L2_H0,TDA_L2_H1,TDA_PE_H0,TDA_PE_H1,TDA_L1_H1_diff1,TDA_L1_H1_std20
2005-03-16,9.157404895285758e-05,1.0546026472072192e-06,0.0005216660159777613,1.6598465724449368e-05,5.519534614603528,3.3242589570984067,,
2005-03-17,0.00010410136242749245,1.0264588454047783e-06,0.0005866583861570958,1.6520776315666144e-05,5.502109696197096,3.2953775449936225,-2.8143801802440855e-08,
2005-03-18,9.837632738485875e-05,7.695833367105261e-07,0.0005672121514473391,1.3893769925025968e-05,5.510814142793286,3.0348319299814794,-2.5687550869425226e-07,
2005-03-21,9.837632738485875e-05,1.2522993294833054e-06,0.0005672121514473391,1.9719311568372863e-05,5.5111924859518275,3.1435319978469174,4.827159927727793e-07,
2005-03-22,9.54247180750176e-05,1.2563249782883994e-06,0.0005582525249346537,1.9721230567541367e-05,5.510457933112978,3.239919926828544,4.02564880509397e-09,
2005-03-23,9.877668292561756e-05,1.2563249782883994e-06,0.000568523572993701,1.9721230567541367e-05,5.509820723600277,3.239919926828544,0.0,
2005-03-24,9.877668292561756e-05,1.5763194088669077e-06,0.000568523572993701,2.3328069624222594e-05,5.502653378505526,3.1879209045412065,3.199944305785083e-07,
2005-03-28,9.877668292561756e-05,1.2653114270741379e-06,0.000568523572993701,2.1339858925663094e-05,5.497426874235143,3.0617638025620697,-3.110079817927698e-07,
2005-03-29,9.075930446136506e-05,1.2653114270741379e-06,0.0005327064325062644,2.1339858925663094e-05,5.513737163863956,3.0617638025620697,0.0,
2005-03-30,9.075930446136506e-05,1.2653114270741379e-06,0.0005327064325062644,2.1339858925663094e-05,5.5156345554094885,3.0617638025620697,0.0,
2005-03-31,9.075930446136506e-05,1.545291144514174e-06,0.0005327064325062644,2.5602804823526047e-05,5.518496129759035,3.0000405776182206,2.7997971744003624e-07,
2005-04-01,9.075930446136506e-05,1.5412654957090803e-06,0.0005327064325062644,2.5601326693435333e-05,5.512796774733917,2.915107373387448,-4.025648805093758e-09,
2005-04-04,9.075930446136506e-05,1.7637762004135558e-06,0.0005327064325062644,2.7094181152703005e-05,5.507917475334229,2.9444829993696118,2.2251070470447546e-07,
2005-04-05,9.075930446136506e-05,1.7921374359228603e-06,0.0005327064325062644,3.154616047671777e-05,5.503279842426953,2.670294247658289,2.8361235509304504e-08,
2005-04-06,9.191072079544433e-05,1.7766345237538553e-06,0.0005363177791605382,3.1746980755539584e-05,5.500396746272097,2.6664377360029574,-1.5502912169004965e-08,
2005-04-07,9.191072079544433e-05,1.7638908786239707e-06,0.0005363177791605382,3.17350331043166e-05,5.489173269845157,2.439748930658815,-1.2743645129884595e-08,
2005-04-08,9.045963520891224e-05,1.7764684211986294e-06,0.0005310365547531252,3.17466713871255e-05,5.4885290378014195,2.5821397513294846,1.2577542574658652e-08,
2005-04-11,8.755812218243225e-05,6.477932041179371e-07,0.0005214039896655175,1.359657383438649e-05,5.4854966296867165,2.7886450084125083,-1.1286752170806923e-06,
2005-04-12,8.755812218243225e-05,1.0157379423602828e-06,0.0005214039896655175,1.9683271992290572e-05,5.4849712294108475,2.372537071602441,3.6794473824234563e-07,
2005-04-13,6.254146614281579e-05,1.0078436336641356e-06,0.00038630560271094586,1.967587715876431e-05,5.510745716196455,2.255473641465522,-7.89430869614722e-09,3.4942781937895307e-07
2005-04-14,5.682675401299539e-05,1.0078436336641356e-06,0.0003597877757828472,1.967587715876431e-05,5.514790292113847,2.322487007084155,0.0,3.515241473655127e-07
2005-04-15,5.9209386900730104e-05,9.42013505112569e-07,0.0003712667610788107,1.90485799598936e-05,5.512134383924261,2.3530097057271955,-6.583012855156656e-08,3.55825058777027e-07
2005-04-18,6.249331841397172e-05,9.42013505112569e-07,0.00038624130774029777,1.90485799598936e-05,5.508106644657053,2.3530097057271955,0.0,3.4355250853086844e-07
2005-04-19,8.184627299438803e-05,9.606967528815072e-07,0.0004890549009461314,1.9069966481373848e-05,5.489178569259426,2.554290987234769,1.8683247768938235e-08,3.5320943177376616e-07
2005-04-20,8.006260996610979e-05,9.606967528815072e-07,0.00048266303602985654,1.9069966481373848e-05,5.498522530398747,2.554290987234769,0.0,3.6202055885939785e-07
2005-04-21,0.0001247834415966452,9.606967528815072e-07,0.0006950356887663753,1.9069966481373848e-05,5.4669495374607004,2.554290987234769,0.0,3.7000120024345703e-07
2005-04-22,0.0001247834415966452,1.1001900281348473e-06,0.0006950356887663753,1.9910510030512318e-05,5.467694857584819,2.7280640207824263,1.394932752533401e-07,3.658255542024011e-07
2005-04-25,0.00012181072682540412,9.164782376533936e-07,0.0006827757687377412,1.8385526595324527e-05,5.461249544051959,2.494724011960032,-1.8371179048145377e-07,3.740358632949067e-07
2005-04-26,0.00012181072682540412,7.769849624000536e-07,0.0006827757687377412,1.747177152188569e-05,5.458039142193665,2.2130548186269974,-1.3949327525334e-07,3.884788035108691e-07
2005-04-27,0.00012324736611839666,7.645351345585299e-07,0.0006862485274374538,1.7451043238147803e-05,5.445582705803203,1.9742795606126016,-1.2449827841523623e-08,4.0153975225162753e-07
2005-04-28,0.00012324736611839666,1.0232030258381125e-06,0.0006862485274374538,2.1457401256931532e-05,5.45881108864835,1.9155411734406014,2.5866789127958255e-07,3.946963743510919e-07
2005-04-29,0.00012324736611839666,1.0232030258381125e-06,0.0006862485274374538,2.1457401256931532e-05,5.46607346736763,1.9155411734406014,0.0,3.8609584674977346e-07
2005-05-02,0.00012324736611839666,1.0810814106394368e-06,0.0006862485274374538,2.1770159803804446e-05,5.4667352495391635,1.8618633166848615,5.787838480132435e-08,3.577552201875767e-07
2005-05-03,0.00012324736611839666,1.6337662225872998e-06,0.0006862485274374538,2.675729672060601e-05,5.469059871590166,2.428066332016264,5.52684811947863e-07,3.4337246940101477e-07
2005-05-04,0.00013444470023908598,1.6337662225872998e-06,0.0007196499266762369,2.675729672060601e-05,5.454258750544862,2.428066332016264,0.0,3.298650595297737e-07
2005-05-05,0.00013444470023908598,1.8137272473042175e-06,0.0007196499266762369,2.7681336786356044e-05,5.451689375395936,2.615392890299185,1.7996102471691772e-07,3.3531163651911463e-07
2005-05-06,0.00013444470023908598,1.3901612546971864e-06,0.0007196499266762369,2.3538501818044215e-05,5.4610427879906185,2.562988511569718,-4.235659926070312e-07,3.03915790719708e-07
2005-05-09,0.0001353318962012756,1.3901612546971864e-06,0.000722448302060229,2.3538501818044215e-05,5.453966097879767,2.562988511569718,0.0,2.934901186203777e-07
2005-05-10,0.0001353318962012756,1.0387537250623838e-06,0.000722448302060229,1.8805162147267452e-05,5.461864929347242,2.7875187054687145,-3.514075296348025e-07,2.931160615291319e-07
2005-05-11,0.00013131164627234256,1.148645099346421e-06,0.0007128742120867702,2.0865726519541875e-05,5.467965516493711,2.7587957607927067,1.0989137428403709e-07,2.920099921641061e-07
2005-05-12,0.00013148873169680837,1.1314160088233445e-06,0.0007132974628811914,2.0822247170573232e-05,5.470142296419547,2.580565692136114,-1.7229090523076393e-08,2.906953938149629e-07
2005-05-13,0.00014210341034684678,1.0113701603653437e-06,0.0007415761748520448,1.9940315224473052e-05,5.463244092844765,2.723125124605352,-1.2004584845800087e-07,2.887215711283433e-07
2005-05-16,0.00012823847127112044,1.0113701603653437e-06,0.000700186225530934,1.9940315224473052e-05,5.47239574531066,2.723125124605352,0.0,2.8669000972450017e-07
2005-05-17,0.00012823847127112044,1.0113701603653437e-06,0.000700186225530934,1.9940315224473052e-05,5.472719261706722,2.723125124605352,0.0,2.852558505819301e-07
2005-05-18,0.00013351671164997864,8.306760808878753e-07,0.0007162338381367786,1.900945796074946e-05,5.468053945824349,2.2150942814717562,-1.8069407947746838e-07,2.9100678350734705e-07
2005-05-19,0.00013713726253899845,9.135322127437327e-07,0.0007249281888710112,1.936318502143766e-05,5.459627774348252,2.641625643604509,8.285613185585743e-08,2.9267633660214666e-07
2005-05-20,0.00013713726253899845,7.785607144433576e-07,0.0007249281888710112,1.8304181904292162e-05,5.454701682280926,2.6823158741687507,-1.3497149830037507e-07,3.0317666844297015e-07
2005-05-23,0.00013713726253899845,7.097522590251074e-07,0.0007249281888710112,1.7964097976501897e-05,5.45006145990663,2.4387225132661894,-6.88084554182502e-08,3.136839148029622e-07
2005-05-24,0.00013713726253899845,6.996487357145008e-07,0.0007249281888710112,1.7950823522488537e-05,5.451004222967109,2.100786366477846,-1.010352331060665e-08,3.1839194041528964e-07
2005-05-25,0.0001326512252841205,1.8506512453624058e-06,0.0007116110467029599,3.098382520897505e-05,5.453048544516484,2.3642498490308412,1.151002509647905e-06,3.489721788550597e-07
2005-05-26,0.00013637000259330946,1.8445571732817937e-06,0.0007222037066190717,3.09346549080393e-05,5.4523447058817585,2.364415786153744,-6.094072080612044e-09,3.7948713872251356e-07
2005-05-27,0.00013637000259330946,1.8445571732817937e-06,0.0007222037066190717,3.09346549080393e-05,5.44620382533197,2.364415786153744,0.0,4.0334693484224236e-07
2005-05-31,0.00013276648129636199,3.0848826763518314e-06,0.0007131052859746574,4.9680369163293005e-05,5.454645154653794,2.0838309094459997,1.2403255030700376e-06,5.746930385865599e-07
2005-06-01,0.00013276648129636199,3.4998898435711114e-06,0.0007131052859746574,5.561807929344517e-05,5.436637795534284,2.0444237263450007,4.1500716721928e-07,7.49920182431731e-07
2005-06-02,0.00013276648129636199,3.3685847792283183e-06,0.0007131052859746574,5.4968507093398006e-05,5.4318068325011435,2.0189434467911545,-1.3130506434279303e-07,8.658685639005788e-07
2005-06-03,0.00012826646923468985,3.4462083016841206e-06,0.0007006300679047075,5.539185950138783e-05,5.435429338431204,1.916063384389316,7.762352245580229e-08,9.662766095548414e-07
2005-06-06,0.00012826646923468985,3.4462083016841206e-06,0.0007006300679047075,5.539185950138783e-05,5.41708577349436,1.916063384389316,0.0,1.0486138504003783e-06
2005-06-07,0.00012826646923468985,3.93811902347575e-06,0.0007006300679047075,5.917709495043404e-05,5.425826479274043,1.952848013823313,4.919107217916295e-07,1.157704417153041e-06
2005-06-08,0.00012826646923468985,3.207040372848252e-06,0.0007006300679047075,4.9301035986839744e-05,5.424329619515664,2.0074601561095364,-7.31078650627498e-07,1.1809565463183702e-06
2005-06-09,0.0001352875054786625,3.207040372848252e-06,0.0007380391130274868,4.9301035986839744e-05,5.421014316771469,2.0074601561095364,0.0,1.1980364213392258e-06
2005-06-10,0.0001352875054786625,2.344660738586647e-06,0.0007380391130274868,4.189945396671695e-05,5.4208164982309155,2.0027501492679285,-8.623796342616053e-07,1.1800965616977356e-06
2005-06-13,0.0001405990269711836,2.800262105631793e-07,0.0007518069025013039,8.77974384722247e-06,5.395676217312388,1.638103225873526,-2.0646345280234675e-06,1.226117893563887e-06
2005-06-14,0.0001405990269711836,3.263477164697576e-07,0.0007518069025013039,9.221947598681926e-06,5.41207382037872,2.019673042749372,4.632150590657832e-08,1.2660430984953212e-06
2005-06-15,0.0001405990269711836,3.9065686401000334e-07,0.0007518069025013039,9.852517762878497e-06,5.405297148388912,2.1999940020688125,6.430914754024571e-08,1.2995346963614388e-06
2005-06-16,0.0001405990269711836,3.808365657817325e-07,0.0007518069025013039,9.239470374847915e-06,5.402095029129271,2.219755291758544,-9.820298228270814e-09,1.3245017729216414e-06
2005-06-17,0.0001405990269711836,3.808365657817325e-07,0.0007518069025013039,9.239470374847915e-06,5.39317852654722,2.219755291758544,0.0,1.3521043820366538e-06
2005-06-20,0.00014531112967983495,4.0790345004861076e-07,0.0007653706070310967,9.518812588314032e-06,5.3930771149468075,2.4385897724139673,2.7066884266878234e-08,1.3714291183520587e-06
2005-06-21,0.00014531112967983495,3.9320118073996453e-07,0.0007653706070310967,9.465636468723879e-06,5.384766510852596,2.214216854421142,-1.4702269308646224e-08,1.3880149298097111e-06
2005-06-22,0.00014531112967983495,4.080267238263231e-07,0.0007653706070310967,9.53901894571866e-06,5.386576780117175,2.582510000425289,1.4825543086358569e-08,1.402928923106366e-06
2005-06-23,0.00014531112967983495,4.080267238263231e-07,0.0007653706070310967,9.53901894571866e-06,5.389474116866464,2.582510000425289,0.0,1.4422701303445791e-06
2005-06-24,0.0001427995164214012,1.2174344276170163e-06,0.0007578107559421674,2.4511502219763345e-05,5.3933025186951475,2.350638669845086,8.094077037906932e-07,1.4487482302610522e-06
2005-06-27,0.0001279614682324072,1.338257581310044e-06,0.0007133549931521648,2.5605800506053046e-05,5.400883452147277,2.1770815136211397,1.2082315369302774e-07,1.4523297639808077e-06
2005-06-28,0.0001279614682324072,1.1596433943821467e-06,0.0007133549931521648,2.4592095132925152e-05,5.395423433310775,1.8228877320222059,-1.7861418692789736e-07,1.424384402367517e-06
2005-06-29,0.0001279614682324072,1.0911277604380868e-06,0.0007133549931521648,2.3717043085246295e-05,5.388449013063854,2.2639266577517896,-6.851563394405985e-08,1.3626776153392086e-06
2005-06-30,0.0001229255615476325,1.1088967746404819e-06,0.0006985972093361315,2.4100708321753552e-05,5.3911613876895235,2.258661758462942,1.7769014202395032e-08,1.296647605549229e-06
2005-07-01,7.094046831786072e-05,1.1251251443221044e-06,0.0004282526684146847,2.411364023431746e-05,5.445934067932461,2.4632821580832025,1.6228369681622494e-08,1.2089184557285575e-06
2005-07-05,7.094046831786072e-05,1.1251251443221044e-06,0.0004282526684146847,2.411364023431746e-05,5.446886993946616,2.4632821580832025,0.0,1.1015070463484195e-06
2005-07-06,7.043722942774837e-05,2.0827961913775806e-06,0.0004264807432467175,3.8894764131069025e-05,5.465289663889839,2.5268630258586393,9.576710470554763e-07,9.23585071305196e-07
2005-07-07,7.086612917008914e-05,1.923460570472432e-06,0.00042843335092962383,3.8424175879685636e-05,5.460766107316177,2.2157612533078526,-1.5933562090514866e-07,8.082609660424848e-07
2005-07-08,7.086612917008914e-05,1.923460570472432e-06,0.00042843335092962383,3.8424175879685636e-05,5.466939941379889,2.2157612533078526,0.0,6.670013013849845e-07
2005-07-11,6.5416407616175e-05,1.923460570472432e-06,0.00040534726384912454,3.8424175879685636e-05,5.463720090013868,2.2157612533078526,0.0,6.274830272677749e-07
2005-07-12,6.391868658572284e-05,1.9453246861947907e-06,0.00039974838807715023,3.845321684726225e-05,5.46681973301224,2.4062454591240092,2.1864115722358707e-08,6.41478080041775e-07
2005-07-13,6.391868658572284e-05,1.9130053188327225e-06,0.00039974838807715023,3.8362779461899115e-05,5.466210595629775,2.2624563313158945,-3.23193673620682e-08,6.449850288184739e-07
2005-07-14,6.417974286055632e-05,1.9130053188327225e-06,0.00040059083005905706,3.8362779461899115e-05,5.466910664767468,2.2624563313158945,0.0,6.426755253700384e-07
2005-07-15,6.417974286055632e-05,1.903054351497351e-06,0.00040059083005905706,3.833626029476197e-05,5.461179685200715,2.328364123183525,-9.950967335371492e-09,6.295063039573976e-07
2005-07-18,6.417974286055632e-05,8.38820257772612e-07,0.00040059083005905706,1.9218474378727534e-05,5.46774911382453,2.4421799431099775,-1.064234093724739e-06,6.026593359362527e-07
2005-07-19,6.417974286055632e-05,8.38820257772612e-07,0.00040059083005905706,1.9218474378727534e-05,5.469175547782525,2.4421799431099775,0.0,5.759160152244328e-07
2005-07-20,6.417974286055632e-05,8.38820257772612e-07,0.00040059083005905706,1.9218474378727534e-05,5.472514081697144,2.4421799431099775,0.0,5.456300344780866e-07
2005-07-21,6.849678795710969e-05,1.5263146584069503e-06,0.00041972888461374555,2.7529451159243767e-05,5.465687640566653,2.416363718565671,6.874944006343383e-07,4.992047495869153e-07
2005-07-22,7.31421160719939e-05,1.5729934471562906e-06,0.0004380217243790234,2.770371102819609e-05,5.4626411990588455,2.372577867012185,4.667878874934023e-08,4.4106255975155e-07
2005-07-25,8.236562410879001e-05,8.664422424278093e-07,0.0004850398467897712,1.9423660886296474e-05,5.439180947844936,2.1636537829362936,-7.065512047284812e-07,4.58103893819179e-07
2005-07-26,7.05001722640174e-05,8.664422424278093e-07,0.0004359667991231875,1.9423660886296474e-05,5.453503611646757,2.1636537829362936,0.0,4.758517794697065e-07
2005-07-27,7.376721436903628e-05,8.664422424278093e-07,0.000448143855001092,1.9423660886296474e-05,5.448789135894037,2.1636537829362936,0.0,4.887756614699974e-07
2005-07-28,7.376721436903628e-05,8.366415784531553e-07,0.000448143855001092,1.9298798938939376e-05,5.447514449468236,2.123363453067389,-2.980066397465401e-08,5.006718535223453e-07
2005-07-29,7.72567567138253e-05,8.498464346030388e-07,0.00046132077968858137,1.9319885985718163e-05,5.446749533830083,2.318825211844145,1.3204856149883511e-08,5.117437624391516e-07
2005-08-01,7.72567567138253e-05,8.970536088648402e-07,0.00046132077968858137,1.942843164002081e-05,5.437450859289359,2.6463472532091843,4.7207174261801396e-08,5.20285245893003e-07
2005-08-02,7.72567567138253e-05,1.306458099090468e-06,0.00046132077968858137,2.3477548217725904e-05,5.449224196954851,2.806420016831658,4.094044902256278e-07,5.173178306280368e-07
2005-08-03,7.72567567138253e-05,1.3005146938191388e-06,0.00046132077968858137,2.34740345042303e-05,5.447477850520035,2.735883856965795,-5.943405271329246e-09,4.903859590959414e-07
2005-08-04,7.272533602680324e-05,1.794180276920224e-06,0.000433795655007407,2.6530613559922312e-05,5.452108518477191,3.153339883717743,4.936655831010851e-07,4.831235288227812e-07
2005-08-05,7.205792977288918e-05,1.6040963780313195e-06,0.00043071540672282266,2.5329272675114853e-05,5.46483138090941,3.1070620607790485,-1.9008389888890446e-07,4.677189763134141e-07
2005-08-08,7.094808150468164e-05,1.6205484206026782e-06,0.0004262384623043321,2.5354213973552637e-05,5.479930595496759,3.2170550353240603,1.645204257135873e-08,4.5178530609277824e-07
2005-08-09,7.094808150468164e-05,1.7568627361080166e-06,0.0004262384623043321,2.6076914754239488e-05,5.497780591344139,3.3450275124505113,1.363143155053384e-07,4.3952459232129314e-07
2005-08-10,7.094808150468164e-05,1.135100417289337e-06,0.0004262384623043321,1.8769410675150112e-05,5.497954765320477,3.2843489588419503,-6.217623188186796e-07,4.1578347777930366e-07
2005-08-11,7.094808150468164e-05,1.818058099248802e-06,0.0004262384623043321,2.893659109437749e-05,5.4975606558858745,3.0449506473941366,6.829576819594649e-07,4.0837050780229376e-07
2005-08-12,7.094808150468164e-05,1.7754436372279831e-06,0.0004262384623043321,2.8898113674720766e-05,5.500981422988244,2.814267667883596,-4.261446202081877e-08,3.9853933591211397e-07
2005-08-15,7.094808150468164e-05,1.447508629044948e-06,0.0004262384623043321,2.5904185072251918e-05,5.505743693762759,2.9438799362758337,-3.2793500818303514e-07,3.889756133358885e-07
2005-08-16,6.0946056043218517e-05,1.4163898969163333e-06,0.0003791691406357918,2.5816742408815005e-05,5.527156673599131,2.788814445006751,-3.1118732128614736e-08,3.7604058582351436e-07
2005-08-17,6.0946056043218517e-05,1.3581908627077634e-06,0.0003791691406357918,2.5469309436513342e-05,5.523234195480478,2.628284548848854,-5.8199034208569814e-08,3.597471252540692e-07
2005-08-18,6.0946056043218517e-05,1.3581908627077634e-06,0.0003791691406357918,2.5469309436513342e-05,5.524015591546248,2.628284548848854,0.0,3.568904417096708e-07
2005-08-19,6.0946056043218517e-05,2.7518501249903897e-07,0.0003791691406357918,6.958769521720677e-06,5.519627316333487,2.778923097883803,-1.0830058502087245e-06,4.2112721750563947e-07
2005-08-22,6.0946056043218517e-05,3.6604778063897663e-07,0.0003791691406357918,8.464375401535086e-06,5.519461015246309,2.7644597565039266,9.086276813993767e-08,4.5876467391319757e-07
2005-08-23,6.0946056043218517e-05,3.6204206665572373e-07,0.0003791691406357918,8.459947535604476e-06,5.535110074022183,2.7003576327111882,-4.005713983252899e-09,4.925643422500312e-07
2005-08-24,6.0946056043218517e-05,2.7914781653652827e-07,0.0003791691406357918,7.267802645347943e-06,5.53664849018905,2.4810099976362143,-8.289425011919546e-08,5.300317442331564e-07
2005-08-25,6.0946056043218517e-05,2.7914781653652827e-07,0.0003791691406357918,7.267802645347943e-06,5.53676881788653,2.4810099976362143,0.0,5.625819282091683e-07
2005-08-26,5.9911984163679855e-05,2.7914781653652827e-07,0.00037441111338752425,7.267802645347943e-06,5.530066649950311,2.4810099976362143,0.0,5.922960400919716e-07
2005-08-29,5.9911984163679855e-05,2.7914781653652827e-07,0.00037441111338752425,7.267802645347943e-06,5.525739937417558,2.4810099976362143,0.0,6.200817302730371e-07
2005-08-30,5.9911984163679855e-05,3.189219066502231e-07,0.00037441111338752425,8.3713682647342e-06,5.520477154979268,2.4342626146872828,3.97740901136948e-08,6.409531683525021e-07
2005-08-31,5.6804115264069516e-05,8.541020019942436e-07,0.0003603506308934703,2.0312931653890985e-05,5.525003535431223,2.0245169379145698,5.351800953440206e-07,6.392178600808742e-07
2005-09-01,5.6804115264069516e-05,8.541020019942436e-07,0.0003603506308934703,2.0312931653890985e-05,5.527095400276729,2.0245169379145698,0.0,6.132420640764701e-07
2005-09-02,5.5937507491920906e-05,9.692157111307689e-07,0.0003568827991626825,2.134778229514563e-05,5.530314118208367,1.980943564292112,1.1511370913652523e-07,5.949521337992675e-07
2005-09-06,5.415182185088802e-05,9.692157111307689e-07,0.0003474650774809291,2.134778229514563e-05,5.529806038501262,1.980943564292112,0.0,5.731745117408507e-07
2005-09-07,5.415182185088802e-05,2.0751120540846505e-06,0.0003474650774809291,4.049784546644193e-05,5.5299242104764454,1.9097599983099376,1.1058963429538816e-06,6.01701575210054e-07
2005-09-08,6.159885786547947e-05,2.0621030586741637e-06,0.00038296177808712145,4.0343036152593136e-05,5.520691616622929,2.074286105745682,-1.300899541048682e-08,6.524278697584019e-07
2005-09-09,6.177040965843498e-05,1.5896218192317785e-06,0.00038359921933742006,2.858744798637379e-05,5.521006877707559,2.0782901640897835,-4.7248123944238514e-07,6.386506381496078e-07
2005-09-12,6.177040965843498e-05,1.4971461021951407e-06,0.00038359921933742006,2.8129352739624617e-05,5.519995741826677,1.910024759930217,-9.247571703663785e-08,6.227457138674427e-07
2005-09-13,6.177040965843498e-05,1.5865405417141199e-06,0.00038359921933742006,2.8438003876761262e-05,5.521990126390804,2.209889640094405,8.93944395189792e-08,6.293968916264409e-07
2005-09-14,6.177040965843498e-05,1.5865405417141199e-06,0.00038359921933742006,2.8438003876761262e-05,5.521987871512617,2.209889640094405,0.0,6.371150689257691e-07
2005-09-15,6.159885786547947e-05,1.1868227650661858e-06,0.00038296177808712145,2.343021423924835e-05,5.524324836836136,2.416736872856277,-3.997177766479341e-07,6.326136879644037e-07
2005-09-16,6.159885786547947e-05,1.1868227650661858e-06,0.00038296177808712145,2.343021423924835e-05,5.524254402711348,2.4976681422314293,0.0,6.279569906121511e-07
2005-09-19,5.862013698688553e-05,1.1868227650661858e-06,0.0003714048107241581,2.343021423924835e-05,5.523103034162474,2.4976681422314293,0.0,6.097687522571305e-07
2005-09-20,6.44806696061698e-05,1.1868227650661858e-06,0.0003959671500474049,2.343021423924835e-05,5.511733730385491,2.5518714301930463,0.0,5.930707435685653e-07
2005-09-21,6.336292212177051e-05,1.1868227650661858e-06,0.0003922615300757993,2.343021423924835e-05,5.512501703788661,2.5518714301930463,0.0,5.725419941517269e-07
2005-09-22,6.932460183617222e-05,1.5142454848536246e-06,0.0004160222441738921,2.7167211865179896e-05,5.5016810833737555,2.5822861912187216,3.2742271978743885e-07,5.48791493834323e-07
2005-09-23,6.336292212177051e-05,1.0120112702882909e-06,0.0003922615300757993,2.2232685348091124e-05,5.503684692220601,2.481906404667488,-5.022342145653338e-07,5.120566681805035e-07
2005-09-26,6.336292212177051e-05,1.00751722982884e-06,0.0003922615300757993,2.2231096210203058e-05,5.502463359706104,2.293498981475572,-4.4940404594508934e-09,4.695719486465756e-07
2005-09-27,6.336292212177051e-05,1.1897289203321651e-06,0.0003922615300757993,2.4221750712816964e-05,5.494103436039968,1.9969321500428443,1.8221169050332517e-07,4.1613207492613393e-07
2005-09-28,7.023685211280272e-05,1.1897289203321651e-06,0.0004278103424884178,2.4221750712816964e-05,5.484434446289192,1.9969321500428443,0.0,3.544603579074785e-07
2005-09-29,5.967878022026167e-05,1.1897289203321651e-06,0.00037381676308557147,2.4221750712816964e-05,5.49833627703104,1.9969321500428443,0.0,3.401671410188409e-07
2005-09-30,5.967878022026167e-05,1.1897289203321651e-06,0.00037381676308557147,2.4221750712816964e-05,5.496551674914221,2.0215534960419985,0.0,3.2433370416075254e-07
2005-10-03,5.294749454241193e-05,1.1967689013876034e-06,0.0003430276767135373,2.422652832088429e-05,5.508784780947546,2.2232405275647116,7.039981055438279e-09,3.149359817007514e-07
2005-10-04,5.294749454241193e-05,8.472545071833901e-07,0.0003430276767135373,2.1487557233611748e-05,5.507863716282639,1.8608705037752775,-3.495143942042133e-07,3.2354601237542956e-07
2005-10-05,8.697076300723219e-05,8.377713873744819e-07,0.0005322647361003847,2.147778193295757e-05,5.466624927766327,1.6499956253929744,-9.483119808908247e-09,2.909065042199324e-07
2005-10-06,8.697076300723219e-05,1.3714749758953806e-06,0.0005322647361003847,2.6879468518478647e-05,5.466328462782667,2.0128634921781976,5.337035885208988e-07,2.258360770825685e-07
2005-10-07,8.697076300723219e-05,1.2535822001783101e-06,0.0005322647361003847,2.4963985345882864e-05,5.462968336292599,2.036689932614768,-1.1789277571707047e-07,2.1017797209462586e-07
2005-10-10,8.697076300723219e-05,7.759996647785789e-07,0.0005322647361003847,1.9161297545663206e-05,5.459462558121487,2.2535292853869455,-4.775825353997312e-07,2.2170684075293642e-07
2005-10-11,8.707865499747867e-05,7.759996647785789e-07,0.000532576927765458,1.9161297545663206e-05,5.457369854337882,2.2535292853869455,0.0,2.183337477603092e-07
2005-10-12,8.457225451768615e-05,9.185470860601439e-07,0.0005245197006836662,2.0116988195965722e-05,5.460862903273595,2.5276849029127204,1.4254742128156495e-07,1.970676692213074e-07
2005-10-13,8.457225451768615e-05,9.185470860601439e-07,0.0005245197006836662,2.0116988195965722e-05,5.457441880313277,2.5276849029127204,0.0,2.0067573661083645e-07
2005-10-14,8.888827593174243e-05,9.185470860601439e-07,0.0005387073128859634,2.0116988195965722e-05,5.4579658371799535,2.5276849029127204,0.0,2.0329052392739227e-07
2005-10-17,8.888827593174243e-05,9.477769736525379e-07,0.0005387073128859634,2.0332379514989785e-05,5.46244504824106,2.5382999709435743,2.9229887592394056e-08,2.0391504210468515e-07
2005-10-18,8.807238356982093e-05,8.618440758808833e-07,0.0005358871060971558,1.9907236033940048e-05,5.461028614479991,2.076091424013895,-8.593289777165464e-08,2.0715820412407474e-07
2005-10-19,9.01180437259843e-05,2.0206607085122004e-07,0.0005420831653355138,6.492944325567551e-06,5.456130517324704,2.0988464416743047,-6.597780050296633e-07,2.788476989256693e-07
2005-10-20,9.01180437259843e-05,2.0206607085122004e-07,0.0005420831653355138,6.492944325567551e-06,5.456911399163648,1.8679362153505803,0.0,3.060032620681058e-07
2005-10-21,9.463866501007149e-05,2.0206607085122004e-07,0.0005562917005146148,6.492944325567551e-06,5.457748800161458,1.8679362153505803,0.0,3.4688266473900943e-07
2005-10-24,9.463866501007149e-05,2.3461015752209175e-07,0.0005562917005146148,7.497718221907925e-06,5.4629706057365,1.4751415074370022,3.254408667087172e-08,3.760799815258613e-07
2005-10-25,9.668417821748985e-05,2.3820926993238844e-07,0.000562755579919668,7.501751524533129e-06,5.448013902821667,1.8198898210049046,3.5991124102966855e-09,3.9217263697738695e-07
2005-10-26,9.919188493573215e-05,2.0930868017410748e-07,0.0005769676931339591,7.593039334581316e-06,5.437675353479096,1.4465967311440873,-2.890058975828096e-08,4.037881927313802e-07
2005-10-27,7.601176050489491e-05,2.0930868017410748e-07,0.00044638510387938024,7.593039334581316e-06,5.461803571011914,1.3839894256697107,0.0,4.0893930980545733e-07
2005-10-28,7.601176050489491e-05,2.1451547255943472e-07,0.00044638510387938024,7.6013723565337695e-06,5.469836641964277,1.6128469184938967,5.20679238532724e-09,4.0756531785903445e-07
2005-10-31,7.601176050489491e-05,3.088651259799708e-07,0.00044638510387938024,8.826940589770721e-06,5.469780647900099,1.960535685017153,9.434965342053606e-08,3.949640495265989e-07
2005-11-01,7.601176050489491e-05,3.145872986699501e-07,0.00044638510387938024,8.83559853186789e-06,5.463094920836495,2.0617600518637826,5.722172689979293e-09,3.9695929741369636e-07
2005-11-02,7.601176050489491e-05,5.306062459528452e-07,0.00044638510387938024,1.1946391724516968e-05,5.472349884564806,2.3161241631411533,2.1601894728289512e-07,3.930267245073842e-07
2005-11-03,7.519104217906645e-05,5.270071335425486e-07,0.00044346621159158236,1.1943859419588903e-05,5.472968922399488,2.1163987755529434,-3.5991124102966325e-09,3.4613425943096606e-07
2005-11-04,7.519104217906645e-05,1.1271431443278856e-06,0.00044346621159158236,2.2851714211442302e-05,5.4790064885016685,1.8829305528513396,6.00136010785337e-07,3.332971914502191e-07
2005-11-07,7.519104217906645e-05,1.0499474421782325e-06,0.00044346621159158236,2.2203804780458546e-05,5.4742780427902575,1.8540306250609255,-7.71957021496531e-08,3.491116437716968e-07
2005-11-08,7.519104217906645e-05,1.0499474421782325e-06,0.00044346621159158236,2.2203804780458546e-05,5.4696520653101235,1.8540306250609255,0.0,3.6369750558652845e-07
2005-11-09,7.519104217906645e-05,1.0499474421782325e-06,0.00044346621159158236,2.2203804780458546e-05,5.464024005985541,1.7518948536308279,0.0,3.7162949351383873e-07
2005-11-10,7.519104217906645e-05,1.0548034577067132e-06,0.00044346621159158236,2.2206284624561374e-05,5.461485508423547,1.9312713233488283,4.8560155284807456e-09,3.79599111198243e-07
2005-11-11,7.519104217906645e-05,3.5327781244540164e-07,0.00044346621159158236,9.654456323329342e-06,5.44301153081746,1.7408781668932696,-7.015256452613116e-07,3.734847923781429e-07
2005-11-14,7.519104217906645e-05,3.4755563975542234e-07,0.00044346621159158236,9.646533349243646e-06,5.442519187143171,1.5454271500280483,-5.722172689979293e-09,3.6334285616192094e-07
2005-11-15,7.845758532921822e-05,1.2632990008719995e-07,0.0004585316759799434,5.317942879782707e-06,5.440987928647888,0.741678784160655,-2.212257396682224e-07,3.6354621927334054e-07
2005-11-16,7.845758532921822e-05,1.2632990008719995e-07,0.0004585316759799434,5.317942879782707e-06,5.453090117892012,0.741678784160655,0.0,3.669459613597556e-07
2005-11-17,7.845758532921822e-05,1.2632990008719995e-07,0.0004585316759799434,5.317942879782707e-06,5.472410765323308,0.741678784160655,0.0,3.7027372883526694e-07
2005-11-18,7.845758532921822e-05,3.813208055367809e-07,0.0004585316759799434,9.325745160079756e-06,5.471993552368395,1.8504778476140076,2.54990905449581e-07,3.6558578568357294e-07
2005-11-21,7.845758532921822e-05,2.2609740613871486e-07,0.0004585316759799434,7.0003474204721685e-06,5.484144149052981,1.4071203111008022,-1.5522339939806605e-07,3.658901207623378e-07
2005-11-22,7.845758532921822e-05,2.2609740613871486e-07,0.0004585316759799434,7.0003474204721685e-06,5.485365243780017,1.4071203111008022,0.0,3.6631866128127574e-07
2005-11-23,7.845758532921822e-05,2.2609740613871486e-07,0.0004585316759799434,7.0003474204721685e-06,5.472443526812308,1.6259623747470335,0.0,3.6568931304489527e-07
2005-11-25,7.845758532921822e-05,5.95332599296997e-07,0.0004585316759799434,1.4189076121610908e-05,5.485835986644528,1.8215959941225335,3.6923519315828216e-07,3.608720366656606e-07
2005-11-28,7.698992057190492e-05,8.205199517834926e-07,0.0004524872936409035,1.6590882749086636e-05,5.48503984445708,2.008579230396449,2.2518735248649565e-07,3.612484097542553e-07
2005-11-29,7.698992057190492e-05,8.247943349268778e-07,0.0004524872936409035,1.6593454089923468e-05,5.486110584942811,2.1888975555281145,4.274383143385144e-09,3.631619436756922e-07
2005-11-30,7.720402129094515e-05,8.247943349268778e-07,0.0004533325806001372,1.6593454089923468e-05,5.489932076105322,2.1888975555281145,0.0,3.633638982287459e-07
2005-12-01,8.975363705771916e-05,8.247943349268778e-07,0.0005141741550044581,1.6593454089923468e-05,5.48190962705142,2.1888975555281145,0.0,3.672055644233381e-07
2005-12-02,8.975363705771916e-05,8.289411326050812e-07,0.0005141741550044581,1.659587385457538e-05,5.498208697598279,2.4627159855441687,4.146797678203421e-09,3.704800596571378e-07
2005-12-05,9.136068420812483e-05,8.289411326050812e-07,0.0005201977371909437,1.659587385457538e-05,5.501489694698776,2.3650271032015358,0.0,3.541943982178111e-07
2005-12-06,9.136068420812483e-05,8.414938980705767e-07,0.0005201977371909437,1.6974320199333154e-05,5.492607782107181,2.353466474554782,1.2552765465495494e-08,3.4297971300856153e-07
2005-12-07,9.136068420812483e-05,8.414938980705767e-07,0.0005201977371909437,1.6974320199333154e-05,5.481991127944787,2.353466474554782,0.0,3.310404748264227e-07
2005-12-08,9.07424180634381e-05,9.025967532063979e-07,0.0005181363868486156,1.7240595099692412e-05,5.489608818378755,2.596918812868971,6.110285513582122e-08,3.2138376864592694e-07
2005-12-09,9.25409519858179e-05,3.269783033300029e-07,0.0005245313439007291,8.555420557508749e-06,5.479824331258298,2.3330474381943653,-5.756184498763951e-07,3.039007045025701e-07
2005-12-12,9.25409519858179e-05,2.98029243099837e-07,0.0005245313439007291,7.887831182557292e-06,5.480451845040233,1.840288157245945,-2.8949060230165887e-08,3.058366309329959e-07
2005-12-13,9.351996238860185e-05,2.620177838452074e-07,0.0005284329138487762,7.410032616365737e-06,5.477002650941642,1.8071389332956511,-3.6011459254629606e-08,3.090627558513181e-07
2005-12-14,9.463373245192271e-05,2.620177838452074e-07,0.0005335508150881309,7.410032616365737e-06,5.475895604072135,1.8874129538091582,0.0,3.012892497471524e-07
2005-12-15,9.279788469798418e-05,2.620177838452074e-07,0.0005277197854019844,7.410032616365737e-06,5.479818334637746,1.8874129538091582,0.0,2.9314456486500633e-07
2005-12-16,9.279788469798418e-05,3.412133253564005e-07,0.0005277197854019844,8.347648832088661e-06,5.477647893647112,2.2296221853157303,7.919554151119311e-08,2.810051917006242e-07
2005-12-19,9.589037500884412e-05,3.412133253564005e-07,0.0005400215613612767,8.347648832088661e-06,5.473921141176345,2.1034054758800456,0.0,2.8239157076320004e-07
2005-12-20,9.589037500884412e-05,1.5231168009869614e-07,0.0005400215613612767,5.317124404327535e-06,5.469229009555276,1.279495143336227,-1.8890164525770436e-07,2.8722157881666333e-07
2005-12-21,9.589037500884412e-05,1.5231168009869614e-07,0.0005400215613612767,5.317124404327535e-06,5.46936795615151,1.279495143336227,0.0,2.919226216853065e-07
2005-12-22,0.0001000352972411435,1.5231168009869614e-07,0.0005539881465084575,5.317124404327535e-06,5.458391438754939,1.5213710876966093,0.0,2.965008336905059e-07
2005-12-23,0.00010072211531113842,6.112570665352726e-07,0.0005568531416895915,1.7034846586077764e-05,5.4515061196943915,1.1249158855573187,4.5894538643657646e-07,2.9669494005107716e-07
2005-12-27,0.00010501135802402988,6.112570665352726e-07,0.0005787348254164731,1.7034846586077764e-05,5.450179771955474,1.1249158855573187,0.0,2.8970355496931145e-07
2005-12-28,0.00010501135802402988,2.628211022515646e-07,0.0005787348254164731,8.468192523536273e-06,5.446729375821712,1.4358391078421424,-3.48435964283708e-07,2.8628174466323984e-07
2005-12-29,0.00010766413857584065,2.628211022515646e-07,0.000588382274866061,8.468192523536273e-06,5.433537649997285,1.4358391078421424,0.0,2.7986451435825416e-07
2005-12-30,0.00011388682325111132,5.319462658594359e-07,0.0006087330477462122,1.2913194483237388e-05,5.421073514630733,1.8286718301453018,2.691251636078713e-07,2.676268041559794e-07
2006-01-03,0.0001148304970788658,5.319462658594359e-07,0.0006196264204209131,1.2913194483237388e-05,5.421155232781189,1.8286718301453018,0.0,2.535810941962544e-07
2006-01-04,0.00010625465239037426,5.319462658594359e-07,0.0005912546953389044,1.2913194483237388e-05,5.432257526498882,1.8286718301453018,0.0,2.3773597649092772e-07
2006-01-05,0.00010625465239037426,5.319462658594359e-07,0.0005912546953389044,1.2913194483237388e-05,5.432339090923091,2.1965965393582145,0.0,2.1841652877196582e-07
2006-01-06,9.081036932723296e-05,6.293459212181312e-07,0.0005232345819751167,1.3663468560955883e-05,5.454943497397904,2.4810306682528607,9.73996553586953e-08,2.0071691676610196e-07
2006-01-09,9.081036932723296e-05,6.614725703547538e-07,0.0005232345819751167,1.3774084007633197e-05,5.456533317735829,2.6158871911834636,3.212664913662258e-08,1.7431223812379238e-07
2006-01-10,7.007121405081662e-05,6.614725703547538e-07,0.00042289896815499026,1.3774084007633197e-05,5.482953855139159,2.6158871911834636,0.0,1.8413551514517538e-07
2006-01-11,6.825018452734405e-05,8.491554783562766e-07,0.00041530240013928443,1.570381081553259e-05,5.4857411928454525,2.8209492238173604,1.8768290800152282e-07,2.0743032206697408e-07
2006-01-12,7.113022446584427e-05,1.1215154893086007e-06,0.00042978203465369585,2.046925561487892e-05,5.478944187460333,2.7457944675427632,2.7236001095232414e-07,2.5446717787007834e-07
2006-01-13,7.113022446584427e-05,1.650154913841054e-06,0.00042978203465369585,2.702224664074671e-05,5.474571431856373,2.6843818665635975,5.286394245324534e-07,3.6090762351315376e-07
2006-01-17,7.113022446584427e-05,1.650154913841054e-06,0.00042978203465369585,2.702224664074671e-05,5.460169893084901,2.6843818665635975,0.0,4.3082870366668926e-07
2006-01-18,7.255492886241976e-05,1.4624720058395314e-06,0.0004353555845413365,2.5948362754375176e-05,5.4544826411443434,2.441144730055378,-1.876829080015227e-07,4.6531992442839155e-07
2006-01-19,6.876038240581182e-05,1.4624720058395314e-06,0.0004167703188549289,2.5948362754375176e-05,5.455282948194105,2.363067465459145,0.0,4.90728987787638e-07
2006-01-20,0.00014914419063438686,1.3070359932267454e-06,0.0008578953330396077,2.4818762634458384e-05,5.3611978610736575,2.330540915239579,-1.55436012612786e-07,4.878412026061877e-07
2006-01-23,0.00014914419063438686,7.020710149794375e-07,0.0008578953330396077,1.6933968117501034e-05,5.351985288267638,2.460693831080623,-6.049649782473078e-07,4.6548170982163314e-07
2006-01-24,0.0001483416856977817,7.379862187110704e-07,0.0008560165691879227,1.707150588739494e-05,5.369429672886193,2.5233018237242075,3.59152037316329e-08,4.3968393708564013e-07
2006-01-25,0.00015112114072547445,7.011270420176708e-07,0.00086178953307499,1.6973550676285294e-05,5.354601471407828,2.274270451442617,-3.685917669339965e-08,4.376933699598588e-07
2006-01-26,0.0001496155219442822,7.63494117940085e-07,0.0008588232749992368,1.7417566252653432e-05,5.36285613443208,2.5025760148630205,6.236707592241425e-08,4.347639874187583e-07
2006-01-27,0.0001496155219442822,9.617922088443976e-07,0.0008588232749992368,1.9766679671587695e-05,5.365959941387749,2.469167423775831,1.9829809090431252e-07,4.1254865918149336e-07
2006-01-30,0.00015537640384015572,4.2030703428420213e-07,0.0008746196538863458,1.1104078835982184e-05,5.344273263839486,2.393695864212839,-5.414851745601954e-07,4.013877407271622e-07
2006-01-31,0.00015537640384015572,4.2030703428420213e-07,0.0008746196538863458,1.1104078835982184e-05,5.360492752206169,2.393695864212839,0.0,4.0741130734731215e-07
2006-02-01,0.00015644859431743454,4.183570156935102e-07,0.0008768819229162741,1.1103279137073202e-05,5.360585529439911,2.3142885514167566,-1.9500185906919254e-09,4.1338270230147196e-07
2006-02-02,0.00014428075434424085,4.801342126368991e-07,0.0008135258823914784,1.1674765605986235e-05,5.372478372964518,2.5604748149177627,6.177719694338888e-08,4.158484000038215e-07
2006-02-03,0.00014428075434424085,7.488846424789112e-07,0.0008135258823914784,1.766067686809271e-05,5.383105304942474,2.571375522601882,2.687504298420121e-07,4.090760722698653e-07
2006-02-06,0.00014428075434424085,7.488846424789112e-07,0.0008135258823914784,1.766067686809271e-05,5.384751614641069,2.571375522601882,0.0,4.0592090520611263e-07
2006-02-07,0.0001397033171598778,7.627219658868172e-07,0.0008006506973218598,1.7685975776579262e-05,5.399365121884602,2.6506834082570085,1.3837323407906027e-08,4.0345987372484935e-07
2006-02-08,0.00013860250070517503,8.629117883357191e-07,0.0007980855079588548,1.8505140848402074e-05,5.402579731673171,2.675341983984657,1.0018982244890188e-07,3.996481634962728e-07
2006-02-09,0.00014075122805540802,8.31429050178205e-07,0.0008027973330830222,1.8260491257183924e-05,5.398199842276094,2.659843712482379,-3.1482738157514135e-08,3.9981355404149954e-07
2006-02-10,0.00014075122805540802,8.31429050178205e-07,0.0008027973330830222,1.8260491257183924e-05,5.398190967000648,2.659843712482379,0.0,3.9701558206249764e-07
2006-02-13,0.00013851344880141546,8.31429050178205e-07,0.0007967599557363734,1.8260491257183924e-05,5.400323274295094,2.659843712482379,0.0,3.5519069190858134e-07
2006-02-14,0.00014921204010883503,8.31429050178205e-07,0.0008265629526157238,1.8260491257183924e-05,5.391819419581917,2.659843712482379,0.0,3.0194622821323467e-07
2006-02-15,0.00014921204010883503,8.061760102335595e-07,0.0008265629526157238,1.8178757057396987e-05,5.386079852658916,2.466623802273414,-2.525303994464545e-08,2.606374884896751e-07
2006-02-16,0.00014878312935741265,5.512479495515823e-07,0.0008256134504214625,1.2440847932709882e-05,5.392861653318096,2.6129224305592165,-2.5492806068197717e-07,2.1007734498083113e-07
2006-02-17,0.00014878312935741265,1.1832809075866157e-06,0.0008256134504214625,2.135409497630457e-05,5.392399816451744,2.78798349330578,6.320329580350333e-07,1.9354303331044453e-07
2006-02-21,0.00014878312935741265,1.1653524448718084e-06,0.0008256134504214625,2.121598353827004e-05,5.3920580804749,2.7893929677444333,-1.7928462714807275e-08,2.164246018161067e-07
2006-02-22,0.00014878312935741265,1.0941402633965881e-06,0.0008256134504214625,2.0292172892435033e-05,5.378382120980542,2.799838701301427,-7.12121814752203e-08,2.293937661279569e-07
2006-02-23,0.00014878312935741265,9.277280715908411e-07,0.0008256134504214625,1.9304442932220947e-05,5.381962580487179,2.6208817725512956,-1.6641219180574705e-07,2.3136205213487433e-07
2006-02-24,0.00014878312935741265,1.0577212781528284e-06,0.0008256134504214625,2.0042197368963064e-05,5.387879662875774,2.8355103967002577,1.2999320656198735e-07,2.3933554870545326e-07
2006-02-27,0.00014878312935741265,6.15200982671026e-07,0.0008256134504214625,1.2130552304726914e-05,5.382197235105561,2.9560985698002025,-4.4252029548180243e-07,2.3930672191867675e-07
2006-02-28,0.00014878312935741265,4.813789222297678e-07,0.0008256134504214625,1.0680850628956051e-05,5.366125784893888,2.7759739772044374,-1.3382206044125819e-07,2.3483053266071025e-07
2006-03-01,0.00014878312935741265,1.213360592679429e-06,0.0008256134504214625,2.3879818609627265e-05,5.367205567397544,2.735829674608872,7.319816704496611e-07,2.3739387263708088e-07
2006-03-02,0.00014878312935741265,1.213360592679429e-06,0.0008256134504214625,2.3879818609627265e-05,5.379439680428134,2.828476803704607,0.0,2.327344150930307e-07
2006-03-03,0.00014734079482137808,1.176192524701577e-06,0.0008235728959376312,2.3794251511740772e-05,5.3642587439286284,2.6396295780288646,-3.7168067977852035e-08,2.2453890110016597e-07
2006-03-06,0.00013859821493884098,1.4692274004908212e-06,0.0008033688705604852,2.592725375602323e-05,5.373914067644684,2.75574411492075,2.930348757892443e-07,2.552513200027195e-07
2006-03-07,0.0001412181226690255,1.4692274004908212e-06,0.0008088378585543685,2.592725375602323e-05,5.373517723590834,2.75574411492075,0.0,2.7777281221007837e-07
2006-03-08,0.0001412181226690255,1.459130586086753e-06,0.0008088378585543685,2.5918070323352398e-05,5.374149506040821,2.6714361582886026,-1.0096814404068175e-08,2.937755228356729e-07
2006-03-09,0.0001412181226690255,1.2345789698844716e-06,0.0008088378585543685,2.4205396442551353e-05,5.376789698390126,2.323263179143728,-2.245516162022814e-07,2.9615540002100484e-07
2006-03-10,0.00014349238696061156,1.756057907821909e-06,0.0008137998030926098,2.8916301813757287e-05,5.384628821740782,2.5582442771991603,5.214789379374373e-07,3.345027619845611e-07
2006-03-13,0.00014349238696061156,1.7602416646107028e-06,0.0008137998030926098,2.8758002126848012e-05,5.395093036583513,2.735794588082564,4.183756788793762e-09,3.631251331722914e-07
2006-03-14,0.00014349238696061156,1.76338025267437e-06,0.0008137998030926098,2.8758801997539636e-05,5.385321177030733,2.7878185059141374,3.138588063667258e-09,3.840384350266162e-07
2006-03-15,0.00014349238696061156,1.7536473854271687e-06,0.0008137998030926098,2.8743158089025936e-05,5.390006727593957,2.7572149281389295,-9.732867247201264e-09,3.97461584905446e-07
2006-03-16,0.0001269370097224327,1.8140589741733486e-06,0.0007702711435448195,2.8897338130327528e-05,5.405692366590808,2.9334512596864735,6.04115887461799e-08,4.0765931660627897e-07
2006-03-17,0.00012526247678927213,1.8951418656226889e-06,0.0007668704430569791,2.922817257651352e-05,5.41176604391821,3.1128170762981995,8.108289144934022e-08,3.9562638952856183e-07
2006-03-20,0.00012526247678927213,1.9034550082475976e-06,0.0007668704430569791,2.9233693397730075e-05,5.412152047320692,3.140300270685948,8.313142624908736e-09,4.14367268528046e-07
2006-03-21,0.00012526247678927213,2.1553254068631397e-06,0.0007668704430569791,3.054299033221322e-05,5.426458857351116,3.2952568885426414,2.518703986155421e-07,4.475501310014983e-07
2006-03-22,0.00012579370278107907,2.1640601301102856e-06,0.0007679209615393005,3.054882291855123e-05,5.433470778466009,3.379392424180929,8.734723247145877e-09,4.710559671294967e-07
2006-03-23,0.00012579370278107907,2.1679758345174355e-06,0.0007679209615393005,3.076694877634479e-05,5.4291987943740905,3.2492993097501626,3.915704407149976e-09,4.783060764621915e-07
2006-03-24,0.00012579370278107907,2.0566692760226857e-06,0.0007679209615393005,3.040875252918978e-05,5.430259833997711,3.0401067397583468,-1.1130655849474979e-07,4.789745260453973e-07
2006-03-27,0.00012579370278107907,1.8394567371066446e-06,0.0007679209615393005,2.9492847398584203e-05,5.430743341248376,2.773636668239389,-2.172125389160411e-07,4.2488668906075465e-07
2006-03-28,0.00012579370278107907,2.2087192789545832e-06,0.0007679209615393005,3.145834166500081e-05,5.439264933066514,2.987633400483017,3.692625418479386e-07,3.4574397479969e-07
2006-03-29,0.000124769894056675,2.1109731892403835e-06,0.0007659517418060561,3.187339118563018e-05,5.430535246483115,2.7853810603453955,-9.774608971419969e-08,3.340779568672362e-07
2006-03-30,0.000124769894056675,2.1109731892403835e-06,0.0007659517418060561,3.187339118563018e-05,5.42937958433908,2.7853810603453955,0.0,3.153358464114369e-07
2006-03-31,0.00012519360591982083,1.216827563931288e-06,0.0007668012735064,2.1300668206344216e-05,5.407323339261521,2.5687592150324887,-8.941456253090955e-07,3.1111666164868087e-07
2006-04-03,5.388256123992405e-05,1.2418794444030717e-06,0.0003458685222135741,2.1369359805522146e-05,5.491381133430379,2.8015490074653804,2.5051880471783713e-08,3.281214165258776e-07
2006-04-04,5.388256123992405e-05,1.249655415052523e-06,0.0003458685222135741,2.1375966230151256e-05,5.49377571378739,2.8987565254357133,7.775970649451316e-09,3.4324023607572544e-07
2006-04-05,5.2683681475115735e-05,1.4303673841123637e-06,0.0003409830093544621,2.2550198897497274e-05,5.4941813403468736,2.9938229194999524,1.8071196905984068e-07,3.4477009480609686e-07
2006-04-06,5.2683681475115735e-05,1.428072776741764e-06,0.0003409830093544621,2.2549653657709947e-05,5.492629139830252,2.8875575696716904,-2.29460737059977e-09,3.3074410613191355e-07
2006-04-07,4.900087839933519e-05,1.0392397693078665e-06,0.0003219130147509597,1.8041604337527533e-05,5.494030156835168,2.718094985652875,-3.8883300743389747e-07,3.7215633626532467e-07
2006-04-10,4.673783098412265e-05,1.0375004973126774e-06,0.0003116491719183342,1.7951179193725205e-05,5.505047007520757,2.793576530777013,-1.739271995189138e-09,4.062247907828239e-07
2006-04-11,4.569332676752004e-05,1.1166178324640323e-06,0.0003072210880804347,1.8477430467585222e-05,5.5062462602993305,2.8004249375898453,7.911733515135494e-08,4.2850690215671264e-07
2006-04-12,4.569332676752004e-05,1.1279332523511362e-06,0.0003072210880804347,1.849360477264593e-05,5.524260882641312,2.89192623880034,1.1315419887103883e-08,4.466150980841505e-07
2006-04-13,4.475676983798131e-05,9.55779456827858e-07,0.0003025262844733428,1.7070370377666617e-05,5.522834485002551,2.920671831847325,-1.7215379552327813e-07,4.7212052232956205e-07
2006-04-17,4.455283385890664e-05,7.474283417900195e-07,0.00030163068990451947,1.4446710847016936e-05,5.526730929190012,2.9556080895107386,-2.0835111503783855e-07,5.058277548538147e-07
2006-04-18,0.00012613455550600295,7.474283417900195e-07,0.0007950304131576738,1.4446710847016936e-05,5.426896030326618,2.9556080895107386,0.0,5.306130699438542e-07
2006-04-19,0.00012613455550600295,6.081821396815708e-07,0.0007950304131576738,1.32186476864753e-05,5.4249262472832624,2.770125089345367,-1.3924620210844867e-07,5.438320498889802e-07
2006-04-20,0.00012613455550600295,6.081821396815708e-07,0.0007950304131576738,1.32186476864753e-05,5.425179132784823,2.770125089345367,0.0,5.446248456209796e-07
2006-04-21,0.0001249418939999677,6.081821396815708e-07,0.0007927748319033982,1.32186476864753e-05,5.425745238860441,2.8548352804296906,0.0,5.332643810562598e-07
2006-04-24,0.00012606661809949263,7.564809306740801e-07,0.0007948851012478312,1.4850947753669116e-05,5.426963837041124,2.8627101681365836,1.4829879099250924e-07,5.117095423006625e-07
2006-04-25,0.00012606661809949263,7.911595366273967e-07,0.0007948851012478312,1.503885610835558e-05,5.419450905096953,3.030975704743337,3.467860595331659e-08,4.972710137494175e-07
2006-04-26,0.0001275527075588671,8.243022045658083e-07,0.0007976811608224,1.5141087488644267e-05,5.417924787979479,3.3000332010825617,3.3142667938411633e-08,4.3572406232902514e-07
2006-04-27,0.00012951732759598368,5.255692006773492e-07,0.0008017726301487331,9.84625834927735e-06,5.416451270299839,3.534056098714668,-2.9873300388845907e-07,3.8051096557832224e-07
2006-04-28,0.000134612913996127,5.599054026294706e-07,0.0008120841494312172,1.0164613589816714e-05,5.419940503959134,3.5458871496155324,3.433620195212132e-08,2.917060478653369e-07
2006-05-01,0.000134612913996127,7.266216915320509e-07,0.0008120841494312172,1.3729461192146398e-05,5.423394271007363,3.2924552498094317,1.6671628890258034e-07,2.8698505047194817e-07
2006-05-02,0.00013499532769453357,1.4116617298982875e-06,0.0008129026540362285,2.2997760280961123e-05,5.430523150822772,3.3023639739754223,6.850400383662366e-07,2.996583476889304e-07
2006-05-03,0.00013524161971912758,1.4393439539204913e-06,0.0008133320273681204,2.304441443536824e-05,5.435711549846786,3.4500170099977163,2.7682224022203766e-08,3.1349015803272006e-07
2006-05-04,0.0001432892028690616,1.4275183484966952e-06,0.000831151588121269,2.309133685730615e-05,5.424533501843916,3.3697907743439095,-1.182560542379606e-08,3.13248743895453e-07
2006-05-05,0.00013939160519776166,1.1618940641768627e-06,0.00082190641788075,2.023957534926706e-05,5.437066830198194,3.420074221078044,-2.656242843198325e-07,2.9589486454169123e-07
2006-05-08,0.00013939160519776166,1.0771720536394936e-06,0.00082190641788075,1.982038224924286e-05,5.436592075178157,3.1633627141277496,-8.472201053736916e-08,2.968797280002277e-07
2006-05-09,0.00013939160519776166,1.5015763173544931e-06,0.00082190641788075,2.4418307542102725e-05,5.439854399847097,3.2043314434166668,4.244042637149996e-07,3.2402241862518326e-07
2006-05-10,0.00013939160519776166,1.5015763173544931e-06,0.00082190641788075,2.4418307542102725e-05,5.444133655001208,3.2043314434166668,0.0,3.45995969168585e-07
2006-05-11,0.00019472501095741827,1.5015763173544931e-06,0.0010073223512520036,2.4418307542102725e-05,5.404555540077616,3.2043314434166668,0.0,3.6534880376821306e-07
2006-05-12,0.00015259409417877227,1.5334724048219918e-06,0.0008530323231218946,2.4644228284799555e-05,5.443561588475533,3.071075127625472,3.1896087467498614e-08,3.8607451866764116e-07
2006-05-15,0.00015259409417877227,2.0749015276956016e-06,0.0008530323231218946,3.3586593791182667e-05,5.432832593656771,2.869386747034082,5.414291228736099e-07,4.4883859750766425e-07
2006-05-16,0.00015416535836367646,1.0587432317565558e-06,0.0008565034426379312,1.9665907831946657e-05,5.426011102782887,3.140034478325855,-1.0161582959390458e-06,4.424398785229187e-07
2006-05-17,0.00017332005344663996,1.057415459988485e-06,0.0009077238645586894,1.9665698492500915e-05,5.410932508354281,3.0732916080117856,-1.3277717680707758e-09,4.2813622132137777e-07
2006-05-18,0.00017087902529207632,1.3781481568802982e-06,0.0009025555292760503,2.265216341280589e-05,5.416388656237905,3.189698187560361,3.207326968918132e-07,4.1531300369558443e-07
2006-05-19,0.00017087902529207632,1.3128109585978891e-06,0.0009025555292760503,2.2331174190669294e-05,5.419143033568938,3.2152976066661947,-6.533719828240912e-08,3.9677393160440464e-07
2006-05-22,0.0001732925116818139,1.5392648191120794e-06,0.0009076624157743322,2.3511709126104654e-05,5.420156681708912,3.405296898249769,2.2645386051419028e-07,3.9125415166907687e-07
2006-05-23,0.0001732925116818139,1.3677246214835157e-06,0.0009076624157743322,2.2517730187892052e-05,5.41487143910068,3.265050868288608,-1.7154019762856365e-07,3.7902550295291706e-07
2006-05-24,0.0001875728441364563,1.4868978528896522e-06,0.0009441602808990864,2.3635261557295187e-05,5.402937400396556,3.1378707573543556,1.1917323140613646e-07,3.6876339557613985e-07
2006-05-25,0.00014842243889925496,9.185014116340351e-07,0.0007541712478398274,1.588408968002148e-05,5.441151038509201,3.1348074915649513,-5.683964412556171e-07,3.3527813940484183e-07
2006-05-26,0.00014842243889925496,8.776886657956678e-07,0.0007541712478398274,1.5676227138236348e-05,5.43496339439766,2.9559233736868054,-4.0812745838367335e-08,3.0437231469703114e-07
2006-05-30,0.00014842243889925496,1.452222544271207e-06,0.0007541712478398274,2.3085561493524483e-05,5.4402801466648,2.960925675407791,5.745338784755392e-07,2.716972514749786e-07
2006-05-31,0.00013630381702675872,1.452222544271207e-06,0.0007146217549479363,2.3085561493524483e-05,5.454460188379265,2.960925675407791,0.0,2.723009768240502e-07
2006-06-01,0.000121848837341658,1.452222544271207e-06,0.0006454908251121164,2.3085561493524483e-05,5.470964876437221,2.8878810572509708,0.0,2.7252349229343045e-07
2006-06-02,0.000121848837341658,1.452222544271207e-06,0.0006454908251121164,2.3085561493524483e-05,5.470059559313428,2.955823405260238,0.0,2.729171782590853e-07
2006-06-05,0.000121848837341658,1.452222544271207e-06,0.0006454908251121164,2.3085561493524483e-05,5.477080609450798,2.955823405260238,0.0,2.6964386229805015e-07
2006-06-06,0.000121848837341658,1.5165304509894174e-06,0.0006454908251121164,2.329511957969872e-05,5.481490320436495,3.151361667098302,6.430790671821051e-08,2.621153910303462e-07
2006-06-07,0.000121848837341658,1.5110370457494203e-06,0.0006454908251121164,2.312462676707016e-05,5.491803614740725,3.340434841101525,-5.493405239997146e-09,2.6232744743235627e-07
2006-06-08,0.000121848837341658,2.3601977261387168e-06,0.0006454908251121164,3.258611283931571e-05,5.492738062811304,3.3409549035488886,8.491606803892965e-07,3.395901383922395e-07
2006-06-09,0.0001275413150995507,2.32537279587746e-06,0.000665361176558012,3.250160806980265e-05,5.482086795757398,3.296090819561381,-3.482493026125681e-08,3.9342570165954604e-07
2006-06-12,0.0001275413150995507,2.288405736559858e-06,0.000665361176558012,3.243186727564397e-05,5.4818653002268904,3.175643800039805,-3.696705931760206e-08,4.331390720254548e-07
2006-06-13,0.0001268101471543404,2.288405736559858e-06,0.0006632537043501588,3.243186727564397e-05,5.478731242803593,3.175643800039805,0.0,4.4992544258263637e-07
2006-06-14,0.00012573419781007088,2.3893107550008118e-06,0.0006601714013514345,3.309056334834509e-05,5.489220181648308,3.2054033463884206,1.0090501844095387e-07,4.7467004676328236e-07
2006-06-15,0.0001491750166351878,1.6804578329138117e-06,0.0007434846761165285,2.5720209280922427e-05,5.476898953004043,3.2407130588098543,-7.08852922087e-07,4.5774835213474503e-07
2006-06-16,0.0001491750166351878,1.9904705759787118e-06,0.0007434846761165285,2.7804573035538962e-05,5.487284096553574,3.3788207249005695,3.1001274306490004e-07,4.6082929581611954e-07
2006-06-19,0.0001491750166351878,1.3178783993786244e-06,0.0007434846761165285,1.9326236731401264e-05,5.488768074873408,3.4527290851680545,-6.725921766000874e-07,4.60632192399318e-07
2006-06-20,0.0001491750166351878,1.3250833594102813e-06,0.0007434846761165285,1.9355967230841705e-05,5.484159797862282,3.465642001087378,7.204960031656908e-09,4.659471080199335e-07
2006-06-21,0.0001491750166351878,1.465973115104276e-06,0.0007434846761165285,2.048650303045572e-05,5.4912250310098205,3.4692476075339385,1.4088975569399463e-07,4.6337798176812436e-07
2006-06-22,0.0001491750166351878,1.509641061336956e-06,0.0007434846761165285,2.0677605336918485e-05,5.486977590734518,3.582978593446108,4.366794623268004e-08,4.6298396153315155e-07
2006-06-23,0.0001491750166351878,1.4378144920797052e-06,0.0007434846761165285,2.012854669068021e-05,5.485074932465894,3.476218403385592,-7.18265692572507e-08,4.3333609854044267e-07
2006-06-26,0.0001491750166351878,2.032119067440103e-06,0.0007434846761165285,2.6308024100560827e-05,5.48662312494327,3.551705324359388,5.943045753603976e-07,3.9654943537881897e-07
2006-06-27,0.00014913615087211763,2.0139348515881058e-06,0.0007433207610261758,2.6290521967689978e-05,5.489182468161181,3.474422881046245,-1.81842158519971e-08,3.953581846348826e-07
2006-06-28,0.00020049956517332904,1.956622710774079e-06,0.0010311021520729,2.6961258877723537e-05,5.448913181383252,3.3208918256785425,-5.731214081402689e-08,3.905436905644347e-07
2006-06-29,0.00020049956517332904,1.956622710774079e-06,0.0010311021520729,2.6961258877723537e-05,5.447419809588657,3.3208918256785425,0.0,3.83929165568842e-07
2006-06-30,0.0002195790941075012,2.0552677558855103e-06,0.0010746253010263977,2.7351239139718505e-05,5.441447172269842,3.4555451466808234,9.864504511143144e-08,3.7769090965404814e-07
2006-07-03,0.0002195790941075012,1.4492783331211925e-06,0.0010746253010263977,2.175126152038528e-05,5.4444218772640145,3.310901501349678,-6.059894227643178e-07,3.778520509092574e-07
2006-07-05,0.0002195790941075012,1.2377714541667675e-06,0.0010746253010263977,2.0476057932511986e-05,5.446601326088932,2.9943919376035537,-2.1150687895442505e-07,3.952877542915474e-07
2006-07-06,0.0002195790941075012,1.2751135566415499e-06,0.0010746253010263977,2.1908950639827773e-05,5.430378894116182,2.766957538153111,3.734210247478239e-08,4.0859050014132337e-07
2006-07-07,0.0002195790941075012,9.551231238498424e-07,0.0010746253010263977,1.6574041227605074e-05,5.448276547982043,2.8368019253407977,-3.1999043279170743e-07,4.3062047397752705e-07
2006-07-10,0.0002195790941075012,9.32566371397336e-07,0.0010746253010263977,1.6506002355975638e-05,5.4450641378727775,2.6817588117139524,-2.2556752452506423e-08,4.446478904338151e-07
2006-07-11,0.0002195790941075012,5.780485656351862e-07,0.0010746253010263977,1.2765035692186334e-05,5.433871576697075,2.2338769568371664,-3.545178057621498e-07,4.838001571767931e-07
2006-07-12,0.00020924435684586078,4.6045486485477857e-07,0.0010525580486934363,1.1697597313541354e-05,5.45085595930963,1.8897834574915549,-1.1759370078040762e-07,5.16919220818137e-07
2006-07-13,0.0001927529151369418,4.6045486485477857e-07,0.0010161132693123718,1.1697597313541354e-05,5.461239207383291,1.8014368955632398,0.0,5.223646556846191e-07
2006-07-14,0.0001927529151369418,3.96311243925916e-07,0.0010161132693123718,1.0406355994336559e-05,5.464990291305955,2.0931975055537855,-6.414362092886257e-08,5.639317600343727e-07
2006-07-17,0.0001927529151369418,7.158096505725765e-07,0.0010161132693123718,1.3406960224424442e-05,5.464195946743016,2.7178494449565997,3.1949840664666054e-07,5.585912794352167e-07
2006-07-18,0.0001927529151369418,1.0996237130000715e-06,0.0010161132693123718,2.0855513673319974e-05,5.4633931666209055,2.7584934517010975,3.83814062427495e-07,5.598727611885534e-07
2006-07-19,0.00015991719980550396,1.2303219702744958e-06,0.0008097923101193569,2.468199791531552e-05,5.491318201116963,2.5200002651289166,1.3069825727442428e-07,5.597445583388567e-07
2006-07-20,0.00015991719980550396,4.4474828225808546e-07,0.0008097923101193569,9.209393846547236e-06,5.49165671591319,2.7741628541067573,-7.855736880164104e-07,5.86019502044417e-07
2006-07-21,0.00015991719980550396,4.4474828225808546e-07,0.0008097923101193569,9.209393846547236e-06,5.486828034688696,2.7531351021519956,0.0,6.054069305201952e-07
2006-07-24,0.00013662134636060794,7.203455042043476e-07,0.0006977247948751161,1.3441609629023372e-05,5.503334294740408,2.892399648174923,2.755972219462621e-07,6.091143707759072e-07
2006-07-25,0.00013662134636060794,6.519816100436818e-07,0.0006977247948751161,1.302255072091113e-05,5.496122227832066,2.685568564475553,-6.83638941606658e-08,5.778060531616295e-07
2006-07-26,0.00013662134636060794,5.362330910432704e-07,0.0006977247948751161,1.1959314716639937e-05,5.491681974444721,2.4425320833716855,-1.1574851900041138e-07,5.416415991324592e-07
2006-07-27,0.00013662134636060794,4.789534884259545e-07,0.0006977247948751161,1.1545044714826226e-05,5.482714575478868,2.157949883226627,-5.72796026173159e-08,5.003119741956456e-07
2006-07-28,0.00012944743194246558,4.789534884259545e-07,0.0006690122860439814,1.1545044714826226e-05,5.4846752346972965,2.157949883226627,0.0,4.424436490151277e-07
2006-07-31,0.00012944743194246558,9.971359688103869e-07,0.0006690122860439814,1.9594078265691168e-05,5.479044816550854,2.3458074735922825,5.181824803844324e-07,3.395248743515959e-07
2006-08-01,0.00012944743194246558,1.4314297281893727e-06,0.0006690122860439814,2.2873054549721917e-05,5.485324309803984,2.817971464208923,4.3429375937898576e-07,3.376838250446134e-07
2006-08-02,0.00012944743194246558,1.7990369034652483e-06,0.0006690122860439814,3.067680902684982e-05,5.482318862863538,2.509306610840467,3.6760717527587563e-07,3.962889458415578e-07
2006-08-03,0.00012944743194246558,1.9637647155591253e-06,0.0006690122860439814,3.145819008872926e-05,5.4832513228373605,2.7310427908328863,1.6472781209387706e-07,4.6355256484943934e-07
2006-08-04,0.00012944743194246558,1.884488456733268e-06,0.0006690122860439814,3.121105752737144e-05,5.47201062161165,2.530078619800387,-7.927625882585743e-08,5.190822715590909e-07
2006-08-07,0.00013815931476740848,1.9181970021492583e-06,0.0007027918378756118,3.1274154367471916e-05,5.46441587157684,2.7013143697500968,3.370854541599034e-08,5.682664536888413e-07
2006-08-08,0.00013815931476740848,1.4078616261135715e-06,0.0007027918378756118,2.2896016776784374e-05,5.466576538527255,2.764775822698108,-5.103353760356868e-07,5.711533201538194e-07
2006-08-09,0.0001595518846564446,1.1322644041673093e-06,0.0007782445197170153,2.069694783886165e-05,5.450020022145505,2.542302233390379,-2.7559722194626215e-07,5.588575827902612e-07
2006-08-10,0.00017141180676985934,1.1343290065226437e-06,0.0008239202470011544,2.0697428763894833e-05,5.42716755407382,2.6330070921167272,2.064602355334422e-09,5.441246491192918e-07
2006-08-11,0.00017141180676985934,1.1268291011142708e-06,0.0008239202470011544,2.0691081629867635e-05,5.422519810130294,2.502015135935754,-7.499905408372908e-09,5.224951056563312e-07
2006-08-14,0.00017141180676985934,1.9702955201695653e-06,0.0008239202470011544,3.068666799537095e-05,5.426203272230569,2.692719808318966,8.434664190552944e-07,5.510132130188237e-07
2006-08-15,0.00013714777161710195,1.9702955201695653e-06,0.0007143907173258675,3.068666799537095e-05,5.454372282367904,2.692719808318966,0.0,5.810183885704454e-07
2006-08-16,0.00011471562967595798,1.8640559397464251e-06,0.0006176038049795022,3.041526744318749e-05,5.474231180686502,2.294467735731315,-1.0623958042314012e-07,6.005102735727696e-07
2006-08-17,0.00011471562967595798,1.255913712547335e-06,0.0006176038049795022,2.3087505130348954e-05,5.469459035821341,2.187094738157321,-6.081422271990901e-07,5.722801881382346e-07
2006-08-18,0.00011471562967595798,1.4673063827644917e-06,0.0006176038049795022,2.6196707742223305e-05,5.467539174490787,2.037765775222032,2.1139267021715668e-07,5.405654865759611e-07
2006-08-21,0.00011650221242647557,1.4673063827644917e-06,0.0006229940569813587,2.6196707742223305e-05,5.454954608705909,2.037765775222032,0.0,5.232457774805021e-07
2006-08-22,0.00012198894125963818,1.2607614749683843e-06,0.0006421128957132459,2.3200876633739288e-05,5.448089606644153,1.9243071410915982,-2.0654490779610743e-07,4.977844406693594e-07
2006-08-23,0.00012198894125963818,1.1425085093827318e-06,0.0006421128957132459,2.1849180513269212e-05,5.445369125400474,2.108280675452975,-1.182529655856525e-07,4.6097084602844456e-07
2006-08-24,0.00012198894125963818,7.781999644136476e-07,0.0006421128957132459,1.747143704174748e-05,5.443171488671532,2.0926126967105394,-3.6430854496908417e-07,4.3326667927424956e-07
2006-08-25,0.0001390085794351061,7.781999644136476e-07,0.0007192066953619611,1.747143704174748e-05,5.425848641510971,2.0926126967105394,0.0,4.030813840914318e-07
2006-08-28,0.00013371411039471098,7.727134532139425e-07,0.0007028924626426842,1.7467413302558174e-05,5.43008881814548,1.8651159620316882,-5.4865111997050384e-09,4.188030492618616e-07
2006-08-29,0.00012407843959697515,6.83646101948954e-07,0.0006654800172010043,1.649194051320243e-05,5.43975288416388,2.023464969352846,-8.90673512649885e-08,4.5050002945704947e-07
2006-08-30,0.00012407843959697515,7.288846570639521e-07,0.0006654800172010043,1.6785686257602797e-05,5.440730743399736,2.227131396840958,4.523855511499806e-08,4.6261267014037235e-07
2006-08-31,0.00012970700191850505,7.288846570639521e-07,0.0006830531953281236,1.6785686257602797e-05,5.429913227714241,2.227131396840958,0.0,4.567015253976642e-07
2006-09-01,0.00012970700191850505,7.288846570639521e-07,0.0006830531953281236,1.6785686257602797e-05,5.427227471373874,2.227131396840958,0.0,4.483782069549995e-07
2006-09-05,0.00012970700191850505,8.355385816091701e-07,0.0006830531953281236,1.7800758469607472e-05,5.418075003831667,2.232374934566762,1.0665392454521797e-07,4.23804318776985e-07
2006-09-06,0.00012226983386841412,6.539723791038728e-07,0.0006591991497739102,1.6372714958797788e-05,5.429641267658598,1.890658807094562,-1.8156620250529728e-07,4.341608656689699e-07
2006-09-07,0.00012036861225763468,5.990298012819999e-07,0.0006538248685990887,1.6154399737317264e-05,5.43137483127396,1.4830633962059192,-5.494257782187286e-08,4.4972319472765104e-07
2006-09-08,0.00012036861225763468,8.248359754914084e-07,0.0006538248685990887,1.872661399342121e-05,5.4299184008528645,1.4949002676593552,2.2580617420940843e-07,4.5369201448106964e-07
2006-09-11,8.632381374573854e-05,8.248359754914084e-07,0.0004951725383644373,1.872661399342121e-05,5.466696418700494,1.6794542678797182,0.0,4.5713050231798537e-07
2006-09-12,7.446250876696106e-05,8.248359754914084e-07,0.00044294062820659743,1.872661399342121e-05,5.482091674135798,1.6794542678797182,0.0,4.0698145284434307e-07
2006-09-13,7.446250876696106e-05,9.173026851070384e-07,0.00044294062820659743,1.9294152724143894e-05,5.470470969917695,1.895320085940422,9.246670961563001e-08,3.3849831014890376e-07
2006-09-14,8.079270460856332e-05,1.3129095862880257e-06,0.0004696588922392745,2.33474984804233e-05,5.459604087899928,2.2255598298744728,3.9560690118098734e-07,2.777392499873558e-07
2006-09-15,8.079270460856332e-05,1.1392632108746123e-06,0.0004696588922392745,2.165270141997015e-05,5.453636677235187,2.2210397394340746,-1.7364637541341338e-07,2.7167859176224286e-07
2006-09-18,8.087894328673887e-05,2.7028949909750017e-07,0.00047062042105025016,7.0499008883500295e-06,5.45092051491836,1.914878082227504,-8.689737117771122e-07,2.773626252154021e-07
2006-09-19,8.087894328673887e-05,2.7028949909750017e-07,0.00047062042105025016,7.0499008883500295e-06,5.448550969777033,1.914878082227504,0.0,2.692758469954917e-07
2006-09-20,7.39425997124353e-05,5.352539554447283e-07,0.00044297977836240966,1.3550133644950239e-05,5.468751387454867,1.6474568964855085,2.6496445634722816e-07,2.528417231567076e-07
2006-09-21,9.083192957154483e-05,5.447597650360901e-07,0.0005173896269321092,1.3565696927538852e-05,5.443990509489854,1.9140352098912103,9.505809591361744e-09,2.412449221727601e-07
2006-09-22,7.351529355615999e-05,5.447597650360901e-07,0.00044139988056866836,1.3565696927538852e-05,5.468202868256187,1.9140352098912103,0.0,2.447995743202135e-07
2006-09-25,7.351529355615999e-05,5.447597650360901e-07,0.00044139988056866836,1.3565696927538852e-05,5.467886586204553,1.9140352098912103,0.0,2.4772512681369565e-07
2006-09-26,7.351529355615999e-05,5.447597650360901e-07,0.00044139988056866836,1.3565696927538852e-05,5.47107126863039,1.9140352098912103,0.0,2.5012761654238057e-07
2006-09-27,7.351529355615999e-05,3.4949295651716265e-07,0.00044139988056866836,9.086405511605012e-06,5.468160094412536,2.0295471820869038,-1.9526680851892742e-07,2.623422259191016e-07
2006-09-28,7.351529355615999e-05,4.283536188750206e-07,0.00044139988056866836,1.0539197777156965e-05,5.464480647488063,2.0013044659510935,7.886066235785795e-08,2.6830643583242664e-07
2006-09-29,7.080549887444398e-05,4.283536188750206e-07,0.0004320004599959325,1.0539197777156965e-05,5.470381820403463,2.107774564915085,0.0,2.7327253952888177e-07
2006-10-02,7.648995457788411e-05,4.555804534444452e-07,0.00045317427294171505,1.0702186435153296e-05,5.464313526853798,2.3670690586099936,2.7226834569424585e-08,2.7625966104792253e-07
2006-10-03,6.898542705506322e-05,4.6858614726123236e-07,0.00042700230283147344,1.0739030159153327e-05,5.47430410987544,2.5314841674056052,1.3005693816787176e-08,2.7494380569524225e-07
2006-10-04,6.898542705506322e-05,4.6858614726123236e-07,0.00042700230283147344,1.0739030159153327e-05,5.470675240028342,2.5314841674056052,0.0,2.770014047231942e-07
2006-10-05,6.898542705506322e-05,4.6858614726123236e-07,0.00042700230283147344,1.0739030159153327e-05,5.472109329133851,2.5314841674056052,0.0,2.7892233721191385e-07
2006-10-06,6.898542705506322e-05,4.6858614726123236e-07,0.00042700230283147344,1.0739030159153327e-05,5.471227540894189,2.5314841674056052,0.0,2.7572452148006654e-07
2006-10-09,7.247956272247977e-05,4.6858614726123236e-07,0.0004465265539636756,1.0739030159153327e-05,5.463690247656877,2.5314841674056052,0.0,2.712607328553167e-07
2006-10-10,7.247956272247977e-05,3.298104769934199e-07,0.0004465265539636756,8.393351003707186e-06,5.45458941131527,2.6788366753564823,-1.387756702678125e-07,2.6962257945802014e-07
2006-10-11,9.467885957557751e-05,3.298104769934199e-07,0.0005974125515109656,8.393351003707186e-06,5.401125146001702,2.6788366753564823,0.0,2.5905991862478697e-07
2006-10-12,8.427896982630666e-05,3.298104769934199e-07,0.00055685876704878,8.393351003707186e-06,5.426490477436953,2.6788366753564823,0.0,1.8230355354706076e-07
2006-10-13,8.544058985556335e-05,3.298104769934199e-07,0.0005594261050264617,8.393351003707186e-06,5.417701184702792,2.6082585180779705,0.0,9.444783029700816e-08
2006-10-16,8.544058985556335e-05,3.298104769934199e-07,0.0005594261050264617,8.393351003707186e-06,5.418434437652302,2.6082585180779705,0.0,9.001954560871751e-08
2006-10-17,8.544058985556335e-05,3.298104769934199e-07,0.0005594261050264617,8.393351003707186e-06,5.420488085454933,2.6596054239335247,0.0,8.525255714374223e-08
2006-10-18,8.714304501523701e-05,3.298104769934199e-07,0.0005633768361913133,8.393351003707186e-06,5.422293596580903,2.6596054239335247,0.0,8.489987440239342e-08
2006-10-19,8.336493165398186e-05,3.298104769934199e-07,0.0005541376731646062,8.393351003707186e-06,5.419434988226329,2.6596054239335247,0.0,8.246128874938974e-08
2006-10-20,8.342156481111141e-05,1.350820958021032e-07,0.0005542729185777011,3.6438765309032054e-06,5.428827945951497,2.6531105871582783,-1.9472838119131669e-07,9.771043307468373e-08
2006-10-23,8.342156481111141e-05,9.834945164131686e-08,0.0005542729185777011,3.0649176386803067e-06,5.433453412756936,2.111185560599076,-3.673264416078633e-08,1.1134846091552129e-07
2006-10-24,8.120845539228569e-05,9.834945164131686e-08,0.0005492169162907972,3.0649176386803067e-06,5.440151362825125,2.111185560599076,0.0,1.1916701410028643e-07
2006-10-25,8.120845539228569e-05,9.834945164131686e-08,0.0005492169162907972,3.0649176386803067e-06,5.435798440081762,2.253578216997984,0.0,1.316615276957614e-07
2006-10-26,8.708258304639872e-05,1.2151566892132086e-07,0.0005738307354038496,3.449659894270669e-06,5.42377024463435,2.5280554175143863,2.3166217280004002e-08,1.380779456098955e-07
2006-10-27,6.746784418254716e-05,8.573531846994056e-08,0.0004331999268486084,2.9141341749941984e-06,5.465922792931522,2.220237134066406,-3.57803504513803e-08,1.4511287848677611e-07
2006-10-30,6.746784418254716e-05,7.272962465315336e-08,0.0004331999268486084,2.7752844400968305e-06,5.460705139749842,1.9033049879747106,-1.3005693816787203e-08,1.49219463777063e-07
2006-10-31,6.746784418254716e-05,1.0718836310472141e-07,0.0004331999268486084,3.403173647946916e-06,5.455434247239182,2.4585703070639533,3.4458738451568054e-08,1.476373479104549e-07
2006-11-01,5.536935942050535e-05,6.020187955104943e-08,0.00036572127590810745,2.533147012214227e-06,5.480905843091434,2.270991362495276,-4.698648355367198e-08,1.4645376169080656e-07
2006-11-02,5.6194610110472334e-05,3.153394229587219e-08,0.00036996138455061594,1.6413585745860144e-06,5.474354001618652,2.3839581279944455,-2.8667937255177237e-08,1.4409462355796104e-07
2006-11-03,5.6194610110472334e-05,6.571210139930754e-08,0.00036996138455061594,2.7191788019998265e-06,5.483296715956614,2.274710790961663,3.417815910343535e-08,1.3607433213298268e-07
2006-11-06,5.075737997726761e-05,6.571210139930754e-08,0.0003341829294990754,2.7191788019998265e-06,5.492644433958559,2.274710790961663,0.0,1.2415690560437107e-07
2006-11-07,5.296587166691408e-05,4.254588411930355e-08,0.00034327963490172174,2.2107691202383283e-06,5.482929607527364,1.9494764514291751,-2.316621728000399e-08,1.230053433040514e-07
2006-11-08,5.296587166691408e-05,4.633009370777884e-08,0.00034327963490172174,2.225843683152435e-06,5.4714935156771345,2.2441545227710566,3.784209588475293e-09,1.1986327356524844e-07
2006-11-09,5.296587166691408e-05,4.633009370777884e-08,0.00034327963490172174,2.225843683152435e-06,5.4809589171498745,2.0679729785320773,0.0,1.1480914995975927e-07
2006-11-10,5.348883736747772e-05,4.633009370777884e-08,0.0003456551303062852,2.225843683152435e-06,5.468404696931251,2.0679729785320773,0.0,1.0757380803644668e-07
2006-11-13,5.348883736747772e-05,1.0263955036069099e-07,0.0003456551303062852,3.525994173111661e-06,5.468692046571268,2.24737365433768,5.6309456652912145e-08,9.645819457376142e-08
2006-11-14,5.348883736747772e-05,1.0263955036069099e-07,0.0003456551303062852,3.525994173111661e-06,5.482980396932431,2.24737365433768,0.0,8.224736216913134e-08
2006-11-15,5.348883736747772e-05,1.0263955036069099e-07,0.0003456551303062852,3.525994173111661e-06,5.477478455436214,2.24737365433768,0.0,6.287654590953767e-08
2006-11-16,5.348883736747772e-05,1.0263955036069099e-07,0.0003456551303062852,3.525994173111661e-06,5.46756679194704,2.24737365433768,0.0,2.9507247001905136e-08
2006-11-17,5.71072430205032e-05,2.2048569416693286e-07,0.0003610795409331626,6.266330914279475e-06,5.460767347993463,2.4006955774294414,1.1784614380624188e-07,4.142358712194365e-08
2006-11-20,5.71072430205032e-05,1.815386258430886e-07,0.0003610795409331626,5.868550967128659e-06,5.464056564275443,2.195466370048733,-3.8947068323844273e-08,4.659367929747932e-08
2006-11-21,5.71072430205032e-05,1.815386258430886e-07,0.0003610795409331626,5.868550967128659e-06,5.446557846644732,2.147968204969383,0.0,5.088816138652965e-08
2006-11-22,5.71072430205032e-05,1.7775441625461328e-07,0.0003610795409331626,5.862850028352804e-06,5.4502466103188105,1.9341120419921312,-3.784209588475313e-09,5.4216279061658314e-08
2006-11-24,5.71072430205032e-05,8.0742060308444e-07,0.0003610795409331626,1.920568651496205e-05,5.456921454673525,1.9500547265587647,6.296661868298267e-07,1.6777074605910972e-07
2006-11-27,0.00010674247510438955,1.062804247872683e-06,0.0006400181759586101,2.1879652302836446e-05,5.385976103520719,1.9841462310774742,2.5538364478824313e-07,2.6659390921243343e-07
2006-11-28,0.00010674247510438955,1.1856868394659182e-06,0.0006400181759586101,2.7479491140206286e-05,5.387903082395515,2.0568132073512317,1.2288259159323517e-07,3.468175702686586e-07
2006-11-29,0.00010674247510438955,1.3324681524583133e-06,0.0006400181759586101,2.8089419947665707e-05,5.39131108334897,2.436715215616997,1.4678131299239501e-07,4.22619662941456e-07
2006-11-30,0.00010674247510438955,1.2027628697184316e-06,0.0006400181759586101,2.7504258822512426e-05,5.380708921336832,2.147766262986285,-1.297052827398817e-07,4.6395043315277383e-07
2006-12-01,0.00011120537082313646,1.3444383994519908e-06,0.0006528478045029519,2.8165007808410465e-05,5.362533212503205,2.3157093375425317,1.4167552973355924e-07,5.066367900361385e-07
2006-12-04,0.00011049018416923659,1.4652040729974517e-06,0.0006524114334813513,2.9099531450438324e-05,5.364368134989574,2.319550980663187,1.207656735454609e-07,5.497885385197143e-07
2006-12-05,0.00011115599405669665,1.2481110793805567e-06,0.0006541221128282519,2.7557517311655126e-05,5.361845453407322,2.4708937945938376,-2.1709299361689505e-07,5.650121603424402e-07
2006-12-06,0.00011115599405669665,5.190800083227591e-07,0.0006541221128282519,1.1533251169521613e-05,5.359657646805976,2.7522076812798595,-7.290310710577976e-07,5.523880324360778e-07
2006-12-07,0.00011115599405669665,5.008202148098152e-07,0.0006541221128282519,1.1485415204054409e-05,5.360616269499639,2.546225193082319,-1.8259793512943932e-08,5.387198540232405e-07
2006-12-08,0.00011115599405669665,6.562804621575051e-07,0.0006541221128282519,1.437091390864721e-05,5.358125082528163,2.5278296015792803,1.554602473476899e-07,5.229593974635512e-07
2006-12-11,0.00011255008442360446,3.975854346286224e-07,0.0006581301931690363,9.509741638352208e-06,5.337448132534852,2.5482638219694076,-2.586950275288827e-07,5.081138123747939e-07
2006-12-12,0.00011538167205749073,3.975854346286224e-07,0.0006677055097407865,9.509741638352208e-06,5.328201164188318,2.5482638219694076,0.0,4.956804911732965e-07
2006-12-13,0.00011538167205749073,5.402414324728177e-07,0.0006677055097407865,1.148391996771363e-05,5.335219938986434,2.569826366506,1.426559978441953e-07,4.791912430039901e-07
2006-12-14,0.00011534120992796651,2.080204480657116e-06,0.0006675977339074089,3.74310064589181e-05,5.3366640732172606,2.4533511408773956,1.5399630481842984e-06,5.519913076338437e-07
2006-12-15,0.00011534120992796651,2.2901870141261785e-06,0.0006675977339074089,3.9077849440809655e-05,5.330096889176386,2.4181974349143904,2.0998253346906245e-07,6.22843892048356e-07
2006-12-18,0.00011420573597795204,2.2901870141261785e-06,0.0006620876060679871,3.9077849440809655e-05,5.342339353110686,2.4181974349143904,0.0,6.755294848465489e-07
2006-12-19,0.00011420573597795204,2.412472227445497e-06,0.0006620876060679871,3.943695882835666e-05,5.358006669830166,2.6482212018182603,1.2228521331931842e-07,7.173641983790559e-07
2006-12-20,0.00011420573597795204,2.412472227445497e-06,0.0006620876060679871,3.943695882835666e-05,5.37542668426511,2.6482212018182603,0.0,7.393832725884766e-07
2006-12-21,0.00011420573597795204,2.412472227445497e-06,0.0006620876060679871,3.943695882835666e-05,5.37854789328319,2.6482212018182603,0.0,7.430419988886697e-07
2006-12-22,0.00011420573597795204,2.412472227445497e-06,0.0006620876060679871,3.943695882835666e-05,5.380614994870894,2.6482212018182603,0.0,7.70052207822459e-07
2006-12-26,0.00011420573597795204,2.026802191117588e-06,0.0006620876060679871,3.3243592116886094e-05,5.399177775300099,2.7071597257252966,-3.85670036327909e-07,7.774309317520309e-07
2006-12-27,0.00011420573597795204,2.026802191117588e-06,0.0006620876060679871,3.3243592116886094e-05,5.404213957823154,2.7071597257252966,0.0,7.847331664151452e-07
2006-12-28,0.00011420573597795204,1.9658955699949033e-06,0.0006620876060679871,3.2161430924225095e-05,5.417010166278808,2.912705399300467,-6.090662112268458e-08,7.904440054695522e-07
2006-12-29,0.00011179380729717818,1.9658955699949033e-06,0.0006552733963006139,3.2161430924225095e-05,5.430139482764757,2.912705399300467,0.0,7.922279223022987e-07
2007-01-03,0.00011179380729717818,1.9813545418323127e-06,0.0006552733963006139,3.224714500012889e-05,5.431219055297616,2.860456320834851,1.5458971837409416e-08,7.955515734993928e-07
2007-01-04,0.00011179380729717818,1.9813545418323127e-06,0.0006552733963006139,3.224714500012889e-05,5.432383193213085,2.860456320834851,0.0,7.993080850295592e-07
2007-01-05,0.00011141584005535459,8.270615299759232e-07,0.0006537676542787376,1.4859873443344943e-05,5.432852511251692,2.874819001440461,-1.1542930118563895e-06,8.151700114045329e-07
2007-01-08,0.00011141584005535459,5.565948633872743e-07,0.0006537676542787376,1.1293011792880081e-05,5.41460413035899,2.7174589326270056,-2.704666665886489e-07,8.125791278358602e-07
2007-01-09,0.00011141584005535459,5.858037444363125e-07,0.0006537676542787376,1.1468070143079634e-05,5.409823784301882,2.872186029423959,2.920888104903823e-08,8.066925193771231e-07
2007-01-10,0.00011141584005535459,6.215294556288551e-07,0.0006537676542787376,1.1632130133713807e-05,5.406812443281755,3.015162677601708,3.5725711192542575e-08,8.088915359034788e-07
2007-01-11,0.00010944903348991753,6.215294556288551e-07,0.0006488913839080784,1.1632130133713807e-05,5.412313553568974,3.015162677601708,0.0,7.926225195975588e-07
2007-01-12,0.00010944903348991753,6.123188471944021e-07,0.0006488913839080784,1.1624855836249472e-05,5.412786267078019,3.063197110919309,-9.210608434452936e-09,7.764760351156531e-07
2007-01-16,0.00010944903348991753,6.383355578618126e-07,0.0006488913839080784,1.176003672229426e-05,5.4052416616907575,3.2017481089053117,2.60167106674105e-08,7.69500765384471e-07
2007-01-17,0.0001406282184591289,6.383355578618126e-07,0.0008392847814793972,1.176003672229426e-05,5.365686118726837,3.2420013958045706,0.0,7.928899911984819e-07
2007-01-18,0.0001406282184591289,6.123188471944021e-07,0.0008392847814793972,1.1624855836249472e-05,5.366309431148729,3.16147641592083,-2.60167106674105e-08,8.007359401220223e-07
2007-01-19,0.0001406282184591289,4.51119838521025e-07,0.0008392847814793972,9.09884242205634e-06,5.367147736641339,3.227785927400866,-1.6119900867337715e-07,8.083718272744084e-07
2007-01-22,0.00013996354939767495,4.347256015217882e-07,0.0008381650050970627,9.029600709166806e-06,5.369420435062694,3.1007863718222546,-1.639423699923679e-08,7.973651199959815e-07
2007-01-23,0.00013996354939767495,4.258501796278376e-07,0.0008381650050970627,9.009206066544895e-06,5.373586037412567,2.9536546045780563,-8.875421893950602e-09,7.734600297179577e-07
2007-01-24,0.00013996354939767495,3.3654030865654066e-07,0.0008381650050970627,7.959975924222884e-06,5.378486564655124,2.6444439938491113,-8.930987097129692e-08,7.393009512583518e-07
2007-01-25,0.0001285563460297913,3.3654030865654066e-07,0.000738675677901944,7.959975924222884e-06,5.392216144918668,2.6444439938491113,0.0,6.87175255405769e-07
2007-01-26,0.0001285563460297913,3.5433843946320906e-07,0.000738675677901944,8.052369067684837e-06,5.388386644177647,2.84361535225426,1.7798130806668393e-08,6.543618616346737e-07
2007-01-29,0.0001314625977960318,3.2330263122314935e-07,0.0007449076177786829,7.795844141342953e-06,5.383435125682669,2.6292112688267246,-3.1035808240059704e-08,6.090982654032983e-07
2007-01-30,0.0001345526333231775,4.475442829404383e-07,0.0007523431423102706,9.478294318080007e-06,5.377333318231073,2.812519005177632,1.2424165171728895e-07,5.496297760382916e-07
2007-01-31,0.0001345526333231775,4.652265741292724e-07,0.0007523431423102706,9.555014333111393e-06,5.3803930470021815,2.9828143221906616,1.768229118883412e-08,4.6975362912383713e-07
2007-02-01,0.0001345526333231775,4.7661028482278764e-07,0.0007523431423102706,9.733618040757227e-06,5.377995779954091,2.9868738220341533,1.1383710693515212e-08,3.535478433896191e-07
2007-02-02,0.0001345526333231775,5.88799835625724e-07,0.0007523431423102706,1.1110452149383939e-05,5.38812001926311,3.1393935570169242,1.1218955080293637e-07,1.327276229460434e-07
2007-02-05,0.0001345526333231775,5.710017048190556e-07,0.0007523431423102706,1.1043673124271226e-05,5.382502136209892,2.9887330651072945,-1.7798130806668393e-08,1.1205846960987036e-07
2007-02-06,0.0001345526333231775,5.686071124448148e-07,0.0007523431423102706,1.0708622719049237e-05,5.3921091966268495,3.1218738673773725,-2.3945923742408e-09,1.1238174934994585e-07
2007-02-07,0.0001345526333231775,6.034883864981472e-07,0.0007523431423102706,1.143800470467289e-05,5.400228991217265,3.2588300117795264,3.488127405333239e-08,1.13113873656382e-07
2007-02-08,0.0001345526333231775,9.297929968655386e-07,0.0007523431423102706,1.6321004044555698e-05,5.398904290395084,3.241030288754295,3.263046103673914e-07,1.458827555575765e-07
2007-02-09,6.240949933378427e-05,1.0479256342792695e-06,0.0003861161816240103,1.7120256491054106e-05,5.48864452820333,3.383149388751072,1.1813263741373091e-07,1.8667610425803517e-07
2007-02-12,6.240949933378427e-05,1.489937850089517e-06,0.0003861161816240103,2.2958978558534042e-05,5.4832594504886165,3.2220355777066594,4.420122158102475e-07,2.8240022497311693e-07
2007-02-13,6.240949933378427e-05,1.489937850089517e-06,0.0003861161816240103,2.2958978558534042e-05,5.486253178110646,3.2220355777066594,0.0,3.4729168944153786e-07
2007-02-14,6.240949933378427e-05,1.489937850089517e-06,0.0003861161816240103,2.2958978558534042e-05,5.492318322784812,3.2220355777066594,0.0,3.9705939940429997e-07
2007-02-15,6.240949933378427e-05,1.6371820641050292e-06,0.0003861161816240103,2.3985732568653598e-05,5.490084214129236,3.22192612297648,1.4724421401551227e-07,4.5134891644307644e-07
2007-02-16,5.6399860492183455e-05,1.6371820641050292e-06,0.0003587096360542909,2.3985732568653598e-05,5.488816160601932,3.22192612297648,0.0,4.899557681567865e-07
2007-02-20,5.6399860492183455e-05,1.1633411044202653e-06,0.0003587096360542909,1.8651386659908425e-05,5.491705729217955,3.1235934468830897,-4.7384095968476393e-07,4.898065941259349e-07
2007-02-21,5.6399860492183455e-05,9.817448902052779e-07,0.0003587096360542909,1.5661641413827665e-05,5.498320953204911,3.2968813554415988,-1.8159621421498746e-07,4.820240239956499e-07
2007-02-22,5.6399860492183455e-05,8.893212122877853e-07,0.0003587096360542909,1.5013277102168419e-05,5.489654514551671,3.2597958180872784,-9.242367791749251e-08,4.66825559109833e-07
2007-02-23,5.6399860492183455e-05,8.893212122877853e-07,0.0003587096360542909,1.5013277102168419e-05,5.484173204717798,3.3320062149764413,0.0,4.493292775166908e-07
2007-02-26,5.6399860492183455e-05,9.321992145873487e-07,0.0003587096360542909,1.5361032449004835e-05,5.489560158956423,3.3516096424545654,4.287800229956334e-08,4.3042569308670834e-07
2007-02-27,0.0006764892027173869,9.321992145873487e-07,0.0032592743196501015,1.5361032449004835e-05,5.021472962664813,3.3516096424545654,0.0,4.0601273229866485e-07
2007-02-28,0.0006764892027173869,2.2274180075629375e-06,0.0032592743196501015,3.2630449136967666e-05,5.030592343833831,3.0299939446320576,1.2952187929755887e-06,4.763816036716516e-07
2007-03-01,0.0006764892027173869,1.7260213343428857e-06,0.0032592743196501015,2.725957118727309e-05,5.005932824396876,2.983566102748925,-5.013966732200518e-07,4.78264680151642e-07
2007-03-02,0.0005667140268072926,1.5790089887051046e-06,0.002809310997230534,2.5825527210106613e-05,5.073056483458181,2.720860704208408,-1.470123456377811e-07,4.6431011598567424e-07
2007-03-05,0.000560485261308136,1.6495097084287828e-06,0.0028053874340072723,2.648383483648931e-05,5.073358782618231,2.719217422934871,7.050071972367823e-08,4.550704517788753e-07
2007-03-06,0.0006226937498151953,9.142274265657983e-07,0.002873413244291629,1.6879738992453066e-05,5.046069248907501,2.5863977607488837,-7.352822818629844e-07,4.352795296269232e-07
2007-03-07,0.0006226937498151953,9.142274265657983e-07,0.002873413244291629,1.6879738992453066e-05,5.046580491771962,2.5863977607488837,0.0,4.1358723721757663e-07
2007-03-08,0.0006226937498151953,1.3304963482092795e-06,0.002873413244291629,2.261271012340338e-05,5.064126084302622,2.5619786014638675,4.1626892164348115e-07,3.840983710791803e-07
2007-03-09,0.0006226937498151953,1.265823884319735e-06,0.002873413244291629,2.207121674117142e-05,5.0439537345781185,2.451278696437692,-6.467246388954442e-08,3.7462807453324553e-07
2007-03-12,0.0006226937498151953,1.3376251388534296e-06,0.002873413244291629,2.2077186204315603e-05,5.044260234468033,2.694752230748758,7.180125453369449e-08,3.6955444355587754e-07
2007-03-13,0.00038201423781513804,1.2125513760469498e-06,0.0017279845780334823,2.1387570426797943e-05,5.186050074717627,2.459316893212826,-1.2507376280647975e-07,3.681950957030238e-07
2007-03-14,0.00038201423781513804,1.2125513760469498e-06,0.0017279845780334823,2.1387570426797943e-05,5.19727516604654,2.459316893212826,0.0,3.662783173250312e-07
2007-03-15,0.0003886581252604662,1.4018547745778253e-06,0.0017355008313152133,2.3590537908694945e-05,5.183964563927225,2.4435857446442117,1.8930339853087544e-07,3.643493384112122e-07
2007-03-16,0.00038387704276754756,1.4018547745778253e-06,0.0017299011650287112,2.3590537908694945e-05,5.188050566035619,2.4435857446442117,0.0,3.5631602556342767e-07
2007-03-19,0.00038387704276754756,1.39804369629465e-06,0.0017299011650287112,2.3589100146606378e-05,5.188049933132358,2.3683265814452765,-3.8110782831752095e-09,3.47602363509438e-07
2007-03-20,0.00038387704276754756,1.0676133944990886e-06,0.0017299011650287112,2.0681835430163085e-05,5.171017596967296,2.12057999796272,-3.3043030179556146e-07,3.497711634874072e-07
2007-03-21,0.00035632076971358955,1.1650279339602549e-06,0.0016678219598590643,2.221652012252277e-05,5.202695642975102,2.0986495342774734,9.741453946116627e-08,3.4436865933294103e-07
2007-03-22,0.00035632076971358955,1.501396053194423e-06,0.0016678219598590643,2.392901545768001e-05,5.210108918721574,2.801969911110166,3.3636811923416813e-07,3.356244217678673e-07
2007-03-23,0.00035632076971358955,1.458670745156742e-06,0.0016678219598590643,2.346202619692455e-05,5.20295978064622,2.8053707723091725,-4.272530803768104e-08,3.225870069579926e-07
2007-03-26,0.00035632076971358955,1.458670745156742e-06,0.0016678219598590643,2.346202619692455e-05,5.199747075079247,2.8053707723091725,0.0,3.0951117961883344e-07
2007-03-27,0.00035632076971358955,1.22916287815357e-06,0.0016678219598590643,2.1129631276930205e-05,5.200652848712664,2.668116353319921,-2.2950786700317186e-07,2.947955766697956e-07
2007-03-28,0.00035632076971358955,1.22916287815357e-06,0.0016678219598590643,2.1129631276930205e-05,5.206428620049451,2.668116353319921,0.0,2.1657556950870066e-07
2007-03-29,0.00035632076971358955,1.1744736467300846e-06,0.0016678219598590643,2.0068806038567216e-05,5.205514487827854,2.691124702604255,-5.4689231423485436e-08,1.9671777146406528e-07
2007-03-30,0.00035632076971358955,1.1001013588369358e-06,0.0016678219598590643,1.9491977710287382e-05,5.193355034077488,2.6485666448998204,-7.437228789314884e-08,1.8934930674215064e-07
2007-04-02,0.00035632076971358955,9.234780619700462e-07,0.0016678219598590643,1.532010620787151e-05,5.1852464650765695,3.1565178831506144,-1.7662329686688956e-07,1.8246513111357358e-07
2007-04-03,0.00035632076971358955,9.234780619700462e-07,0.0016678219598590643,1.532010620787151e-05,5.189020541846228,3.1565178831506144,0.0,1.816193699069937e-07
2007-04-04,0.00035632076971358955,9.45500584295097e-07,0.0016678219598590643,1.5393853181940542e-05,5.18781928066193,3.2533676271906615,2.2022522325050718e-08,1.788225658450522e-07
2007-04-05,0.00035654956819502933,1.09489388679278e-06,0.0016682870723713247,1.7267374378973036e-05,5.174112205649334,3.2176185300669,1.4939330249768305e-07,1.8008650453675018e-07
2007-04-09,0.0003616642251181455,1.0989135639696002e-06,0.0016746322562083038,1.728139021522246e-05,5.158490132886418,3.2781811648930295,4.019677176820244e-09,1.8195754010060607e-07
2007-04-10,0.0003616642251181455,1.2054557078104914e-06,0.0016746322562083038,1.848144317475986e-05,5.159810882968368,3.0562206338648275,1.0654214384089116e-07,1.7972289122808025e-07
2007-04-11,0.0003616642251181455,1.2054557078104914e-06,0.0016746322562083038,1.848144317475986e-05,5.143464580353903,3.0562206338648275,0.0,1.797248898806165e-07
2007-04-12,0.0003616642251181455,1.0794442951490793e-06,0.0016746322562083038,1.7503082542765735e-05,5.122985365391032,3.0217185704958713,-1.2601141266141207e-07,1.8206645012248086e-07
2007-04-13,0.000362278072454658,9.26917204036253e-07,0.0016752840727446785,1.554484735454165e-05,5.1108893353961715,2.8928996339545163,-1.525270911128263e-07,1.8571934769010862e-07
2007-04-16,0.00035525629694490066,7.835343856039936e-07,0.0016618536792600686,1.4294425013260694e-05,5.122080032800558,2.7627150688116995,-1.4338281843225945e-07,1.9780794615604727e-07
2007-04-17,0.00035525629694490066,5.655651266228398e-07,0.0016618536792600686,1.2199775721019869e-05,5.127549513135783,2.5231345686741022,-2.1796925898115378e-07,2.2783550009927254e-07
2007-04-18,0.00035525629694490066,5.988480069501172e-07,0.0016618536792600686,1.2812075713329764e-05,5.139798481307404,2.517510382460561,3.3282880327277446e-08,2.546211658611194e-07
2007-04-19,0.00035525629694490066,7.586006765835791e-07,0.0016618536792600686,1.5218908181297283e-05,5.154887082316987,2.5715728063993377,1.5975266963346183e-07,2.6381665077872674e-07
2007-04-20,0.00035525629694490066,7.586006765835791e-07,0.0016618536792600686,1.5218908181297283e-05,5.154759810055072,2.5715728063993377,0.0,2.5082956110394357e-07
2007-04-23,0.00035525629694490066,9.972773844433943e-07,0.0016618536792600686,1.763639604285483e-05,5.155133999272156,2.629006168071818,2.3867670785981524e-07,2.292230902298082e-07
2007-04-24,0.000377507675779949,1.0095788404828348e-06,0.0016986278414891547,1.7686917690883387e-05,5.129315571078446,2.7615412509840516,1.230145603944046e-08,2.0268381450154214e-07
2007-04-25,0.0003768938284434365,1.0095788404828348e-06,0.0016979849861007076,1.7686917690883387e-05,5.142288638796801,2.7615412509840516,0.0,1.942734302555934e-07
2007-04-26,0.0003768938284434365,9.134722394282101e-07,0.0016979849861007076,1.6423417813679686e-05,5.122194884355058,2.7753914509138404,-9.610660105462466e-08,1.8464708805962945e-07
2007-04-27,0.0003768938284434365,9.327436824360373e-07,0.0016979849861007076,1.64761388959457e-05,5.117160644299542,2.919763289534295,1.9271443007827147e-08,1.7719343950834907e-07
2007-04-30,0.0003687360565600688,7.574085858114893e-07,0.001683050350193659,1.4497682303540144e-05,5.133032004543545,2.927409958374454,-1.7533509662454797e-07,1.776254805165884e-07
2007-05-01,0.0003687360565600688,6.325027285475531e-07,0.001683050350193659,1.3290945703216104e-05,5.141676384217169,2.760709534640743,-1.2490585726393613e-07,1.892446123679474e-07
2007-05-02,0.0003687360565600688,6.587006691268899e-07,0.001683050350193659,1.336489149201893e-05,5.143934283300482,2.864851364387962,2.6197940579336762e-08,1.9733250654023618e-07
2007-05-03,0.0003687360565600688,5.697483675924203e-07,0.001683050350193659,1.1898042595166167e-05,5.153390750325446,3.1714942188338213,-8.895230153446963e-08,2.0992238980315116e-07
2007-05-04,0.0003687360565600688,5.597762576817195e-07,0.001683050350193659,1.1913665050894288e-05,5.1401122424401535,3.2891988928879226,-9.972109910700764e-09,2.1484865807324995e-07
2007-05-07,0.0003687360565600688,5.217375076629848e-07,0.001683050350193659,1.016599575432945e-05,5.14708911727887,3.3564750738144307,-3.8038750018734735e-08,2.18542726971351e-07
2007-05-08,0.0003687360565600688,9.376488283042081e-07,0.001683050350193659,1.648934335582715e-05,5.15473523255668,3.2989943023440937,4.159113206412233e-07,2.0135597873439744e-07
2007-05-09,0.00015981463462621745,1.1048567963826209e-06,0.0008277064945275385,1.7802923137522794e-05,5.338520076951546,3.3325169016053713,1.6720796807841277e-07,1.919648694226049e-07
2007-05-10,0.0001405651531964472,1.0868774795049016e-06,0.0007367792588043224,1.7760472027456194e-05,5.3648397395186604,3.2173677418199818,-1.797931687771927e-08,1.9253292649227405e-07
2007-05-11,0.0001405651531964472,8.836630517852941e-07,0.0007367792588043224,1.4527593238259527e-05,5.363070746092077,3.2674870512601615,-2.0321442771960748e-07,1.9132100814666947e-07
2007-05-14,0.0001501965601484257,8.836630517852941e-07,0.0007619396136827764,1.4527593238259527e-05,5.353433020424527,3.2674870512601615,0.0,1.9211978336490273e-07
2007-05-15,0.00015507584751805074,8.836630517852941e-07,0.0007772986594249627,1.4527593238259527e-05,5.348683300758581,3.2674870512601615,0.0,1.8407525961947e-07
2007-05-16,0.00015066850999305195,8.836630517852941e-07,0.0007676860209065222,1.4527593238259527e-05,5.353950129170657,3.2674870512601615,0.0,1.7669483523180308e-07
2007-05-17,0.00015066850999305195,7.096781769643113e-07,0.0007676860209065222,1.2702681135019502e-05,5.345657216905821,3.241645775793567,-1.739848748209828e-07,1.7817250021510516e-07
2007-05-18,0.00015066850999305195,7.582324370292283e-07,0.0007676860209065222,1.3138351179475269e-05,5.344287356990641,3.253652185429248,4.8554260064916965e-08,1.7818080145157014e-07
2007-05-21,0.0001523006450789324,7.788906633771015e-07,0.0007710049250006663,1.3224800044754703e-05,5.3435529453191455,3.259604493532825,2.06582263478732e-08,1.7434516383280486e-07
2007-05-22,0.0001523006450789324,7.150581676131844e-07,0.0007710049250006663,1.2333534069382496e-05,5.352802211786334,3.273223740798677,-6.383249576391705e-08,1.7021733122406036e-07
2007-05-23,0.00011610881747019049,7.298777478394448e-07,0.0006399234434685366,1.2375989943928591e-05,5.393491357087138,3.287301175899242,1.4819580226260322e-08,1.6426317405346211e-07
2007-05-24,0.00010369051079425206,7.298777478394448e-07,0.0005924348450314984,1.2375989943928591e-05,5.424742098303877,3.287301175899242,0.0,1.624191298769588e-07
2007-05-25,0.00010423819285559201,7.977516413035093e-07,0.0005939958625408402,1.2658752554059232e-05,5.416196900758557,3.452540824097659,6.787389346406455e-08,1.5875989343307334e-07
2007-05-29,0.00010877287240113414,7.533733847059358e-07,0.0006113269012357347,1.2448634614967745e-05,5.409599751818821,3.317738817684934,-4.437825659757354e-08,1.5879155710237051e-07
2007-05-30,0.00010877287240113414,7.899918456824214e-07,0.0006113269012357347,1.2887095439933809e-05,5.39999041927787,3.314758762426384,3.661846097648567e-08,1.5500621362735263e-07
2007-05-31,0.00010877287240113414,8.148387109389778e-07,0.0006113269012357347,1.3522112954970288e-05,5.402221075924632,3.1771057704927834,2.484686525655635e-08,1.5211802523332885e-07
2007-06-01,7.737845368718126e-05,1.292636368754619e-06,0.0004816711485782561,2.0109337510004733e-05,5.449639313431575,3.318396777798065,4.777976578156412e-07,1.79318717867887e-07
2007-06-04,7.737845368718126e-05,1.247859111589813e-06,0.0004816711485782561,1.989284739708447e-05,5.450744307212486,3.4534685455714538,-4.47772571648061e-08,1.90259818657927e-07
2007-06-05,7.182670603344369e-05,1.3605060056454573e-06,0.00045810625577481757,2.146984577510349e-05,5.460676344113576,3.4332094238413604,1.126468940556444e-07,2.0261132330473775e-07
2007-06-06,6.466558032091047e-05,1.1710382519313905e-06,0.0004148688058149672,1.9302548929746184e-05,5.474345374716232,3.2803050527817508,-1.8946775371406684e-07,2.1100861579348494e-07
2007-06-07,6.621875053105427e-05,1.1710382519313905e-06,0.00041971507556561906,1.9302548929746184e-05,5.478427210545259,3.2803050527817508,0.0,2.145688589503625e-07
2007-06-08,6.621875053105427e-05,1.1710382519313905e-06,0.00041971507556561906,1.9302548929746184e-05,5.48100137170637,3.2803050527817508,0.0,2.1875474050714648e-07
2007-06-11,6.621875053105427e-05,8.813125232486579e-07,0.00041971507556561906,1.712887635241344e-05,5.470859632668334,3.096906453558308,-2.897257286827326e-07,2.187794925118593e-07
2007-06-12,5.860067777353264e-05,8.065981612882162e-07,0.0003718166954587768,1.6704788595659068e-05,5.491907745538047,2.9589206602199565,-7.471436196044166e-08,2.202418562285565e-07
2007-06-13,5.860067777353264e-05,7.641347458639214e-07,0.0003718166954587768,1.6568439903657363e-05,5.493157873914634,2.8119923939234184,-4.246341542429487e-08,2.229518654201926e-07
2007-06-14,5.860067777353264e-05,7.641347458639214e-07,0.0003718166954587768,1.6568439903657363e-05,5.486364277963099,2.8119923939234184,0.0,2.2546263223220466e-07
2007-06-15,5.860067777353264e-05,1.2083559227631084e-06,0.0003718166954587768,2.2472673135039178e-05,5.482262861329701,2.737176052061159,4.4422117689918706e-07,2.2963308426896297e-07
2007-06-18,5.860067777353264e-05,1.207465162352833e-06,0.0003718166954587768,2.2632054504077957e-05,5.475837297337384,2.3360966365413334,-8.907604102754502e-10,2.3333979029516306e-07
2007-06-19,5.860067777353264e-05,1.1587803268750293e-06,0.0003718166954587768,2.22528793675021e-05,5.486222830056046,2.3518163783232566,-4.868483547780366e-08,2.3347251456328125e-07
2007-06-20,5.860067777353264e-05,1.1800952807687963e-06,0.0003718166954587768,2.2325873135592748e-05,5.492498089309645,2.4224261738044954,2.1314953893766975e-08,2.2915193498131132e-07
2007-06-21,6.853452620894346e-05,1.3509056255238313e-06,0.0004158971241334742,2.328802518309708e-05,5.473659842867808,2.669095942193246,1.7081034475503496e-07,2.3266678119593503e-07
2007-06-22,7.037878021542713e-05,1.3509056255238313e-06,0.0004224844862278867,2.328802518309708e-05,5.479835836073503,2.669095942193246,0.0,2.3179124471963871e-07
2007-06-25,6.652388060721036e-05,1.200122304480014e-06,0.0004066920715937813,2.236522728720173e-05,5.48914161302038,2.5210312825259136,-1.5078332104381729e-07,2.24998345931625e-07
2007-06-26,6.652388060721036e-05,1.2071264136785721e-06,0.0004066920715937813,2.2370348804873525e-05,5.49210294886356,2.645913788680703,7.004109198558154e-09,2.1262700618762482e-07
2007-06-27,6.652388060721036e-05,1.1739160028194327e-06,0.0004066920715937813,2.2311221122275062e-05,5.494463813393,2.446685912292637,-3.32104108591394e-08,1.9962950968028865e-07
2007-06-28,6.652388060721036e-05,1.1739160028194327e-06,0.0004066920715937813,2.2311221122275062e-05,5.489552482621277,2.446685912292637,0.0,1.8603199210953783e-07
2007-06-29,6.652388060721036e-05,1.1739160028194327e-06,0.0004066920715937813,2.2311221122275062e-05,5.488585896581459,2.579702667033038,0.0,1.828423406081812e-07
2007-07-02,6.652388060721036e-05,7.40378240256375e-07,0.0004066920715937813,1.6342078725165188e-05,5.480834941708727,2.6633342870770544,-4.3353776256305767e-07,2.0085121313431868e-07
2007-07-03,6.652388060721036e-05,8.007205584152079e-07,0.0004066920715937813,1.7118436971083237e-05,5.484605270902893,2.6534968822015963,6.034231815883283e-08,2.0321021942770876e-07
2007-07-05,6.652388060721036e-05,1.0102066262869182e-06,0.0004066920715937813,1.887658903987284e-05,5.4819203509147245,2.7369792089817793,2.0948606787171033e-07,2.027160714033971e-07
2007-07-06,6.652388060721036e-05,7.80478874496167e-07,0.0004066920715937813,1.7104585186405658e-05,5.472204373508928,2.5260487071132713,-2.2972775179075118e-07,2.1157083558836867e-07
2007-07-09,6.652388060721036e-05,8.592189286015393e-07,0.0004066920715937813,1.759262426065349e-05,5.4719109267452515,2.6629383826970385,7.874005410537229e-08,2.140617825016594e-07
2007-07-10,5.9795142350791635e-05,8.764355765831274e-07,0.000377331016866562,1.762573022965264e-05,5.483748027353132,2.6932780572920367,1.7216647981588106e-08,2.1425431739684417e-07
2007-07-11,5.9795142350791635e-05,8.527416694827252e-07,0.000377331016866562,1.7573980443090006e-05,5.483590227567619,2.4957796067097697,-2.369390710040221e-08,2.1185054122613864e-07
2007-07-12,8.092125799196589e-05,8.527416694827252e-07,0.00048293281861418484,1.7573980443090006e-05,5.449158701698975,2.433351598399729,0.0,2.0660195743645984e-07
2007-07-13,8.092125799196589e-05,8.983515931379841e-07,0.00048293281861418484,1.7804023615352828e-05,5.446676429546511,2.4141738253865737,4.56099236552589e-08,1.99000125564725e-07
2007-07-16,8.092125799196589e-05,8.983515931379841e-07,0.00048293281861418484,1.7804023615352828e-05,5.451216455858365,2.4141738253865737,0.0,1.983213250651269e-07
2007-07-17,8.092125799196589e-05,8.69717049853407e-07,0.00048293281861418484,2.066101865889745e-05,5.451419033501599,1.7344527688695135,-2.8634543284577105e-08,1.974503174266034e-07
2007-07-18,8.022324494963403e-05,7.193623274791673e-07,0.0004809533869760877,1.9742647390732302e-05,5.452875783332106,1.227953426425617,-1.5035472237423975e-07,2.0553027289341268e-07
2007-07-19,8.022324494963403e-05,7.193623274791673e-07,0.0004809533869760877,1.9742647390732302e-05,5.4519063398173015,1.227953426425617,0.0,2.098772018953656e-07
2007-07-20,7.714507519788367e-05,6.95141570299021e-07,0.00046935032909343956,1.970728480027927e-05,5.453171340764721,0.5550093950104594,-2.422075718014626e-08,1.990790276313808e-07
2007-07-23,8.52567750075655e-05,6.95141570299021e-07,0.0004988106747579429,1.970728480027927e-05,5.44246198535144,0.5550093950104594,0.0,1.81530111171283e-07
2007-07-24,0.00010096221796091254,6.95141570299021e-07,0.0005615517321625026,1.970728480027927e-05,5.429190613004334,0.5550093950104594,0.0,1.7399627700117485e-07
2007-07-25,0.00010096221796091254,7.060812082475636e-07,0.0005615517321625026,1.9721460314965686e-05,5.429022356406586,0.8781305779209418,1.0939637948542617e-08,1.6067801851555416e-07
2007-07-26,0.00010501298946208344,7.060812082475636e-07,0.0005745793135419039,1.9721460314965686e-05,5.420656533093107,0.8781305779209418,0.0,1.4587834140731689e-07
2007-07-27,9.979095632320191e-05,7.060812082475636e-07,0.00055733436436103,1.9721460314965686e-05,5.441241684220087,0.8781305779209418,0.0,1.2486637323611354e-07
2007-07-30,9.979095632320191e-05,7.060812082475636e-07,0.00055733436436103,1.9721460314965686e-05,5.453395299041306,0.622756525878562,0.0,9.354564476370292e-08
2007-07-31,9.979095632320191e-05,7.944236496350993e-07,0.00055733436436103,2.0150475500421635e-05,5.451723416140402,1.3781299071198083,8.834244138753565e-08,9.283318813107288e-08
2007-08-01,9.979095632320191e-05,7.944236496350993e-07,0.00055733436436103,2.0150475500421635e-05,5.4499336447192,1.3781299071198083,0.0,9.281306379670917e-08
2007-08-02,9.979095632320191e-05,1.7569030817383486e-07,0.00055733436436103,5.618257966606816e-06,5.446245464059156,1.8832322953556124,-6.187333414612644e-07,1.5571626698299802e-07
2007-08-03,0.00013324717388009223,1.7569030817383486e-07,0.000696719936365359,5.618257966606816e-06,5.413208606227922,1.8832322953556124,0.0,2.014919598717995e-07
2007-08-06,0.00013324717388009223,1.7569030817383486e-07,0.000696719936365359,5.618257966606816e-06,5.411149272406442,1.6306775617293305,0.0,2.3222676342447608e-07
2007-08-07,0.00013324717388009223,1.7569030817383486e-07,0.000696719936365359,5.618257966606816e-06,5.422450903920044,1.6306775617293305,0.0,2.537865729987012e-07
2007-08-08,0.00016866949854696923,9.928207933607824e-08,0.0008291052869689118,4.202926206082396e-06,5.38774880050921,1.1143054152349565,-7.640822883775662e-08,2.7705680242830704e-07
2007-08-09,0.00021269765079207466,9.928207933607824e-08,0.0009797514713239923,4.202926206082396e-06,5.35675476354515,1.1143054152349565,0.0,2.934713223572235e-07
2007-08-10,0.00021269765079207466,9.928207933607824e-08,0.0009797514713239923,4.202926206082396e-06,5.3647700039431685,1.1143054152349565,0.0,3.0145380245677995e-07
2007-08-13,0.00021269765079207466,9.928207933607824e-08,0.0009797514713239923,4.202926206082396e-06,5.368451721189173,1.1143054152349565,0.0,3.0374789390044275e-07
2007-08-14,0.0002038762052561261,1.5636685510709966e-07,0.0009587117291668427,5.13075299942704e-06,5.384247630003936,1.5354550642840539,5.708477577102142e-08,2.9932408138904445e-07
2007-08-15,0.00021495753124714203,2.3590693404174705e-07,0.0009857623893210835,6.2482924532984415e-06,5.376690258467674,2.2282854832871313,7.954007893464739e-08,2.967592642974574e-07
2007-08-16,0.0002677048581400535,1.475644926542114e-07,0.001148626687552737,4.683534204382437e-06,5.3339625617029105,1.9323742652524356,-8.834244138753565e-08,2.955141425326495e-07
2007-08-17,0.0002623885102072709,1.475644926542114e-07,0.001132220563052949,4.683534204382437e-06,5.344074529833383,1.9323742652524356,0.0,2.9275829877058235e-07
2007-08-20,0.0002623885102072709,1.475644926542114e-07,0.001132220563052949,4.683534204382437e-06,5.335772467234077,1.9323742652524356,0.0,2.8724227726031977e-07
2007-08-21,0.0002623885102072709,1.475644926542114e-07,0.001132220563052949,4.683534204382437e-06,5.330996029383322,1.9323742652524356,0.0,2.7880229819130547e-07
2007-08-22,0.0002809371926883863,2.4156423952190853e-07,0.0011912159982823249,6.373842703452191e-06,5.313123066309532,2.2238820554275125,9.399974686769714e-08,2.643391814457066e-07
2007-08-23,0.0002887006673570553,2.6150489570643546e-07,0.0012136678911996365,6.517892748790545e-06,5.297640185815343,2.4774979735076776,1.9940656184526924e-08,2.466307661018699e-07
2007-08-24,0.0002857689354270353,2.4156423952190853e-07,0.0012053894825836827,6.373842703452191e-06,5.30326830765916,2.2238820554275125,-1.9940656184526924e-08,2.25274590512818e-07
2007-08-27,0.00026652391560952934,1.475644926542114e-07,0.0011451366829360672,4.683534204382437e-06,5.330801659546085,1.8036433138823535,-9.399974686769714e-08,1.9972653214778864e-07
2007-08-28,0.00024665590552239657,1.475644926542114e-07,0.0010929737229490768,4.683534204382437e-06,5.352700237355446,1.8036433138823535,0.0,1.4918375792867937e-07
2007-08-29,0.0002371018251125391,1.475644926542114e-07,0.001064772983596849,4.683534204382437e-06,5.366420533750814,1.8036433138823535,0.0,4.9179807474106194e-08
2007-08-30,0.00024505391979230006,8.233010448145642e-08,0.0010846125383781435,3.189788828800219e-06,5.362481961383482,1.3719874660880549,-6.523438817275498e-08,5.2292802455423695e-08
2007-08-31,0.00024505391979230006,7.291470329290478e-08,0.0010846125383781435,3.102689243541437e-06,5.357867567005703,1.2916379911587177,-9.415401188551632e-09,5.5499195957581916e-08
2007-09-04,0.00024505391979230006,7.291470329290478e-08,0.0010846125383781435,3.102689243541437e-06,5.352566995706094,1.2916379911587177,0.0,5.8053341847497396e-08
2007-09-05,0.0002371018251125391,9.94975973720484e-07,0.001064772983596849,2.4564267874231945e-05,5.363902981292545,1.2327574512147792,9.220612704275793e-07,1.9817401669680296e-07
2007-09-06,0.0002371018251125391,1.0003636482969653e-06,0.001064772983596849,2.4568588229230146e-05,5.3482807941518375,1.3557524980167264,5.387674576481257e-09,2.6704405605883214e-07
2007-09-07,0.0002371018251125391,1.0003636482969653e-06,0.001064772983596849,2.4568588229230146e-05,5.348870433316292,1.3557524980167264,0.0,3.147676990490598e-07
2007-09-10,0.0002371018251125391,1.479981301434923e-06,0.001064772983596849,2.7951228263424283e-05,5.333623189292874,1.911483799734158,4.796176531379578e-07,4.1010525965511753e-07
2007-09-11,0.0002113513313791092,1.9224698010086646e-06,0.0009888429813843642,3.244666189010218e-05,5.357327483933666,2.1760629061333367,4.4248849957374147e-07,5.352848068565385e-07
2007-09-12,0.0002113513313791092,1.826863840204812e-06,0.0009888429813843642,3.185013623124756e-05,5.366318779407938,2.139634480731706,-9.560596080385248e-08,6.13365246619039e-07
2007-09-13,0.0002113513313791092,1.826863840204812e-06,0.0009888429813843642,3.185013623124756e-05,5.368439106588551,2.2030511087577875,0.0,6.742692650917481e-07
2007-09-14,0.0002113513313791092,1.826863840204812e-06,0.0009888429813843642,3.185013623124756e-05,5.380503069025235,2.2030511087577875,0.0,7.17743513738377e-07
2007-09-17,0.0002113513313791092,2.137634063660865e-06,0.0009888429813843642,3.3672227214237536e-05,5.395780767158737,2.3554077558043294,3.1077022345605285e-07,7.747291803235862e-07
2007-09-18,0.00025821311850731434,2.137634063660865e-06,0.0011389109121942055,3.3672227214237536e-05,5.385382781400641,2.3554077558043294,0.0,8.15113958439107e-07
2007-09-19,0.00024787487587204983,2.1233283728989722e-06,0.0011032773437390708,3.365803162987556e-05,5.399981553094574,2.225725226896935,-1.4305690761892699e-08,8.402661485921021e-07
2007-09-20,0.00024787487587204983,1.9744720324415825e-06,0.0011032773437390708,3.249114681055639e-05,5.403871302319326,2.3847971341464667,-1.4885634045738973e-07,8.489110430501666e-07
2007-09-21,0.0002628686749207548,1.996174405145368e-06,0.0011413711986501178,3.293137201837309e-05,5.381599730817595,2.2765202690756747,2.170237270378556e-08,8.504353547653244e-07
2007-09-24,0.0002628686749207548,2.008824202493135e-06,0.0011413711986501178,3.29373359386223e-05,5.387211118271996,2.439468364751113,1.2649797347766955e-08,8.419707686631136e-07
2007-09-25,0.0002628686749207548,1.9613384876091676e-06,0.0011413711986501178,3.285486699771808e-05,5.396477870071386,2.2260055061889337,-4.748571488396742e-08,8.146245525243935e-07
2007-09-26,0.0002628686749207548,2.0284702066590313e-06,0.0011413711986501178,3.301548199694388e-05,5.393438866643309,2.4077282897813093,6.71317190498637e-08,7.778128283004111e-07
2007-09-27,0.0002628686749207548,1.8697739773650325e-06,0.0011413711986501178,3.2255713508726896e-05,5.390522966396349,2.291351815396701,-1.5869622929399883e-07,7.215288871048522e-07
2007-09-28,0.0002628686749207548,2.1548606825606424e-06,0.0011413711986501178,3.4574545878523486e-05,5.399593969962292,2.3073458220761482,2.8508670519560996e-07,6.498724600574781e-07
2007-10-01,0.00025499818711933846,1.2327994121330636e-06,0.0011205362455475707,2.4527997208314616e-05,5.409642887704419,2.058581230901578,-9.220612704275788e-07,5.482773534768857e-07
2007-10-02,0.00025499818711933846,1.195137287551334e-06,0.0011205362455475707,2.439464789919584e-05,5.415479131558935,1.8664944290736745,-3.766212458172964e-08,4.1697766033228647e-07
2007-10-03,0.00025499818711933846,1.195137287551334e-06,0.0011205362455475707,2.439464789919584e-05,5.4119179214476025,1.8664944290736745,0.0,4.003528790571027e-07
2007-10-04,0.00025499818711933846,1.149460817956507e-06,0.0011205362455475707,2.4286131099227046e-05,5.4093863752095,1.3143503889217611,-4.567646959482711e-08,3.8692090012253195e-07
2007-10-05,0.00026870555032701334,1.149460817956507e-06,0.001169610721473815,2.4286131099227046e-05,5.398753408531614,1.3143503889217611,0.0,3.728486801812425e-07
2007-10-08,0.00026870555032701334,1.2030894499193066e-06,0.001169610721473815,2.4866489212212263e-05,5.393478938255152,1.3137158170741992,5.362863196279969e-08,3.885969491541085e-07
2007-10-09,0.00026870555032701334,1.2030894499193066e-06,0.001169610721473815,2.4866489212212263e-05,5.3867494149799695,1.332920687057788,0.0,4.043790766170341e-07
2007-10-10,0.00026870555032701334,2.496086912416099e-06,0.001169610721473815,3.996759537197718e-05,5.386799604549983,1.7661896630333571,1.2929974624967925e-06,4.406169948186921e-07
2007-10-11,0.00026870555032701334,2.496086912416099e-06,0.001169610721473815,3.996759537197718e-05,5.398784076180882,1.7661896630333571,0.0,4.716005505404388e-07
2007-10-12,0.00026870555032701334,2.496086912416099e-06,0.001169610721473815,3.996759537197718e-05,5.405663895438728,1.7543854580421059,0.0,4.983108136962452e-07
2007-10-15,0.00026870555032701334,2.5215416394272276e-06,0.001169610721473815,3.9988466884824026e-05,5.405705552286137,1.9676598507121272,2.545472701112853e-08,5.185604777811558e-07
2007-10-16,0.0002645901294578729,1.8188991102862266e-06,0.0011596543377758483,3.4713573965091036e-05,5.397976488660683,1.5809451734890139,-7.02642529141001e-07,5.134697007399499e-07
2007-10-17,0.0002645901294578729,1.8184807167703739e-06,0.0011596543377758483,3.471248385287008e-05,5.400801052002791,1.5610300017302474,-4.183935158527466e-10,5.082934123617526e-07
2007-10-18,0.0002775725664643795,6.77197377478107e-07,0.0011956984720040524,1.6205344407791882e-05,5.387816859122604,1.7332765600470552,-1.1412833392922668e-06,5.643344659159374e-07
2007-10-19,0.00022173466399395613,6.77197377478107e-07,0.0010260373963410505,1.6205344407791882e-05,5.4202735571384215,1.7332765600470552,0.0,6.074558698620908e-07
2007-10-22,0.00022173466399395613,1.2952114462469424e-06,0.0010260373963410505,2.4172205778898534e-05,5.420228689130519,2.047876222369698,6.180140687688354e-07,6.073193854511767e-07
2007-10-23,0.00022173466399395613,1.2952114462469424e-06,0.0010260373963410505,2.4172205778898534e-05,5.421663012259687,2.047876222369698,0.0,6.065708949997029e-07
2007-10-24,0.00022717315951986685,1.3132566246455348e-06,0.0010386494234264697,2.4203642674876745e-05,5.419959445461383,2.2196131215443513,1.804517839859238e-08,6.009546869458303e-07
2007-10-25,0.0002693945779507832,1.3218812509284904e-06,0.0011665649343304862,2.4210818161590726e-05,5.39330799688578,2.3502346741130262,8.62462628295557e-09,5.987133948512455e-07
2007-10-26,0.00023061019757129127,1.3441614391054964e-06,0.0010643532293949402,2.425864981016799e-05,5.416917801931309,2.5198885270928466,2.228018817700607e-08,5.817782178503223e-07
2007-10-29,0.00023246550453858268,1.3973483817638317e-06,0.0010705161627321343,2.4410621548953614e-05,5.411542258872597,2.726016119357445,5.318694265833522e-08,5.790324749109569e-07
2007-10-30,0.00023246550453858268,1.3973483817638317e-06,0.0010705161627321343,2.4410621548953614e-05,5.409793889286685,2.726016119357445,0.0,5.751224372527766e-07
2007-10-31,0.00023246550453858268,1.4908882674094548e-06,0.0010705161627321343,2.4982027439203537e-05,5.399880030670435,2.6632670036066957,9.35398856456231e-08,5.702928595583606e-07
2007-11-01,0.00023733978864780492,1.4908882674094548e-06,0.001080324904935469,2.4982027439203537e-05,5.413318160565995,2.6632670036066957,0.0,5.634309342896781e-07
2007-11-02,0.00023733978864780492,1.3111934945920573e-06,0.001080324904935469,2.4181201187462843e-05,5.415935580899109,2.2308219937476443,-1.7969477281739742e-07,5.585924564167486e-07
2007-11-05,0.00023733978864780492,1.310153180680216e-06,0.001080324904935469,2.4181096675073126e-05,5.41628174409668,2.2000494910584365,-1.040313911841435e-09,5.555648659198357e-07
2007-11-06,0.00023733978864780492,1.3435501314581144e-06,0.001080324904935469,2.4343260371400534e-05,5.412442565517783,2.2432130940254815,3.339695077789846e-08,5.517085133032009e-07
2007-11-07,0.0002883712568126019,1.3435501314581144e-06,0.001239588801809954,2.4343260371400534e-05,5.380054994410953,2.2432130940254815,0.0,5.078553318499191e-07
2007-11-08,0.0004211230093074379,1.3435501314581144e-06,0.0017234829127299092,2.4343260371400534e-05,5.306677339486672,2.2432130940254815,0.0,4.521731127996422e-07
2007-11-09,0.0004439058695529259,9.934674247288406e-07,0.0017604053544829916,2.078849253026636e-05,5.3105391356133245,1.9375276723710644,-3.5008270672927376e-07,3.898125189448244e-07
2007-11-12,0.0004439058695529259,1.5276487838452087e-06,0.0017604053544829916,2.488380899748727e-05,5.328378370364288,2.527045589119431,5.341813591163681e-07,2.853409365662401e-07
2007-11-13,0.0004435365447428514,1.7241539425248722e-06,0.0017589684007559695,2.7300989572153448e-05,5.327304950356841,2.4148526220653115,1.965051586796635e-07,2.7739514542626975e-07
2007-11-14,0.00044547638869459316,1.7800152063925983e-06,0.0017634862214755914,2.7897920515819132e-05,5.324743514253273,2.4120174937305583,5.586126386772612e-08,2.7387406810946174e-07
2007-11-15,0.00043925734287806115,1.7850487982597052e-06,0.0017492005313915289,2.7958871236381293e-05,5.336084694859999,2.4681157114898644,5.033591867106929e-09,2.4807606119638426e-07
2007-11-16,0.0005358449016605713,1.3663931237420706e-06,0.002031339417285272,2.4606648421880386e-05,5.296180730613976,2.189106190134841,-4.186556745176346e-07,1.8633202376111862e-07
2007-11-19,0.0004658577377020232,1.7015437485462454e-06,0.0018058198448200659,2.6507356621448784e-05,5.3318217513213675,2.6045085485243353,3.351506248041748e-07,1.95240469013047e-07
2007-11-20,0.0004658577377020232,1.7015437485462454e-06,0.0018058198448200659,2.6507356621448784e-05,5.330540982330235,2.6045085485243353,0.0,2.0161616941839095e-07
2007-11-21,0.00042240555449006757,1.0763053566089283e-06,0.0017146385719413238,2.2502159752281725e-05,5.350151001423693,1.6542063439537273,-6.252383919373171e-07,2.1645225174940835e-07
2007-11-23,0.00042240555449006757,1.0763053566089283e-06,0.0017146385719413238,2.2502159752281725e-05,5.352101218793988,1.555364274499178,0.0,2.2990547455701683e-07
2007-11-26,0.0003796781696376433,1.0763053566089283e-06,0.0016164583067716897,2.2502159752281725e-05,5.382498285982663,1.555364274499178,0.0,2.4234329907490793e-07
2007-11-27,0.0003796781696376433,1.0763053566089283e-06,0.0016164583067716897,2.2502159752281725e-05,5.39621977699335,1.555364274499178,0.0,2.537205421790294e-07
2007-11-28,0.0003713322628407662,1.070970945188835e-06,0.001600566570554322,2.2499206549904793e-05,5.40312072141431,1.3736527489056487,-5.334411420093371e-09,2.6390775159605103e-07
2007-11-29,0.0003713322628407662,3.6705956315960145e-07,0.001600566570554322,9.711085146190267e-06,5.399865841574493,1.4773654638276057,-7.039113820292335e-07,3.458591765643671e-07
2007-11-30,0.0003713322628407662,3.6705956315960145e-07,0.001600566570554322,9.711085146190267e-06,5.413756865984191,1.4773654638276057,0.0,4.036613900925113e-07
2007-12-03,0.0003713322628407662,3.6705956315960145e-07,0.001600566570554322,9.711085146190267e-06,5.411548640959536,1.4773654638276057,0.0,4.506999580872752e-07
2007-12-04,0.0003713322628407662,3.6705956315960145e-07,0.001600566570554322,9.711085146190267e-06,5.407359987525716,1.4773654638276057,0.0,4.885099519116106e-07
2007-12-05,0.0003489306584843178,3.4054565212176566e-07,0.0015052758934196214,9.6178866701498e-06,5.418051707919552,0.9877740772785562,-2.6513911037835787e-08,5.204895231199024e-07
2007-12-06,0.0003415402625406121,3.4054565212176566e-07,0.0014736022523902917,9.6178866701498e-06,5.426727607415902,0.9877740772785562,0.0,5.457855647921529e-07
2007-12-07,0.0003415402625406121,6.07150129482057e-07,0.0014736022523902917,1.2669016424744616e-05,5.4250677754889916,1.9695972871752518,2.666044773602913e-07,5.513448571543154e-07
2007-12-10,0.0003415402625406121,8.285557294732558e-07,0.0014736022523902917,1.76429037301607e-05,5.415350185731205,1.7576560581129763,2.214055999911988e-07,5.532384224711326e-07
2007-12-11,0.0003292937206972521,8.285557294732558e-07,0.0014518407502669129,1.76429037301607e-05,5.422681251794436,1.7576560581129763,0.0,5.419364029207338e-07
2007-12-12,0.0003292937206972521,8.106722858260998e-07,0.0014518407502669129,1.760052284062864e-05,5.420465523391584,1.5312086460580074,-1.7883443647155983e-08,5.148371721039639e-07
2007-12-13,0.0003292937206972521,1.7366127424641854e-06,0.0014518407502669129,3.2285367806417633e-05,5.424992876852333,1.4659434342084994,9.259404566380856e-07,5.112187204552221e-07
2007-12-14,0.0003019321842561331,1.452125554476176e-06,0.0013975010083510013,2.7538492296723145e-05,5.438011243160209,1.4942274033383858,-2.844871879880093e-07,4.872705802771475e-07
2007-12-17,0.00029363521774273567,1.6511417215927977e-06,0.0013792966007690874,2.857036273090359e-05,5.441574770067179,1.9083514539815765,1.9901616711662162e-07,5.046076546335574e-07
2007-12-18,0.00029363521774273567,1.7113071345541767e-06,0.0013792966007690874,2.8719799042908954e-05,5.443500376574336,2.17699446381105,6.016541296137898e-08,5.053850783000125e-07
2007-12-19,0.00029363521774273567,1.6001544873440111e-06,0.0013792966007690874,2.8252623993162767e-05,5.449261563158061,2.019725819729422,-1.1115264721016556e-07,4.978240971922625e-07
2007-12-20,0.00029363521774273567,1.4091529287867788e-06,0.0013792966007690874,2.5184811909427376e-05,5.448286420562555,2.3275223848900204,-1.9100155855723237e-07,5.081617106163848e-07
2007-12-21,0.00025537868374562864,1.4091529287867788e-06,0.0012057519557799284,2.5184811909427376e-05,5.466642901363025,2.3275223848900204,0.0,5.177303587673837e-07
2007-12-24,0.00025537868374562864,1.973581857995923e-06,0.0012057519557799284,3.190931913289334e-05,5.46544723872984,2.078355356223128,5.644289292091441e-07,5.641435360223803e-07
2007-12-26,0.00025537868374562864,2.277158886307132e-06,0.0012057519557799284,3.63946829051497e-05,5.454029890699047,2.050449358764915,3.0357702831120926e-07,6.308853992090762e-07
2007-12-27,0.00025537868374562864,2.277158886307132e-06,0.0012057519557799284,3.63946829051497e-05,5.461624311350155,2.050449358764915,0.0,6.856749366990568e-07
2007-12-28,0.00025537868374562864,2.277158886307132e-06,0.0012057519557799284,3.63946829051497e-05,5.451649438121358,2.050449358764915,0.0,7.05655971785239e-07
2007-12-31,0.00025537868374562864,1.8434395188047734e-06,0.0012057519557799284,3.013346429859619e-05,5.454275373697925,2.1759880765444914,-4.3371936750235875e-07,6.874438735245717e-07
2008-01-02,0.00025433971118565005,1.6977474907336423e-06,0.0012036156121629446,2.930685051153892e-05,5.459101295148048,2.1074870917222097,-1.456920280711311e-07,6.554982515237538e-07
2008-01-03,0.00025433971118565005,1.095254540623084e-06,0.0012036156121629446,2.1571788138555325e-05,5.460223698219678,2.247828886230293,-6.024929501105583e-07,6.157633263403845e-07
2008-01-04,0.0002810371394330341,1.008590713997558e-06,0.0012660118437995168,2.1182710318092117e-05,5.450015795671552,1.9359374231962845,-8.666382662552601e-08,5.713050903235652e-07
2008-01-07,0.0002810371394330341,1.0619997034249298e-06,0.0012660118437995168,2.1387448527358253e-05,5.454168163223078,2.225575778936704,5.3408989427371835e-08,5.184450120187632e-07
2008-01-08,0.00028210163476570917,1.187901574022375e-06,0.0012694657186957197,2.2366861264559443e-05,5.452542729777244,2.385866984323309,1.259018705974453e-07,4.821021211654197e-07
2008-01-09,0.00028210163476570917,1.3246648804673518e-06,0.0012694657186957197,2.3073093280259125e-05,5.451067834930791,2.6361090488870973,1.3676330644497668e-07,4.5749936640229585e-07
2008-01-10,0.00028210163476570917,8.522517101218075e-07,0.0012694657186957197,1.5425564242218428e-05,5.451255364776728,2.799983492063006,-4.724131703455443e-07,4.5560941728637336e-07
2008-01-11,0.00028210163476570917,8.754483569776745e-07,0.0012694657186957197,1.5910972218229156e-05,5.452269430118984,2.675886153682593,2.319664685586703e-08,4.504058914503792e-07
2008-01-14,0.00028210163476570917,9.213094399979354e-07,0.0012694657186957197,1.646549271149136e-05,5.451614074677904,2.672524980188337,4.586108302026084e-08,4.678602096813196e-07
2008-01-15,0.00028070452381015216,9.213094399979354e-07,0.0012668814565318179,1.646549271149136e-05,5.452908899253785,2.672524980188337,0.0,4.851760615881757e-07
2008-01-16,0.000254926284008747,1.0674732169324043e-06,0.0011851466585865314,1.8236509068723478e-05,5.4735735382450965,2.593599855478921,1.4616377693446895e-07,4.911476856963274e-07
2008-01-17,0.000254926284008747,1.0674732169324043e-06,0.0011851466585865314,1.8236509068723478e-05,5.481328772448254,2.593599855478921,0.0,4.934964591395518e-07
2008-01-18,0.000254926284008747,8.848488274671668e-07,0.0011851466585865314,1.6808500796300353e-05,5.477846713091112,2.4720086651237563,-1.8262438946523752e-07,5.045887354484825e-07
2008-01-22,0.000254926284008747,2.15587991201763e-06,0.0011851466585865314,3.514141062015495e-05,5.4774670129444845,2.5441505771276245,1.2710310845504633e-06,5.342634045102749e-07
2008-01-23,0.00027929712290617435,2.283065793924399e-06,0.0012515106058553188,3.5557003209838325e-05,5.4687793727712135,2.759054894536878,1.2718588190676884e-07,5.688923798061915e-07
2008-01-24,0.0002975657416717195,2.697290919340471e-06,0.0012932483699583553,4.199639527054164e-05,5.463376095343589,2.816881930139671,4.142251254160721e-07,6.241058300122466e-07
2008-01-25,0.0002975657416717195,2.6809992529544487e-06,0.0012932483699583553,4.198163442524053e-05,5.463193491318631,2.7093227897058196,-1.6291666386022352e-08,6.566370079065768e-07
2008-01-28,0.00030244339874124895,2.55381337104768e-06,0.0013138128598327637,4.163022810560167e-05,5.454320787135214,2.3915034289180856,-1.2718588190676884e-07,6.762892572968385e-07
2008-01-29,0.00030244339874124895,3.014835544095692e-06,0.0013138128598327637,4.5223190960372905e-05,5.458288625455727,2.3306468764451593,4.6102217304801213e-07,7.36983136765514e-07
2008-01-30,0.0003128681011757982,2.966617280500136e-06,0.001337481296227193,4.51275511260534e-05,5.447523448237787,2.2177058238990797,-4.821826359555616e-08,7.998483744461893e-07
2008-01-31,0.0003005272602863535,1.2976527369196228e-06,0.001304303350474669,2.4206314827527256e-05,5.442967036036888,2.0153302669467976,-1.668964543580513e-06,8.026928544417665e-07
2008-02-01,0.0003005272602863535,7.343511677306068e-06,0.001304303350474669,0.00010514641021324964,5.443202080543396,1.727420733684005,6.045858940386445e-06,1.505672321526494e-06
2008-02-04,0.0002901025578518043,7.338405801856133e-06,0.0012800215791008444,0.00010514583123389684,5.452419898808734,1.639467948519415,-5.105875449934997e-09,1.915952208785186e-06
2008-02-05,0.00029751360546309514,7.338405801856133e-06,0.0012969333953108933,0.00010514583123389684,5.446856171040467,1.639467948519415,0.0,2.207324030709516e-06
2008-02-06,0.00029751360546309514,7.662792279477319e-06,0.0012969333953108933,0.00010568232833176023,5.4544219963188745,2.006612757587576,3.243864776211858e-07,2.45923937395838e-06
2008-02-07,0.00029751360546309514,7.92322975358181e-06,0.0012969333953108933,0.0001063159130406893,5.453136684765763,2.265446844816539,2.604374741044911e-07,2.675223459541565e-06
2008-02-08,0.00029751360546309514,8.611856888451203e-06,0.0012969333953108933,0.0001081052864849214,5.455509143043075,2.5306945634567932,6.88627134869393e-07,2.873328449127826e-06
2008-02-11,0.00020554525748439937,9.373710140126145e-06,0.0009410606940199254,0.00010986152976419722,5.490056112006447,2.884153022872257,7.618532516749423e-07,3.0736612882449417e-06
2008-02-12,0.00020554525748439937,9.373710140126145e-06,0.0009410606940199254,0.00010986152976419722,5.49223570041983,2.884153022872257,0.0,3.2055744212347096e-06
2008-02-13,0.00020554525748439937,8.821898159173622e-06,0.0009410606940199254,0.00010813694006676199,5.491764479322167,2.850371677006939,-5.518119809525226e-07,3.2373592282591375e-06
2008-02-14,0.00020554525748439937,8.752994134905742e-06,0.0009410606940199254,0.00010783523669698437,5.5006673865933555,3.051486323272001,-6.890402426787976e-08,3.22424087731558e-06
2008-02-15,0.00020554525748439937,8.254475346351034e-06,0.0009410606940199254,0.0001067856165388339,5.508414796399334,2.745465736034897,-4.985187885547087e-07,3.1379299193473787e-06
2008-02-19,0.00020436807250427504,4.408702091047774e-06,0.0009372981141174958,5.809800523411785e-05,5.510475582897673,3.0225629668411056,-3.8457732553032596e-06,2.9548109103261857e-06
2008-02-20,0.00020436807250427504,4.398518227955071e-06,0.0009372981141174958,5.8078464872295066e-05,5.4952568204280325,3.005259794261313,-1.0183863092703454e-08,2.8523061036416368e-06
2008-02-21,0.00020189233894769298,4.5670906889188215e-06,0.0009301654289469957,5.842611248145961e-05,5.491387461902628,3.154112018090796,1.685724609637507e-07,2.74549691370788e-06
2008-02-22,0.00020189233894769298,5.020306681196418e-06,0.0009301654289469957,5.99810147411461e-05,5.49956154340668,3.3210378585987694,4.5321599227759615e-07,2.647176378759336e-06
2008-02-25,0.00020872503225679561,4.088437786812397e-06,0.0009554174542789318,4.908988577297209e-05,5.49417138310735,3.4202412321071787,-9.318688943840205e-07,2.569485018917163e-06
2008-02-26,0.00020872503225679561,3.843282464774938e-06,0.0009554174542789318,4.782991113599003e-05,5.484752672916468,3.4145319093652953,-2.451553220374593e-07,2.4892796933505102e-06
2008-02-27,0.00020872503225679561,3.7321522949068686e-06,0.0009554174542789318,4.76526346909678e-05,5.490505280576495,3.2807098398775874,-1.1113016986806916e-07,2.4454501596835906e-06
2008-02-28,0.00020428239378742185,3.648820356025722e-06,0.0009436013715095784,4.748478414287876e-05,5.50412211678215,3.149613844872448,-8.333193888114649e-08,2.401518528646918e-06
2008-02-29,0.0001800286118679067,3.5517916257881473e-06,0.0008696556237332618,4.727592066487713e-05,5.512321135724497,3.000623280132179,-9.702873023757486e-08,2.199267113773356e-06
2008-03-03,0.00019152803314533207,3.6339636087578615e-06,0.0009027306822679418,4.844247268275557e-05,5.498708243682549,2.9178310138038066,8.217198296971428e-08,2.2710015460302944e-06
2008-03-04,0.00019152803314533207,3.765619459978272e-06,0.0009027306822679418,4.935932859277787e-05,5.501639951374984,2.9786405621715666,1.3165585122041067e-07,2.3181958894797844e-06
2008-03-05,0.000191263096877146,3.5619354250847213e-06,0.0009020936415050681,4.875308783913704e-05,5.496427316855242,2.7929875602434286,-2.036840348935509e-07,2.3601717813245096e-06
2008-03-06,0.000191263096877146,3.795954028906346e-06,0.0009020936415050681,4.953535411547013e-05,5.504259701063535,2.9810624485989776,2.3401860382162454e-07,2.3622162963380727e-06
2008-03-07,0.000191263096877146,3.795954028906346e-06,0.0009020936415050681,4.953535411547013e-05,5.523996291177145,2.9810624485989776,0.0,2.333874777421046e-06
2008-03-10,0.000191263096877146,3.6405964784335916e-06,0.0009020936415050681,4.9236622782613505e-05,5.520632792715035,2.6579447418174564,-1.5535755047275428e-07,2.2423433711755302e-06
2008-03-11,0.0005025692497194892,3.6405964784335916e-06,0.002188534236622911,4.9236622782613505e-05,5.408195618537443,2.6579447418174564,0.0,2.0380534449701997e-06
2008-03-12,0.0005025692497194892,4.008507391060604e-06,0.002188534236622911,5.081834351772502e-05,5.407742208144554,2.7641415599112373,3.6791091262701285e-07,1.7534960661542588e-06
2008-03-13,0.0004976574576625984,4.008507391060604e-06,0.0021823664250143807,5.081834351772502e-05,5.409024677766703,2.7641415599112373,0.0,1.4552199590511402e-06
2008-03-14,0.0004976574576625984,3.8048680247582192e-06,0.0021823664250143807,5.0223588878257914e-05,5.403438064301336,2.5565849860848253,-2.0363936630238517e-07,1.0381043908245757e-06
2008-03-17,0.0004976574576625984,3.1455671617711322e-06,0.0021823664250143807,4.649116688594828e-05,5.404288033277061,2.288472568945672,-6.59300862987087e-07,4.242371707074668e-07
2008-03-18,0.0004716017182560015,3.1455671617711322e-06,0.002145509582475313,4.649116688594828e-05,5.40879282696477,2.288472568945672,0.0,4.3877273646782416e-07
2008-03-19,0.0004716017182560015,2.7528487089023122e-06,0.002145509582475313,4.469499180315711e-05,5.400203183102839,1.9618753959320177,-3.9271845286882e-07,4.80795918956091e-07
2008-03-20,0.0003981707423230479,2.6360464909950097e-06,0.001827878878803299,4.412793671952554e-05,5.430612705613141,1.9123142865305396,-1.168022179073025e-07,5.030622556578568e-07
2008-03-24,0.0003998190808584113,2.0387200242152652e-06,0.0018309417817439927,3.4462972082137966e-05,5.435426525725154,1.8399727885265893,-5.973264667797445e-07,5.205432497951877e-07
2008-03-25,0.0003998190808584113,2.176397547943031e-06,0.0018309417817439927,3.8060687947149366e-05,5.444216149082439,1.427928919799701,1.376775237277659e-07,5.811534951839576e-07
2008-03-26,0.00039682749538994514,2.655532512040333e-06,0.0018269227846702985,4.049788458598542e-05,5.443338313780888,2.1025310486254827,4.79134964097302e-07,5.957377303031514e-07
2008-03-27,0.0004002017598498822,6.584394005570503e-07,0.0018332513694622804,1.5094614021104767e-05,5.442621741396137,1.8522874910623752,-1.997093111483283e-06,8.401833572694931e-07
2008-03-28,0.0004002017598498822,8.167449091968116e-07,0.0018332513694622804,1.7708671804448928e-05,5.432293965359282,1.4963586047035737,1.5830550863976134e-07,9.86979542358384e-07
2008-03-31,0.0004002017598498822,3.838499247646416e-07,0.0018332513694622804,1.1315638687715153e-05,5.4263360269600875,0.9114156844575153,-4.3289498443217e-07,1.1456414481125077e-06
2008-04-01,0.00028726406432158643,3.838499247646416e-07,0.0012748751719367448,1.1315638687715153e-05,5.470984089287157,0.9114156844575153,0.0,1.2612245491289804e-06
2008-04-02,0.00028726406432158643,7.912923960246332e-07,0.0012748751719367448,1.7108517647269958e-05,5.478786024159835,1.6750631933276137,4.074424712599916e-07,1.3084962096039283e-06
2008-04-03,0.00028726406432158643,8.534941855836621e-07,0.0012748751719367448,1.8429910639495576e-05,5.475388343441519,1.6616113014539557,6.220178955902887e-08,1.342550796455405e-06
2008-04-04,0.0002662480455667452,8.762124728732129e-07,0.0012261381989444571,1.8495189923285193e-05,5.472444449645005,1.9525304172804216,2.271828728955087e-08,1.3479870120183278e-06
2008-04-07,0.00024079388879422574,6.073345061667614e-07,0.0011627133000845196,1.3847031902689157e-05,5.475350086973563,2.0231798158368184,-2.688779667064515e-07,1.3516323573468651e-06
2008-04-08,0.0002407170953390944,6.115920241011445e-07,0.0011625471375293624,1.385008840161821e-05,5.476295129475862,2.1221585292525815,4.257517934383067e-09,1.3456544633349011e-06
2008-04-09,0.00023819836129883258,6.115920241011445e-07,0.0011573930986049795,1.385008840161821e-05,5.481582191430791,2.1221585292525815,0.0,1.321504090456838e-06
2008-04-10,0.00023819836129883258,7.280307440326645e-07,0.0011573930986049795,1.4522763718067907e-05,5.483664413017264,2.6406864424468086,1.1643871993152005e-07,1.240369964769511e-06
2008-04-11,0.00023819836129883258,7.178012288100685e-07,0.0011573930986049795,1.4505928120572597e-05,5.482904428326663,2.5262957508131954,-1.022951522259607e-08,1.1291062674319782e-06
2008-04-14,0.0002749447757140559,7.135437108756854e-07,0.0012431066819294126,1.4503009840052889e-05,5.4597229484816365,2.44973214198801,-4.257517934383067e-09,1.0045520012383766e-06
2008-04-15,0.0003011059477191171,7.181763175617593e-07,0.0013059577723242362,1.4506464910342464e-05,5.446302459837079,2.5515637490091954,4.6326066860738564e-09,9.213206135544355e-07
2008-04-16,0.00025006298482599447,7.317680724436194e-07,0.0011238214433037335,1.4792249477427635e-05,5.46872773301577,2.547204365913581,1.3591754881860098e-08,8.105292684172062e-07
2008-04-17,0.00025006298482599447,7.317680724436194e-07,0.0011238214433037335,1.4792249477427635e-05,5.46435472105769,2.547204365913581,0.0,7.17278253907138e-07
2008-04-18,0.00025006298482599447,1.8284792083662777e-06,0.0011238214433037335,3.605919617316586e-05,5.464301428054814,1.9715692445434385,1.0967111359226585e-06,6.402345270703351e-07
2008-04-21,0.00025006298482599447,1.5600556849012541e-06,0.0011238214433037335,3.498210063525026e-05,5.456160960122777,1.3987285933161295,-2.6842352346502356e-07,6.067116878720331e-07
2008-04-22,0.00025006298482599447,1.5600556849012541e-06,0.0011238214433037335,3.498210063525026e-05,5.455184190478486,1.3987285933161295,0.0,5.550067639058963e-07
2008-04-23,0.00025006298482599447,1.6977082200815782e-06,0.0011238214433037335,3.5470592777780635e-05,5.458441850797489,1.8257144321906325,1.3765253518032405e-07,4.2382194193739166e-07
2008-04-24,0.0002498165124284485,1.662065863670767e-06,0.0011230957208807888,3.542368674669752e-05,5.447734589116299,1.5249521036796887,-3.5642356410811234e-08,4.546182942521292e-07
2008-04-25,0.00028384174151212504,6.478428232207579e-07,0.0012227822171560364,1.546420817098416e-05,5.432299203523519,2.1639720108907485,-1.014223040450009e-06,4.5837190693418043e-07
2008-04-28,0.00028384174151212504,6.478428232207579e-07,0.0012227822171560364,1.546420817098416e-05,5.429270980011599,2.193046389502632,0.0,4.457213771899445e-07
2008-04-29,0.00028384174151212504,1.0561395935622595e-06,0.0012227822171560364,2.0310762187938415e-05,5.436516863930965,2.4445916135398176,4.0829677034150156e-07,4.270032456201768e-07
2008-04-30,0.00028384174151212504,1.055664125489568e-06,0.0012227822171560364,1.894553923174819e-05,5.424377249791848,2.812374538078944,-4.754680726915068e-10,4.2534561347367385e-07
2008-05-01,0.00028148559653925543,2.1158463365303892e-06,0.0012176813396921453,3.718272061605599e-05,5.4341134557686965,2.517658832299102,1.0601822110408213e-06,4.93630925942342e-07
2008-05-02,0.0002883928223067373,2.6567954281224742e-06,0.001233214309984602,3.997891807432815e-05,5.430980829311998,2.919947822261285,5.40949091592085e-07,6.088935839932224e-07
2008-05-05,0.0002883928223067373,2.1806511657931353e-06,0.001233214309984602,3.7413965031373527e-05,5.427567244678273,2.564128640471782,-4.7614426232933893e-07,6.383260550603752e-07
2008-05-06,0.0003283754096234725,2.1806511657931353e-06,0.0014168784910865212,3.7413965031373527e-05,5.39715324598613,2.564128640471782,0.0,6.56845471160947e-07
2008-05-07,0.00032177292922461957,2.2239924729529083e-06,0.0014039470157442117,3.748289973470806e-05,5.402941428113532,2.7400787075751,4.334130715977296e-08,6.680366631871285e-07
2008-05-08,0.00032177292922461957,2.3439315525954623e-06,0.0014039470157442117,3.791248674127422e-05,5.398154601299563,2.7944645107301573,1.19939079642554e-07,6.837452510760452e-07
2008-05-09,0.00032177292922461957,2.7683599445746682e-06,0.0014039470157442117,4.0245575901848994e-05,5.405300286149795,2.9839585232752377,4.2442839197920596e-07,7.206740493189148e-07
2008-05-12,0.00023472713671452103,2.7683599445746682e-06,0.0010764461124304948,4.0245575901848994e-05,5.449319492068228,2.9839585232752377,0.0,7.407309848322787e-07
2008-05-13,0.00023472713671452103,2.694460570209029e-06,0.0010764461124304948,4.001843189811698e-05,5.448490398313934,2.9283015365298692,-7.389937436563903e-08,7.407455341727649e-07
2008-05-14,0.00023472713671452103,2.7944113205980674e-06,0.0010764461124304948,4.0273061264272076e-05,5.456213998840622,3.0932228770425017,9.995075038903817e-08,7.342542499498313e-07
2008-05-15,0.00023110551091008605,2.7944113205980674e-06,0.001067348432609334,4.0273061264272076e-05,5.472643713059588,3.0932228770425017,0.0,7.121534738930218e-07
2008-05-16,0.00023110551091008605,3.0697221268483382e-06,0.001067348432609334,4.138572618178295e-05,5.459570457367028,3.2592160084414483,2.7531080625027087e-07,7.528387504121352e-07
2008-05-19,0.00023110551091008605,2.6452937348691327e-06,0.001067348432609334,3.9120692770314284e-05,5.45766208725072,3.105959263990499,-4.2442839197920554e-07,7.567431592669496e-07
2008-05-20,0.00023110551091008605,2.6019524277093598e-06,0.001067348432609334,3.9054649014886615e-05,5.45718891565203,2.97039357103631,-4.334130715977296e-08,7.550562237751425e-07
2008-05-21,0.00025386631824162787,3.2125243392730263e-06,0.001151302516618179,4.297098283495968e-05,5.446470644694492,3.1302319051757443,6.105719115636665e-07,7.847699294826334e-07
2008-05-22,0.00025386631824162787,2.9463250923936277e-06,0.001151302516618179,4.190129401449907e-05,5.438728887134332,2.955817813460121,-2.661992468793986e-07,7.904377793647722e-07
2008-05-23,0.00025386631824162787,2.3357531808299607e-06,0.001151302516618179,3.7874512326406e-05,5.438739321366372,2.7734884289702286,-6.10571911563667e-07,6.920849214554592e-07
2008-05-27,0.00027338875152686294,2.3357531808299607e-06,0.0011989922404611216,3.7874512326406e-05,5.42559849901173,2.7734884289702286,0.0,5.640711296972532e-07
2008-05-28,0.00027338875152686294,3.024881926962887e-06,0.0011989922404611216,4.402880107680278e-05,5.418125585682894,2.674723812853196,6.891287461329263e-07,4.7474698389164665e-07
2008-05-29,0.00022390525539184886,2.8872293917825632e-06,0.0010473809605556694,4.363622047231293e-05,5.433851213087124,2.4564674580533996,-1.3765253518032384e-07,3.2775939264546963e-07
2008-05-30,0.00022390525539184886,2.42782579203979e-06,0.0010473809605556694,3.860720556963583e-05,5.423756726766833,2.5913748637234066,-4.594035997427732e-07,3.0893153955314997e-07
2008-06-02,0.00022390525539184886,1.678093574667585e-06,0.0010473809605556694,2.63513968853273e-05,5.427720360218591,2.6983853829895326,-7.49732217372205e-07,3.769373933183658e-07
2008-06-03,0.00024097611481143304,1.678093574667585e-06,0.0010946217548846813,2.63513968853273e-05,5.408808418190656,2.6983853829895326,0.0,4.203188853516659e-07
2008-06-04,0.00024097611481143304,1.678093574667585e-06,0.0010946217548846813,2.63513968853273e-05,5.418646725628636,2.6983853829895326,0.0,4.581755639244981e-07
2008-06-05,0.00023287848109824507,1.6857234585013808e-06,0.0010696107799975502,2.6356555173521826e-05,5.41802321209764,2.8162305506121625,7.62988383379575e-09,4.925714190912151e-07
2008-06-06,0.0002700823354712304,9.774208175631515e-07,0.0011821199314302297,1.6620021642944595e-05,5.392521881574771,2.8832580662566665,-7.083026409382293e-07,6.009270366755559e-07
2008-06-09,0.0002700823354712304,9.697909337293558e-07,0.0011821199314302297,1.6611840253418158e-05,5.385139631254435,2.7503349150408627,-7.62988383379575e-09,6.801671415283925e-07
2008-06-10,0.0002700823354712304,9.84945080961918e-07,0.0011821199314302297,1.6670790581917905e-05,5.3888921331249895,2.8007515820007804,1.51541472325623e-08,7.382768246167136e-07
2008-06-11,0.00019566237834789033,9.84945080961918e-07,0.0009241766454903827,1.6670790581917905e-05,5.435176674280608,2.8007515820007804,0.0,7.84217996716499e-07
2008-06-12,0.00019566237834789033,7.765676754278962e-07,0.0009241766454903827,1.4636550983604211e-05,5.429786343643334,2.634472302565419,-2.0837740553402185e-07,8.302293845758438e-07
2008-06-13,0.00017802752496413565,1.5400992925981576e-06,0.000868252859284226,3.476506847849652e-05,5.449648048382584,1.229601960720053,7.635316171702613e-07,8.211269372403105e-07
2008-06-16,0.00017802752496413565,7.64507320153516e-07,0.000868252859284226,2.006003023309356e-05,5.449152758408166,1.4595249739499847,-7.755919724446416e-07,8.280873120829273e-07
2008-06-17,0.00017802752496413565,3.064893641385479e-07,0.000868252859284226,9.817999587949598e-06,5.462299142447986,1.3236804541840137,-4.5801795601496804e-07,8.817125067261792e-07
2008-06-18,0.00017802752496413565,3.064893641385479e-07,0.000868252859284226,9.817999587949598e-06,5.462660632613984,1.3236804541840137,0.0,9.190474558641501e-07
2008-06-19,0.00017802752496413565,3.2896592160910567e-07,0.000868252859284226,9.937431113807835e-06,5.458365166531189,1.7220554094630531,2.247655747055775e-08,8.909145218130186e-07
2008-06-20,0.00017802752496413565,3.252950279071555e-07,0.000868252859284226,9.90175669797753e-06,5.464324688807799,1.7293352080668856,-3.6708937019501687e-09,8.64121353781426e-07
2008-06-23,0.0002558621297840322,3.252950279071555e-07,0.001249496508506135,9.90175669797753e-06,5.418357831438448,1.7293352080668856,0.0,8.664524696406164e-07
2008-06-24,0.0002547814388187191,2.730825426501741e-06,0.001246885513351269,5.086563953401678e-05,5.430421864761142,1.5958312363870222,2.4055303985945854e-06,8.953465527608611e-07
2008-06-25,0.0002547814388187191,2.8308815287691315e-06,0.001246885513351269,5.111397044751809e-05,5.430166931537986,1.8029525369887955,1.0005610226739041e-07,8.767513284809331e-07
2008-06-26,0.00021695202040301006,2.8308815287691315e-06,0.001086981114842607,5.111397044751809e-05,5.45426617634696,1.8029525369887955,0.0,8.714888731473158e-07
2008-06-27,0.00021695202040301006,2.8308815287691315e-06,0.001086981114842607,5.111397044751809e-05,5.450015653407131,1.6671018690212445,0.0,9.028772584033288e-07
2008-06-30,0.00020993978996218347,2.8308815287691315e-06,0.001072909383610086,5.111397044751809e-05,5.454403679520194,1.6671018690212445,0.0,9.613905851928195e-07
2008-07-01,0.00021179501003447615,3.1810494734336253e-06,0.0010765015799608852,5.2989425805063135e-05,5.442714489229204,2.07446101261782,3.5016794466449377e-07,1.041002912101579e-06
2008-07-02,0.000202279280041596,7.394011175803141e-07,0.0010557048003620698,1.7756746593111025e-05,5.447328347628191,1.7754307165870462,-2.441648355853311e-06,1.0517343818217085e-06
2008-07-03,0.000202279280041596,7.472403092773406e-07,0.0010557048003620698,1.776482631243491e-05,5.448666721965503,1.9406471638501999,7.839191697026509e-09,1.059810466746197e-06
2008-07-07,0.000202279280041596,1.0504763314849828e-06,0.0010557048003620698,2.0381945149541524e-05,5.450498026525405,2.2753013550555248,3.032360222076422e-07,1.0585271058424737e-06
2008-07-08,0.0002213838117943035,1.0504763314849828e-06,0.0011012413709297697,2.0381945149541524e-05,5.439557437357346,2.2753013550555248,0.0,1.0570771347772176e-06
2008-07-09,0.0001551698963953262,5.161671253612961e-07,0.0007804580529344056,1.175997709607212e-05,5.484647626493454,2.352250547387986,-5.343092061236868e-07,1.07124440056754e-06
2008-07-10,0.0001592839383505306,1.8128513654849887e-06,0.0007918075356404154,3.805744416667378e-05,5.480396907259872,1.8787373107797314,1.2966842401236927e-06,1.072395311796435e-06
2008-07-11,0.00016199891070620812,1.8128513654849887e-06,0.0008001685180248016,3.805744416667378e-05,5.481834419368229,1.8787373107797314,0.0,1.0661476807608198e-06
2008-07-14,0.00016199891070620812,4.383394524828491e-06,0.0008001685180248016,7.091161434627922e-05,5.481519340931013,1.9976250268612308,2.570543159343502e-06,1.2529638866188713e-06
2008-07-15,0.00016199891070620812,4.375555333131464e-06,0.0008001685180248016,7.090959064087462e-05,5.483096130103447,1.9878498768558233,-7.839191697026509e-09,1.3819997822158997e-06
2008-07-16,0.000205403616793897,3.4197028907657345e-06,0.0009603948071625318,5.687218151004326e-05,5.468228579547622,2.11546729792719,-9.558524423657299e-07,1.3843037023286243e-06
2008-07-17,0.00020917861070640563,3.4195487021562974e-06,0.0009701503729548367,5.687218053388418e-05,5.46996743337589,2.0658709685855183,-1.5418860943709168e-10,1.368077939607884e-06
2008-07-18,0.00020917861070640563,3.4195487021562974e-06,0.0009701503729548367,5.687218053388418e-05,5.471457943493204,2.0658709685855183,0.0,1.3343542897141457e-06
2008-07-21,0.00020917861070640563,3.4195487021562974e-06,0.0009701503729548367,5.687218053388418e-05,5.482366314434051,2.02927822739284,0.0,1.279960038669253e-06
2008-07-22,0.0002169779999335047,4.000500262506124e-06,0.0009926206530425242,5.941286703809264e-05,5.4809088401370785,2.3451557053162735,5.809515603498264e-07,1.231380578919562e-06
2008-07-23,0.00022262194755906018,3.4195487021562974e-06,0.0010087936502870076,5.687218053388418e-05,5.470683670553651,2.02927822739284,-5.809515603498264e-07,1.2456584009091887e-06
2008-07-24,0.00022262194755906018,3.39043374529776e-06,0.0010087936502870076,5.680219251666019e-05,5.475678813362814,2.116903959729338,-2.9114956858537248e-08,1.2572388893901776e-06
2008-07-25,0.00022262194755906018,3.374674128268789e-06,0.0010087936502870076,5.6791981213840856e-05,5.456511317878758,2.0123881447483227,-1.5759617028970926e-08,1.2675914472955249e-06
2008-07-28,0.00022680255876781917,4.5053144051182385e-06,0.0010219344182712537,6.39487915854354e-05,5.454555550644578,2.109518890744618,1.1306402768494493e-06,1.3330940270575153e-06
2008-07-29,0.0001988308137860741,4.566507912161617e-06,0.0009194469771714723,6.40697749277126e-05,5.466798449553997,2.140052393849675,6.119350704337888e-08,1.3941777674976857e-06
2008-07-30,0.00020400431649655087,4.463211056056517e-06,0.0009357349935255208,6.390148699468534e-05,5.46912066939557,1.8907125656318848,-1.0329685610510065e-07,1.439887288464588e-06
2008-07-31,0.00020400431649655087,4.931985979371675e-06,0.0009357349935255208,6.558186889435223e-05,5.466715593200797,2.2189058364518375,4.6877492331515835e-07,1.414613945352149e-06
2008-08-01,0.00023875053288548688,5.9289879789843765e-06,0.0010629621682118847,7.814278303940332e-05,5.456264536879998,2.168631557523741,9.970019996127014e-07,1.4346368425666102e-06
2008-08-04,0.00023875053288548688,5.8887347982890825e-06,0.0010629621682118847,7.79590669573191e-05,5.44621921138273,2.1134122049055906,-4.025318069529404e-08,1.4320758921302136e-06
2008-08-05,0.00023875053288548688,5.974561884228972e-06,0.0010629621682118847,7.964071426577037e-05,5.44756892808301,1.8091045392304366,8.582708593988976e-08,1.3925197118895155e-06
2008-08-06,0.00023875053288548688,5.934596240804522e-06,0.0010629621682118847,7.959386722949359e-05,5.438287079716306,1.621033915927798,-3.996564342445036e-08,1.226750938722609e-06
2008-08-07,0.0002175409256991892,5.934596240804522e-06,0.0009825410817591927,7.959386722949359e-05,5.449195776673548,1.621033915927798,0.0,1.16294747103583e-06
2008-08-08,0.000216975565113675,5.934596240804522e-06,0.0009808529087715788,7.959386722949359e-05,5.4538941871991735,1.621033915927798,0.0,1.053831646535794e-06
2008-08-11,0.0002106635022500112,1.0244775665413161e-05,0.0009605232058645749,0.00011092948382959979,5.4595394470747,1.9973176859885577,4.3101794246086395e-06,1.6538614583835678e-06
2008-08-12,0.00021304333244488903,8.598572836891331e-06,0.0009688138083844197,9.576852164245125e-05,5.47213740858979,2.2251384194639607,-1.64620282852183e-06,1.8509774929974273e-06
2008-08-13,0.00021304333244488903,8.423976418934837e-06,0.0009688138083844197,9.530204121536129e-05,5.479117902081651,2.184524709537601,-1.7459641795649418e-07,1.9558962304645263e-06
2008-08-14,0.00021304333244488903,8.423976418934837e-06,0.0009688138083844197,9.530204121536129e-05,5.469123579721733,2.1684928534691346,0.0,2.0231421319308356e-06
2008-08-15,0.0002642718934752897,9.12476874438619e-06,0.0011360823007293738,9.380880851918725e-05,5.450752947524288,2.653355970475585,7.007923254513527e-07,2.108977498510033e-06
2008-08-18,0.0002503510266887035,9.12476874438619e-06,0.0010942036438175732,9.380880851918725e-05,5.45841119133235,2.653355970475585,0.0,2.152011790511585e-06
2008-08-19,0.0002503510266887035,1.1519019298335717e-05,0.0010942036438175732,0.00011330918032409693,5.464230000450195,2.6128191712648885,2.394250553949527e-06,2.4059273110007418e-06
2008-08-20,0.0002503510266887035,1.2163505444678001e-05,0.0010942036438175732,0.00011841665191037118,5.45735282925178,2.617498256071859,6.444861463422842e-07,2.6056636676396966e-06
2008-08-21,0.0002503510266887035,1.0959219006585041e-05,0.0010942036438175732,0.00011464868877923374,5.45860782027892,2.383448892498308,-1.20428643809296e-06,2.6152817974999537e-06
2008-08-22,0.00024682671958117943,8.602105737554791e-06,0.0010838286236113548,9.66148169350811e-05,5.470877505840608,2.4168590421201976,-2.3571132690302497e-06,2.4587612979428842e-06
2008-08-25,0.00025149351686569693,8.193858080016629e-06,0.0011004380488063208,9.483445236928973e-05,5.460322602651932,2.3764860309988323,-4.0824765753816253e-07,2.3534679371753524e-06
2008-08-26,0.00025149351686569693,1.2210213584517672e-05,0.0011004380488063208,0.00013901368448689406,5.458720641698774,2.2603035197529127,4.016355504501043e-06,2.4292478619925026e-06
2008-08-27,0.00024781522429798445,1.2832531316873778e-05,0.0010903062464139271,0.00014108150127476447,5.45614765154454,2.0780978013228837,6.223177323561065e-07,2.484759387568223e-06
2008-08-28,0.0002436323729098263,1.1174648984524446e-05,0.0010793932254300415,0.00011741715654477465,5.456635858522649,2.095412952411883,-1.6578823323493322e-06,2.3972395145510615e-06
2008-08-29,0.0002436323729098263,1.1174648984524446e-05,0.0010793932254300415,0.00011741715654477465,5.474057976067445,2.095412952411883,0.0,2.3461446354375553e-06
2008-09-02,0.0002436323729098263,1.2310100075957721e-05,0.0010793932254300415,0.00011992012027366579,5.4722260110199885,2.188519484191111,1.1354510914332753e-06,2.319633287307291e-06
2008-09-03,0.0002436323729098263,9.887750215688094e-06,0.0010793932254300415,0.00010196163496461352,5.4770173581744155,2.3523147504969084,-2.4223498602696272e-06,2.172019876031234e-06
2008-09-04,0.00024387245325860172,9.15652602362543e-06,0.0010778083911006505,9.712741698168318e-05,5.47497927590132,2.3850020059285564,-7.312241920626639e-07,1.9951173668088096e-06
2008-09-05,0.00024387245325860172,8.581203513687325e-06,0.0010778083911006505,9.406993277418619e-05,5.469786739896669,2.3728687695997777,-5.753225099381047e-07,1.8038673530600483e-06
2008-09-08,0.00024387245325860172,8.581203513687325e-06,0.0010778083911006505,9.406993277418619e-05,5.468305945517075,2.3728687695997777,0.0,1.5781367494174398e-06
2008-09-09,0.00024387245325860172,8.558660299297154e-06,0.0010778083911006505,9.403386397035552e-05,5.4704390112577395,2.3602964929864108,-2.2543214390170958e-08,1.6126515926500078e-06
2008-09-10,0.00024387245325860172,6.976682025968554e-06,0.0010778083911006505,8.683087935697079e-05,5.46771663579518,2.2394509659675372,-1.5819782733286002e-06,1.7227962779858278e-06
2008-09-11,0.00024387245325860172,6.99500843882322e-06,0.0010778083911006505,8.683991115140244e-05,5.474355463084247,2.3244054329781783,1.8326412854665548e-08,1.8143840147533612e-06
2008-09-12,0.00024387245325860172,6.880923379921516e-06,0.0010778083911006505,8.638601005117571e-05,5.471246675489432,2.312057543103088,-1.1408505890170395e-07,1.9076196781308625e-06
2008-09-15,0.0003815820334164315,6.880923379921516e-06,0.00159029626447064,8.638601005117571e-05,5.430048741712957,2.312057543103088,0.0,2.0096063573228088e-06
2008-09-16,0.00036251407729964166,3.816594654771107e-06,0.0015465510021085915,6.374750408605447e-05,5.4312964375994826,1.9322192952253638,-3.064328725150409e-06,2.3946235026189497e-06
2008-09-17,0.00039365236726045347,3.778495525846121e-06,0.0016185099230706598,6.369745156379903e-05,5.423183246801301,1.7075742229279998,-3.8099128924985724e-08,2.6422069202896298e-06
2008-09-18,0.0008111328117813357,3.778495525846121e-06,0.002936087402144161,6.369745156379903e-05,5.3182789800326615,1.7075742229279998,0.0,2.7734234482383724e-06
2008-09-19,0.0006285472430364935,3.998933945019212e-06,0.0022717095614902616,6.429368113034768e-05,5.380009623603922,1.9312085068910976,2.2043841917309093e-07,2.8915558302455274e-06
2008-09-22,0.0005472378713941164,3.998933945019212e-06,0.0020576423213728183,6.429368113034768e-05,5.395223484921024,1.9312085068910976,0.0,3.038859769114255e-06
2008-09-23,0.0005472378713941164,4.000338482911734e-06,0.0020576423213728183,6.429375278003253e-05,5.40166866489673,1.9834914249765787,1.4045378925215212e-09,3.1659466738681336e-06
2008-09-24,0.0005472378713941164,5.137114856452394e-06,0.0020576423213728183,7.029251543826546e-05,5.400418354132724,2.2641264408274946,1.1367763735406607e-06,3.0372991295854233e-06
2008-09-25,0.0005855469015220553,5.137114856452394e-06,0.0021468630071384883,7.029251543826546e-05,5.3921145158591814,2.2641264408274946,0.0,2.793887765696582e-06
2008-09-26,0.0005855469015220553,5.127048812831461e-06,0.0021468630071384883,6.61149905844556e-05,5.400307090840544,2.3349456835373825,-1.0066043620933466e-08,2.6462322328581293e-06
2008-09-29,0.0018438582534072382,4.867510518338963e-06,0.00604066024710986,6.525152369320045e-05,5.186537986452478,2.255784767397135,-2.59538294492498e-07,2.4588417407361443e-06
2008-09-30,0.00196429280366437,5.158046890862558e-06,0.00615557089111392,6.623686932761797e-05,5.180955542405792,2.3435262970096606,2.9053637252359535e-07,2.0423058681094964e-06
2008-10-01,0.00196429280366437,1.4701930962305891e-06,0.00615557089111392,2.6278668217678843e-05,5.185571477280987,2.1253297404870755,-3.6878537946319694e-06,2.080020531530088e-06
2008-10-02,0.00196429280366437,1.4701930962305891e-06,0.00615557089111392,2.6278668217678843e-05,5.195478038652232,2.1253297404870755,0.0,2.1067813439586804e-06
2008-10-03,0.0019774212908889107,1.4701930962305891e-06,0.00616604376726235,2.6278668217678843e-05,5.2036968655402935,2.1253297404870755,0.0,2.1167428729898817e-06
2008-10-06,0.0019774212908889107,1.405592907155696e-06,0.00616604376726235,2.591894813780578e-05,5.210328430188575,2.0751579286563406,-6.46001890748931e-08,2.0682542369906836e-06
2008-10-07,0.0013842851784202739,1.405592907155696e-06,0.004308181977547644,2.591894813780578e-05,5.299695081713266,2.0751579286563406,0.0,1.9529859858118528e-06
2008-10-08,0.0013842851784202739,1.976490403215911e-06,0.004308181977547644,3.0955231267253263e-05,5.308261465756884,2.3682424927884336,5.708974960602149e-07,1.8963930784373168e-06
2008-10-09,0.0015400775348067438,1.976490403215911e-06,0.004441716840691013,3.0955231267253263e-05,5.28675099252921,2.3682424927884336,0.0,1.8001407599270567e-06
2008-10-10,0.0017343708117837113,1.976490403215911e-06,0.00475973607219194,3.0955231267253263e-05,5.26834204180186,2.3682424927884336,0.0,1.6715783237236768e-06
2008-10-13,0.0048611449775323706,1.621067829758523e-06,0.012189819686598307,2.8610564923320876e-05,5.038408085780371,2.1768382044020167,-3.554225734573879e-07,1.5077127702975518e-06
2008-10-14,0.0048611449775323706,1.621067829758523e-06,0.012189819686598307,2.8610564923320876e-05,5.057908794234514,2.1768382044020167,0.0,1.5384266756153572e-06
2008-10-15,0.0046916748166475186,1.621067829758523e-06,0.012033525044901528,2.8610564923320876e-05,5.077061302642807,2.1768382044020167,0.0,1.5615070955133395e-06
2008-10-16,0.0043710632058850275,1.621067829758523e-06,0.011259370552358164,2.8610564923320876e-05,5.105640344447981,2.1768382044020167,0.0,1.5765008227721684e-06
2008-10-17,0.0043710632058850275,3.579675702971123e-06,0.011259370552358164,4.8318289529402956e-05,5.115941670584211,2.7438433320122213,1.9586078732125996e-06,1.5631929064672327e-06
2008-10-20,0.004460507017296456,3.579675702971123e-06,0.0113295088033307,4.8318289529402956e-05,5.106397626917169,2.7438433320122213,0.0,1.549472212354944e-06
2008-10-21,0.004558638725052991,3.579675702971123e-06,0.01141320365761901,4.8318289529402956e-05,5.1037638131719785,2.7438433320122213,0.0,1.5352694361667518e-06
2008-10-22,0.004558638725052991,3.551130467808641e-06,0.01141320365761901,4.82836414071881e-05,5.107126544243104,2.5428883399942195,-2.8545235162481778e-08,1.4460256620989226e-06
2008-10-23,0.004558638725052991,3.5219647169118215e-06,0.01141320365761901,4.824248406292455e-05,5.114300340846257,2.3980166981247417,-2.9165750896819563e-08,1.344956737443545e-06
2008-10-24,0.004558638725052991,3.0630268883916514e-06,0.01141320365761901,4.429465485314842e-05,5.124482792652024,2.566213642985786,-4.589378285201701e-07,1.2163050780477643e-06
2008-10-27,0.004558638725052991,3.0630268883916514e-06,0.01141320365761901,4.429465485314842e-05,5.151727254685628,2.566213642985786,0.0,1.0943492889340485e-06
2008-10-28,0.0036735090010490113,2.4921293923314365e-06,0.009247867272319698,4.093387323868433e-05,5.227092907781616,2.3670081974208204,-5.708974960602149e-07,8.883986084998288e-07
2008-10-29,0.0035173637441385684,5.62066754281318e-07,0.009089439488698442,1.2760735716027745e-05,5.249851850492897,2.020972228383243,-1.9300626380501187e-06,9.540044168759615e-07
2008-10-30,0.0033912935445330875,5.62066754281318e-07,0.008969563711173098,1.2760735716027745e-05,5.27660022489844,2.020972228383243,0.0,1.013240482509293e-06
2008-10-31,0.0033912935445330875,3.783092981419304e-07,0.008969563711173098,1.0523637251679667e-05,5.28317379964272,1.627072881249096,-1.8375745613938767e-07,1.082396140986542e-06
2008-11-03,0.0033912935445330875,1.0172085952991965e-06,0.008969563711173098,2.2148644527307548e-05,5.2844513337715995,1.543117048027566,6.388992971572661e-07,1.0999450453902586e-06
2008-11-04,0.0033912935445330875,1.772673164436049e-05,0.008969563711173098,0.00020653152472493603,5.286697131395597,1.6887721786227974,1.6709523049061293e-05,3.6427700023345788e-06
2008-11-05,0.0033912935445330875,1.772673164436049e-05,0.008969563711173098,0.00020653152472493603,5.297294796017444,1.6887721786227974,0.0,4.9042614854670325e-06
2008-11-06,0.0033912935445330875,1.739528325973472e-05,0.008969563711173098,0.00020594166186249966,5.3100770337056105,1.6343079277135646,-3.3144838462576855e-07,5.750931082705351e-06
2008-11-07,0.0033912935445330875,2.4347663049128768e-06,0.008969563711173098,3.6734527040100247e-05,5.322262703716106,2.1810294051863175,-1.4960516954821844e-05,5.741197638081645e-06
2008-11-10,0.0033912935445330875,2.4347663049128768e-06,0.008969563711173098,3.6734527040100247e-05,5.32295413602979,2.1810294051863175,0.0,5.722306712405918e-06
2008-11-11,0.0033912935445330875,1.4875584231509063e-06,0.008969563711173098,2.6172123331119534e-05,5.336433000439872,2.1455056087211686,-9.472078817619704e-07,5.7260126515987965e-06
2008-11-12,0.0033912935445330875,1.4683451665045192e-06,0.008969563711173098,2.613916596950714e-05,5.331757639010681,2.1141279288266097,-1.9213256646387125e-08,5.73025240914629e-06
2008-11-13,0.0022708294151321013,1.3628764767700301e-06,0.005925604567544295,2.5183577564878145e-05,5.405535270509754,2.1046901087745344,-1.0546868973448907e-07,5.737513542595441e-06
2008-11-14,0.0022708294151321013,1.5496344046791026e-06,0.005925604567544295,2.6472864604601876e-05,5.422918600596422,2.198040564246706,1.867579279090724e-07,5.773415237881013e-06
2008-11-17,0.0022708294151321013,1.5496344046791026e-06,0.005925604567544295,2.6472864604601876e-05,5.4228003707266135,2.198040564246706,0.0,5.807227870220917e-06
2008-11-18,0.0022708294151321013,1.7464341805552166e-06,0.005925604567544295,3.0562109365305565e-05,5.423124618924977,1.8388062172977355,1.9679977587611402e-07,5.834370651447098e-06
2008-11-19,0.0021099402495253104,2.333751276437929e-06,0.005669533927094087,3.890948048598415e-05,5.432823363004308,1.7860413133107342,5.873170958827125e-07,5.848430436671606e-06
2008-11-20,0.0020954594862336562,2.715521861799588e-06,0.005649056066736656,4.091742342201436e-05,5.435164540857352,2.146889710467036,3.8177058536165915e-07,5.8560813384367094e-06
2008-11-21,0.0020075094026159707,7.415448456762225e-06,0.00551647339480989,9.202749304240702e-05,5.452105352164926,2.267086328971163,4.699926594962637e-06,5.894172582760329e-06
2008-11-24,0.0019822087361166044,7.365437570583862e-06,0.005481600775906879,9.199261219788192e-05,5.46156023057293,2.1072020359982475,-5.0010886178363374e-08,5.922363851481293e-06
2008-11-25,0.0019822087361166044,5.305053672216426e-06,0.005481600775906879,8.383297357004084e-05,5.461555422188262,1.2479918313189244,-2.0603838983674357e-06,5.903385613905548e-06
2008-11-26,0.0019822087361166044,1.164941639910871e-05,0.005481600775906879,0.0001440358291151183,5.467093148373815,1.329523753165441,6.344362726892284e-06,6.011299088120227e-06
2008-11-28,0.0019822087361166044,1.1652934050663095e-05,0.005481600775906879,0.000144074633389538,5.467187914377905,1.3294564923356174,3.5176515543845695e-09,6.064373723830256e-06
2008-12-01,0.0019822087361166044,1.7942707652386866e-05,0.005481600775906879,0.0001768557927978696,5.463621883528696,1.8056383869839607,6.289773601723771e-06,6.489358995652841e-06
2008-12-02,0.0019822087361166044,2.111971633588014e-05,0.005481600775906879,0.00020043104105117244,5.476012995656616,1.7842651427599114,3.1770086834932727e-06,7.089610735750973e-06
2008-12-03,0.0019822087361166044,2.111971633588014e-05,0.005481600775906879,0.00020043104105117244,5.479173951578597,1.7842651427599114,0.0,7.376481056640248e-06
2008-12-04,0.0019822087361166044,2.1590713229750875e-05,0.005481600775906879,0.00020095922875316028,5.477389959395882,2.0396329907408055,4.7099689387073703e-07,7.69158150510561e-06
2008-12-05,0.0020680503282567743,2.1590713229750875e-05,0.005605876932995291,0.00020095922875316028,5.465937167422671,2.0396329907408055,0.0,8.009587086432262e-06
2008-12-08,0.0020680503282567743,1.3558996785830293e-05,0.005605876932995291,0.00014871051366809716,5.46308926896534,2.0681368193634233,-8.031716443920583e-06,7.967593125295196e-06
2008-12-09,0.002013862113185622,1.3558996785830293e-05,0.0055301508244221895,0.00014871051366809716,5.466335872427181,2.0681368193634233,0.0,7.88417955215775e-06
2008-12-10,0.0018980909659093727,5.85691631693721e-06,0.005364798476768484,6.77974407874594e-05,5.4723165167034304,2.4581248543714063,-7.702080468893083e-06,7.711921980733194e-06
2008-12-11,0.0018980909659093727,6.716260426018763e-06,0.005364798476768484,7.159792842416671e-05,5.466148662188438,2.698856411240131,8.593441090815534e-07,7.506412952978824e-06
2008-12-12,0.0018980909659093727,7.465212993545926e-06,0.005364798476768484,8.63881755541838e-05,5.467194932771663,2.354275189752779,7.489525675271632e-07,7.261813570567603e-06
2008-12-15,0.0018980909659093727,7.465212993545926e-06,0.005364798476768484,8.63881755541838e-05,5.4720218226294195,2.354275189752779,0.0,7.00737104686e-06
2008-12-16,0.0018980909659093727,1.6570783910017132e-05,0.005364798476768484,0.0001959249978012395,5.469503096550342,1.7395669095380168,9.105570916471205e-06,6.801113528973364e-06
2008-12-17,0.0018980909659093727,1.6189013324655473e-05,0.005364798476768484,0.00019551551574135612,5.476215116315202,1.4166971991149548,-3.8177058536165915e-07,6.500485939051848e-06
2008-12-18,0.0018980909659093727,1.6189013324655473e-05,0.005364798476768484,0.00019551551574135612,5.472692196110761,1.4166971991149548,0.0,6.149521677261329e-06
2008-12-19,0.0021422402345428657,1.7384904838853443e-05,0.00589892213729559,0.00019740145518851415,5.456157609913731,2.0281198641041014,1.1958915141979696e-06,5.764803457669698e-06
2008-12-22,0.002098127971313163,1.7384904838853443e-05,0.0058467665472732,0.00019740145518851415,5.447890584173679,2.0281198641041014,0.0,5.651330828515036e-06
2008-12-23,0.002065109461091397,1.7384904838853443e-05,0.005810962891862857,0.00019740145518851415,5.443090896763542,2.0281198641041014,0.0,5.484724415741028e-06
2008-12-24,0.002065109461091397,1.7389650728106977e-05,0.005810962891862857,0.0001974017216291454,5.433803354188928,2.1005744066989647,4.745889253534804e-09,5.0827219454295075e-06
2008-12-26,0.002452528714387854,1.722667464533042e-05,0.006779043067283792,0.00019728325517509948,5.392681288017595,1.9171349494095398,-1.6297608277655835e-07,5.042690798874369e-06
2008-12-29,0.002452528714387854,1.948668979328649e-05,0.006779043067283792,0.00020302382550925843,5.393889457501436,2.1757701328782972,2.2600151479560693e-06,5.051355953872138e-06
2008-12-30,0.002452528714387854,1.948668979328649e-05,0.006779043067283792,0.00020302382550925843,5.392592635015202,2.1757701328782972,0.0,5.099652361620356e-06
2008-12-31,0.002452528714387854,1.9814182800519066e-05,0.006779043067283792,0.0002045337681479493,5.384227605250947,1.8860640354598726,3.2749300723257786e-07,5.035069801676893e-06
2009-01-02,0.002452528714387854,1.9814182800519066e-05,0.006779043067283792,0.0002045337681479493,5.382526824793729,1.8860640354598726,0.0,4.968745413690886e-06
2009-01-05,0.0024729776748628487,2.225581169828874e-05,0.0067977101944118965,0.00021317693953741844,5.3770478286683865,1.9509169085277855,2.4416288977696723e-06,5.012935724325493e-06
2009-01-06,0.0024729776748628487,1.9973740283560533e-05,0.0067977101944118965,0.00020771168621518132,5.366276527668333,1.55517412109753,-2.2820714147282057e-06,4.924155770658651e-06
2009-01-07,0.002579135502870031,1.606443647512431e-05,0.006906178442751741,0.00017102243518037755,5.344772982387297,1.6037404542525142,-3.909303808436222e-06,4.902428510761018e-06
2009-01-08,0.002579135502870031,1.8054666075347086e-05,0.006906178442751741,0.0001875555925972395,5.339236654910428,1.744751687992626,1.9902296002227754e-06,4.902936736556503e-06
2009-01-09,0.001812752347745018,2.3810876234801735e-05,0.005538609873450691,0.00021069146818357426,5.398710856235527,2.1202872664319603,5.7562101594546485e-06,4.599920185308666e-06
2009-01-12,0.001812752347745018,1.49615865404094e-05,0.005538609873450691,0.0001761273573238308,5.387797596734159,1.5890701344421239,-8.849289694392335e-06,3.975049505106966e-06
2009-01-13,0.0018276121903826415,1.3193350631701727e-05,0.005554635851375467,0.00017125448572329036,5.376431993524424,1.1068117582355406,-1.7682359087076728e-06,3.4000944006750385e-06
2009-01-14,0.0017778857597117437,7.434529580767831e-06,0.005487108956232913,9.580602467954837e-05,5.379650828510359,1.7979953488491374,-5.758821050933896e-06,3.4048665242372682e-06
2009-01-15,0.0017778857597117437,7.155742876261385e-06,0.005487108956232913,9.500740859597191e-05,5.378060506433676,1.7253305062286401,-2.787867045064459e-07,4.116997703189319e-06
2009-01-16,0.0017778857597117437,8.575089164575524e-06,0.005487108956232913,0.00010165369701875348,5.377904764409939,1.8647306052201154,1.4193462883141386e-06,4.530398467601298e-06
2009-01-20,0.0018035075136649196,9.331673179677879e-06,0.005517686757348958,0.00010375889545042936,5.38525254566379,2.1873267141033543,7.565840151023553e-07,4.817667507157478e-06
2009-01-21,0.0017616281734271723,4.322344802077988e-06,0.005486833410120547,5.732712631995139e-05,5.385218080713686,1.942294282011318,-5.009328377599891e-06,5.501123774404027e-06
2009-01-22,0.0017616281734271723,4.541655664999191e-06,0.005486833410120547,5.797571384465736e-05,5.383009808999656,2.2180786357702336,2.1931086292120294e-07,6.01436524832819e-06
2009-01-23,0.0017616281734271723,4.35071932813657e-06,0.005486833410120547,5.748177009436899e-05,5.388578788613291,1.9463933455994173,-1.9093633686262072e-07,6.435375422697383e-06
2009-01-26,0.0017616281734271723,2.6616273492068514e-06,0.005486833410120547,4.35075464363331e-05,5.380088959903115,1.5453542398945632,-1.6890919789297186e-06,6.896832683717234e-06
2009-01-27,0.001790542206131106,1.9050433341044974e-06,0.005514406011659677,3.821612656192511e-05,5.36588742373991,0.9010723302650836,-7.56584015102354e-07,7.3141260327508045e-06
2009-01-28,0.0017253039393027756,1.9050433341044974e-06,0.005449908826827218,3.821612656192511e-05,5.369433178871049,0.9010723302650836,0.0,7.529119853492508e-06
2009-01-29,0.0019267732764267744,3.112907273811875e-07,0.005785111242759956,1.0712742035414771e-05,5.3361803560002805,0.028586553403965712,-1.59375260672331e-06,7.740915796984288e-06
2009-01-30,0.0019267732764267744,3.112907273811875e-07,0.005785111242759956,1.0712742035414771e-05,5.328457450369613,0.028586553403965712,0.0,7.803196883096289e-06
2009-02-02,0.0019267732764267744,3.112907273811875e-07,0.005785111242759956,1.0712742035414771e-05,5.32220641190728,0.028586553403965712,0.0,7.73667088269664e-06
2009-02-03,0.002411048229743192,3.112907273811875e-07,0.007116537883039279,1.0712742035414771e-05,5.277157613765685,0.028586553403965712,0.0,7.312953580316507e-06
2009-02-04,0.0025598675870771347,3.112907273811875e-07,0.007654258232677991,1.0712742035414771e-05,5.254014197070937,0.028586553403965712,0.0,6.926355429637383e-06
2009-02-05,0.0024708971217748195,6.106377031896581e-07,0.0075891462504641,1.4487152824004689e-05,5.256717911486196,1.4848545508508377,2.993469758084706e-07,6.719812994075394e-06
2009-02-06,0.0024573912245886296,6.106377031896581e-07,0.007581298674194715,1.4487152824004689e-05,5.245693260524113,1.4848545508508377,0.0,6.2158636013936514e-06
2009-02-09,0.0024573912245886296,6.106377031896581e-07,0.007581298674194715,1.4487152824004689e-05,5.247791127313312,1.4848545508508377,0.0,4.522912196843586e-06
2009-02-10,0.002321131547081919,6.106377031896581e-07,0.0073690172704371955,1.4487152824004689e-05,5.271288400501922,1.4848545508508377,0.0,3.804845545870541e-06
2009-02-11,0.002321131547081919,7.254060276464963e-07,0.0073690172704371955,1.5345829708064498e-05,5.256854699847476,1.9127500524395693,1.1476832445683824e-07,3.0800441425533137e-06
2009-02-12,0.0006205743723573167,8.712174614775302e-07,0.002240033593577139,1.6554897325172423e-05,5.46027608155299,2.261892762527338,1.458114338310339e-07,2.910327529160739e-06
2009-02-13,0.0006205743723573167,8.712174614775302e-07,0.002240033593577139,1.6554897325172423e-05,5.455385556785421,2.261892762527338,0.0,2.7159266330445256e-06
2009-02-17,0.0005771563374144121,6.136928613158087e-07,0.002132474243254858,1.3670394365716078e-05,5.463369721011516,1.9378218387305934,-2.575246001617215e-07,2.2815289245282097e-06
2009-02-18,0.0005771563374144121,8.110309460239095e-07,0.002132474243254858,1.5074527751087431e-05,5.471331766606354,2.5303057388496666,1.9733808470810078e-07,1.4438263167873912e-06
2009-02-19,0.0005755613244158289,8.110309460239095e-07,0.0021292594121159283,1.5074527751087431e-05,5.478448807972604,2.5303057388496666,0.0,1.2701056109881162e-06
2009-02-20,0.0006327079959758473,8.110309460239095e-07,0.0022573588805974315,1.5074527751087431e-05,5.46068927104288,2.5303057388496666,0.0,9.990477709584296e-07
2009-02-23,0.0006327079959758473,7.112362511140433e-07,0.0022573588805974315,1.43742294730477e-05,5.460129287643838,2.2586948660384425,-9.979469490986617e-08,6.189938884113227e-07
2009-02-24,0.0005813168541547138,7.112362511140433e-07,0.002140698608887033,1.43742294730477e-05,5.472045306038739,2.2586948660384425,0.0,4.4531462549447767e-07
2009-02-25,0.0005813168541547138,7.125993901931477e-07,0.002140698608887033,1.4374531334113284e-05,5.473188386487123,2.3332630045624985,1.3631390791044185e-09,3.5046656003548364e-07
2009-02-26,0.0005813168541547138,7.125993901931477e-07,0.002140698608887033,1.4374531334113284e-05,5.470456204130797,2.3332630045624985,0.0,1.9966146544305053e-07
2009-02-27,0.0005813168541547138,7.97648775077535e-07,0.002140698608887033,1.4938261535523752e-05,5.470383238368472,2.527189948307715,8.504938488438723e-08,1.8970085445154563e-07
2009-03-02,0.0005083527209276239,7.97648775077535e-07,0.0019018314947006469,1.4938261535523752e-05,5.487182350926487,2.527189948307715,0.0,1.7567913468297278e-07
2009-03-03,0.0005083527209276239,6.320276174898988e-06,0.0019018314947006469,8.989436895325655e-05,5.487336153187915,2.2999352393150017,5.522627399821453e-06,1.2694300713435542e-06
2009-03-04,0.0004937834302960933,6.9676108488038296e-06,0.0018603278425888745,9.208309367730545e-05,5.485863879424745,2.3941296479136,6.473346739048417e-07,1.8350053482852633e-06
2009-03-05,0.0004770324773648304,6.673120800163529e-06,0.0018018156669050395,9.146502913481626e-05,5.493052959092414,2.221247943277888,-2.944900486403008e-07,2.1745818107370552e-06
2009-03-06,0.0004770324773648304,6.673120800163529e-06,0.0018018156669050395,9.146502913481626e-05,5.494142973341616,2.221247943277888,0.0,2.433844670684974e-06
2009-03-09,0.0004770324773648304,6.408541352881287e-06,0.0018018156669050395,9.053809688582307e-05,5.49385588285964,2.1894158943220012,-2.6457944728224203e-07,2.6085535679938366e-06
2009-03-10,0.00082783460107179,6.262729919050253e-06,0.0029319481020567985,9.032484072329493e-05,5.441710838975435,1.9404701521730505,-1.45811433831034e-07,2.7294076882811743e-06
2009-03-11,0.00082783460107179,6.281144161712693e-06,0.0029319481020567985,9.036374269007706e-05,5.44860331047696,1.9522226213155363,1.841424266244022e-08,2.8166324218720437e-06
2009-03-12,0.00082783460107179,6.281144161712693e-06,0.0029319481020567985,9.036374269007706e-05,5.447835157432472,1.9522226213155363,0.0,2.8769439482544742e-06
2009-03-13,0.00082783460107179,6.281144161712693e-06,0.0029319481020567985,9.036374269007706e-05,5.4395221835009995,1.9522226213155363,0.0,2.9148903017660313e-06
2009-03-16,0.0008354140197247671,5.640163511979443e-06,0.0029433604165302308,8.81457681888622e-05,5.440306018990193,1.825362070922252,-6.4098064973325e-07,2.898568061366095e-06
2009-03-17,0.0007860773786219348,5.640163511979443e-06,0.0028649201219917006,8.81457681888622e-05,5.446904536139567,1.825362070922252,0.0,2.846750130198819e-06
2009-03-18,0.0007860773786219348,5.797734037110649e-07,0.0028649201219917006,1.2809707507384732e-05,5.450417681891624,2.285789151332721,-5.060390108268378e-06,2.8600335622139712e-06
2009-03-19,0.0007733893122147644,1.3986405319437904e-06,0.0028484037193064293,2.9406542639765295e-05,5.4481782971920465,1.827595497949269,8.188671282327255e-07,2.8305386174496826e-06
2009-03-20,0.0007763288278301256,1.744167939734142e-06,0.0028529141911347203,3.1588018242012694e-05,5.446953347484405,2.18494232105262,3.4552740779035153e-07,2.78543454815788e-06
2009-03-23,0.0007992597643781663,3.2030671341813687e-06,0.0028839577879753993,4.6812054605165386e-05,5.450476304634342,2.2762772217122236,1.4588991944472268e-06,2.6903560547059373e-06
2009-03-24,0.0008232941977631347,3.2219676613372887e-06,0.0029216418274687806,4.6829871146156956e-05,5.4476027951370085,2.4036537399159155,1.890052715591997e-08,2.5851269836906535e-06
2009-03-25,0.0008232941977631347,4.846066171984386e-06,0.0029216418274687806,5.762003280147984e-05,5.455568342291484,2.7472091477075136,1.6240985106470977e-06,2.4597360021903756e-06
2009-03-26,0.0008232941977631347,4.846066171984386e-06,0.0029216418274687806,5.762003280147984e-05,5.461064520572026,2.7472091477075136,0.0,2.3082021021154595e-06
2009-03-27,0.0008060936463240492,4.846066171984386e-06,0.002894039100919669,5.762003280147984e-05,5.4657705554977785,2.7472091477075136,0.0,2.1333337923657147e-06
2009-03-30,0.0008060936463240492,3.3703662987962723e-06,0.002894039100919669,4.609972195987339e-05,5.4656021727145365,2.553148188475979,-1.4756998731881141e-06,1.9526634042323587e-06
2009-03-31,0.0008060936463240492,3.3703662987962723e-06,0.002894039100919669,4.609972195987339e-05,5.463457555001687,2.498552482314987,0.0,1.949097897522736e-06
2009-04-01,0.0006966499986617746,3.3703662987962723e-06,0.002699656865502206,4.609972195987339e-05,5.475524701200222,2.498552482314987,0.0,1.896702619346498e-06
2009-04-02,0.0007835801739059471,3.3703662987962723e-06,0.0029353232399403815,4.609972195987339e-05,5.462610883057909,2.498552482314987,0.0,1.8449105609097169e-06
2009-04-03,0.0007835801739059471,2.060488964653797e-06,0.0029353232399403815,3.351719415564085e-05,5.449375891933579,2.2782932828106017,-1.3098773341424753e-06,1.8316581193004049e-06
2009-04-06,0.0007835801739059471,1.347330953023735e-06,0.0029353232399403815,2.2865611271051533e-05,5.452352913694,2.317412305874904,-7.131580116300619e-07,1.8528661963075245e-06
2009-04-07,0.0007516443654972852,1.347330953023735e-06,0.0028921080683563223,2.2865611271051533e-05,5.458344911630547,2.317412305874904,0.0,1.8486956817261735e-06
2009-04-08,0.0007292117302282113,2.3834756502198573e-06,0.0028600523560609464,3.827356891888482e-05,5.473861529854679,2.1973643846579667,1.0361446971961222e-06,1.760314202133428e-06
2009-04-09,0.0006883710224101788,2.3834756502198573e-06,0.00280119382743335,3.827356891888482e-05,5.476961902028118,2.1973643846579667,0.0,1.643100578291659e-06
2009-04-13,0.0007036949880407695,3.166379860817315e-06,0.0028213197853748603,4.453834811033632e-05,5.471129445479622,2.4146917093907163,7.829042105974576e-07,1.48160679652025e-06
2009-04-14,0.0007036949880407695,3.0017263920758522e-06,0.0028213197853748603,4.3578548011392716e-05,5.449265527031879,2.392922020801501,-1.6465346874146264e-07,1.356331762425447e-06
2009-04-15,0.0007036949880407695,4.295310129831708e-06,0.0028213197853748603,5.363859751987449e-05,5.449193144063821,2.6168855600765832,1.2935837377558562e-06,1.2460982511548935e-06
2009-04-16,0.0006937180699510368,2.956893570985514e-06,0.002808614146242343,4.257459779500435e-05,5.4521437098839405,2.5540187427868886,-1.3384165588461943e-06,1.1192898228151728e-06
2009-04-17,0.0006937180699510368,2.956893570985514e-06,0.002808614146242343,4.257459779500435e-05,5.455097515702102,2.5540187427868886,0.0,1.0522384167498688e-06
2009-04-20,0.0006937180699510368,3.1159124067434383e-06,0.002808614146242343,4.3187744106790194e-05,5.459049265157923,2.6331598509803795,1.5901883575792414e-07,1.002436546044887e-06
2009-04-21,0.0007226282513619764,3.1159124067434383e-06,0.0028484606197206335,4.3187744106790194e-05,5.4522614952798385,2.6331598509803795,0.0,1.0024883772711715e-06
2009-04-22,0.0007226282513619764,4.93642872325115e-06,0.0028484606197206335,5.969790923224782e-05,5.457392840553371,2.594334678631516,1.820516316507712e-06,1.0777644214293113e-06
2009-04-23,0.0007226282513619764,4.93642872325115e-06,0.0028484606197206335,5.969790923224782e-05,5.4581084189679645,2.594334678631516,0.0,1.0849536732488203e-06
2009-04-24,0.0007226282513619764,4.993329377867139e-06,0.0028484606197206335,6.047408627852627e-05,5.461067670942221,2.5763379513251463,5.690065461598891e-08,1.0967280423746218e-06
2009-04-27,0.0007226282513619764,4.194916274704229e-06,0.0028484606197206335,5.5747928727941875e-05,5.446081108438249,2.373750786187769,-7.984131031629103e-07,1.0562801619715443e-06
2009-04-28,0.0007266552815851317,9.021396116467691e-06,0.0028535250158786595,0.00011390737110624847,5.447409813759288,2.155195662333068,4.8264798417634625e-06,1.6714481555517489e-06
2009-04-29,0.0007526584735800124,9.712874345219222e-06,0.0028920335615772,0.00011592220826401525,5.436440155089581,2.2536380401745517,6.914782287515303e-07,2.1697284904723034e-06
2009-04-30,0.0007526584735800124,4.456143700507935e-06,0.0028920335615772,5.4928826977432503e-05,5.435350085485358,2.4529048299024323,-5.256730644711286e-06,2.1711173388936027e-06
2009-05-01,0.0007526584735800124,4.13163724293664e-06,0.0028920335615772,5.263701133974364e-05,5.435633182267323,2.611343330912474,-3.24506457571295e-07,2.1682424253813434e-06
2009-05-04,0.0007386142250782799,4.843411529566126e-06,0.0028740158648957706,6.059305911095427e-05,5.442171564146041,2.5861741716377766,7.117742866294859e-07,2.131222766360295e-06
2009-05-05,0.0008772591539917178,2.8050840367585127e-06,0.003163182520473427,4.0530678223586254e-05,5.419026318405572,2.6088274925377775,-2.0383274928076135e-06,2.057027968059372e-06
2009-05-06,0.0008850588424951431,2.8050840367585127e-06,0.0031719129510962628,4.0530678223586254e-05,5.418310655277797,2.6088274925377775,0.0,1.977228666725114e-06
2009-05-07,0.0008850588424951431,2.624210097709624e-06,0.0031719129510962628,3.992808956670398e-05,5.407969765727844,2.369938243945508,-1.8087393904888846e-07,1.9662222060319266e-06
2009-05-08,0.0008850588424951431,2.624210097709624e-06,0.0031719129510962628,3.992808956670398e-05,5.4175900881091055,2.369938243945508,0.0,1.9550757812132234e-06
2009-05-11,0.0008850588424951431,4.245694720666787e-06,0.0031719129510962628,5.4468342481994324e-05,5.417195818099345,2.5723825327743564,1.6214846229571629e-06,1.93886364058008e-06
2009-05-12,0.0008850588424951431,4.557664433481069e-06,0.0031719129510962628,5.553172198123438e-05,5.421392088641241,2.78658608156773,3.1196971281428154e-07,1.9155832414536963e-06
2009-05-13,0.0008154149341093611,4.557664433481069e-06,0.003014873602148711,5.553172198123438e-05,5.434615442312981,2.78658608156773,0.0,1.915968534883417e-06
2009-05-14,0.0008154149341093611,3.7389320503042643e-06,0.003014873602148711,5.089770426976746e-05,5.424430726745283,2.565433337425308,-8.187323831768043e-07,1.8932507851078987e-06
2009-05-15,0.0008154149341093611,3.715350851330593e-06,0.003014873602148711,5.0835194392874157e-05,5.418578513551181,2.553632857611195,-2.3581198973671422e-08,1.8698810025246482e-06
2009-05-18,0.0008154149341093611,5.89871369827457e-06,0.003014873602148711,7.280145116493868e-05,5.416769243879624,2.0978398574157118,2.1833628469439774e-06,1.8684022779786024e-06
2009-05-19,0.000835674025869505,7.035389498341781e-06,0.0030416755464122178,8.401011291311814e-05,5.406212378632847,1.9471897825558926,1.1366758000672103e-06,1.9101031504463562e-06
2009-05-20,0.001064149642378359,7.0287984824224955e-06,0.003882849447184389,8.400890539912701e-05,5.3567280764838525,1.893828133217839,-6.591015919285054e-09,1.974655619682883e-06
2009-05-21,0.0010502462539279714,4.34742629693587e-06,0.003868267326563237,6.278907398230449e-05,5.359292214070605,1.9327843075950706,-2.681372185486625e-06,1.9784150001440347e-06
2009-05-22,0.0012085962003458904,4.34742629693587e-06,0.004406720185989809,6.278907398230449e-05,5.322667630541212,1.9327843075950706,0.0,1.9815118750487344e-06
2009-05-26,0.0012085962003458904,2.5418057423173716e-06,0.004406720185989809,4.670873206202461e-05,5.311491194450852,1.555467864718616,-1.8056205546184987e-06,2.043120331550848e-06
2009-05-27,0.001198902728475665,4.0212782548606355e-06,0.00439844657996345,6.0755904549114177e-05,5.309171085596813,1.3655633992178646,1.4794725125432639e-06,1.7824891536401577e-06
2009-05-28,0.001198902728475665,5.615292890730344e-06,0.00439844657996345,7.096106942727678e-05,5.309392934004306,1.8383460462305412,1.5940146358697082e-06,1.3301027509075507e-06
2009-05-29,0.001198902728475665,5.615292890730344e-06,0.00439844657996345,7.096106942727678e-05,5.305555489725112,1.8383460462305412,0.0,1.3622647568572311e-06
2009-06-01,0.0012085962003458904,5.737977456847012e-06,0.004406720185989809,7.131986820693197e-05,5.306350597423185,1.8983347385044087,1.2268456611666844e-07,1.3953531966057152e-06
2009-06-02,0.0012085962003458904,4.89435973942331e-06,0.004406720185989809,6.399646797112148e-05,5.3217638808042205,1.898170389539698,-8.436177174237025e-07,1.3961836659825586e-06
2009-06-03,0.0003833405100924119,4.89435973942331e-06,0.0015727646831657164,6.399646797112148e-05,5.473054638424376,1.898170389539698,0.0,1.3448015603878595e-06
2009-06-04,0.0003833405100924119,4.89435973942331e-06,0.0015727646831657164,6.399646797112148e-05,5.462937973315107,1.898170389539698,0.0,1.2824506135781738e-06
2009-06-05,0.0003833405100924119,4.89435973942331e-06,0.0015727646831657164,6.399646797112148e-05,5.458285620594326,1.898170389539698,0.0,1.1912311589174704e-06
2009-06-08,0.0003833405100924119,4.89435973942331e-06,0.0015727646831657164,6.399646797112148e-05,5.454432051626024,1.898170389539698,0.0,1.0799350302687981e-06
2009-06-09,0.0003886199539825503,4.451561430912963e-06,0.0015845598883877554,5.744651627333361e-05,5.45278226915368,2.197166713308817,-4.4279830851034627e-07,1.07460086601227e-06
2009-06-10,0.0003732268541643303,4.451561430912963e-06,0.0015482905152350644,5.744651627333361e-05,5.435150411181499,2.197166713308817,0.0,1.0765574741469883e-06
2009-06-11,0.0003732268541643303,4.1507879123492515e-06,0.0015482905152350644,5.519800334196084e-05,5.43564688688676,2.2571146215380877,-3.007735185637119e-07,1.086741896250194e-06
2009-06-12,0.0003732268541643303,2.9491046815574093e-06,0.0015482905152350644,4.5730375683591696e-05,5.430755368189097,2.1084868775666576,-1.2016832307918422e-06,1.1424873576132356e-06
2009-06-15,0.0003903192085445047,2.516957472399166e-06,0.0015968377955132573,4.278597406803891e-05,5.432363022105055,1.778996554965072,-4.3214720915824323e-07,1.2313828118262287e-06
2009-06-16,0.0003826394390560251,4.364451587512788e-06,0.0015781035867357763,6.754098460995934e-05,5.436683489554219,1.8912446526389524,1.8474941151136219e-06,1.2041369932105782e-06
2009-06-17,0.0003826394390560251,4.236609082526667e-06,0.0015781035867357763,6.730780950535554e-05,5.446805231430382,1.8009834918384504,-1.2784250498612072e-07,1.0716239192326822e-06
2009-06-18,0.00044400082174387244,3.2707028494383903e-06,0.00174289494965731,5.49927472301803e-05,5.431224036582345,1.6377525650031795,-9.65906233088277e-07,9.332484250573e-07
2009-06-19,0.00045406188381567474,3.2707028494383903e-06,0.0017631964596131284,5.49927472301803e-05,5.41456717280805,1.6377525650031795,0.0,9.642205239542938e-07
2009-06-22,0.0003799560595491816,3.2707028494383903e-06,0.0015681293829530145,5.49927472301803e-05,5.436170071003535,1.6377525650031795,0.0,9.911549122681542e-07
2009-06-23,0.0003799560595491816,3.4236273914061316e-06,0.0015681293829530145,5.5368676819683614e-05,5.43382624453309,1.743217860016838,1.5292454196774131e-07,9.289793079626861e-07
2009-06-24,0.00039162915419000094,4.838527871488864e-06,0.0015943656627693476,6.838664953775077e-05,5.431133832500227,1.7801814082233582,1.414900480082732e-06,9.344522912042247e-07
2009-06-25,0.0003829360419352152,2.739529281764271e-06,0.0015766008235733636,5.1501326966461434e-05,5.4367314162076426,1.3271925806374238,-2.0989985897245926e-06,9.477173091914757e-07
2009-06-26,0.0003829360419352152,3.655708358552886e-06,0.0015766008235733636,5.789694451681301e-05,5.436834882915545,1.4722949107622763,9.161790767886149e-07,8.920509854417848e-07
2009-06-29,0.0003829360419352152,3.655708358552886e-06,0.0015766008235733636,5.789694451681301e-05,5.435746447451964,1.4722949107622763,0.0,8.070543043938371e-07
2009-06-30,0.00025083443454597116,3.876830692376586e-06,0.0011083547038043245,5.848200734902596e-05,5.47649484113754,1.8458116892483807,2.2112233382369963e-07,7.783325424652669e-07
2009-07-01,0.00024160091442759237,6.5498847859792446e-06,0.001084197725740265,7.95911704650662e-05,5.481870522133573,2.1595495331127585,2.673054093602659e-06,9.539490669342282e-07
2009-07-02,0.0002173167712804005,6.328762452155545e-06,0.000993080182631729,7.91622726859874e-05,5.490029196555023,1.8824156893724295,-2.2112233382369963e-07,1.0701614998483396e-06
2009-07-06,0.0002173167712804005,6.354014874820664e-06,0.000993080182631729,7.918108109902809e-05,5.4943840539981235,2.0219258090859915,2.5252422665119058e-08,1.1727902288683273e-06
2009-07-07,0.00020712876395826725,6.2357683793966675e-06,0.0009739300629066102,7.901115730241719e-05,5.497135651172514,1.7733885086696093,-1.1824649542399651e-07,1.252495253994155e-06
2009-07-08,0.00020712876395826725,6.2357683793966675e-06,0.0009739300629066102,7.901115730241719e-05,5.494040947599501,1.7733885086696093,0.0,1.3302652332102744e-06
2009-07-09,0.00020712876395826725,5.1778306703656864e-06,0.0009739300629066102,7.41768409358826e-05,5.492484210250009,1.495879267020177,-1.057937709030981e-06,1.3439232026462868e-06
2009-07-10,0.00024794978619201445,7.857082337341326e-06,0.0011010686932553682,8.925186269527352e-05,5.478901108359766,2.2160089338429287,2.6792516669756394e-06,1.5534642947198976e-06
2009-07-13,0.00024794978619201445,7.685793788091415e-06,0.0011010686932553682,8.871866408959035e-05,5.479141433650966,2.18332258096982,-1.7128854924991053e-07,1.6557891223317068e-06
2009-07-14,0.00025065155709083886,7.344926963979169e-06,0.001107960046217935,8.517581587020155e-05,5.466525109937016,2.3151810508536816,-3.408668241122466e-07,1.660844905070777e-06
2009-07-15,0.00025065155709083886,7.129765494115993e-06,0.001107960046217935,8.479982428116685e-05,5.463731066791574,2.074554680449439,-2.1516146986317566e-07,1.7176516020894777e-06
2009-07-16,0.00025065155709083886,7.189491933151474e-06,0.001107960046217935,8.754852089070707e-05,5.477501917212899,2.120786246517716,5.972643903548085e-08,1.7607513212211333e-06
2009-07-17,0.00025065155709083886,3.89368689746511e-06,0.001107960046217935,5.769858996220046e-05,5.4719945745922125,2.259325212093731,-3.295805035686364e-06,1.7280845185340134e-06
2009-07-20,0.00025065155709083886,3.89368689746511e-06,0.001107960046217935,5.769858996220046e-05,5.464978362830371,2.259325212093731,0.0,1.69418544191933e-06
2009-07-21,0.00023722103988367936,3.851281636586307e-06,0.0010734242840461572,5.766201525400794e-05,5.472355828031561,2.0670108878208815,-4.240526087880328e-08,1.661028172291128e-06
2009-07-22,0.00023722103988367936,3.851281636586307e-06,0.0010734242840461572,5.766201525400794e-05,5.456579026120169,2.0670108878208815,0.0,1.6368797857395178e-06
2009-07-23,0.0002036890914250122,3.851281636586307e-06,0.0009645488135631927,5.766201525400794e-05,5.468964261052633,2.0670108878208815,0.0,1.6698057061415077e-06
2009-07-24,0.00020322279179635038,3.990853735228493e-06,0.0009633525154784522,5.7975669720929714e-05,5.468802842364855,2.3201205654467145,1.395720986421862e-07,1.5875567668969068e-06
2009-07-27,0.00020322279179635038,1.6151145177019422e-06,0.0009633525154784522,3.247096054767509e-05,5.4672707306632295,2.1220146143389376,-2.3757392175265507e-06,1.7634498591252262e-06
2009-07-28,0.00020855972092602535,9.967251091610888e-07,0.000978287522014347,2.1066867542081997e-05,5.465861181309758,2.576735713521189,-6.183894085408534e-07,1.9827887077866167e-06
2009-07-29,0.00020855972092602535,9.967251091610888e-07,0.000978287522014347,2.1066867542081997e-05,5.4565031468165035,2.576735713521189,0.0,2.178526704197719e-06
2009-07-30,0.00020855972092602535,4.87318558438406e-07,0.000978287522014347,1.2323886709014664e-05,5.458240911826385,2.7462305229023967,-5.094065507226828e-07,2.3722328794538507e-06
2009-07-31,0.00020855972092602535,5.084785213094562e-07,0.000978287522014347,1.2408436159341114e-05,5.455557181935901,2.7451631815568187,2.1159962871050176e-08,2.5205200272618875e-06
2009-08-03,0.0002210893088114225,5.084785213094562e-07,0.0010089327025720166,1.2408436159341114e-05,5.445985077529088,2.7451631815568187,0.0,2.625733628191477e-06
2009-08-04,0.0002210893088114225,5.095004012605125e-07,0.0010089327025720166,1.2499853584313278e-05,5.450657364167654,2.5868281545531526,1.021879951056354e-09,2.6992291371243996e-06
2009-08-05,0.0002210893088114225,5.095004012605125e-07,0.0010089327025720166,1.2499853584313278e-05,5.450976772940144,2.5868281545531526,0.0,2.7394559811913076e-06
2009-08-06,0.0002425954823894793,5.59728448580755e-07,0.0010875814903426762,1.274911064841828e-05,5.443736586664401,2.807361558148868,5.022804732024246e-08,2.792897919214931e-06
2009-08-07,0.0002186079592702392,5.59728448580755e-07,0.0010001145102282718,1.274911064841828e-05,5.458489989222527,2.807361558148868,0.0,2.647569930624284e-06
2009-08-10,0.0002186079592702392,1.2143261927208296e-06,0.0010001145102282718,2.095369577565309e-05,5.460682743223241,2.887626147692249,6.545977441400746e-07,2.4309164818371886e-06
2009-08-11,0.00025541834976770675,1.7826724394308202e-06,0.00111892881772469,2.7561798293071708e-05,5.434999976534499,2.8492905425389616,5.683462467099906e-07,2.172769734015929e-06
2009-08-12,0.00025541834976770675,2.1381156090809692e-06,0.00111892881772469,3.24466142810149e-05,5.433395449264419,2.611860346798249,3.5544316965014905e-07,1.8651881305033674e-06
2009-08-13,0.00025541834976770675,1.7649250751053133e-06,0.00111892881772469,2.8466207174780147e-05,5.415231985026974,2.5501230936144617,-3.731905339756559e-07,1.4387530652759155e-06
2009-08-14,0.0002550066886609763,1.7352330307826075e-06,0.001117951124370347,2.8393793726072973e-05,5.421887979767566,2.3663312969553325,-2.969204432270584e-08,1.35798047066208e-06
2009-08-17,0.0002550066886609763,1.7573761107552475e-06,0.001117951124370347,2.841919104912138e-05,5.42550091974824,2.264565315786888,2.214307997263995e-08,1.2624954112294311e-06
2009-08-18,0.0002550066886609763,1.7829215262497503e-06,0.001117951124370347,2.849318735196227e-05,5.423586981280291,2.334186712322038,2.5545415494502816e-08,1.1535104047526613e-06
2009-08-19,0.00025126930160254576,1.1552114579047643e-06,0.0011094402478728645,2.3079594856814076e-05,5.43742994315601,1.9815380808869845,-6.27710068344986e-07,1.0210956348138762e-06
2009-08-20,0.00025126930160254576,6.354728544148178e-07,0.0011094402478728645,1.4216788144318027e-05,5.446740641906939,2.283075751842484,-5.197386034899465e-07,8.585531827867393e-07
2009-08-21,0.0002259232261943398,6.749189090610932e-07,0.0010419036302779239,1.4485009363134441e-05,5.4753326822856065,2.5194643611522687,3.9446054646275424e-08,5.777876023197303e-07
2009-08-24,0.0002259232261943398,5.492670810136624e-07,0.0010419036302779239,1.2505182467107506e-05,5.471651558038452,2.5548239214785244,-1.2565182804743075e-07,5.764059732152777e-07
2009-08-25,0.00023104836629047592,5.871784835605389e-07,0.001056597027318168,1.2770752076286447e-05,5.459882186423414,2.768415443005276,3.79114025468765e-08,5.852804829097721e-07
2009-08-26,0.0002368975580273957,3.1027419777057024e-07,0.00107970588414528,8.379181369485208e-06,5.457806304191416,2.386232103551174,-2.769042857899687e-07,6.065125566245734e-07
2009-08-27,0.0002368975580273957,1.8943088879872845e-07,0.00107970588414528,5.885470600983493e-06,5.45798010709734,1.9084704789997482,-1.208433089718418e-07,6.228546761542403e-07
2009-08-28,0.0002368975580273957,7.26771542400012e-07,0.00107970588414528,1.681117845217679e-05,5.456121225200378,2.2578869731606095,5.373406536012836e-07,6.16188272617296e-07
2009-08-31,0.00025604141174191675,6.877166871503337e-07,0.001127404661873621,1.6612536358576994e-05,5.4430117441447665,1.9685947133582562,-3.905485524967832e-08,6.102047883858851e-07
2009-09-01,0.0002488131293943511,6.877166871503337e-07,0.0011114845609450105,1.6612536358576994e-05,5.446271108622471,1.9685947133582562,0.0,6.040658564367869e-07
2009-09-02,0.0002488131293943511,7.299845622494014e-07,0.0011114845609450105,1.7975856683770902e-05,5.438122746530603,1.6820123742816568,4.2267875099067744e-08,5.966007362725349e-07
2009-09-03,0.00022822873829036024,6.336050241880507e-07,0.0010600620302868306,1.748558762631166e-05,5.4397747713696845,0.7831886496814792,-9.637953806135074e-08,5.938792243916444e-07
2009-09-04,0.00023477244143073922,6.336050241880507e-07,0.0010750046490772016,1.748558762631166e-05,5.4361338974504045,0.7831886496814792,0.0,5.911208868035445e-07
2009-09-08,0.00023477244143073922,6.336050241880507e-07,0.0010750046490772016,1.748558762631166e-05,5.439568085581832,0.7831886496814792,0.0,5.952610654822989e-07
2009-09-09,0.00023477244143073922,6.336050241880507e-07,0.0010750046490772016,1.748558762631166e-05,5.439549358207247,0.7831886496814792,0.0,5.696069558739017e-07
2009-09-10,0.00023477244143073922,6.336050241880507e-07,0.0010750046490772016,1.748558762631166e-05,5.421432175603145,0.7831886496814792,0.0,4.966614881050434e-07
2009-09-11,0.00023477244143073922,6.336050241880507e-07,0.0010750046490772016,1.748558762631166e-05,5.407633122152373,0.7831886496814792,0.0,4.5006651077127527e-07
2009-09-14,0.00020027153553134875,6.893011850725099e-07,0.0009785024264757775,1.7772749956485658e-05,5.42889153155145,1.3409680888073874,5.56961608844592e-08,3.92876944215117e-07
2009-09-15,0.00020027153553134875,7.426453959738916e-07,0.0009785024264757775,1.815047405058735e-05,5.426171949269301,1.4027512011374486,5.33442109013817e-08,3.131271005878355e-07
2009-09-16,0.0002060418731995337,6.88648900486192e-07,0.001006991203632606,1.7855697959753406e-05,5.424107926198241,0.8917917518458977,-5.399649548769957e-08,1.8137460336575622e-07
2009-09-17,0.0002060418731995337,1.0904037178584082e-07,0.001006991203632606,4.867641484705024e-06,5.419355541374395,0.0,-5.796085287003512e-07,1.7661525350278636e-07
2009-09-18,0.0002060418731995337,1.499371703526759e-07,0.001006991203632606,5.46243841995383e-06,5.407172326776332,0.9543992561359094,4.0896798566835064e-08,2.0169697300716936e-07
2009-09-21,0.0002060418731995337,3.5790978882494575e-07,0.001006991203632606,9.495235112636447e-06,5.405667560366251,1.5120178682708436,2.0797261847226986e-07,2.0513238776160887e-07
2009-09-22,0.00022869253037408567,2.4886941703910495e-07,0.0010762058096178127,8.15264105800217e-06,5.380970841862945,0.8898445963514634,-1.090403717858408e-07,2.1593099234890203e-07
2009-09-23,0.00022869253037408567,2.992128249843027e-07,0.0010762058096178127,8.738954310604239e-06,5.392572446995079,1.4814198753705692,5.034340794519775e-08,2.218140086675956e-07
2009-09-24,0.00017357840381458702,2.992128249843027e-07,0.0009078550603073989,8.738954310604239e-06,5.433932074395193,1.4814198753705692,0.0,2.223800323670348e-07
2009-09-25,0.00017357840381458702,3.004829540177889e-07,0.0009078550603073989,8.739385374257142e-06,5.435457316953193,1.66277540831868,1.2701290334861792e-09,2.149431636377103e-07
2009-09-28,0.00016944001585595447,3.004829540177889e-07,0.000895430405450494,8.739385374257142e-06,5.438099865693805,1.66277540831868,0.0,2.1511736539749338e-07
2009-09-29,0.00016944001585595447,3.004829540177889e-07,0.000895430405450494,8.739385374257142e-06,5.437377864256287,1.66277540831868,0.0,2.1519872700743045e-07
2009-09-30,0.00016944001585595447,3.2337020328972165e-07,0.000895430405450494,8.878248048073757e-06,5.43623368940245,1.9772243457619114,2.288724927193277e-08,2.1256510787855593e-07
2009-10-01,0.0001732343934267006,3.2337020328972165e-07,0.0009026203129651223,8.878248048073757e-06,5.434418423027655,1.9772243457619114,0.0,2.0541943238885104e-07
2009-10-02,0.00013404369565209862,3.59013357353947e-07,0.0007795888960156296,9.044476281455881e-06,5.450298884136708,2.293283951076347,3.5643154064225347e-08,2.0140918707010655e-07
2009-10-05,0.00013404369565209862,1.2589018595195973e-06,0.0007795888960156296,2.5488102061338195e-05,5.450154277890205,2.2804214990986234,8.998885021656503e-07,2.7077558191670755e-07
2009-10-06,0.00013404369565209862,1.2180050609527623e-06,0.0007795888960156296,2.5367283000373257e-05,5.450890547560104,2.0215599428421855,-4.089679856683501e-08,3.1751010105469015e-07
2009-10-07,0.00013404369565209862,1.0100324424804924e-06,0.0007795888960156296,2.4149074319082493e-05,5.450616799336022,1.6146407786340913,-2.0797261847226994e-07,3.3682287131717536e-07
2009-10-08,0.00013404369565209862,9.808300180650697e-07,0.0007795888960156296,2.408601020545023e-05,5.448307901784207,1.5465296327472435,-2.9202424415422626e-08,3.5201046517667194e-07
2009-10-09,0.00013404369565209862,8.094151589941937e-08,0.0007795888960156296,3.5064358162781655e-06,5.445521972580743,1.9610540181278093,-8.998885021656504e-07,3.6487895670549495e-07
2009-10-12,0.00013404369565209862,8.725508446271412e-08,0.0007795888960156296,3.532882128088255e-06,5.448238176827276,2.2574408139118907,6.313568563294758e-09,3.7335228666256624e-07
2009-10-13,0.00013404369565209862,8.725508446271412e-08,0.0007795888960156296,3.532882128088255e-06,5.4433416752880355,2.2574408139118907,0.0,3.770844370198044e-07
2009-10-14,0.00013386814800579223,8.725508446271412e-08,0.0007792456481894141,3.532882128088255e-06,5.442765757653268,2.2574408139118907,0.0,3.801088984755828e-07
2009-10-15,0.00014145975279248512,8.598495542922796e-08,0.0007991378457207422,3.5318156596875396e-06,5.427308820404351,2.0556939311451687,-1.270129033486166e-09,3.811004407716357e-07
2009-10-16,0.00013467339803440286,8.598495542922796e-08,0.000781071690966126,3.5318156596875396e-06,5.428629426230861,2.0556939311451687,0.0,3.8363898231775935e-07
2009-10-19,0.00013449251292862877,8.598495542922796e-08,0.000780733280172748,3.5318156596875396e-06,5.428620731480885,2.0556939311451687,0.0,3.9014939893508474e-07
2009-10-20,0.00013449251292862877,6.52944962175509e-07,0.000780733280172748,1.7310557638736252e-05,5.429494287746846,1.8898681700418467,5.66960006746281e-07,3.9284698927015577e-07
2009-10-21,0.00015966270632275452,6.026015542303112e-07,0.0009220846239107879,1.7022092689848812e-05,5.399667890235608,1.4852603863583485,-5.03434079451978e-08,3.9414440503808477e-07
2009-10-22,0.00015966270632275452,7.108517756551416e-07,0.0009220846239107879,1.7707095038099808e-05,5.400613891589839,1.919917812831428,1.0825022142483037e-07,3.9787672170317624e-07
2009-10-23,0.00016653297020029342,7.475262955832712e-07,0.0009350916480216518,1.7878851251925358e-05,5.398208688355403,2.218365843717979,3.667451992812958e-08,4.017447090418074e-07
2009-10-26,0.00016961211273407848,7.108517756551416e-07,0.0009517660320095657,1.7707095038099808e-05,5.392461657515472,1.919917812831428,-3.667451992812958e-08,4.031376381578779e-07
2009-10-27,0.0002133536452992774,7.108517756551416e-07,0.0010777804835587217,1.7707095038099808e-05,5.353411483416231,1.919917812831428,0.0,4.034287669977787e-07
2009-10-28,0.00023375011401994712,1.2644151707717183e-06,0.0011231620746329795,2.5375425094654762e-05,5.34634759959317,1.8378270828902499,5.535633951165767e-07,4.3416286528550377e-07
2009-10-29,0.00023375011401994712,1.2644151707717183e-06,0.0011231620746329795,2.5375425094654762e-05,5.368041844363379,1.7471190190979364,0.0,4.577981491916653e-07
2009-10-30,0.00021087668265547932,1.2644151707717183e-06,0.0010508721660205476,2.5375425094654762e-05,5.393976624687994,1.7471190190979364,0.0,4.7661460744596016e-07
2009-11-02,0.00021211946282692084,1.2644151707717183e-06,0.0010532239083301872,2.5375425094654762e-05,5.391927849208924,1.7471190190979364,0.0,4.769868524241763e-07
2009-11-03,0.00021211946282692084,1.2581016022084234e-06,0.0010532239083301872,2.5371756634832115e-05,5.39914316980333,1.5669900921551134,-6.313568563294837e-09,4.795765025362327e-07
2009-11-04,0.00021211946282692084,1.2581016022084234e-06,0.0010532239083301872,2.5371756634832115e-05,5.412518422654348,1.5669900921551134,0.0,4.923574611035075e-07
2009-11-05,0.00021751702159229156,1.2581016022084234e-06,0.0010651810224877826,2.5371756634832115e-05,5.40922642376544,1.5669900921551134,0.0,5.054611469880128e-07
2009-11-06,0.00021751702159229156,1.2581016022084234e-06,0.0010651810224877826,2.5371756634832115e-05,5.4129314057073135,1.6169099295938592,0.0,5.007421027795646e-07
2009-11-09,0.00021671903717050692,1.2796755649880496e-06,0.0010636492088630443,2.5428365268431222e-05,5.417695268653683,1.6819008798747888,2.1573962779626197e-08,4.901503347462315e-07
2009-11-10,0.00022257583600418773,1.2796755649880496e-06,0.0010766008757578064,2.5428365268431222e-05,5.418387547275286,1.6819008798747888,0.0,4.7145364498964904e-07
2009-11-11,0.00027510072577264534,1.3982111093162745e-06,0.001368643914271492,2.5951273958344206e-05,5.379258418248023,2.042727036328005,1.1853554432822483e-07,4.494939580241648e-07
2009-11-12,0.0002677896347275057,1.7315657931591492e-06,0.0013334458897380126,2.833241921045532e-05,5.394881331585107,2.3557236245154076,3.3335468384287475e-07,4.388820038023613e-07
2009-11-13,0.0002677896347275057,1.7315657931591492e-06,0.0013334458897380126,2.833241921045532e-05,5.3961151521820945,2.3557236245154076,0.0,4.110203303260347e-07
2009-11-16,0.0002677896347275057,1.069752176617742e-06,0.0013334458897380126,2.1179363048126526e-05,5.396063619412628,2.0970771062534865,-6.618136165414072e-07,3.3720548297939684e-07
2009-11-17,0.0002677896347275057,1.1016348036838848e-06,0.0013334458897380126,2.1291143702765812e-05,5.391686824233877,2.4324271583254955,3.188262706614273e-08,3.177543759012363e-07
2009-11-18,0.0002677896347275057,1.1191534987629712e-06,0.0013334458897380126,2.1324777625208357e-05,5.387472302742942,2.5959411655312166,1.75186950790864e-08,2.899945368006049e-07
2009-11-19,0.00017747905019929936,1.1191534987629712e-06,0.0008788053622474209,2.1324777625208357e-05,5.443212575271093,2.5959411655312166,0.0,2.685030274128176e-07
2009-11-20,0.00017747905019929936,1.1163152272095596e-06,0.0008788053622474209,2.134136041319982e-05,5.444381399936776,2.4306985920086737,-2.838271553411536e-09,2.4729553904963694e-07
2009-11-23,0.00017747905019929936,1.1163152272095596e-06,0.0008788053622474209,2.134136041319982e-05,5.440213142720018,2.4306985920086737,0.0,2.1799013527986325e-07
2009-11-24,0.00017747905019929936,1.271815563655827e-06,0.0008788053622474209,2.2560927875929473e-05,5.429330826838213,2.4973795290618654,1.5550033644626734e-07,1.7837984449079755e-07
2009-11-25,0.00017747905019929936,1.271815563655827e-06,0.0008788053622474209,2.2560927875929473e-05,5.422072565053088,2.363723863479812,0.0,1.7837260668545848e-07
2009-11-27,0.00015836183903456666,1.24626561977467e-06,0.0007883664931365005,2.2509303770664385e-05,5.446008352987866,2.3063617646514456,-2.554994388115696e-08,1.7845731246867012e-07
2009-11-30,0.00015836183903456666,1.24626561977467e-06,0.0007883664931365005,2.2509303770664385e-05,5.445370622887427,2.3063617646514456,0.0,1.7853712279093782e-07
2009-12-01,0.00015836183903456666,1.24626561977467e-06,0.0007883664931365005,2.2509303770664385e-05,5.438747957219897,2.3063617646514456,0.0,1.7861204421466884e-07
2009-12-02,0.00015836183903456666,1.24626561977467e-06,0.0007883664931365005,2.2509303770664385e-05,5.440148304407097,2.3063617646514456,0.0,1.7866927920224725e-07
2009-12-03,0.00015836183903456666,1.24626561977467e-06,0.0007883664931365005,2.2509303770664385e-05,5.437869359723188,2.3063617646514456,0.0,1.7872443314902874e-07
2009-12-04,0.00017025796999755555,9.129109359317954e-07,0.0008278031303560377,1.942707898743665e-05,5.4265036102844695,1.9911031103246937,-3.3335468384287465e-07,1.9557440302045747e-07
2009-12-07,0.00017025796999755555,4.3279356094677637e-07,0.0008278031303560377,1.019172168609556e-05,5.426353025485644,2.2379908094623495,-4.80117374985019e-07,2.676588174781621e-07
2009-12-08,0.00017025796999755555,4.077359999501325e-07,0.0008278031303560377,1.0046829802036978e-05,5.41986381027474,1.9672151067513002,-2.5057560996643878e-08,3.2122460476500473e-07
2009-12-09,0.00017025796999755555,4.0744156312757185e-07,0.0008278031303560377,1.0046809652200195e-05,5.418381701026845,1.7039186402634674,-2.944368225606393e-10,3.6159359225467396e-07
2009-12-10,0.00017025796999755555,1.8884748198551386e-07,0.0008278031303560377,7.2534838640039065e-06,5.41523093962031,0.3411386803710115,-2.18594081142058e-07,4.1074657114400534e-07
2009-12-11,0.00020617427061483265,1.8884748198551386e-07,0.0009719888012934911,7.2534838640039065e-06,5.395121223036452,0.3411386803710115,0.0,4.229657050665334e-07
2009-12-14,0.000202910231144199,1.8884748198551386e-07,0.0009626119909744803,7.2534838640039065e-06,5.398707002674621,0.41339891587676164,0.0,4.201916470013663e-07
2009-12-15,0.0001942781396518437,1.8884748198551386e-07,0.0009386298177199821,7.2534838640039065e-06,5.406642467538113,0.41339891587676164,0.0,4.475388393893639e-07
2009-12-16,0.0001942781396518437,1.8884748198551386e-07,0.0009386298177199821,7.2534838640039065e-06,5.411100743581698,0.41339891587676164,0.0,4.6801666814976566e-07
2009-12-17,0.0001942781396518437,1.9294556042617936e-07,0.0009386298177199821,7.2588885194622916e-06,5.41758767339942,0.7485064763734686,4.098078440665509e-09,4.822112938008868e-07
2009-12-18,0.0001942781396518437,1.9294556042617936e-07,0.0009386298177199821,7.2588885194622916e-06,5.4227886638944485,0.7485064763734686,0.0,4.914273124421834e-07
2009-12-21,0.0001942781396518437,1.9294556042617936e-07,0.0009386298177199821,7.2588885194622916e-06,5.431535711400131,0.7485064763734686,0.0,4.96074578472015e-07
2009-12-22,0.0001942781396518437,4.098078440665529e-09,0.0009386298177199821,2.8006137294603266e-07,5.429654628736616,1.270349022949959,-1.8884748198551383e-07,5.06670034162784e-07
2009-12-23,0.0001942781396518437,3.629620518946049e-07,0.0009386298177199821,1.1826205148554265e-05,5.429449761406344,0.30725840822861433,3.588639734539394e-07,4.85755363453889e-07
2009-12-24,0.00021270835242324983,6.461715171084634e-07,0.000989620752847262,1.5554516144949894e-05,5.412054187685014,1.1617453312181845,2.832094652138585e-07,4.5805869570221513e-07
2009-12-28,0.00021270835242324983,6.461715171084634e-07,0.000989620752847262,1.5554516144949894e-05,5.395875762551578,1.1617453312181845,0.0,4.285044609142105e-07
2009-12-29,0.00021270835242324983,6.502942030567334e-07,0.000989620752847262,1.5557067578606014e-05,5.392704320475932,1.2692090172469226,4.1226859482700195e-09,3.944479996023307e-07
2009-12-30,0.00021270835242324983,6.461961246160679e-07,0.000989620752847262,1.5554546514530666e-05,5.385130231945495,1.1094314376816312,-4.098078440665509e-09,3.54415544717066e-07
2009-12-31,0.0002191470041513075,6.461961246160679e-07,0.0010064642602520466,1.5554546514530666e-05,5.376732943075245,1.1094314376816312,0.0,3.061639372943745e-07
2010-01-04,0.00020071679137990142,4.600221514058924e-07,0.000956371793504892,1.2626432301348506e-05,5.405547691199651,1.0597483215874621,-1.861739732101755e-07,2.3834645598585545e-07
2010-01-05,0.00020071679137990142,4.600221514058924e-07,0.000956371793504892,1.2626432301348506e-05,5.4041822136352735,1.0597483215874621,0.0,2.0495711326875226e-07
2010-01-06,0.00020071679137990142,3.629866594022094e-07,0.000956371793504892,1.182624509237326e-05,5.398953271012274,0.20912061506287544,-9.703549200368298e-08,2.0432916805245183e-07
2010-01-07,0.00020071679137990142,4.5878672881355724e-07,0.000956371793504892,1.4313795766445773e-05,5.398279128327602,0.19159513081872737,9.580006941134782e-08,2.052582757766154e-07
2010-01-08,0.0001890762684236224,4.5878672881355724e-07,0.0009251812821713006,1.4313795766445773e-05,5.406476098852448,0.19159513081872737,0.0,2.061530358182089e-07
2010-01-11,0.00016439845744179745,5.934606397608023e-07,0.0008590536833238658,1.54286700446105e-05,5.4236856699068445,1.0559790018063262,1.3467391094724507e-07,2.0767114197179904e-07
2010-01-12,0.0001797908695232184,5.934606397608023e-07,0.0009057720295075061,1.54286700446105e-05,5.412250471365142,1.0559790018063262,0.0,2.0710840433662584e-07
2010-01-13,0.00011905844060343369,5.934606397608023e-07,0.0006326557772784756,1.54286700446105e-05,5.459336695765263,1.0559790018063262,0.0,2.044476412043931e-07
2010-01-14,0.00011905844060343369,1.1508605270897477e-06,0.0006326557772784756,2.665724949330058e-05,5.44925645980604,1.140357613357457,5.573998873289454e-07,2.5289894560312937e-07
2010-01-15,0.00011625123052319071,1.1508605270897477e-06,0.0006231611035547283,2.665724949330058e-05,5.454677364011619,1.140357613357457,0.0,2.8503688425505823e-07
2010-01-19,0.00011625123052319071,1.1508605270897477e-06,0.0006231611035547283,2.665724949330058e-05,5.445942723445387,1.140357613357457,0.0,3.063124703046083e-07
2010-01-20,9.121335026600687e-05,1.1508605270897477e-06,0.0005118026651525224,2.665724949330058e-05,5.467891134745696,1.140357613357457,0.0,3.1871484771860966e-07
2010-01-21,0.00010851370260256486,1.9580229475009404e-06,0.000589651400993618,3.448848814625772e-05,5.45881342995833,1.664164673541334,8.071624204111927e-07,4.2213640615872977e-07
2010-01-22,0.00014219722148022608,1.9580229475009404e-06,0.0007408970086666547,3.448848814625772e-05,5.430522942061545,1.664164673541334,0.0,4.7378613136706385e-07
2010-01-25,0.00014219722148022608,1.9580229475009404e-06,0.0007408970086666547,3.448848814625772e-05,5.4219026719370556,1.664164673541334,0.0,5.267622441533744e-07
2010-01-26,0.00014219722148022608,1.6787107883071853e-06,0.0007408970086666547,2.8555054195785145e-05,5.430160879323124,2.0908219306086346,-2.7931215919375516e-07,5.521436724306768e-07
2010-01-27,0.00014992479923212128,1.9580229475009404e-06,0.0007674933026937745,3.448848814625772e-05,5.420854414768205,1.664164673541334,2.7931215919375516e-07,5.923226777391621e-07
2010-01-28,0.00013648015177939617,1.9580229475009404e-06,0.0007235395193936626,3.448848814625772e-05,5.432752498386457,1.664164673541334,0.0,6.228594696274679e-07
2010-01-29,0.00013648015177939617,1.9580229475009404e-06,0.0007235395193936626,3.448848814625772e-05,5.432859130749358,1.664164673541334,0.0,6.448657666663284e-07
2010-02-01,0.00013648015177939617,1.9580229475009404e-06,0.0007235395193936626,3.448848814625772e-05,5.453208319818044,1.7111903475943013,0.0,6.593121274311559e-07
2010-02-02,0.00013648015177939617,1.9580229475009404e-06,0.0007235395193936626,3.448848814625772e-05,5.464007254008744,1.7111903475943013,0.0,6.560883798626182e-07
2010-02-03,0.00014909172897971138,1.9580229475009404e-06,0.0007643666303346326,3.448848814625772e-05,5.456409881458954,1.7885453366007344,0.0,6.437397634775464e-07
2010-02-04,0.00023556911299638548,1.9539002615526704e-06,0.0011113538070519106,3.4487337320714564e-05,5.392260016149788,1.6538416628022983,-4.1226859482700195e-09,6.13149200668119e-07
2010-02-05,0.00023719053022526584,1.0990538642907364e-06,0.0011146745209974647,2.354934554347739e-05,5.387631116375504,1.7158991919517232,-8.54846397261934e-07,5.75447804361044e-07
2010-02-08,0.00023719053022526584,1.0990538642907364e-06,0.0011146745209974647,2.354934554347739e-05,5.375532338586079,1.7158991919517232,0.0,5.330767480477259e-07
2010-02-09,0.00023719053022526584,1.0990538642907364e-06,0.0011146745209974647,2.354934554347739e-05,5.385313563612299,1.7158991919517232,0.0,4.991393844250443e-07
2010-02-10,0.0002397561407762473,2.918914438795434e-07,0.0011376198438188124,8.702000428614864e-06,5.3747608117817665,1.47475927327861,-8.071624204111929e-07,5.319849545908834e-07
2010-02-11,0.0002397561407762473,4.2025080873723115e-07,0.0011376198438188124,1.0311058364913124e-05,5.384648065903451,1.6318367542340533,1.2835936485768776e-07,5.487019468527591e-07
2010-02-12,0.0002397561407762473,5.20748224029115e-07,0.0011376198438188124,1.2115439704260554e-05,5.397003363721518,1.6200331906495484,1.0049741529188387e-07,5.862118043559705e-07
2010-02-16,0.00023806956019786166,3.6353069109681676e-07,0.0011342463610379593,1.0208730472977543e-05,5.40142924685048,1.052641868620629,-1.5721753293229827e-07,6.327830457512643e-07
2010-02-17,0.0002404085879244702,3.666922272283231e-07,0.001138679155262611,1.02110165551386e-05,5.390330708820634,1.2585900820103826,3.1615361315063614e-09,6.734857811057191e-07
2010-02-18,0.00023991070723013207,8.318003450657953e-07,0.001137788227672267,1.777111616043379e-05,5.390023036440594,1.703082271112635,4.651081178374722e-07,6.829930701613549e-07
2010-02-19,0.00023991070723013207,9.72253795615868e-07,0.001137788227672267,1.8729758060003024e-05,5.394325978362743,2.081831687583788,1.404534505500726e-07,6.736280414401214e-07
2010-02-22,0.0002403073671002629,9.72253795615868e-07,0.001138475360171504,1.8729758060003024e-05,5.388012806534577,2.081831687583788,0.0,6.602692762561343e-07
2010-02-23,0.0002403073671002629,9.892313114129626e-07,0.001138475360171504,1.8760242568694684e-05,5.379000041373472,2.3010757047897217,1.6977515797094713e-08,6.423351649942289e-07
2010-02-24,0.0002403073671002629,1.73381567306655e-06,0.001138475360171504,2.8733466709886545e-05,5.377338232108779,2.4885154908193337,7.445843616535873e-07,6.445193143798781e-07
2010-02-25,0.0002403073671002629,1.73381567306655e-06,0.001138475360171504,2.8733466709886545e-05,5.37605642570374,2.4885154908193337,0.0,6.329087260000793e-07
2010-02-26,0.0002403073671002629,1.73381567306655e-06,0.001138475360171504,2.8733466709886545e-05,5.3695836615629515,2.4885154908193337,0.0,6.208680947813596e-07
2010-03-01,0.0002567056295401892,1.73381567306655e-06,0.001175305237472662,2.8733466709886545e-05,5.3588454492175535,2.4885154908193337,0.0,6.08371887598271e-07
2010-03-02,0.0002567056295401892,1.9470280530140347e-06,0.001175305237472662,2.988936560596253e-05,5.358628716246319,2.750518378721099,2.1321237994748474e-07,6.076453629761688e-07
2010-03-03,0.00025957293936137483,1.9300505372169404e-06,0.0011832502399463096,2.987024124570941e-05,5.344243480353459,2.6665441074867093,-1.697751579709429e-08,6.058113257826248e-07
2010-03-04,0.00025957293936137483,1.9300505372169404e-06,0.0011832502399463096,2.987024124570941e-05,5.327709392539595,2.6665441074867093,0.0,6.039683100614412e-07
2010-03-05,0.00025632682904353903,1.4752993156435058e-06,0.0011782708519834863,2.4391875644590986e-05,5.330606315603837,2.46711611394545,-4.547512215734346e-07,5.809904347070722e-07
2010-03-08,0.00025632682904353903,1.5215382799539632e-06,0.0011782708519834863,2.4823170492788554e-05,5.335752943338759,2.434731394830044,4.623896431045745e-08,5.862315254600279e-07
2010-03-09,0.00025632682904353903,1.2559230321153757e-06,0.0011782708519834863,2.275571757440371e-05,5.322080641932901,2.3344484544317683,-2.656152478385876e-07,5.860944366270668e-07
2010-03-10,0.00025632682904353903,1.2559230321153757e-06,0.0011782708519834863,2.275571757440371e-05,5.325542931900082,2.5061959577357675,0.0,5.858467891825931e-07
2010-03-11,0.00025632682904353903,1.0147138896554397e-06,0.0011782708519834863,2.147050633733746e-05,5.3179657834566845,1.9773337975047196,-2.4120914245993596e-07,5.480167219367894e-07
2010-03-12,0.000256368532059977,1.0147138896554397e-06,0.0011783225654706559,2.147050633733746e-05,5.3161073330430195,1.868149140577817,0.0,5.167210898435024e-07
2010-03-15,0.000256368532059977,1.0147138896554397e-06,0.0011783225654706559,2.147050633733746e-05,5.325456170062742,1.868149140577817,0.0,4.904183419144791e-07
2010-03-16,0.000256368532059977,7.341183880388606e-07,0.0011783225654706559,1.7035411409839134e-05,5.327648376505356,2.0400996219689476,-2.805955016165791e-07,4.596233796480211e-07
2010-03-17,0.000256368532059977,7.341183880388606e-07,0.0011783225654706559,1.7035411409839134e-05,5.313386458363536,2.0400996219689476,0.0,4.261388134007394e-07
2010-03-18,0.000256368532059977,7.341183880388606e-07,0.0011783225654706559,1.7035411409839134e-05,5.317398555873459,2.0400996219689476,0.0,4.3261705321501367e-07
2010-03-19,0.0002354633563180814,1.189083046534433e-06,0.0011334262100690128,2.2165651878924635e-05,5.3359436065948485,2.301670474742296,4.549646584955724e-07,4.260698571966316e-07
2010-03-22,0.0002354633563180814,1.189083046534433e-06,0.0011334262100690128,2.2165651878924635e-05,5.3321636733145175,2.301670474742296,0.0,4.1912538067023503e-07
2010-03-23,0.0002354633563180814,7.081427677956228e-07,0.0011334262100690128,1.6586339009915745e-05,5.342494626183998,2.0345736355628032,-4.809402787388102e-07,4.359946996636883e-07
2010-03-24,0.00023355575436064267,9.328316432654007e-07,0.0011305190435838784,2.1087101280640633e-05,5.3378740108179,1.9473011661235422,2.2468887546977795e-07,4.336529006910595e-07
2010-03-25,0.00023278031688699552,4.7030062135415697e-07,0.0011292203622601522,1.1295646325313385e-05,5.338885309429579,2.4450421403903615,-4.6253102191124376e-07,4.568768209575712e-07
2010-03-26,0.00023278031688699552,2.4002641108845376e-07,0.0011292203622601522,7.3994122894936456e-06,5.322918737684467,2.0649423142599006,-2.302742102657032e-07,4.903595190673655e-07
2010-03-29,0.00023278031688699552,2.848391876295015e-07,0.0011292203622601522,7.785806312683075e-06,5.327654683962131,2.5337827879593444,4.481277654104775e-08,5.065357518489191e-07
2010-03-30,0.00023278031688699552,2.7088487622334385e-07,0.0011292203622601522,7.727183424768735e-06,5.3289940387661066,2.3204707439603336,-1.3954311406157655e-08,4.938318644206491e-07
2010-03-31,0.00023278031688699552,2.7088487622334385e-07,0.0011292203622601522,7.727183424768735e-06,5.33173039652138,2.3204707439603336,0.0,4.6712944634444804e-07
2010-04-01,0.0002483617235826968,2.7088487622334385e-07,0.0011670475796183646,7.727183424768735e-06,5.321092239229532,2.3204707439603336,0.0,4.2197315837000176e-07
2010-04-05,0.000211130764964909,1.4621511738037243e-06,0.0010784700490970957,3.060790564412755e-05,5.347409444242788,2.1350354521876787,1.1912662975803806e-06,4.2092238047097117e-07
2010-04-06,0.0003182581778858082,1.4621511738037243e-06,0.0017367542809410602,3.060790564412755e-05,5.257082603259823,2.1350354521876787,0.0,4.159558929240735e-07
2010-04-07,0.0003182581778858082,2.728319496591795e-06,0.0017367542809410602,4.522422920011297e-05,5.262380474326001,2.10591068098997,1.2661683227880707e-06,5.900261010869361e-07
2010-04-08,0.0003182581778858082,2.7275064029228113e-06,0.0017367542809410602,4.522414150375127e-05,5.260649386729239,2.170957322317388,-8.130936689836723e-10,7.153193679754059e-07
2010-04-09,0.0003182581778858082,2.720518645619234e-06,0.0017367542809410602,4.52216201528094e-05,5.259931291690559,2.0585297565058784,-6.98775730357751e-09,8.153023678699693e-07
2010-04-12,0.0004242142292751439,2.7948404190536258e-06,0.002242513761861025,4.532695287040773e-05,5.164885835984054,2.308010403585684,7.432177343439192e-08,9.02804049292607e-07
2010-04-13,0.0004242142292751439,2.7630814382873763e-06,0.002242513761861025,4.529257984334918e-05,5.136594199662843,2.11405527976052,-3.1758980766249423e-08,9.713667079087975e-07
2010-04-14,0.00042726897029200827,2.417157286858061e-06,0.0022449094035944346,3.9769717762265366e-05,5.1230647390664625,2.446495255423876,-3.4592415142931525e-07,9.982757177685157e-07
2010-04-15,0.00042726897029200827,2.166958081871653e-06,0.0022449094035944346,3.8908026935609167e-05,5.10628444193761,2.01432901483697,-2.501992049864082e-07,1.0055145086698396e-06
2010-04-16,0.0003494526352944564,1.6235066400397317e-06,0.0018984692348091219,3.044056188503143e-05,5.158285832516059,2.104532863078737,-5.434514418319211e-07,9.945797433403851e-07
2010-04-19,5.8583137278034675e-05,1.6235066400397317e-06,0.0003665077133834327,3.044056188503143e-05,5.44001343233187,2.104532863078737,0.0,9.93677628340626e-07
2010-04-20,5.588968361300959e-05,1.6235066400397317e-06,0.0003532772447578458,3.044056188503143e-05,5.444503764936501,2.015163752010264,0.0,9.922743112667943e-07
2010-04-21,6.921708909026239e-05,1.6235066400397317e-06,0.0004300703585728624,3.044056188503143e-05,5.4307965467302575,2.015163752010264,0.0,9.758659402107411e-07
2010-04-22,7.378631397278928e-05,1.7887119544229209e-06,0.0004481586412426664,3.101363839621502e-05,5.429044057953518,2.4049859874209996,1.6520531438318916e-07,9.673121700025984e-07
2010-04-23,7.378631397278928e-05,1.878734968631222e-06,0.0004481586412426664,3.1360417753671375e-05,5.43940926001024,2.613981993890324,9.002301420830111e-08,9.339886244000762e-07
2010-04-26,7.358391280954453e-05,4.6042076943017127e-07,0.0004474270491627156,9.866075794935478e-06,5.442785070193642,2.7253374647393906,-1.4183141992010507e-06,9.177976521424287e-07
2010-04-27,0.0001328691918597013,4.6042076943017127e-07,0.0007521840557255075,9.866075794935478e-06,5.365843826747556,2.7253374647393906,0.0,9.048191815696021e-07
2010-04-28,0.00012871700486081236,4.7088569311856063e-07,0.0007423855008026803,9.891962346787486e-06,5.372529974542727,2.8975029958223666,1.046492368838936e-08,8.896733935456753e-07
2010-04-29,0.00012871700486081236,5.132693259156555e-07,0.0007423855008026803,1.1315786679608557e-05,5.372299789920735,2.6398266992346175,4.238363279709483e-08,8.711134001974685e-07
2010-04-30,0.0001423044710898989,5.25271903425555e-07,0.0007794482430245203,1.1345476721671696e-05,5.358077253847324,2.8081364230545205,1.200257750989952e-08,8.510982456764094e-07
2010-05-03,0.0001423044710898989,5.25271903425555e-07,0.0007794482430245203,1.1345476721671696e-05,5.369418387542051,2.8081364230545205,0.0,8.893229497939594e-07
2010-05-04,0.00017121960933487218,5.25271903425555e-07,0.0008664140187184374,1.1345476721671696e-05,5.348882204352597,2.8081364230545205,0.0,9.234731698820064e-07
2010-05-05,0.00018319223187656468,5.25271903425555e-07,0.0009052207342834381,1.1345476721671696e-05,5.337326763498447,2.8081364230545205,0.0,9.128858446725477e-07
2010-05-06,0.00024315569216047854,5.132693259156555e-07,0.0010933541618685446,1.1315786679608557e-05,5.287911727832917,2.6398266992346175,-1.200257750989952e-08,8.885797423289268e-07
2010-05-07,0.00024315569216047854,3.777023001778642e-07,0.0010933541618685446,9.791816510548191e-06,5.284722437411056,2.415288130201751,-1.3556702573779126e-07,8.559947082836537e-07
2010-05-10,0.0011168237034229478,3.777023001778642e-07,0.004364173438552791,9.791816510548191e-06,4.873267314171231,2.2389400605386136,0.0,7.964571250563504e-07
2010-05-11,0.0011168237034229478,3.777023001778642e-07,0.004364173438552791,9.791816510548191e-06,4.891180515412237,2.2389400605386136,0.0,7.149083444194533e-07
2010-05-12,0.0009182582770359204,1.5553962688935505e-07,0.0036659540418303954,5.226805043120837e-06,4.974493719578564,2.0964514790522477,-2.2216267328850914e-07,6.589401866828546e-07
2010-05-13,0.0009073849413994643,1.3268881865412522e-07,0.0036573810999929344,4.988070115953914e-06,4.99804411955095,1.7515918380880837,-2.2850808235229826e-08,6.093251736631523e-07
2010-05-14,0.0008745216171901451,1.6112517412563704e-07,0.0036245563939725175,5.214747948282363e-06,5.026403293767353,2.1262185316198066,2.8436355471511817e-08,5.934855155688336e-07
2010-05-17,0.0008745216171901451,1.6112517412563704e-07,0.0036245563939725175,5.214747948282363e-06,5.014846486446356,2.1262185316198066,0.0,5.673776260408041e-07
2010-05-18,0.0008574180205230621,1.6112517412563704e-07,0.0036120387646849067,5.214747948282363e-06,5.031781499649726,2.1262185316198066,0.0,5.294847564233683e-07
2010-05-19,0.0008545397105849912,1.6112517412563704e-07,0.0036100180856369034,5.214747948282363e-06,5.044267024543193,1.8970193516010412,0.0,4.770065696078509e-07
2010-05-20,0.000911028116915484,2.3646632958326178e-07,0.0036629606422766497,8.07875973836379e-06,5.036570071009887,1.3082294686488032,7.534115545762474e-08,3.735028807026507e-07
2010-05-21,0.000911028116915484,1.816556329810137e-06,0.0036629606422766497,3.7157112773562526e-05,5.058637065557712,1.4212197936440958,1.5800900002268753e-06,3.6089946039709414e-07
2010-05-24,0.000911028116915484,1.816556329810137e-06,0.0036629606422766497,3.7157112773562526e-05,5.083286940840357,1.4212197936440958,0.0,4.7568210012153126e-07
2010-05-25,0.000911028116915484,2.063807630992222e-06,0.0036629606422766497,3.825412206816964e-05,5.089008901575112,1.8585679711413672,2.47251301182085e-07,5.900707959205139e-07
2010-05-26,0.000911028116915484,2.933781696850551e-06,0.0036629606422766497,4.474247084425446e-05,5.101530851950613,2.04208889142526,8.69974065858329e-07,7.894413343475681e-07
2010-05-27,0.0005505412215197604,3.4131105132741167e-06,0.0021057948587456885,4.839542173611003e-05,5.2449852652793405,2.072061119466384,4.793288164235657e-07,9.928480891844523e-07
2010-05-28,0.0005505412215197604,3.155394288403642e-06,0.0021057948587456885,4.75276609144393e-05,5.236160000528073,1.5634776893188997,-2.5771622487047466e-07,1.1145712636450155e-06
2010-06-01,0.0005505412215197604,3.155394288403642e-06,0.0021057948587456885,4.75276609144393e-05,5.249721418139842,1.5634776893188997,0.0,1.20929018446229e-06
2010-06-02,0.0004121065253434209,2.6953460291301282e-06,0.001596087438659039,4.391595517777152e-05,5.3107323280434775,1.5029637752155782,-4.600482592735138e-07,1.2506152296947038e-06
2010-06-03,0.0004121065253434209,1.3139022955226426e-06,0.001596087438659039,2.7140910790968396e-05,5.308073377851452,0.9851263917064911,-1.3814437336074856e-06,1.2399603239206765e-06
2010-06-04,0.00037966500723193446,1.3139022955226426e-06,0.001515602653736422,2.7140910790968396e-05,5.334934515040622,0.9851263917064911,0.0,1.227479793120306e-06
2010-06-07,0.00037966500723193446,1.3139022955226426e-06,0.001515602653736422,2.7140910790968396e-05,5.337853864967795,0.9851263917064911,0.0,1.2081963558388317e-06
2010-06-08,0.00037966500723193446,1.3139022955226426e-06,0.001515602653736422,2.7140910790968396e-05,5.348553602633344,0.9851263917064911,0.0,1.1866580062241532e-06
2010-06-09,0.00037966500723193446,2.2839342047574146e-06,0.001515602653736422,4.101155970791966e-05,5.352777898564709,0.9837058523618339,9.70031909234772e-07,1.177367134447634e-06
2010-06-10,0.0003346509765380476,2.2839342047574146e-06,0.0013925682450926056,4.101155970791966e-05,5.391049973767598,0.9837058523618339,0.0,1.1463789933886694e-06
2010-06-11,0.0003346509765380476,2.2839342047574146e-06,0.0013925682450926056,4.101155970791966e-05,5.386874557300317,0.9837058523618339,0.0,1.1020835276690458e-06
2010-06-14,0.0003346509765380476,6.078598496235064e-07,0.0013925682450926056,1.7585284404812836e-05,5.383980618257486,0.33133322571345786,-1.676074355133908e-06,1.0733645471359388e-06
2010-06-15,0.0003243220428586702,6.48927046900842e-07,0.0013645726311825102,1.7765751071390123e-05,5.38291187986003,0.9842517641656078,4.106719727733556e-08,1.041031303246845e-06
2010-06-16,0.0003243220428586702,9.728158261192564e-07,0.0013645726311825102,2.3378010599353584e-05,5.387106532411151,1.4210773670698897,3.2388877921841437e-07,9.904791499148531e-07
2010-06-17,0.0003243220428586702,9.05438328858702e-07,0.0013645726311825102,2.3111309127943183e-05,5.375167751195738,0.90529227895175,-6.737749726055441e-08,9.387168106369015e-07
2010-06-18,0.0003243220428586702,9.05438328858702e-07,0.0013645726311825102,2.3111309127943183e-05,5.365120541634542,0.90529227895175,0.0,8.897203273024279e-07
2010-06-21,0.0003243220428586702,3.097393253116597e-07,0.0013645726311825102,9.73381120621148e-06,5.368112997263801,1.1508534213566157,-5.956990035470422e-07,9.549872734645964e-07
2010-06-22,0.0003243220428586702,3.097393253116597e-07,0.0013645726311825102,9.73381120621148e-06,5.386559351182834,1.1508534213566157,0.0,1.0101728255007403e-06
2010-06-23,0.0003243220428586702,3.097393253116597e-07,0.0013645726311825102,9.73381120621148e-06,5.399559276679052,1.1508534213566157,0.0,1.0530026057932406e-06
2010-06-24,0.0003243220428586702,4.5550308707578e-07,0.0013645726311825102,1.2183179002378053e-05,5.404965689490895,1.231772786454348,1.4576376176412032e-07,1.0361335331249413e-06
2010-06-25,0.0003243220428586702,4.619228011625321e-07,0.0013645726311825102,1.2302858143891915e-05,5.419483955292801,1.230363434104586,6.419714086752104e-09,9.560282550031558e-07
2010-06-28,0.0003243220428586702,4.619228011625321e-07,0.0013645726311825102,1.2302858143891915e-05,5.408087364829385,1.230363434104586,0.0,8.745670800384976e-07
2010-06-29,0.0003121715207299073,4.619228011625321e-07,0.001330067271369552,1.2302858143891915e-05,5.412928394080992,1.230363434104586,0.0,7.599750209304717e-07
2010-06-30,0.00031274676364664123,4.619228011625321e-07,0.0013315183012494254,1.2302858143891915e-05,5.405628893468939,1.230363434104586,0.0,6.688565272695133e-07
2010-07-01,0.00031274676364664123,8.344509538729977e-07,0.0013315183012494254,2.009039901218717e-05,5.41129545788632,1.1376973221212663,3.7252815271046554e-07,6.644221370934922e-07
2010-07-02,0.00031274676364664123,4.2388060650358447e-07,0.0013315183012494254,1.106432977223495e-05,5.399647148250745,1.602055852707248,-4.105703473694132e-07,6.682114452704999e-07
2010-07-06,0.00032395125424762746,2.1665179983958301e-07,0.0013585277125412487,7.901497053569283e-06,5.390600212182901,1.0870952377872294,-2.0722880666400146e-07,6.774668088125634e-07
2010-07-07,0.00032395125424762746,2.1665179983958301e-07,0.0013585277125412487,7.901497053569283e-06,5.406549255215653,1.0870952377872294,0.0,6.819672968843342e-07
2010-07-08,0.0003223929066744758,2.1665179983958301e-07,0.0013547150780724453,7.901497053569283e-06,5.410698851175181,1.0870952377872294,0.0,5.948502758334861e-07
2010-07-09,0.0003278810410676539,4.3477038359819254e-07,0.001368912205795871,1.1479896765200858e-05,5.399402468330486,1.5976003283269535,2.1811858375860953e-07,4.626703775764863e-07
2010-07-12,0.00032553232423442486,4.3477038359819254e-07,0.0013631530629397259,1.1479896765200858e-05,5.416374862500185,1.5976003283269535,0.0,2.3724255061506203e-07
2010-07-13,0.00032553232423442486,4.871746288443421e-07,0.0013631530629397259,1.1837390678847565e-05,5.420200148267435,1.9888525413266214,5.2404245246149534e-08,2.3595395775018566e-07
2010-07-14,0.0003592082724531357,4.871746288443421e-07,0.0014565214273720459,1.1837390678847565e-05,5.396035343859715,1.9888525413266214,0.0,2.3321059508285573e-07
2010-07-15,0.0005017652990337663,4.871746288443421e-07,0.0019367381389382929,1.1837390678847565e-05,5.342078537978017,1.9888525413266214,0.0,2.0351135673839814e-07
2010-07-16,0.0004220736352610659,4.871746288443421e-07,0.0016519616947718646,1.1837390678847565e-05,5.376756534481109,1.9888525413266214,0.0,1.7531221132730724e-07
2010-07-19,0.0004220736352610659,2.6905604508573255e-07,0.0016519616947718646,8.412457668931368e-06,5.377879684702952,1.6379076222291804,-2.1811858375860953e-07,1.4149386494913858e-07
2010-07-20,0.000437525452763676,2.9278600216222864e-07,0.0017178663975220402,8.567341912382199e-06,5.37176116344828,1.9750127043157053,2.3729957076496092e-08,1.4218404867646898e-07
2010-07-21,0.00035929404693709003,3.009744686024496e-07,0.0015052306871908936,8.684775648629349e-06,5.387101807560046,1.9664172942283178,8.188466440220986e-09,1.4252423066682073e-07
2010-07-22,0.0003423516623652695,2.1874938255817293e-07,0.0014681608408801845,8.04477082170314e-06,5.397664854040274,0.7378330195428978,-8.222508604427669e-08,1.4727012778910392e-07
2010-07-23,0.00033953263352648125,2.1874938255817293e-07,0.0014603434605915547,8.04477082170314e-06,5.401568512638784,0.7378330195428978,0.0,1.524682271607792e-07
2010-07-26,0.00033370294219765395,2.1874938255817293e-07,0.0014447399114672012,8.04477082170314e-06,5.403866724488392,0.7378330195428978,0.0,1.563892415329006e-07
2010-07-27,0.0003459782905865629,2.3729957076496122e-08,0.0014973667501931712,1.621697694423497e-06,5.388011677046408,0.0,-1.9501942548167681e-07,1.742177697569317e-07
2010-07-28,0.0003459782905865629,2.3729957076496122e-08,0.0014973667501931712,1.621697694423497e-06,5.3982007861077115,0.0,0.0,1.8771114287463187e-07
2010-07-29,0.0003459782905865629,2.3729957076496122e-08,0.0014973667501931712,1.621697694423497e-06,5.404642211851049,0.0,0.0,1.9775874303782247e-07
2010-07-30,0.0003459782905865629,8.049129265540162e-08,0.0014973667501931712,3.7465022701553742e-06,5.393570549072186,0.9180785849421346,5.67613355789055e-08,1.6239480371918086e-07
2010-08-02,0.00033212590028429607,3.6329857109751228e-06,0.0014635385104220214,6.695479287423084e-05,5.39544754343955,0.7670906389001151,3.5524944183197212e-06,7.68453479000226e-07
2010-08-03,0.00035224143814889373,1.2342216923026153e-06,0.0015100977652404287,2.924754293803593e-05,5.368697155681423,0.6714946729803777,-2.3987640186725072e-06,7.864604984007783e-07
2010-08-04,0.00035224143814889373,1.2342216923026153e-06,0.0015100977652404287,2.924754293803593e-05,5.3728955553460045,0.6714946729803777,0.0,8.006683163633476e-07
2010-08-05,0.00035224143814889373,1.3774691258526923e-06,0.0015100977652404287,2.9843897336246465e-05,5.377534999075976,1.2817064679464656,1.4324743355007693e-07,8.178576219089049e-07
2010-08-06,0.00035224143814889373,1.3255354089399092e-06,0.0015100977652404287,2.9581943711605962e-05,5.364968840513466,1.229032102558849,-5.193371691278303e-08,8.325995825395764e-07
2010-08-09,0.00035224143814889373,1.3255354089399092e-06,0.0015100977652404287,2.9581943711605962e-05,5.35435185458448,1.229032102558849,0.0,8.446164351037639e-07
2010-08-10,0.00035224143814889373,1.563966853406171e-06,0.0015100977652404287,3.086643428796524e-05,5.350439790100686,1.7262532458606492,2.3843144446626183e-07,8.652445504354606e-07
2010-08-11,0.0003765782481073787,1.563966853406171e-06,0.001613942064171444,3.086643428796524e-05,5.32941527042756,1.7262532458606492,0.0,8.819392311750123e-07
2010-08-12,0.0003765782481073787,2.2181985420190487e-06,0.001613942064171444,3.4818158887090114e-05,5.323808371376711,2.4029236117123087,6.542316886128777e-07,9.335533658794219e-07
2010-08-13,0.0003765782481073787,2.2181985420190487e-06,0.001613942064171444,3.4818158887090114e-05,5.312319413890093,2.4029236117123087,0.0,9.74400435973408e-07
2010-08-16,0.00037152571047638984,2.273962104616965e-06,0.001604270789674406,3.493737406270931e-05,5.3185803848186675,2.5987000203699133,5.576356259791645e-08,1.0014381323913238e-06
2010-08-17,0.0004222176534996943,4.648996166212976e-06,0.001828779014243813,6.960973871452522e-05,5.287314297696305,2.3724320475038305,2.375034061596011e-06,1.2633310521737131e-06
2010-08-18,0.00040556029768963077,5.339096156837385e-06,0.0017989015602793922,7.25775777003215e-05,5.284905076456446,2.470872340015229,6.900999906244087e-07,1.5305516174762383e-06
2010-08-19,0.0003197618111321578,5.311199713521305e-06,0.0014217138241594202,7.251994830220551e-05,5.335530177097922,2.4413548679000106,-2.789644331607976e-08,1.7122923508808752e-06
2010-08-20,0.000325944318160777,5.45674397629755e-06,0.0014349244552871664,7.280152347972812e-05,5.333838528999782,2.528205071977454,1.455442627762451e-07,1.8536108876458522e-06
2010-08-23,0.000325944318160777,5.2451176747984305e-06,0.0014349244552871664,7.233798309445759e-05,5.3288663750192145,2.2980479334013886,-2.1162630149911948e-07,1.930721958296867e-06
2010-08-24,0.000325944318160777,5.2108586600936835e-06,0.0014349244552871664,7.225314197841863e-05,5.331815594913576,2.2869654315175483,-3.4259014704747096e-08,1.956226516385285e-06
2010-08-25,0.00034287411289837317,1.6583642417739627e-06,0.0014756673492980028,2.741547949941143e-05,5.326257704451768,2.2265951848561976,-3.552494418319721e-06,1.8769882149600238e-06
2010-08-26,0.00034287411289837317,1.7456742663691792e-06,0.0014756673492980028,2.7685944442552027e-05,5.337189107087088,2.5951960324846786,8.731002459521655e-08,1.78768750559432e-06
2010-08-27,0.0003051318883971506,1.7626370854522307e-06,0.0013869388150584197,2.77819206445031e-05,5.367007844458868,2.5969368749140105,1.6962819083051497e-08,1.6933961304622268e-06
2010-08-30,0.0003051318883971506,1.7626370854522307e-06,0.0013869388150584197,2.77819206445031e-05,5.376806405758453,2.5969368749140105,0.0,1.6976215061351788e-06
2010-08-31,0.0003051318883971506,2.420977187929529e-06,0.0013869388150584197,3.445069144944543e-05,5.382379295415992,2.5963287539555204,6.583401024772983e-07,1.6632059106063389e-06
2010-09-01,0.0002864026818174984,2.420977187929529e-06,0.0013492841313465897,3.445069144944543e-05,5.3881421678268335,2.5963287539555204,0.0,1.6257848727449809e-06
2010-09-02,0.0002864026818174984,2.417520776566707e-06,0.0013492841313465897,3.376113513953831e-05,5.393572977532026,2.7667640453914637,-3.456411362821914e-09,1.5927557619799343e-06
2010-09-03,0.0002786385956254413,2.417520776566707e-06,0.001331318234141732,3.376113513953831e-05,5.393769144516695,2.7667640453914637,0.0,1.5543955877596438e-06
2010-09-07,0.0002786385956254413,4.123690223228616e-06,0.001331318234141732,5.421361060457828e-05,5.39364231312442,2.655832290235867,1.7061694466619086e-06,1.5262431024766409e-06
2010-09-08,0.0002786385956254413,3.5800611236392964e-06,0.001331318234141732,5.0139351031105946e-05,5.398306556271884,2.672116763145153,-5.436290995893193e-07,1.4862716329021774e-06
2010-09-09,0.0002786385956254413,3.7829731640562126e-06,0.001331318234141732,5.1412996801249935e-05,5.398372689480996,2.676858186715226,2.0291204041691623e-07,1.4406375983777992e-06
2010-09-10,0.0002786385956254413,2.14856806216971e-06,0.001331318234141732,3.0710506981578554e-05,5.394129799256084,2.7854992791410105,-1.6344051018865027e-06,1.4434728419495011e-06
2010-09-13,0.00027719278397286644,2.14856806216971e-06,0.001328019071565444,3.0710506981578554e-05,5.40698383912131,2.7854992791410105,0.0,1.4462937056896324e-06
2010-09-14,0.00027719278397286644,2.568669517319767e-06,0.001328019071565444,3.624417151462605e-05,5.414655957134631,2.7403525052670514,4.201014551500573e-07,1.4368265874472507e-06
2010-09-15,0.00027719278397286644,2.432295875840747e-06,0.001328019071565444,3.566663802630385e-05,5.408239596837391,2.6807334324412304,-1.3637364147902008e-07,1.4132874434308428e-06
2010-09-16,0.00027719278397286644,2.5578312134212324e-06,0.001328019071565444,3.6069912487653745e-05,5.406927054233644,2.8757770800254723,1.255353375804853e-07,1.325605548481973e-06
2010-09-17,0.00027719278397286644,2.6808113484571254e-06,0.001328019071565444,3.646357676572508e-05,5.401012006743247,3.048830679565075,1.22980135035893e-07,1.216339980193078e-06
2010-09-20,0.00026329925407236215,2.644258319360934e-06,0.001302381025120598,3.637790971065609e-05,5.40659958326977,2.918700397718552,-3.655302909619157e-08,1.0611739506125118e-06
2010-09-21,0.00026329925407236215,2.6430058687220596e-06,0.001302381025120598,3.6453533754846804e-05,5.399794379222682,2.904656792038181,-1.2524506388741585e-09,8.894988654826793e-07
2010-09-22,0.00028504268180783637,2.6430058687220596e-06,0.0013567045409755446,3.6453533754846804e-05,5.369913735578779,2.904656792038181,0.0,6.560711488349799e-07
2010-09-23,0.00028504268180783637,2.4245571569084154e-06,0.0013567045409755446,3.352776053483583e-05,5.377475782899638,2.925476953536464,-2.1844871181364427e-07,6.242146882841888e-07
2010-09-24,0.000254960908490046,2.5256651450746087e-06,0.001285050151655899,3.397655741314902e-05,5.397959329643975,2.9591000047840086,1.0110798816619331e-07,5.93873198385701e-07
2010-09-27,0.000254960908490046,2.362519595519299e-06,0.001285050151655899,3.270726107440492e-05,5.4013443045059235,2.9668402091326893,-1.6314554955530985e-07,5.634422804783944e-07
2010-09-28,0.000254960908490046,2.3916463099995894e-06,0.001285050151655899,3.2812712162536866e-05,5.404200886224171,3.002035322744119,2.912671448029054e-08,5.286484081927292e-07
2010-09-29,0.00025855619696221787,2.3398663953955013e-06,0.0012910247018392287,3.305491422353621e-05,5.405698377715246,2.8481948718399925,-5.177991460408808e-08,5.309393024031176e-07
2010-09-30,0.00027056613820652454,2.2014245127684852e-06,0.0013148762477542654,3.251986160123132e-05,5.389695357226532,2.9208034830157623,-1.3844188262701605e-07,5.384172499359814e-07
2010-10-01,0.00029084102314922864,2.2014245127684852e-06,0.0013571342395517886,3.251986160123132e-05,5.372534642859157,2.9208034830157623,0.0,5.454863941156887e-07
2010-10-04,0.00028801087410591076,1.5863875145121032e-06,0.0013510589399468446,2.33333511089221e-05,5.376672143121488,2.8996996550547465,-6.15036998256382e-07,5.929916157760558e-07
2010-10-05,0.00028565957048584466,1.5863875145121032e-06,0.001346654621888034,2.33333511089221e-05,5.3772929475560325,2.8996996550547465,0.0,5.161489485652902e-07
2010-10-06,0.00028565957048584466,1.2494538251875233e-06,0.001346654621888034,2.0358378119337995e-05,5.380593606932455,2.704484754982619,-3.369336893245799e-07,5.160238567855983e-07
2010-10-07,0.00028565957048584466,1.4613606641980547e-06,0.001346654621888034,2.3332616112834023e-05,5.375873453449804,2.799002787697097,2.1190683901053134e-07,4.324840596309782e-07
2010-10-08,0.00028565957048584466,1.4538867388924664e-06,0.001346654621888034,2.329814744946452e-05,5.363919768308475,2.817609302797884,-7.473925305588203e-09,4.667430633817776e-07
2010-10-11,0.00028565957048584466,1.4538867388924664e-06,0.001346654621888034,2.329814744946452e-05,5.364365699237857,2.817609302797884,0.0,4.961006012799521e-07
2010-10-12,0.0002716772760275425,1.4538867388924664e-06,0.0013193367609233943,2.329814744946452e-05,5.370366746754537,2.817609302797884,0.0,5.113899715717883e-07
2010-10-13,0.0002688791662235306,2.011968984896722e-06,0.0013148642303281897,3.302568826712923e-05,5.371433858638942,2.6467624173379596,5.580822460042557e-07,5.062612560165541e-07
2010-10-14,0.0002688791662235306,2.0583801343707237e-06,0.0013148642303281897,3.325206132943987e-05,5.381882818037313,2.7416552788296964,4.641114947400153e-08,4.943378164401256e-07
2010-10-15,0.00027710088288537463,1.7432797145790626e-06,0.0013292130601368988,2.828513297791461e-05,5.379964825535534,2.791904592224714,-3.15100419791661e-07,4.773984972492793e-07
2010-10-18,0.00027710088288537463,1.677753070103632e-06,0.0013292130601368988,2.9636155902258373e-05,5.382228636651965,2.718498467500154,-6.552664447543063e-08,4.596628552609977e-07
2010-10-19,0.00027710088288537463,2.1722561459492575e-06,0.0013292130601368988,3.266454927739886e-05,5.396065639316624,2.947458762056794,4.945030758456255e-07,4.349641601760446e-07
2010-10-20,0.00027710088288537463,2.1722561459492575e-06,0.0013292130601368988,3.266454927739886e-05,5.3948566271947636,2.947458762056794,0.0,4.073467283243532e-07
2010-10-21,0.0001385960602551492,2.1722561459492575e-06,0.0007073585697891094,3.266454927739886e-05,5.481685288646138,2.947458762056794,0.0,3.94822007326544e-07
2010-10-22,0.0001385960602551492,1.087908265166134e-06,0.0007073585697891094,1.823970746537971e-05,5.482416243732192,2.859348851241845,-1.0843478807831234e-06,4.0821544921010943e-07
2010-10-25,0.0001385960602551492,1.0020381550436865e-06,0.0007073585697891094,1.7551944386057608e-05,5.4839608407386,2.838146163350406,-8.58701101224476e-08,4.2968536092250716e-07
2010-10-26,0.0001385960602551492,1.0020381550436865e-06,0.0007073585697891094,1.7551944386057608e-05,5.478827486321244,2.9033975292672896,0.0,4.368264617806935e-07
2010-10-27,0.0001417703216080209,1.041391981515042e-06,0.0007175585549530238,1.7959968616455922e-05,5.472253776572881,2.895334394024093,3.935382647135541e-08,4.3389321348633576e-07
2010-10-28,0.0001417703216080209,1.005397335862441e-06,0.0007175585549530238,1.7666852443561465e-05,5.465319123187538,2.9478929393636246,-3.5994645652600884e-08,4.347873830980463e-07
2010-10-29,0.0001417703216080209,1.3419389672608229e-06,0.0007175585549530238,2.0954085835882638e-05,5.463014332600133,3.1973457173021216,3.3654163139838184e-07,4.119772579582771e-07
2010-11-01,0.0001417703216080209,1.1013490621352985e-06,0.0007175585549530238,1.9105137988807915e-05,5.45693109500845,2.9217889252919425,-2.4058990512552434e-07,4.23026931659553e-07
2010-11-02,0.0001417703216080209,1.1786937360807303e-06,0.0007175585549530238,1.9482232364453112e-05,5.456152050684802,3.095437192460908,7.734467394543175e-08,4.290566596594158e-07
2010-11-03,0.000131746865864322,4.7270176656142026e-07,0.0006822444250489881,9.82697026242309e-06,5.46043966145808,2.749209068244482,-7.059919695193101e-07,4.838324539891465e-07
2010-11-04,0.000131746865864322,4.7270176656142026e-07,0.0006822444250489881,9.82697026242309e-06,5.4607805402863265,2.749209068244482,0.0,5.311498473991729e-07
2010-11-05,0.000131746865864322,4.502221875777274e-07,0.0006822444250489881,9.70614696527006e-06,5.455548950546957,2.544721450381012,-2.247957898369285e-08,5.720100683549489e-07
2010-11-08,0.00013397398489690008,9.027511745482542e-07,0.0006895859243232942,1.6423228405460596e-05,5.447288330113223,2.8816856982926824,4.525289869705268e-07,5.801429670056964e-07
2010-11-09,0.00013397398489690008,9.027511745482542e-07,0.0006895859243232942,1.6423228405460596e-05,5.449948186535737,2.8816856982926824,0.0,5.868027945255465e-07
2010-11-10,0.00013397398489690008,1.1361241152588687e-06,0.0006895859243232942,1.8577887163098127e-05,5.452489551182949,3.050612521668183,2.3337294071061443e-07,5.629522079989341e-07
2010-11-11,0.00011391140637487438,1.1361241152588687e-06,0.0006029657574889164,1.8577887163098127e-05,5.474533105980259,3.050612521668183,0.0,5.304931521080473e-07
2010-11-12,0.00011391140637487438,9.852160208288793e-07,0.0006029657574889164,1.755217433327249e-05,5.480034762480258,2.866653184352135,-1.5090809442998933e-07,5.171946908032657e-07
2010-11-15,0.00010835200896583851,8.28856184270159e-07,0.0005824259713643686,1.5427945325639545e-05,5.483064557347086,2.8105685087072394,-1.563598365587203e-07,5.081456804597561e-07
2010-11-16,0.00011344667524923675,8.28856184270159e-07,0.0006032465040045526,1.5427945325639545e-05,5.475387417674483,2.8105685087072394,0.0,4.4812337289504687e-07
2010-11-17,0.00011344667524923675,9.027684220496905e-07,0.0006032465040045526,1.5952210038502798e-05,5.472926254029222,2.887387975063932,7.391223777953148e-08,3.645648661027644e-07
2010-11-18,0.00011643684669908718,1.4837612416736891e-06,0.0006136668782362666,2.409933258755536e-05,5.468920136762003,2.82100541040968,5.809928196239986e-07,2.673538525281865e-07
2010-11-19,0.00011643684669908718,1.4350097422617321e-06,0.0006136668782362666,2.388350493267245e-05,5.464996507741247,2.794348103558568,-4.875149941195701e-08,2.864598903910968e-07
2010-11-22,0.00012704794018943196,8.110619931298172e-07,0.000658069481434304,1.547551590677759e-05,5.4591433624958885,2.703580689263307,-6.23947749131915e-07,2.888781444400392e-07
2010-11-23,0.00012704794018943196,8.535177186140411e-07,0.000658069481434304,1.6046745400345914e-05,5.463830451192664,2.5205010375163517,4.245572548422399e-08,2.899448804020873e-07
2010-11-24,0.0001259346533149677,8.042754343801109e-07,0.00065461465364464,1.5810388204348756e-05,5.475329269433094,2.247448101369336,-4.9242284233930234e-08,2.914388137687618e-07
2010-11-26,0.0001259346533149677,1.736945750989996e-06,0.00065461465364464,2.9139071996618553e-05,5.481773044004332,2.4045291230261165,9.326703166098851e-07,3.403371904955605e-07
2010-11-29,0.0001259346533149677,1.8811893371623066e-06,0.00065461465364464,2.9774823064568527e-05,5.482440520568406,2.6078265515538406,1.442435861723106e-07,3.878707116193115e-07
2010-11-30,0.00013007183743151839,2.2365515119224204e-06,0.0006695259274106799,3.209884711117987e-05,5.476886982938551,2.780510107295268,3.5536217476011384e-07,4.745177131946343e-07
2010-12-01,0.00012649293524956233,1.4921078043232043e-06,0.0006562079013290692,2.5168646375468195e-05,5.475011431059562,2.546617674230321,-7.444437075992162e-07,4.833200554233821e-07
2010-12-02,0.00012138074448312392,1.192701249767089e-06,0.0006340423420041389,2.0384288803178312e-05,5.4786748616488525,2.5635203243838336,-2.9940655455611535e-07,4.6142149777058165e-07
2010-12-03,0.00012138074448312392,5.332890026477081e-07,0.0006340423420041389,1.2602610354610204e-05,5.461490792673514,2.124324638990681,-6.594122471193809e-07,4.571014024133358e-07
2010-12-06,0.00012138074448312392,5.332890026477081e-07,0.0006340423420041389,1.2602610354610204e-05,5.458636988538757,2.124324638990681,0.0,4.5096743133639534e-07
2010-12-07,0.00012138074448312392,5.61632508155427e-07,0.0006340423420041389,1.2831832372088264e-05,5.442876673166522,2.1894322079465725,2.8343505507718917e-08,4.662406912078476e-07
2010-12-08,0.00012138074448312392,1.427466243992016e-06,0.0006340423420041389,2.6493298091587545e-05,5.44402543007767,2.2609093385573646,8.658337358365889e-07,4.6849728276080704e-07
2010-12-09,0.00012138074448312392,1.126085621995617e-06,0.0006340423420041389,2.4334018255514773e-05,5.4400615033954205,2.157510321592325,-3.0138062199639884e-07,4.685070729366794e-07
2010-12-10,0.00012138074448312392,1.1578109219466803e-06,0.0006340423420041389,2.4450466307794435e-05,5.438237796679938,2.200673199886509,3.172529995106323e-08,4.6852385878202336e-07
2010-12-13,0.00012138074448312392,1.2405002079565831e-06,0.0006340423420041389,2.4769126672420257e-05,5.4414982700447485,2.4342389330710557,8.268928600990283e-08,4.6754368689530016e-07
2010-12-14,0.00012490171622264954,1.063041912264667e-06,0.0006467668031355158,2.032908774511805e-05,5.430575497727299,2.7380701363220594,-1.7745829569191624e-07,4.6188664692444395e-07
2010-12-15,0.00012490171622264954,9.391229078459462e-07,0.0006467668031355158,1.9604086891416656e-05,5.435141868854818,2.5039254024110127,-1.2391900441872068e-07,4.5830612306465746e-07
2010-12-16,0.00012490171622264954,9.391229078459462e-07,0.0006467668031355158,1.9604086891416656e-05,5.424311879682442,2.5039254024110127,0.0,4.5725881687913534e-07
2010-12-17,0.00012490171622264954,1.1205271897144951e-06,0.0006467668031355158,2.0909800064150427e-05,5.4133752063059575,2.7243581397324297,1.814042818685489e-07,4.5141837569878835e-07
2010-12-20,0.00012490171622264954,9.966511225481405e-07,0.0006467668031355158,1.7920254500460285e-05,5.408073715156703,2.8311063276545942,-1.2387606716635462e-07,4.4769625638095364e-07
2010-12-21,0.00012490171622264954,6.113193761936774e-07,0.0006467668031355158,1.1321676965514215e-05,5.403037625467114,3.012653190386523,-3.8533174635446307e-07,4.5736411288384283e-07
2010-12-22,0.00012720140446156886,5.504994197135591e-07,0.0006559349121350756,1.0646524484354603e-05,5.394156788725615,3.066261769334196,-6.081995648011838e-08,4.7153793541031486e-07
2010-12-23,0.0001283895026635797,5.674312087260134e-07,0.0006601041899763955,1.0907716300328665e-05,5.376769867580252,3.061345520830576,1.693178901245436e-08,4.823952205770147e-07
2010-12-27,0.0001283895026635797,5.227390559696469e-07,0.0006601041899763955,1.0653179691941234e-05,5.374518159493029,2.983072232759922,-4.4692152756366524e-08,4.737285336721765e-07
2010-12-28,0.00012169749145103091,7.237826854560858e-07,0.0006343576203071938,1.544483650615236e-05,5.382185416511377,2.676162145730851,2.0104362948643889e-07,4.338927205447367e-07
2010-12-29,0.00012169749145103091,7.821068971384395e-07,0.0006343576203071938,1.5571001822424858e-05,5.372365831664348,2.8081097743326513,5.832421168235374e-08,3.180622510752254e-07
2010-12-30,0.00012169749145103091,7.542719745955255e-07,0.0006343576203071938,1.5044071628507159e-05,5.366163469718354,2.758374915299577,-2.7834922542914045e-08,2.875968004356474e-07
2010-12-31,0.000123020076120969,7.542719745955255e-07,0.0006391819488527893,1.5044071628507159e-05,5.352188691403984,2.7891766208757574,0.0,2.7802787200263927e-07
2011-01-03,0.00011274770109555525,1.6132717441638637e-06,0.0005987047833425253,2.7543823085042547e-05,5.365301216177395,2.818191944697165,8.589997695683382e-07,3.164701817450332e-07
2011-01-04,0.00011274770109555525,2.777570717600294e-06,0.0005987047833425253,4.064312677118139e-05,5.359663043434758,2.7401131186873653,1.1642989734364301e-06,5.153051093245558e-07
2011-01-05,0.00011274770109555525,2.777570717600294e-06,0.0005987047833425253,4.064312677118139e-05,5.356058243753913,2.6611347334763584,0.0,6.372855697647926e-07
2011-01-06,0.00011274770109555525,2.5635854821413804e-06,0.0005987047833425253,3.977208203311514e-05,5.350326651224417,2.453814727558373,-2.1398523545891345e-07,7.12159761694493e-07
2011-01-07,0.00011274770109555525,2.250299129634119e-06,0.0005987047833425253,3.826084361493886e-05,5.3562853877609236,2.4034390679145603,-3.1328635250726143e-07,7.510625363404417e-07
2011-01-10,0.00011274770109555525,2.269283580000035e-06,0.0005987047833425253,3.831549725394967e-05,5.349652095634397,2.385511240802832,1.898445036591598e-08,7.85366441288418e-07
2011-01-11,0.00011274770109555525,2.2792223610751503e-06,0.0005987047833425253,3.832151693617598e-05,5.344501952229607,2.4073430475028847,9.938781075115378e-09,8.156240499449808e-07
2011-01-12,0.0001094583848397005,2.311834726026468e-06,0.0005860993961690051,3.858445183559852e-05,5.35723522021056,2.445541216760815,3.2612364951317815e-08,8.405022678009092e-07
2011-01-13,0.0001094583848397005,1.4287476644308601e-06,0.0005860993961690051,3.0606942575822506e-05,5.336339592189183,2.0290721382103523,-8.83087061595608e-07,8.333115119305194e-07
2011-01-14,0.0001094583848397005,1.3433460767338378e-06,0.0005860993961690051,3.0277600912339912e-05,5.341761580116306,1.8248428194586772,-8.540158769702235e-08,8.256534986482628e-07
2011-01-18,0.00012013319891095635,1.3433460767338378e-06,0.0006300297366239971,3.0277600912339912e-05,5.331705559698232,1.8248428194586772,0.0,8.224721320561918e-07
2011-01-19,0.0001339054694739089,1.3819698764712788e-06,0.0006836355159320846,3.0389455636027216e-05,5.322130018326484,1.9953025349337568,3.8623799737441046e-08,8.155045489280141e-07
2011-01-20,0.0001337928667214583,2.366294291637801e-07,0.0006832767318211164,6.476666021106778e-06,5.3353028077616615,2.2164685670873245,-1.1453404473074987e-06,8.404413906694725e-07
2011-01-21,0.0001507781863576083,3.6243274246700764e-07,0.0007522138417066055,8.534839495391554e-06,5.324030352270456,2.4710757050096834,1.2580331330322753e-07,8.521423376370857e-07
2011-01-24,0.0001507781863576083,3.6243274246700764e-07,0.0007522138417066055,8.534839495391554e-06,5.329491212090376,2.4710757050096834,0.0,8.644881202440016e-07
2011-01-25,0.0001507781863576083,3.6243274246700764e-07,0.0007522138417066055,8.534839495391554e-06,5.313514054878661,2.4710757050096834,0.0,8.741484209927314e-07
2011-01-26,0.00019942047439192192,1.9893822791055193e-06,0.0009539205608395692,3.977221944526239e-05,5.274973881764736,1.9391070886177586,1.6269495366385116e-06,8.658044271626683e-07
2011-01-27,0.00019942047439192192,2.154874490432252e-06,0.0009539205608395692,4.0239114296440055e-05,5.279272597134014,2.301158246462094,1.6549221132673254e-07,8.605286207548251e-07
2011-01-28,0.00025178778858839565,7.635638722801771e-07,0.0011428122099945927,1.5110972014000851e-05,5.236365291301517,2.6351206395161078,-1.3913106181520747e-06,8.600697849813033e-07
2011-01-31,0.00025178778858839565,7.854423202110146e-07,0.0011428122099945927,1.5155737726302406e-05,5.249804422553915,2.8183119457906836,2.1878447930837447e-08,8.585477663489869e-07
2011-02-01,0.000252535391026596,7.854423202110146e-07,0.0011446040231502471,1.5155737726302406e-05,5.23905677772928,2.8183119457906836,0.0,8.760207401392592e-07
2011-02-02,0.000252535391026596,7.622119369246802e-07,0.0011446040231502471,1.5108197893919654e-05,5.236834162107445,2.6474164477353246,-2.3230383286334343e-08,8.396926167037382e-07
2011-02-03,0.000252535391026596,7.035003387492961e-07,0.0011446040231502471,1.4753208130557965e-05,5.227930404148031,2.407761826765486,-5.87115981753841e-08,7.905870611879005e-07
2011-02-04,0.00022913494037669563,6.989110721506041e-07,0.0010866508692828154,1.4661353150109517e-05,5.240936658878715,2.600699189134813,-4.589266598692047e-09,7.451026492501826e-07
2011-02-07,0.00022992112946069752,6.989110721506041e-07,0.0010888667323598912,1.4661353150109517e-05,5.237482118016301,2.600699189134813,0.0,7.13230421851284e-07
2011-02-08,0.00022992112946069752,6.770326242197666e-07,0.0010888667323598912,1.4615073224985128e-05,5.236241356011657,2.3866215910038098,-2.1878447930837447e-08,6.69375302270616e-07
2011-02-09,0.00022992112946069752,6.83413623556756e-07,0.0010888667323598912,1.4644804027877167e-05,5.23334413713333,2.4134106757599203,6.380999336989364e-09,6.103560674350695e-07
2011-02-10,0.00022992112946069752,5.682355394808148e-07,0.0010888667323598912,1.3742587021873065e-05,5.2104209856832036,2.1134754938747564,-1.1517808407594115e-07,5.312864013914126e-07
2011-02-11,0.0002088985078867628,5.682355394808148e-07,0.00104359389259616,1.3742587021873065e-05,5.216311739497625,2.1134754938747564,0.0,5.213569370104234e-07
2011-02-14,0.00022409059204028255,5.682355394808148e-07,0.0010806468652386069,1.3742587021873065e-05,5.181384580643017,2.1134754938747564,0.0,5.123923267768631e-07
2011-02-15,0.00022409059204028255,5.682355394808148e-07,0.0010806468652386069,1.3742587021873065e-05,5.1819744604195295,2.1134754938747564,0.0,5.001166376802675e-07
2011-02-16,0.00022409059204028255,5.682355394808148e-07,0.0010806468652386069,1.3742587021873065e-05,5.1699882971858795,2.1134754938747564,0.0,4.816757301746672e-07
2011-02-17,0.00022409059204028255,5.682355394808148e-07,0.0010806468652386069,1.3742587021873065e-05,5.188168475456862,2.1134754938747564,0.0,4.68850421573212e-07
2011-02-18,0.00022409059204028255,4.003769242101525e-07,0.0010806468652386069,1.0751918329817772e-05,5.186490553741402,1.8367065270556262,-1.6785861527066236e-07,4.672310917675843e-07
2011-02-22,0.00022409059204028255,4.003769242101525e-07,0.0010806468652386069,1.0751918329817772e-05,5.199190681628754,1.8367065270556262,0.0,4.655979926182924e-07
2011-02-23,0.00022077236580379363,4.003769242101525e-07,0.0010305608253267354,1.0751918329817772e-05,5.221956182742916,1.8367065270556262,0.0,4.639509787218285e-07
2011-02-24,0.00022077236580379363,3.825910733579539e-07,0.0010305608253267354,1.0682993853212712e-05,5.231261589736334,1.480548592351737,-1.778585085219856e-08,3.7062686609703344e-07
2011-02-25,0.00021842154405599324,2.0703184739752606e-07,0.0010235384023997496,7.190514628704883e-06,5.242864566144631,0.9348758735492474,-1.7555922596042785e-07,1.604915739183286e-07
2011-02-28,0.00021842154405599324,2.0703184739752606e-07,0.0010235384023997496,7.190514628704883e-06,5.2441802861385485,0.9348758735492474,0.0,1.7594001595252092e-07
2011-03-01,0.0001805459675945365,2.0703184739752606e-07,0.0008535453235427062,7.190514628704883e-06,5.291552525724023,0.9348758735492474,0.0,1.8429047826409138e-07
2011-03-02,0.0001805459675945365,3.5328970785276403e-07,0.0008535453235427062,9.284004127816623e-06,5.297410058367621,1.8393653489966262,1.4625786045523797e-07,1.7814198633927112e-07
2011-03-03,0.0001805459675945365,3.5328970785276403e-07,0.0008535453235427062,9.284004127816623e-06,5.309743099212678,1.8393653489966262,0.0,1.709409902387313e-07
2011-03-04,0.0001805459675945365,3.5328970785276403e-07,0.0008535453235427062,9.284004127816623e-06,5.335729550959041,1.8393653489966262,0.0,1.6568207440861348e-07
2011-03-07,0.00016919245411176783,2.3310494093802045e-07,0.0008117572597342202,6.977037917316533e-06,5.349266477502307,1.8998365261520003,-1.2018476691474358e-07,1.647866876532804e-07
2011-03-08,0.00015226268496499362,2.3310494093802045e-07,0.0007548871010462974,6.977037917316533e-06,5.371654684220201,1.8694944325874003,0.0,1.6036452082350634e-07
2011-03-09,0.00015226268496499362,2.3310494093802045e-07,0.0007548871010462974,6.977037917316533e-06,5.389930835693192,1.8694944325874003,0.0,1.5425577655163874e-07
2011-03-10,0.00014531566787104596,2.3310494093802045e-07,0.0007316837260488237,6.977037917316533e-06,5.3915620137348235,1.8694944325874003,0.0,1.4364665229459755e-07
2011-03-11,0.00014531566787104596,1.511296990324822e-07,0.0007316837260488237,5.978632592120378e-06,5.403736673168091,0.9270179107265824,-8.197524190553825e-08,1.451994850101209e-07
2011-03-14,0.00014531566787104596,1.511296990324822e-07,0.0007316837260488237,5.978632592120378e-06,5.416260862365406,0.9270179107265824,0.0,1.4358185913611826e-07
2011-03-15,0.00013697739507834272,6.60122015611054e-07,0.0006980244478809303,1.6647573731513485e-05,5.418108856215492,1.339789819872903,5.089923165785718e-07,1.525085322784607e-07
2011-03-16,0.00016409086043323352,6.60122015611054e-07,0.0007936813583812905,1.6647573731513485e-05,5.386888186961905,1.339789819872903,0.0,1.6080272716944526e-07
2011-03-17,0.00016409086043323352,6.60122015611054e-07,0.0007936813583812905,1.6647573731513485e-05,5.383146773186984,1.339789819872903,0.0,1.6855783640989926e-07
2011-03-18,0.00016409086043323352,6.60122015611054e-07,0.0007936813583812905,1.6647573731513485e-05,5.393961714535472,1.339789819872903,0.0,1.7584519859210327e-07
2011-03-21,0.00016409086043323352,6.60122015611054e-07,0.0007936813583812905,1.6647573731513485e-05,5.387043837657618,1.339789819872903,0.0,1.883642839363815e-07
2011-03-22,0.00016409086043323352,6.60122015611054e-07,0.0007936813583812905,1.6647573731513485e-05,5.381140077710426,1.339789819872903,0.0,1.9921240143812961e-07
2011-03-23,0.00016409086043323352,6.431758492966485e-07,0.0007936813583812905,1.660724317070894e-05,5.3818470052447545,0.9144577557836101,-1.6946166314405466e-08,2.0755264590107544e-07
2011-03-24,0.00016409086043323352,9.82379232850692e-07,0.0007936813583812905,2.1494893085272542e-05,5.389143569554756,0.9996099281109784,3.3920338355404357e-07,2.455100469871974e-07
2011-03-25,0.00016409086043323352,1.569677371437824e-06,0.0007936813583812905,3.0918956633508355e-05,5.382358704748127,1.273424332841677,5.87298138587132e-07,3.490514500511568e-07
2011-03-28,0.00016409086043323352,1.586307718106342e-06,0.0007936813583812905,3.093983742943323e-05,5.3834835817803715,1.4760428300807606,1.6630346668517943e-08,4.188137406181682e-07
2011-03-29,0.00016409086043323352,1.586307718106342e-06,0.0007936813583812905,3.093983742943323e-05,5.3851383464840294,1.4760428300807606,0.0,4.6793198453895217e-07
2011-03-30,0.00016409086043323352,1.6174398625366093e-06,0.0007936813583812905,3.101290143127858e-05,5.386814303710148,1.7531021669985194,3.113214443026726e-08,5.117507543069193e-07
2011-03-31,0.00015367724043558029,1.6343860288510147e-06,0.0007572358808488392,3.103451692231281e-05,5.397859609170806,1.9537650713119419,1.6946166314405466e-08,5.458521783162751e-07
2011-04-01,0.00015367724043558029,2.6823337832318763e-07,0.0007572358808488392,7.702890094246635e-06,5.393549875267716,2.3954117580793794,-1.366152650527827e-06,5.494939220755753e-07
2011-04-04,0.00015367724043558029,2.9062827777915374e-07,0.0007572358808488392,7.853459395757679e-06,5.387197512639814,2.6407011352664287,2.2394899455966108e-08,5.467668122516262e-07
2011-04-05,0.0001564842635599169,3.020253491673481e-07,0.0007663813905948294,8.0416125510093e-06,5.370001210769854,2.645534118418974,1.1397071388194378e-08,5.434982975853603e-07
2011-04-06,0.0001564842635599169,5.76325917348406e-07,0.0007663813905948294,1.2556488967796137e-05,5.363440638038061,2.815386383135973,2.743005681810579e-07,5.312502763202367e-07
2011-04-07,0.0001564842635599169,5.76325917348406e-07,0.0007663813905948294,1.2556488967796137e-05,5.358552996127749,2.815386383135973,0.0,5.1811515065781e-07
2011-04-08,0.0001564842635599169,1.3950734887580983e-06,0.0007663813905948294,2.836583088931901e-05,5.363628365586554,2.6993962246919434,8.187475714096922e-07,5.113987261137795e-07
2011-04-11,0.0001566807147197824,1.3950734887580983e-06,0.0007670176692927036,2.836583088931901e-05,5.354218298447177,2.6993962246919434,0.0,4.964572635451714e-07
2011-04-12,0.00015747806150138215,3.2918157362279164e-07,0.0007697408476958177,8.212014989222042e-06,5.363989556135292,2.931137959026383,-1.0658919151353066e-06,5.108534537594409e-07
2011-04-13,0.0001616122637876685,3.7978866890155596e-07,0.000784029364352061,8.967906692954572e-06,5.360096240743571,2.9264817273660935,5.060709527876431e-08,5.215913313714513e-07
2011-04-14,0.0001616122637876685,4.170311358471043e-07,0.000784029364352061,9.353798338323314e-06,5.344490173632489,2.921771126039912,3.7242466945548365e-08,5.299619177114361e-07
2011-04-15,0.0001616122637876685,7.291405720366018e-07,0.000784029364352061,1.7361531665665986e-05,5.339019341985997,2.536976994993437,3.121094361894975e-07,5.287020912788533e-07
2011-04-18,0.0001544943242312107,3.67569659010388e-07,0.0007587078644277649,8.905129587797168e-06,5.358700862621921,2.761572527674544,-3.615709130262138e-07,5.390495831635036e-07
2011-04-19,0.0001544943242312107,4.2924575037736075e-07,0.0007587078644277649,1.0251749843697395e-05,5.359948135692356,2.742365996712296,6.167609136697275e-08,5.461009729743161e-07
2011-04-20,0.0001544943242312107,3.967987679888347e-07,0.0007587078644277649,1.0115638573322025e-05,5.363435515559937,2.3880755140018612,-3.244698238852603e-08,5.538256833060534e-07
2011-04-21,0.0001544943242312107,5.209188304201054e-07,0.0007587078644277649,1.137846223320733e-05,5.36950864688044,2.642656696332577,1.2412006243127073e-07,5.572471805655839e-07
2011-04-25,0.0001544943242312107,5.209188304201054e-07,0.0007587078644277649,1.137846223320733e-05,5.392326251747423,2.642656696332577,0.0,5.315811582210507e-07
2011-04-26,0.0001503134850041265,6.358000068017467e-07,0.0007448360329338683,1.3389775294902215e-05,5.406232158981552,2.608232966447519,1.1488117638164124e-07,4.95651856377627e-07
2011-04-27,0.0001503134850041265,7.796686021754077e-07,0.0007448360329338683,1.4504179166935327e-05,5.416377706781642,2.86242666619056,1.4386859537366098e-07,4.522294708925139e-07
2011-04-28,0.0001503134850041265,7.795871726344067e-07,0.0007448360329338683,1.416858713744682e-05,5.416003154573344,3.042039992503312,-8.142954100098265e-11,3.9593481130684685e-07
2011-04-29,0.0001503134850041265,5.905230939269706e-07,0.0007448360329338683,1.2616492360066154e-05,5.415133500823797,2.873595651216289,-1.8906407870743604e-07,3.1869161642443353e-07
2011-05-02,0.0001503134850041265,4.136690259568316e-07,0.0007448360329338683,1.0204603310261413e-05,5.424393961932843,2.6997759457856056,-1.7685406797013906e-07,3.127106569439205e-07
2011-05-03,0.0001503134850041265,4.015045152842199e-07,0.0007448360329338683,1.001341123989123e-05,5.427333461596407,2.628130821077372,-1.2164510672611684e-08,3.0804845272180924e-07
2011-05-04,0.00013952160847688176,4.015045152842199e-07,0.0007093825247157079,1.001341123989123e-05,5.447996130958042,2.55503548886653,0.0,3.0381217074988944e-07
2011-05-05,0.00013952160847688176,9.677763776122293e-07,0.0007093825247157079,2.020695168083068e-05,5.449475597748362,2.3631921852448725,5.662718623280095e-07,3.1450685649051165e-07
2011-05-06,0.00013952160847688176,9.401284201193069e-07,0.0007093825247157079,2.017441923100187e-05,5.43772448522008,2.1919211715217046,-2.764795749292242e-08,3.2219215867316127e-07
2011-05-09,0.0001502611534140757,1.2676344515991588e-06,0.0007748880337965883,2.436852207191943e-05,5.431676505922816,2.335878090732107,3.275060314798519e-07,3.0738361198161093e-07
2011-05-10,0.0001502611534140757,1.2798518406305318e-06,0.0007748880337965883,2.4382821415814627e-05,5.432441414807456,2.5055612632913427,1.221738903137298e-08,2.931001643030059e-07
2011-05-11,0.0001973413794613835,1.2798518406305318e-06,0.0009527932324941911,2.4382821415814627e-05,5.385087832004312,2.5055612632913427,0.0,3.1820168285287725e-07
2011-05-12,0.0001973413794613835,8.537208596944723e-07,0.0009527932324941911,1.945833344949172e-05,5.371875571732076,2.0974895588077596,-4.2613098093605947e-07,3.126631193799062e-07
2011-05-13,0.0001973413794613835,8.537208596944723e-07,0.0009527932324941911,1.945833344949172e-05,5.36924127447371,2.0974895588077596,0.0,3.0716153730207855e-07
2011-05-16,0.00019832118475591724,1.1220718465521886e-06,0.0009546160916696203,2.470724983045623e-05,5.368991739634303,2.1612061575833237,2.683509868577163e-07,3.2004110262272065e-07
2011-05-17,0.00019832118475591724,1.1220718465521886e-06,0.0009546160916696203,2.470724983045623e-05,5.373270900115074,2.1612061575833237,0.0,3.18278651049086e-07
2011-05-18,0.0001899645694008767,1.1098544575208156e-06,0.0009221959504213584,2.469313835782514e-05,5.36922438754926,1.9458849396938473,-1.221738903137298e-08,3.154168116193786e-07
2011-05-19,0.0001899645694008767,1.1174616686074698e-06,0.0009221959504213584,2.4698610311671792e-05,5.358410581748964,2.0521238223750635,7.607211086654165e-09,3.0654176586281046e-07
2011-05-20,0.00014396874720277805,3.989022892671512e-07,0.0007715393730886435,1.0381264024341884e-05,5.403418191080112,2.362334759402122,-7.185593793403185e-07,3.145029498873068e-07
2011-05-23,0.00014396874720277805,3.989022892671512e-07,0.0007715393730886435,1.0381264024341884e-05,5.405191174901677,2.362334759402122,0.0,3.2214592760343475e-07
2011-05-24,0.00014396874720277805,2.0889939679217055e-07,0.0007715393730886435,7.6435829620677e-06,5.400802772300931,1.737580786971523,-1.9000289247498068e-07,3.49103931923801e-07
2011-05-25,0.00014104641294966953,2.0889939679217055e-07,0.0007667496017774652,7.6435829620677e-06,5.397054905994107,1.737580786971523,0.0,3.7449571280346897e-07
2011-05-26,9.709903818026844e-05,2.0889939679217055e-07,0.0005915084291256533,7.6435829620677e-06,5.445097395909411,1.737580786971523,0.0,3.961137408016889e-07
2011-05-27,8.744175282719248e-05,2.0889939679217055e-07,0.0005605393956444912,7.6435829620677e-06,5.447183860240584,1.737580786971523,0.0,4.1338505590230754e-07
2011-05-31,6.524000739456697e-05,1.8970634577897464e-07,0.00041843389964710227,7.530202035351404e-06,5.477209963490145,1.2857454073625196,-1.9193051013195905e-08,4.254953081672909e-07
2011-06-01,0.00018613406077354553,1.8970634577897464e-07,0.0010687270061038084,7.530202035351404e-06,5.33671663679707,1.2857454073625196,0.0,4.365160318145509e-07
2011-06-02,0.00018613406077354553,1.8970634577897464e-07,0.0010687270061038084,7.530202035351404e-06,5.330809930676569,1.2857454073625196,0.0,4.470012724900575e-07
2011-06-03,0.00018468672962622295,1.8970634577897464e-07,0.0010666580591966375,7.530202035351404e-06,5.33574969688872,1.2857454073625196,0.0,4.567560558921298e-07
2011-06-06,0.00018468672962622295,1.8970634577897464e-07,0.0010666580591966375,7.530202035351404e-06,5.335884512365011,1.1593139485033985,0.0,4.638990274121919e-07
2011-06-07,0.00018468672962622295,1.9238646425521336e-07,0.0010666580591966375,7.532429203642285e-06,5.342875959384675,1.476697660360018,2.6801184762387153e-09,4.480773083675986e-07
2011-06-08,0.00018468672962622295,1.9238646425521336e-07,0.0010666580591966375,7.532429203642285e-06,5.343205611400357,1.476697660360018,0.0,4.234287224174679e-07
2011-06-09,0.00018468672962622295,2.5906567231892005e-07,0.0010666580591966375,9.153234776842043e-06,5.3434648858612555,1.3989728513204658,6.66792080637067e-08,3.871458586968869e-07
2011-06-10,0.00017096090421018663,1.0506628385857051e-08,0.0009853990490793095,5.513991188956793e-07,5.3584388722228065,1.773137658745234,-2.48559043933063e-07,3.89094256732236e-07
2011-06-13,0.00017096090421018663,4.0695727527281826e-08,0.0009853990490793095,1.6251156732026962e-06,5.3624779645821,2.039730174584999,3.018909914142477e-08,3.8473004980728767e-07
2011-06-14,0.00016381990310049434,3.3088516440627774e-08,0.0009648473634618214,1.5397180203414788e-06,5.386530051747317,1.923467691482225,-7.607211086654052e-09,3.5085414714237465e-07
2011-06-15,0.00012728112948494949,3.3088516440627774e-08,0.000757252577592029,1.5397180203414788e-06,5.434856991364367,1.923467691482225,0.0,3.0321371262478314e-07
2011-06-16,0.00012728112948494949,3.3088516440627774e-08,0.000757252577592029,1.5397180203414788e-06,5.444051643070575,1.923467691482225,0.0,2.3597371244544714e-07
2011-06-17,0.00012728112948494949,1.0188511898969073e-06,0.000757252577592029,2.4669381312725597e-05,5.453897985798668,1.512678912397236,9.857626734562795e-07,2.1657037783855508e-07
2011-06-20,0.00012728112948494949,1.0199983377592098e-06,0.000757252577592029,2.467008791870742e-05,5.447041365212334,1.30841579893574,1.1471478623025235e-09,2.7911137167768805e-07
2011-06-21,0.00012930743326905613,1.0231496241445578e-06,0.0007612595016560973,2.4671027885850897e-05,5.44483759830995,1.5009878769137186,3.1512863853480355e-09,3.272898041373822e-07
2011-06-22,0.00013336833198735222,1.3861651165632069e-06,0.0007711619629090837,2.758774756603094e-05,5.432094601062216,1.7968189931549625,3.6301549241864903e-07,4.090902404413071e-07
2011-06-23,0.0001351637916700041,1.4115172692033316e-06,0.0007753828476999825,2.7642097841250486e-05,5.430974482649928,1.9390766280637235,2.5352152640124685e-08,4.721875384170016e-07
2011-06-24,0.00013554577747637141,1.318849760361576e-06,0.0007761916601449737,2.7306542423012166e-05,5.427560908801364,1.5707461004384962,-9.266750884175557e-08,5.119709617791546e-07
2011-06-27,0.00013554577747637141,8.243397922292932e-07,0.0007761916601449737,1.6888970528666637e-05,5.4331834839329325,2.112362290834616,-4.945099681322828e-07,5.147925595196533e-07
2011-06-28,0.00013490093594457182,8.243397922292932e-07,0.0007747948400123269,1.6888970528666637e-05,5.432907602235984,2.112362290834616,0.0,5.150437136555062e-07
2011-06-29,0.00013490093594457182,8.624248274401618e-07,0.0007747948400123269,1.707785017181938e-05,5.432142607538683,2.1785834250539384,3.808503521086857e-08,5.143716784010847e-07
2011-06-30,0.00013490093594457182,7.989876395891685e-07,0.0007747948400123269,1.67998681012665e-05,5.4341085948267125,1.7479566486792062,-6.343718785099325e-08,5.097664825051025e-07
2011-07-01,0.00013490093594457182,7.989876395891685e-07,0.0007747948400123269,1.67998681012665e-05,5.427520308801269,1.7479566486792062,0.0,5.031815784675714e-07
2011-07-05,0.00013490093594457182,1.2594149265291424e-06,0.0007747948400123269,2.356121239228914e-05,5.444597931090443,2.1520549937506273,4.604272869399739e-07,5.125200803353851e-07
2011-07-06,0.00013490093594457182,1.2594149265291424e-06,0.0007747948400123269,2.356121239228914e-05,5.447934647651344,2.1520549937506273,0.0,5.160318023101103e-07
2011-07-07,0.00013490093594457182,1.7597304589594709e-06,0.0007747948400123269,2.971421035133809e-05,5.4392322127071475,2.059446881918739,5.003155324303284e-07,5.49545850062636e-07
2011-07-08,0.00013254856734968255,1.0048697505085855e-06,0.0007689408254195771,2.1439281236924874e-05,5.4398656687168545,1.7047462400373328,-7.548607084508853e-07,5.361350284956885e-07
2011-07-11,0.0001144048886003827,1.0048697505085855e-06,0.0006646719586926406,2.1439281236924874e-05,5.461964506482364,1.7047462400373328,0.0,5.004663271101429e-07
2011-07-12,0.0001144048886003827,7.738783513698921e-07,0.0006646719586926406,1.7846468241373512e-05,5.467384761432269,1.3502886954059765,-2.309913991386934e-07,4.6056721961477045e-07
2011-07-13,0.0001144048886003827,4.642676161057608e-07,0.0006646719586926406,1.4296181547623726e-05,5.458828600930286,0.6338896894279709,-3.0961073526413134e-07,4.2550219437216966e-07
2011-07-14,0.00011260942891773083,4.6920475829742286e-07,0.0006597431509328218,1.4300162496957623e-05,5.465271624112379,1.0629212859292647,4.937142191662061e-09,3.856737751707907e-07
2011-07-15,0.00011260942891773083,7.794266301042622e-07,0.0006597431509328218,1.801184907081809e-05,5.465024842232541,1.3504858239791862,3.102218718068393e-07,3.2143167593111783e-07
2011-07-18,0.00011260942891773083,7.794266301042622e-07,0.0006597431509328218,1.801184907081809e-05,5.464395172990612,1.393910150631017,0.0,3.252513255090327e-07
2011-07-19,0.00011436650174724871,7.755993637657207e-07,0.0006645526046257736,1.800994992694757e-05,5.469079518581369,1.0772976015180793,-3.827266338541477e-09,3.2868396432939834e-07
2011-07-20,0.00011511996696468188,7.755993637657207e-07,0.0006666704385378112,1.800994992694757e-05,5.468711597168928,1.0772976015180793,0.0,3.3157997260461314e-07
2011-07-21,0.00011652513004291479,6.823176422549175e-07,0.0006707394797152927,1.6631448284964038e-05,5.477057024122033,1.065304858960416,-9.328172151080321e-08,3.21912339867212e-07
2011-07-22,0.00011652513004291479,6.823176422549175e-07,0.0006707394797152927,1.6631448284964038e-05,5.477112664703068,1.065304858960416,0.0,3.0554760901928174e-07
2011-07-25,0.00011643764257828016,1.0636495042099651e-06,0.0006705338543826361,2.0569291530370173e-05,5.491847462920866,1.636042465634858,3.8133186195504766e-07,2.9193735305260216e-07
2011-07-26,0.00011643764257828016,1.910153145713488e-06,0.0006705338543826361,2.8235475045627828e-05,5.49554013211977,2.3272293280791123,8.46503641503523e-07,3.709030646483718e-07
2011-07-27,8.975179207060809e-05,1.910153145713488e-06,0.000513173167282449,2.8235475045627828e-05,5.51788892070257,2.3272293280791123,0.0,4.2860883651221685e-07
2011-07-28,8.975179207060809e-05,1.5978604233497468e-06,0.000513173167282449,2.4791180054655756e-05,5.516320585136387,2.325618663087754,-3.122927223637414e-07,4.4812475505945383e-07
2011-07-29,8.975179207060809e-05,1.940338612575753e-06,0.000513173167282449,3.098509215547712e-05,5.519446918047724,1.987588885386824,3.4247818922600626e-07,4.883596441523669e-07
2011-08-01,8.975179207060809e-05,1.4714784560852412e-06,0.000513173167282449,2.4978930837606603e-05,5.521867870967143,1.975272312969588,-4.6886015649051187e-07,4.908065849990362e-07
2011-08-02,9.534088647067663e-05,1.4714784560852412e-06,0.0005347190029357109,2.4978930837606603e-05,5.527582845419458,1.975272312969588,0.0,4.962780975268174e-07
2011-08-03,9.566153578090115e-05,1.4714784560852412e-06,0.000535907325662927,2.4978930837606603e-05,5.513841387874207,2.017411901265491,0.0,5.014539930346305e-07
2011-08-04,0.0006797951635997614,1.4714784560852412e-06,0.0031665689981583756,2.4978930837606603e-05,5.211349981868621,2.017411901265491,0.0,4.866091388763095e-07
2011-08-05,0.0006859118462840881,1.4714784560852412e-06,0.0031707658396379537,2.4978930837606603e-05,5.2201625775932525,2.017411901265491,0.0,4.917058205208486e-07
2011-08-08,0.0011614015402012842,1.4714784560852412e-06,0.004156297905623556,2.4978930837606603e-05,5.058216803270538,2.017411901265491,0.0,4.955954597282662e-07
2011-08-09,0.002214563723180917,1.514213746063961e-06,0.006373870980186133,2.5066257885837942e-05,4.8500503421465115,2.21894612255537,4.2735289978719923e-08,4.919563758564606e-07
2011-08-10,0.002042415578539262,1.5707866948959142e-06,0.006026893396903446,2.527376315057927e-05,4.921876574647794,2.4487634604267954,5.657294883195315e-08,4.6533377506732184e-07
2011-08-11,0.0017076649452406724,1.5707866948959142e-06,0.005062892161976056,2.527376315057927e-05,5.000633226108332,2.4487634604267954,0.0,4.30173062636392e-07
2011-08-12,0.0017076649452406724,1.3975484141504149e-06,0.005062892161976056,2.2788736180844132e-05,5.021798210190089,2.564956468378741,-1.7323828074549936e-07,4.111448970231631e-07
2011-08-15,0.0015557483649279748,1.0720391474088786e-06,0.00467140639842256,1.9868347719343055e-05,5.064761314180727,2.305517906303402,-3.255092667415363e-07,3.9464845310729584e-07
2011-08-16,0.0015557483649279748,1.0720391474088786e-06,0.00467140639842256,1.9868347719343055e-05,5.06832598068915,2.305517906303402,0.0,3.765123860449345e-07
2011-08-17,0.0015557483649279748,2.2524804020787274e-06,0.00467140639842256,4.013965063576267e-05,5.060874547700877,2.0906965354491733,1.1804412546698488e-06,3.9616621374538826e-07
2011-08-18,0.0015557483649279748,1.9342868817621204e-06,0.00467140639842256,3.864053297406977e-05,5.064696707146367,1.709289011960927,-3.181935203166069e-07,3.6567346989881864e-07
2011-08-19,0.0015557483649279748,1.9342868817621204e-06,0.00467140639842256,3.864053297406977e-05,5.064489933527595,1.709289011960927,0.0,3.1974503685848164e-07
2011-08-22,0.0015557483649279748,6.485876784418613e-07,0.00467140639842256,1.5385417596989878e-05,5.074604473029208,2.3695223266023753,-1.2856992033202591e-06,3.651626847616009e-07
2011-08-23,0.001296232760565914,2.2012193159267735e-06,0.0040442285476143276,4.303467574513673e-05,5.144615010862672,1.7810381417365237,1.5526316374849122e-06,3.8519832813197213e-07
2011-08-24,0.001296232760565914,2.5346258166781853e-06,0.0040442285476143276,4.462703721040224e-05,5.139143473305361,2.029528671191324,3.3340650075141174e-07,4.359886867674737e-07
2011-08-25,0.001296232760565914,2.5346258166781853e-06,0.0040442285476143276,4.462703721040224e-05,5.150575304771467,2.029528671191324,0.0,4.831217745045952e-07
2011-08-26,0.001296232760565914,2.5346258166781853e-06,0.0040442285476143276,4.462703721040224e-05,5.1543070320783935,2.029528671191324,0.0,5.188516409716102e-07
2011-08-29,0.0011474868654508179,1.6920161212300726e-06,0.0037734435316612966,3.097792856355275e-05,5.198802967888918,2.156545493123155,-8.426096954481127e-07,5.165239193535254e-07
2011-08-30,0.0011474868654508179,1.780855557562218e-06,0.0037734435316612966,3.131595643917946e-05,5.199302112650645,2.347581897801385,8.883943633214535e-08,5.142287295773944e-07
2011-08-31,0.0011474868654508179,1.7638579486150921e-06,0.0037734435316612966,3.129440504605791e-05,5.1968904045722,2.288956068890046,-1.6997608947125784e-08,5.113421779441237e-07
2011-09-01,0.0011474868654508179,1.7638579486150921e-06,0.0037734435316612966,3.129440504605791e-05,5.212197687767908,2.288956068890046,0.0,5.079965890373609e-07
2011-09-02,0.0011286086794567306,1.7638579486150921e-06,0.00372377738141748,3.129440504605791e-05,5.213797313461616,2.288956068890046,0.0,5.041828248856177e-07
2011-09-06,0.0011286086794567306,1.7638579486150921e-06,0.00372377738141748,3.129440504605791e-05,5.193126169101677,2.1961849268511777,0.0,4.998901701901971e-07
2011-09-07,0.0010807966015134393,1.4033179149443254e-06,0.003657032362920524,2.885348691197974e-05,5.212602621507409,1.8126259727534753,-3.605400336707667e-07,5.034211279924295e-07
2011-09-08,0.0010807966015134393,1.4033179149443254e-06,0.003657032362920524,2.885348691197974e-05,5.231351893968159,1.8126259727534753,0.0,5.080958840120695e-07
2011-09-09,0.0010807966015134393,1.3640769451576393e-06,0.003657032362920524,2.876282286745748e-05,5.234462046663737,1.3917392022429103,-3.924096978668613e-08,5.140247033901803e-07
2011-09-12,0.0010807966015134393,1.3677782135717283e-06,0.003657032362920524,2.876393505277254e-05,5.226655363929359,1.5857021607057153,3.701268414089004e-09,5.151128627400643e-07
2011-09-13,0.0010807966015134393,1.4016871506189624e-06,0.003657032362920524,2.885713012794011e-05,5.2192187569702275,1.8784795780307133,3.390893704723408e-08,4.976158303365879e-07
2011-09-14,0.0010807966015134393,2.302481001434079e-07,0.003657032362920524,7.767951475636391e-06,5.226929023540299,1.3336757289916905,-1.1714390504755545e-06,5.862052595029105e-07
2011-09-15,0.0010807966015134393,3.862161310488545e-07,0.003657032362920524,9.88395004709243e-06,5.238300227698366,1.8922190472191525,1.559680309054466e-07,6.418221707417614e-07
2011-09-16,0.0010807966015134393,1.099357390955151e-06,0.003657032362920524,2.2556221482611635e-05,5.238446766224992,1.8309654876073846,7.131412599062965e-07,6.47457248551926e-07
2011-09-19,0.0010807966015134393,1.1332640848526784e-06,0.003657032362920524,2.2675960862381084e-05,5.245585888209345,2.0729088080191302,3.390669389752737e-08,6.490709117733868e-07
2011-09-20,0.0010807966015134393,1.1332640848526784e-06,0.003657032362920524,2.2675960862381084e-05,5.242927018273208,2.0729088080191302,0.0,6.226020904478901e-07
2011-09-21,0.0010579116895094917,9.462075341942577e-07,0.0035964672131481136,2.1389876853332688e-05,5.255651449030787,1.684439524159542,-1.8705655065842064e-07,6.180989190202359e-07
2011-09-22,0.0009008411184162342,9.462075341942577e-07,0.0032133169553013427,2.1389876853332688e-05,5.301656242384104,1.684439524159542,0.0,5.789785308110125e-07
2011-09-23,0.0009008411184162342,1.368348754716377e-06,0.0032133169553013427,2.940931198732101e-05,5.302778663997537,1.5804147647905662,4.2214122052211923e-07,5.162022910172239e-07
2011-09-26,0.0009008411184162342,1.9029942033193652e-06,0.0032133169553013427,3.3565939406814146e-05,5.325609033525,1.991072998240623,5.346454486029882e-07,4.565834066841183e-07
2011-09-27,0.0009008411184162342,1.8821805467884635e-06,0.0032133169553013427,3.3535787904186214e-05,5.330659886689148,1.7786255722151039,-2.0813656530901683e-08,4.6637808570198243e-07
2011-09-28,0.0009008411184162342,4.023849201540414e-06,0.0032133169553013427,6.148594468597487e-05,5.3360160412927815,1.6475800979719795,2.1416686547519507e-06,7.570280346722549e-07
2011-09-29,0.0009008411184162342,4.023849201540414e-06,0.0032133169553013427,6.148594468597487e-05,5.355443325811761,1.6475800979719795,0.0,9.500349424102348e-07
2011-09-30,0.0009008411184162342,3.2922034215904553e-06,0.0032133169553013427,5.60342532195176e-05,5.357167727021303,1.6167834202730529,-7.316457799499589e-07,1.0253234118007984e-06
2011-10-03,0.0009429433481762667,3.239620103152932e-06,0.0032719044921635616,5.597177822649383e-05,5.351171859689938,1.3208333240467414,-5.258331843752341e-08,1.085883067504012e-06
2011-10-04,0.0009671347638932425,3.763846442784441e-06,0.0033042969199244196,5.819344879129453e-05,5.353614576473529,1.7881232808794993,5.242263396315092e-07,1.1786860743430754e-06
2011-10-05,0.0009671347638932425,4.238299409065401e-06,0.0033042969199244196,6.160864546750513e-05,5.357741231561962,1.806081831823797,4.744529662809597e-07,1.2915597077145082e-06
2011-10-06,0.0009671347638932425,1.5619853057104614e-06,0.0033042969199244196,2.9630865935274396e-05,5.355094075013346,1.474369144971513,-2.676314103354939e-06,1.2884611165842207e-06
2011-10-07,0.0009671347638932425,1.5619853057104614e-06,0.0033042969199244196,2.9630865935274396e-05,5.359367711409637,1.474369144971513,0.0,1.2843543194900434e-06
2011-10-10,0.0009671347638932425,1.5619853057104614e-06,0.0033042969199244196,2.9630865935274396e-05,5.377204343051054,1.474369144971513,0.0,1.2802480328052605e-06
2011-10-11,0.0009671347638932425,1.29556158578272e-06,0.0033042969199244196,2.5117181409322934e-05,5.372019039937237,1.5061468662556274,-2.664237199277413e-07,1.2830093801398462e-06
2011-10-12,0.0009671347638932425,1.1849161446833512e-06,0.0033042969199244196,2.383066701818007e-05,5.381032609357709,1.501661404010239,-1.1064544109936886e-07,1.2312150476319618e-06
2011-10-13,0.0009671347638932425,1.2331815657792024e-06,0.0033042969199244196,2.3991244325847e-05,5.393964787635777,1.83616378003209,4.8265421095851156e-08,1.1855158254667326e-06
2011-10-14,0.0010524632484890787,1.2331815657792024e-06,0.003590730252992771,2.3991244325847e-05,5.364552166827457,1.83616378003209,0.0,1.1801164637304245e-06
2011-10-17,0.0010524632484890787,1.2331815657792024e-06,0.003590730252992771,2.3991244325847e-05,5.371050806119807,1.83616378003209,0.0,1.176118638120801e-06
2011-10-18,0.0005503369715337585,1.2331815657792024e-06,0.0020211506477261997,2.3991244325847e-05,5.456306420275361,1.83616378003209,0.0,1.1720847619306589e-06
2011-10-19,0.0005503369715337585,1.2331815657792024e-06,0.0020211506477261997,2.3991244325847e-05,5.458975534020906,1.83616378003209,0.0,1.1590770291725896e-06
2011-10-20,0.0005660062308495853,1.3846705533118676e-06,0.002089717468161192,2.4849427308214727e-05,5.455513013724054,2.1766018874021644,1.5148898753266526e-07,1.1400825418551905e-06
2011-10-21,0.0005468896645365152,1.3846705533118676e-06,0.0020551382950045223,2.4849427308214727e-05,5.456103160073827,2.1766018874021644,0.0,1.1395199154859593e-06
2011-10-24,0.0005468896645365152,1.6397240755565014e-06,0.0020551382950045223,2.734626556567617e-05,5.461091602949392,2.190222143202168,2.5505352224463377e-07,1.143713229361522e-06
2011-10-25,0.0005798383175439244,1.793125666123124e-06,0.002133320562159635,2.8104110415083588e-05,5.455568787300057,2.4622076878238746,1.5340159056662262e-07,1.144820762094773e-06
2011-10-26,0.0005798383175439244,1.8228067539847592e-06,0.002133320562159635,2.817721442679048e-05,5.45828902053337,2.6216892646244276,2.968108786163517e-08,1.0528323717714657e-06
2011-10-27,0.0005798383175439244,1.0936805301898708e-06,0.002133320562159635,1.9450740973239138e-05,5.460119795287708,2.5922988100018736,-7.291262237948884e-07,9.550959937709905e-07
2011-10-28,0.00039980199945451793,5.962919032876452e-06,0.0015833216064181019,8.680850594809284e-05,5.503709581354177,2.3576358732123084,4.869238502686581e-06,1.294024403333335e-06
2011-10-31,0.00039980199945451793,5.962919032876452e-06,0.0015833216064181019,8.680850594809284e-05,5.50364497740301,2.3576358732123084,0.0,1.551001328688461e-06
2011-11-01,0.000379921898537648,7.398766508130721e-06,0.0015237011879371766,9.388971386497186e-05,5.510552513734928,2.4111775724154523,1.4358474752542694e-06,1.922397651595862e-06
2011-11-02,0.000379921898537648,8.145605192651285e-06,0.0015237011879371766,9.616987794349712e-05,5.5088913202246275,2.6567593968730314,7.468386845205639e-07,2.292573192978243e-06
2011-11-03,0.000379921898537648,7.833357624886128e-06,0.0015237011879371766,9.556684866973765e-05,5.503044280951261,2.4421827888810337,-3.1224756776515665e-07,2.5701696800368088e-06
2011-11-04,0.0003963097301704684,3.088407569917799e-06,0.0015630024169675215,4.4755943212696194e-05,5.495885113635727,2.6283802851307283,-4.7449500549683295e-06,2.5537822584161086e-06
2011-11-07,0.0003963097301704684,3.088407569917799e-06,0.0015630024169675215,4.4755943212696194e-05,5.481962837681857,2.6283802851307283,0.0,2.5348712963999708e-06
2011-11-08,0.0004208050586446558,3.6415905266938036e-06,0.0016404037718778784,4.754451171713066e-05,5.472643166946924,2.875184859304352,5.531829567760046e-07,2.5078217986641827e-06
2011-11-09,0.00043312873939939503,2.6549531536188166e-06,0.0016662546758094228,3.5257594799955435e-05,5.475641004519017,2.9649978076471646,-9.86637373074987e-07,2.4706355249765297e-06
2011-11-10,0.00043312873939939503,4.213233238722897e-06,0.0016662546758094228,5.60235626952302e-05,5.48789838147369,2.8775573830060215,1.5582800851040805e-06,2.4384061199927316e-06
2011-11-11,0.00042700693792546886,4.213233238722897e-06,0.0016419855204351831,5.60235626952302e-05,5.483494538931779,2.8775573830060215,0.0,2.396010923697727e-06
2011-11-14,0.00042700693792546886,4.053374244945726e-06,0.0016419855204351831,5.562205736960233e-05,5.486247092049575,2.6864513391429155,-1.598589937771711e-07,2.34096813937809e-06
2011-11-15,0.00042700693792546886,4.679848344065289e-06,0.0016419855204351831,6.459430516483875e-05,5.477100079497424,2.6126136663267543,6.26474099119563e-07,2.2843552073837647e-06
2011-11-16,0.0004888034683187715,4.841154205227553e-06,0.0018779041795658183,6.483885230545468e-05,5.4606348842363985,2.9204825008826845,1.61305861162264e-07,2.2153600600159936e-06
2011-11-17,0.0004888034683187715,4.7657043456929805e-06,0.0018779041795658183,6.478346269019285e-05,5.460538575102394,2.6629504382998532,-7.544985953457252e-08,2.137343211363764e-06
2011-11-18,0.0004888034683187715,4.996084811710629e-06,0.0018779041795658183,6.528949075181187e-05,5.460982931840278,2.928669348728671,2.3038046601764838e-07,2.0452012173192814e-06
2011-11-21,0.0004821814358207475,8.091899729178496e-06,0.001865922561126032,8.943163576835489e-05,5.464363198595904,2.910369088210185,3.095814917467867e-06,2.1121915017773207e-06
2011-11-22,0.0004821814358207475,8.091899729178496e-06,0.001865922561126032,8.943163576835489e-05,5.461166994764024,2.910369088210185,0.0,2.138395428974535e-06
2011-11-23,0.0004821814358207475,7.109329520714528e-06,0.001865922561126032,8.651754093031971e-05,5.4577250058539395,2.5071834581172228,-9.825702084639674e-07,2.059105094242901e-06
2011-11-25,0.0004821814358207475,6.606233227191189e-06,0.001865922561126032,8.512175821474778e-05,5.45555383896871,2.2449461624099625,-5.030962935233396e-07,1.838122216574543e-06
2011-11-28,0.0004770363737295606,7.883301531225518e-06,0.0018494711721231227,0.0001019066025955242,5.462829998112179,1.9615641512876811,1.2770683040343288e-06,1.9137227394676257e-06
2011-11-29,0.0004770363737295606,7.883301531225518e-06,0.0018494711721231227,0.0001019066025955242,5.457328418749819,1.9615641512876811,0.0,1.9815565415904493e-06
2011-11-30,0.0005249830257106135,7.883301531225518e-06,0.0019514121713750325,0.0001019066025955242,5.447716023749959,1.9615641512876811,0.0,2.006685158534798e-06
2011-12-01,0.0005249830257106135,7.883301531225518e-06,0.0019514121713750325,0.0001019066025955242,5.439407636458007,1.9615641512876811,0.0,1.9905714237583916e-06
2011-12-02,0.0005249830257106135,6.057544223944444e-06,0.0019514121713750325,8.20705568740652e-05,5.437586918636974,1.8301987493478882,-1.8257573072810733e-06,1.9278514699433476e-06
2011-12-05,0.0005249830257106135,6.057544223944444e-06,0.0019514121713750325,8.20705568740652e-05,5.439048114502317,1.8301987493478882,0.0,1.8375813565231524e-06
2011-12-06,0.0005249830257106135,6.0401851236810345e-06,0.0019514121713750325,8.206198243678714e-05,5.431005146596819,1.7239261497641691,-1.7359100263409785e-08,1.7291896708574984e-06
2011-12-07,0.0005249830257106135,5.578289361816839e-06,0.0019514121713750325,7.646395065923359e-05,5.416673762951739,2.0771634523816735,-4.618957618641955e-07,1.6494935057605662e-06
2011-12-08,0.0005249830257106135,5.578289361816839e-06,0.0019514121713750325,7.646395065923359e-05,5.407073591358145,2.12955361881278,0.0,1.4578038272341227e-06
2011-12-09,0.0005237206572999117,5.375570507344879e-06,0.0019471992195507417,7.599366396945382e-05,5.40426135314176,1.9933414941408578,-2.0271885447195975e-07,1.3995689033823986e-06
2011-12-12,0.0005237206572999117,5.857156345980753e-06,0.0019471992195507417,7.746804999150709e-05,5.406681499479628,2.2992255104660413,4.815858386358738e-07,1.324001000313964e-06
2011-12-13,0.0005154542891824922,5.6199861133139124e-06,0.0019412768596221836,7.652288734290926e-05,5.4084311513125565,2.26868209156532,-2.371702326668407e-07,1.2291749356495845e-06
2011-12-14,0.0004301122729797511,5.590449241640408e-06,0.0017518571107138353,7.64007689385935e-05,5.430896292930179,2.3280781092540006,-2.9536871673504606e-08,1.1801769390113657e-06
2011-12-15,0.00043002511137136174,3.185887612406738e-06,0.0017517307520587728,4.458244347448921e-05,5.431501218712497,2.4946642480479393,-2.40456162923367e-06,1.3414913910874752e-06
2011-12-16,0.00043002511137136174,3.4835246352438784e-06,0.0017517307520587728,4.704679491872269e-05,5.437100063904219,2.7043488897014125,2.976370228371406e-07,1.4456103735807415e-06
2011-12-19,0.00043002511137136174,3.4857870563973662e-06,0.0017517307520587728,4.711817185222986e-05,5.432357717959487,2.704086446778447,2.2624211534877856e-09,1.5498442759452417e-06
2011-12-20,0.00037220332832502655,3.4857870563973662e-06,0.0015341728765903325,4.711817185222986e-05,5.453248978645345,2.704086446778447,0.0,1.5904726206248486e-06
2011-12-21,0.00037220332832502655,2.7648166709095612e-06,0.0015341728765903325,4.2573177034799506e-05,5.456597654261966,2.511829808915516,-7.20970385487805e-07,1.6553096278034863e-06
2011-12-22,0.00037220332832502655,3.1010166947075646e-06,0.0015341728765903325,4.0257411461596265e-05,5.463057570439642,3.134036171428153,3.3620002379800333e-07,1.713559991029236e-06
2011-12-23,0.00037220332832502655,5.9083651728071075e-06,0.0015341728765903325,7.255743766648517e-05,5.462008109517148,2.9365149579750685,2.807348478099543e-06,1.6962240570183913e-06
2011-12-27,0.0003771741010536838,4.60310378907479e-06,0.0015442877040381456,6.554020077352739e-05,5.449772775323942,2.6228804901674896,-1.3052613837323178e-06,1.6030784220466838e-06
2011-12-28,0.0003771741010536838,4.60310378907479e-06,0.0015442877040381456,6.554020077352739e-05,5.446351558011778,2.5758560669949615,0.0,1.4852322436060175e-06
2011-12-29,0.0003771741010536838,4.491764053809661e-06,0.0015442877040381456,6.53549187099834e-05,5.445897273024835,2.3724600360883774,-1.1133973526512886e-07,1.3378879890374891e-06
2011-12-30,0.0003771741010536838,4.2787312448353766e-06,0.0015442877040381456,6.482653215364292e-05,5.434028653296885,2.107595812620189,-2.130328089742843e-07,1.1497380757449722e-06
2012-01-03,0.00037053648739385334,4.559057981593455e-06,0.0015310615760025916,6.692452039345771e-05,5.438951362393111,2.3356267718939017,2.803267367580785e-07,1.1086402820302353e-06
2012-01-04,0.00037053648739385334,4.4648650187184866e-06,0.0015310615760025916,6.677864241679148e-05,5.417867680824552,2.1093276620316908,-9.419296287496849e-08,1.0608367344018796e-06
2012-01-05,0.00037053648739385334,5.197655741710494e-06,0.0015310615760025916,7.655947609097662e-05,5.409444069754548,2.061612864606679,7.327907229920077e-07,1.0165571245773716e-06
2012-01-06,0.00037053648739385334,5.11206914602016e-06,0.0015310615760025916,7.637582821367262e-05,5.418257824048342,2.018590988166767,-8.558659569033466e-08,9.971536906871414e-07
2012-01-09,0.00037053648739385334,2.625415310431512e-06,0.0015310615760025916,4.3159343445159734e-05,5.410718675096012,1.9075327104708788,-2.4866538355886474e-06,1.0520145248271916e-06
2012-01-10,0.0004306947764850488,2.5424388473975015e-06,0.0017325172279976228,4.274615907598178e-05,5.374720360926224,1.884399648542392,-8.297646303401065e-08,1.101842716665362e-06
2012-01-11,0.0004306947764850488,3.2664027607613594e-06,0.0017325172279976228,4.78525207710218e-05,5.3804605873786215,1.985443834848851,7.239639133638579e-07,1.0539622770811636e-06
2012-01-12,0.0004306947764850488,3.2664027607613594e-06,0.0017325172279976228,4.78525207710218e-05,5.372135499809281,1.985443834848851,0.0,1.0078791756742203e-06
2012-01-13,0.0005515074736308463,3.2664027607613594e-06,0.0021360023669260582,4.78525207710218e-05,5.309994564891097,1.985443834848851,0.0,9.471017568340969e-07
2012-01-17,0.0005515074736308463,1.7586093638505453e-06,0.0021360023669260582,2.9616570670157924e-05,5.303806186797598,2.217656532204976,-1.507793396910814e-06,1.0506363838095186e-06
2012-01-18,0.0005670187094228331,1.7586093638505453e-06,0.0021591828733707728,2.9616570670157924e-05,5.299683495873031,2.217656532204976,0.0,1.1456328353200161e-06
2012-01-19,0.0005670187094228331,1.7571227478225858e-06,0.0021591828733707728,2.9610418831503702e-05,5.300965027022722,2.19904314771637,-1.4866160279595538e-09,1.2271041199500951e-06
2012-01-20,0.0005670187094228331,1.5736611659854347e-06,0.0021591828733707728,2.8828510196697426e-05,5.298988943474682,1.6551110402813474,-1.8346158183715114e-07,1.3113936753888913e-06
2012-01-23,0.0005670187094228331,2.0921763705562848e-06,0.0021591828733707728,3.5599793549667156e-05,5.305173991990227,1.967020420063358,5.185152045708501e-07,1.3407514850717382e-06
2012-01-24,0.00036432728056028226,2.0921763705562848e-06,0.0015812067190363616,3.5599793549667156e-05,5.378052253730713,1.967020420063358,0.0,1.3755279592015194e-06
2012-01-25,0.00036432728056028226,1.6412280535732103e-06,0.0015812067190363616,3.208790481201124e-05,5.3739831681109935,1.5787007496063923,-4.509483169830744e-07,1.305055362861477e-06
2012-01-26,0.0003995079224218699,1.6434550580633649e-06,0.0016867956265994523,3.2088265734779574e-05,5.355092785187061,1.6584345441293493,2.2270044901545395e-09,1.311042935295094e-06
2012-01-27,0.00041569095544724934,1.6434550580633649e-06,0.001712170401962835,3.2088265734779574e-05,5.346868715411849,1.6584345441293493,0.0,1.2993825134205374e-06
2012-01-30,0.00041569095544724934,6.551534663172664e-07,0.001712170401962835,1.675197225863251e-05,5.340858832373857,1.1564207987133983,-9.883015917460985e-07,1.342522573046238e-06
2012-01-31,0.000439657651431742,8.059143160314497e-07,0.0017516692675750205,1.9107186729793698e-05,5.322660681995711,0.9616815849963382,1.507608497141833e-07,1.3601886106950152e-06
2012-02-01,0.000439657651431742,8.059143160314497e-07,0.0017516692675750205,1.9107186729793698e-05,5.320622012523792,0.9616815849963382,0.0,1.332280268031619e-06
2012-02-02,0.000439657651431742,8.059143160314497e-07,0.0017516692675750205,1.9107186729793698e-05,5.304160699755689,0.9616815849963382,0.0,1.2839329634001182e-06
2012-02-03,0.0004192591710759731,8.059143160314497e-07,0.0017160633841159286,1.9107186729793698e-05,5.314071922135864,0.9616815849963382,0.0,1.1109640288346925e-06
2012-02-06,0.0004192591710759731,5.449147603176344e-07,0.0017160633841159286,1.229652832309645e-05,5.302797675209911,1.8306147903900591,-2.609995557138153e-07,8.826599309983004e-07
2012-02-07,0.0004192591710759731,4.075194119963865e-07,0.0017160633841159286,9.951564795232381e-06,5.284274923396893,1.8460514402338817,-1.3739534832124795e-07,9.081659409780963e-07
2012-02-08,0.0004398631845678868,4.318964488704677e-07,0.0017566377082481827,1.0117275594414445e-05,5.268429965015667,2.1349087933416255,2.4377036874081203e-08,9.223340942821468e-07
2012-02-09,0.00046739872179333723,4.2618027636796034e-07,0.001854462316041584,9.54099489014098e-06,5.252086051456733,2.4387004994283163,-5.716172502507337e-09,8.609474758469701e-07
2012-02-10,0.00043139334011047393,4.2618027636796034e-07,0.0017931815081499835,9.54099489014098e-06,5.27274663276986,2.4387004994283163,0.0,7.676612229170924e-07
2012-02-13,0.0002710108649509403,4.2618027636796034e-07,0.0012975080074687773,9.54099489014098e-06,5.353505976584696,2.4387004994283163,0.0,6.284264256738082e-07
2012-02-14,0.0002710108649509403,3.703696730117376e-07,0.0012975080074687773,8.940114563393295e-06,5.340679908240666,2.1555361624781737,-5.581060335622276e-08,6.314320963453436e-07
2012-02-15,0.0002710108649509403,3.703696730117376e-07,0.0012975080074687773,8.940114563393295e-06,5.349256874186415,2.1555361624781737,0.0,6.263784834508197e-07
2012-02-16,0.0002710108649509403,3.703696730117376e-07,0.0012975080074687773,8.940114563393295e-06,5.350061010134225,2.1555361624781737,0.0,6.131736352404041e-07
2012-02-17,0.0002704275103027126,3.703696730117376e-07,0.0012964768765197968,8.940114563393295e-06,5.351993279120867,2.1555361624781737,0.0,6.04314939855105e-07
2012-02-21,0.0002704275103027126,3.46113497414623e-07,0.0012964768765197968,8.733163608002025e-06,5.3525858516503115,2.0904511966603567,-2.425617559711458e-08,5.390480269825118e-07
2012-02-22,0.0002211102028111239,3.46113497414623e-07,0.0011751869505176255,8.733163608002025e-06,5.376330244822409,2.0904511966603567,0.0,4.4710516396011334e-07
2012-02-23,0.0003313686897594352,7.118536421213003e-07,0.0017603793072793364,1.4855810112418655e-05,5.2982390251693054,2.2961143706914924,3.657401447066773e-07,3.863507519690486e-07
2012-02-24,0.0003313686897594352,5.695237119155156e-07,0.0017603793072793364,1.3783202493671341e-05,5.2837850751616635,1.923367289634413,-1.4232993020578468e-07,3.0497886624022435e-07
2012-02-27,0.0003313686897594352,6.714063355326803e-07,0.0017603793072793364,1.4783341333746174e-05,5.26937042120087,1.9896000496467003,1.0188262361716472e-07,1.7789917266568328e-07
2012-02-28,0.0003313686897594352,6.714063355326803e-07,0.0017603793072793364,1.4783341333746174e-05,5.266959578826663,1.9896000496467003,0.0,1.7852060953363091e-07
2012-02-29,0.0003313686897594352,6.714063355326803e-07,0.0017603793072793364,1.4783341333746174e-05,5.265020406980946,1.9896000496467003,0.0,1.7008056149081596e-07
2012-03-01,0.0003313686897594352,3.2862433680598286e-07,0.0017603793072793364,8.751105360949067e-06,5.260050750400169,2.0013763478025126,-3.4278199872669746e-07,1.6226412426009023e-07
2012-03-02,0.0003483595629248197,3.2862433680598286e-07,0.0017845484704110371,8.751105360949067e-06,5.249825877348588,2.2123796109323295,0.0,1.5010968373360827e-07
2012-03-05,8.205541707787546e-05,6.528890963742355e-07,0.0004945637828053673,1.4085949770964226e-05,5.475685980547553,2.384903107416222,3.2426475956825267e-07,1.3583149869491517e-07
2012-03-06,8.205541707787546e-05,3.2862433680598286e-07,0.0004945637828053673,8.751105360949067e-06,5.477532494379521,2.2123796109323295,-3.2426475956825267e-07,1.3831783695613507e-07
2012-03-07,8.782808604975846e-05,3.7796838473050043e-07,0.0005152748518221097,9.070148051179685e-06,5.4659252993507055,2.493649254455275,4.934404792451757e-08,1.3907833106752103e-07
2012-03-08,8.379076122049396e-05,4.1390844398383273e-07,0.0005008020763521962,9.485068165710269e-06,5.472125867890018,2.672270417305347,3.59400592533323e-08,1.393263784139569e-07
2012-03-09,8.262889938344185e-05,7.645438573896261e-07,0.0004967691309444233,1.5148687737835666e-05,5.482625781956391,2.7720829433888947,3.506354134057933e-07,1.5482277534531833e-07
2012-03-12,0.00010534796244095379,8.268869638770628e-07,0.0006324306022128578,1.5462572776605075e-05,5.4547535218039975,2.9666838336718615,6.234310648743676e-08,1.7292674366829303e-07
2012-03-13,0.0001026809426295209,8.268869638770628e-07,0.000624943295868779,1.5462572776605075e-05,5.456178948115895,2.9666838336718615,0.0,1.870618672200216e-07
2012-03-14,0.0001026809426295209,6.730589581669784e-07,0.000624943295868779,1.4045151310257523e-05,5.453257361548908,2.8603543292806655,-1.538280057100844e-07,1.8691141871083254e-07
2012-03-15,0.0001000678224033824,6.932484321127195e-07,0.0006178383593882042,1.45887713753854e-05,5.459945353480926,2.9159362972025273,2.018947394574105e-08,1.8624559294515156e-07
2012-03-16,0.0001000678224033824,6.932484321127195e-07,0.0006178383593882042,1.45887713753854e-05,5.45968391498194,2.9159362972025273,0.0,1.840931163302356e-07
2012-03-19,0.0001000678224033824,8.778929269478369e-07,0.0006178383593882042,1.863948980930857e-05,5.46053156766776,2.6030558394516996,1.8464449483511746e-07,1.9094598722063369e-07
2012-03-20,0.0001000678224033824,8.949117907029329e-07,0.0006178383593882042,1.867574088394428e-05,5.460448925932582,2.761189622033694,1.7018863755096025e-08,1.9366179744035664e-07
2012-03-21,0.00010068253210692776,8.908968009925145e-07,0.0006193889503497392,1.8673725163182695e-05,5.4541395823676835,2.6310345530426087,-4.014989710418431e-09,1.9198658342914647e-07
2012-03-22,9.940242065909822e-05,9.041796460514948e-07,0.0006159598914898373,1.869782566271395e-05,5.462883979268761,2.6802592175879565,1.3282845058980248e-08,2.002357058800773e-07
2012-03-23,9.940242065909822e-05,7.763273217113539e-07,0.0006159598914898373,1.7838405398097935e-05,5.472607454335103,2.6149866139298608,-1.2785232434014083e-07,2.0103581114467416e-07
2012-03-26,9.909942324516264e-05,7.964324418044425e-07,0.0006152190809870546,1.789124146878765e-05,5.47453559378766,2.8008267847798267,2.010512009308857e-08,2.0323149297592485e-07
2012-03-27,9.909942324516264e-05,7.719402397104508e-07,0.0006152190809870546,1.7844805588252316e-05,5.476333919392001,2.5453730552710065,-2.449220209399167e-08,2.0451779023289818e-07
2012-03-28,9.909942324516264e-05,8.261221552956909e-07,0.0006152190809870546,1.8037398004260436e-05,5.475628175136879,2.7662553922756077,5.4181915585240035e-08,2.072967847278159e-07
2012-03-29,0.00010421782257788338,1.018556796915222e-06,0.0006298784880597765,1.9440111575006433e-05,5.47210265357471,2.887956915313933,1.9243464161953105e-07,2.026878744343646e-07
2012-03-30,0.00010576722012991231,1.0265421480784978e-06,0.0006339114189220931,1.944776965062523e-05,5.470719389008468,2.9897199359496356,7.985351163275849e-09,1.9213350072344804e-07
2012-04-02,0.00010499186775666447,5.513056947485553e-07,0.000632033835337523,1.049233007277663e-05,5.468245029048982,3.0456458460777514,-4.752364533299424e-07,1.9618459535279983e-07
2012-04-03,0.00010499186775666447,1.0426500583160914e-06,0.000632033835337523,1.8474420152199585e-05,5.480037433750206,3.1628018830533926,4.913443635675361e-07,1.8044156189358584e-07
2012-04-04,7.617078628685798e-05,1.0203748111310072e-06,0.00045048528563177906,1.8422842573204462e-05,5.510135878771037,2.8942472421483827,-2.2275247185084192e-08,1.6076925985744104e-07
2012-04-05,7.617078628685798e-05,9.469321579786836e-07,0.00045048528563177906,1.8074051198061544e-05,5.508788412119809,2.690804646771055,-7.344265315232357e-08,1.3257606515884576e-07
2012-04-09,7.164823502938695e-05,8.108388678752441e-07,0.00042678473315175414,1.7090156908666775e-05,5.5144436831338774,2.4480724294545015,-1.3609329010343952e-07,1.315685201737076e-07
2012-04-10,7.164823502938695e-05,8.108388678752441e-07,0.00042678473315175414,1.7090156908666775e-05,5.5156163128827025,2.4480724294545015,0.0,1.3172377080644036e-07
2012-04-11,6.73419106033024e-05,6.805614807503558e-07,0.0004080104805556433,1.615333467336279e-05,5.5193395121492435,2.099397020790615,-1.302773871248883e-07,1.3661861167175312e-07
2012-04-12,6.736916238898496e-05,6.805614807503558e-07,0.00040812448533682574,1.615333467336279e-05,5.522628533543538,2.099397020790615,0.0,1.3615908847269192e-07
2012-04-13,7.39600804204824e-05,6.805614807503558e-07,0.00043810904782836014,1.615333467336279e-05,5.51507531139649,2.099397020790615,0.0,1.368853867663017e-07
2012-04-16,7.436917893025244e-05,6.857546696878133e-07,0.0004397190323396912,1.6157232922150786e-05,5.512401867869076,2.2502028798277354,5.1931889374574525e-09,1.373036746826793e-07
2012-04-17,7.436917893025244e-05,6.857546696878133e-07,0.0004397190323396912,1.6157232922150786e-05,5.516479728627143,2.2502028798277354,0.0,1.408004192837998e-07
2012-04-18,7.436917893025244e-05,3.307860765122086e-07,0.0004397190323396912,9.405028669819891e-06,5.517587998819725,1.547420196646305,-3.5496859317560463e-07,1.777392441941379e-07
2012-04-19,7.436917893025244e-05,5.569615559850203e-07,0.0004397190323396912,1.4803271321388805e-05,5.519174044583427,1.426808895606753,2.2617547947281172e-07,1.8401805086101256e-07
2012-04-20,7.436917893025244e-05,1.5961330738180041e-06,0.0004397190323396912,3.0443360452251126e-05,5.517134982182994,1.746601435499796,1.0391715178329837e-06,2.585208198191582e-07
2012-04-23,7.305151337302678e-05,1.5961330738180041e-06,0.000434601145875879,3.0443360452251126e-05,5.524986384169255,1.746601435499796,0.0,3.116365685027874e-07
2012-04-24,7.305151337302678e-05,1.5961330738180041e-06,0.000434601145875879,3.0443360452251126e-05,5.5216809639350855,1.746601435499796,0.0,3.522740270142169e-07
2012-04-25,7.529633210935998e-05,1.5961330738180041e-06,0.0004435157725278752,3.0443360452251126e-05,5.525534867616819,1.746601435499796,0.0,3.8382076744870076e-07
2012-04-26,7.529633210935998e-05,1.5961330738180041e-06,0.0004435157725278752,3.0443360452251126e-05,5.529174443231584,1.746601435499796,0.0,4.0985196336365677e-07
2012-04-27,7.529633210935998e-05,1.2745092878346097e-06,0.0004435157725278752,2.3692374358636023e-05,5.529464915273754,1.8645719396671625,-3.2162378598339446e-07,4.1522854481232615e-07
2012-04-30,8.11174631792422e-05,1.2745092878346097e-06,0.00047206749189868905,2.3692374358636023e-05,5.524067571888224,1.774217148315896,0.0,4.201045612348271e-07
2012-05-01,8.354177194609485e-05,1.2693160988971523e-06,0.00048119295672590973,2.3689716083541086e-05,5.526735396562803,1.7730132854002123,-5.193188937457347e-09,4.102452796361905e-07
2012-05-02,8.354177194609485e-05,1.4013761980618068e-06,0.00048119295672590973,2.3078850341927817e-05,5.52678432289418,2.400612332992552,1.320600991646545e-07,4.182877787495697e-07
2012-05-03,8.354177194609485e-05,1.3856577395982558e-06,0.00048119295672590973,2.3006968369606253e-05,5.527406112506184,2.384292668466576,-1.5718458463551012e-08,4.2464517358566843e-07
2012-05-04,8.616218791344303e-05,1.0884731358066944e-06,0.0004920054654964757,2.0520227362104e-05,5.52309487062508,2.180306451561526,-2.9718460379156143e-07,4.236156435975509e-07
2012-05-07,8.616218791344303e-05,1.1424777060320912e-06,0.0004920054654964757,2.0699495388611015e-05,5.524815050644815,2.4686612655523867,5.400457022539683e-08,4.1899666456490745e-07
2012-05-08,8.540099511298831e-05,1.5724983260959579e-06,0.0004889165741333282,2.4439489592429655e-05,5.534636537423481,2.7394743129589094,4.3002062006386666e-07,4.26223676012109e-07
2012-05-09,8.540099511298831e-05,1.1168902238397492e-06,0.0004889165741333282,1.9729206062628868e-05,5.532603559769968,2.5385001084076197,-4.556081022562087e-07,4.1271744376098255e-07
2012-05-10,8.681490134217341e-05,9.90733714665427e-07,0.0004944850147169089,1.8791623594423027e-05,5.531746852926583,2.4238690641201317,-1.261565091743222e-07,3.995147997548204e-07
2012-05-11,8.681490134217341e-05,1.1283021204583813e-06,0.0004944850147169089,1.9977052212913404e-05,5.5301706278896665,2.4626873510833778,1.3756840579295436e-07,3.8272851362862163e-07
2012-05-14,8.681490134217341e-05,1.180009715154347e-06,0.0004944850147169089,2.013329692420476e-05,5.529038435191664,2.675560172664048,5.170759469596577e-08,3.6364952540551176e-07
2012-05-15,8.681490134217341e-05,7.305853666251047e-07,0.0004944850147169089,1.3995314060056416e-05,5.525559813600043,2.5412630465739974,-4.494243485292424e-07,3.6031281640672905e-07
2012-05-16,9.436371169166077e-05,7.291242965500035e-07,0.0005278128281998946,1.3994957870757925e-05,5.519642487160356,2.443991882698437,-1.4610700751012546e-09,3.168977043526067e-07
2012-05-17,8.949847698797938e-05,7.291242965500035e-07,0.0005101329048906963,1.3994957870757925e-05,5.530096762999758,2.575847825266623,0.0,2.991786214761078e-07
2012-05-18,8.717113630789884e-05,5.78263075531437e-07,0.0005073357086203993,1.2188268899542831e-05,5.531026837787934,2.5667001931012963,-1.5086122101856648e-07,3.2279075394899414e-07
2012-05-21,9.132900948255437e-05,5.78263075531437e-07,0.0005211661025322076,1.2188268899542831e-05,5.527381106213264,2.5667001931012963,0.0,3.3678917776780373e-07
2012-05-22,9.132900948255437e-05,1.3297089823701578e-06,0.0005211661025322076,2.6410046062647206e-05,5.529522971702524,2.333051426828294,7.514459068387208e-07,3.2311951897273343e-07
2012-05-23,9.132900948255437e-05,1.669013041860039e-06,0.0005211661025322076,2.8674524714734102e-05,5.529047928983605,2.720680781492781,3.3930405948988117e-07,3.2895660781990087e-07
2012-05-24,8.891567519214476e-05,1.5619740270815866e-06,0.0005131741632197397,2.8000543447499566e-05,5.532374482471006,2.6671807230660027,-1.0703901477845235e-07,3.2653388958079077e-07
2012-05-25,9.171352972638478e-05,1.5851718791857493e-06,0.0005226879572058647,2.804538672662107e-05,5.525278079813542,2.8086138276130104,2.3197852104162698e-08,3.4053150517759036e-07
2012-05-29,7.412821634980018e-05,2.0575268639214117e-06,0.000445363232459351,3.310085741704495e-05,5.540407016757719,2.7584836570094873,4.723549847356624e-07,3.95864921108686e-07
2012-05-30,7.600864039950695e-05,2.244519602306737e-06,0.00044965399017575893,3.3871227349618543e-05,5.5435086782924285,2.876859743374371,1.8699273838532523e-07,4.607347034286067e-07
2012-05-31,7.600864039950695e-05,1.9522160286451048e-06,0.00044965399017575893,2.998651004023192e-05,5.545580290168967,3.07242552600716,-2.9230357366163213e-07,4.866268390714401e-07
2012-06-01,0.0001292930705955782,1.9595043998253324e-06,0.0007266864434028024,2.9990646425528353e-05,5.504860465360348,3.1303873071749604,7.288371180227622e-09,5.103002815443488e-07
2012-06-04,0.0001292930705955782,2.0733631952173414e-06,0.0007266864434028024,3.065581116755967e-05,5.501943748299645,3.1072977385619307,1.1385879539200898e-07,5.36068314390055e-07
2012-06-05,0.00012859639158896555,1.7518151760369568e-06,0.0007252341190216293,2.8574697995890546e-05,5.502091763220106,2.9356245374287306,-3.215480191803846e-07,5.412154627087617e-07
2012-06-06,0.0001774492832139284,1.7518151760369568e-06,0.0008874235886302022,2.8574697995890546e-05,5.465410832796386,2.9356245374287306,0.0,5.461064125966537e-07
2012-06-07,0.0001774492832139284,8.276836412676093e-07,0.0008874235886302022,1.4976516549399061e-05,5.471527330920351,2.9166824537203615,-9.241315347693474e-07,5.572908472965616e-07
2012-06-08,0.0001774492832139284,8.989126067835823e-07,0.0008874235886302022,1.5392663567670857e-05,5.479829218263409,3.0950035663194018,7.122896551597297e-08,5.609497392275286e-07
2012-06-11,0.00016829789718584523,1.4702633651372997e-06,0.0008657817967281002,2.8616359770301897e-05,5.485228113046292,2.6509671088980853,5.713507583537174e-07,5.585346150023426e-07
2012-06-12,0.00016829789718584523,4.2537491146953787e-07,0.0008657817967281002,8.848780241009738e-06,5.478387339696967,2.879854851699093,-1.044888453667762e-06,5.971219695358293e-07
2012-06-13,0.00016829789718584523,4.788559888241723e-07,0.0008657817967281002,9.229506702193334e-06,5.480790639014723,3.145333806647398,5.3481077354634393e-08,6.131959552630665e-07
2012-06-14,0.00016829789718584523,5.60166894662514e-07,0.0008657817967281002,1.003421771314764e-05,5.484756704799598,3.2933624963488133,8.131090583834179e-08,6.230327903468135e-07
2012-06-15,0.00016829789718584523,5.084592999665484e-07,0.0008657817967281002,9.716917988442704e-06,5.482170425244077,3.138165128477102,-5.1707594695965665e-08,6.359452231500024e-07
2012-06-18,0.00016829789718584523,3.5313686102463494e-07,0.0008657817967281002,7.145156204440751e-06,5.486561786775514,3.009730319141382,-1.5532243894191344e-07,6.514408991173468e-07
2012-06-19,0.00016829789718584523,7.074281865779045e-07,0.0008657817967281002,1.371575264138095e-05,5.488293621131865,3.044449426867068,3.5429132555326955e-07,6.444926648762179e-07
2012-06-20,0.00018650564034475948,8.55169351196112e-07,0.0009528818927646937,1.5448146325894223e-05,5.469418818917864,3.03650778298028,1.4774116461820754e-07,6.523519369407814e-07
2012-06-21,0.00014198651430728475,5.008780256428425e-07,0.0007368616396421619,1.0078522291117325e-05,5.503877160840407,2.9541433073978194,-3.5429132555326955e-07,6.682247099814101e-07
2012-06-22,0.00014299097934918653,5.754046897843747e-07,0.0007395016813780444,1.0708351920301604e-05,5.504453971560674,3.1272801126432053,7.452666414153226e-08,6.784699743211325e-07
2012-06-25,0.00014299097934918653,5.754046897843747e-07,0.0007395016813780444,1.0708351920301604e-05,5.502351455476725,3.1272801126432053,0.0,6.840361676863036e-07
2012-06-26,0.00014299097934918653,7.87621899145236e-07,0.0007395016813780444,1.2636499722586008e-05,5.502363575988608,3.412039958794775,2.1221720936086125e-07,6.512066410422581e-07
2012-06-27,0.0001518864439871938,7.324610746814094e-07,0.0007717645157005234,1.2163680266662867e-05,5.495814705884917,3.399120268966053,-5.516082446382656e-08,5.918739080611302e-07
2012-06-28,0.0001518864439871938,6.704554081554724e-07,0.0007717645157005234,1.1761819989593675e-05,5.496148195496766,3.285651994639852,-6.200566652593706e-08,5.49791994360579e-07
2012-06-29,0.0001518864439871938,6.158731702632353e-07,0.0007717645157005234,1.1346465885777327e-05,5.498188326533246,3.1430229435095023,-5.45822378922371e-08,4.959537713778877e-07
2012-07-02,0.0001518864439871938,6.158731702632353e-07,0.0007717645157005234,1.1346465885777327e-05,5.5005335671052515,3.1430229435095023,0.0,4.0671895385282643e-07
2012-07-03,0.0001518864439871938,6.158731702632353e-07,0.0007717645157005234,1.1346465885777327e-05,5.500019618880533,3.1430229435095023,0.0,3.3780584821325463e-07
2012-07-05,0.0001518864439871938,6.60076931909427e-07,0.0007717645157005234,1.1938291563755825e-05,5.488485136262624,3.1556514904795843,4.420376164619172e-08,2.3635097507692625e-07
2012-07-06,0.0001759996286806472,6.60076931909427e-07,0.0008721748959556236,1.1938291563755825e-05,5.468734363091533,3.1556514904795843,0.0,2.3348577122660214e-07
2012-07-09,0.0001759996286806472,4.025446232692064e-07,0.0008721748959556236,8.624166201435155e-06,5.460955084222246,2.9287955282468796,-2.575323086402206e-07,2.3351379976536692e-07
2012-07-10,0.0001759996286806472,4.025446232692064e-07,0.0008721748959556236,8.624166201435155e-06,5.451047770088763,2.9287955282468796,0.0,1.343675268975931e-07
2012-07-11,0.0001759996286806472,4.109876736730987e-07,0.0008721748959556236,8.679710188803729e-06,5.449581815113374,2.876831130154291,8.443050403892296e-09,1.3530337821361377e-07
2012-07-12,0.0001759996286806472,4.265374397130216e-07,0.0008721748959556236,8.715477558022509e-06,5.44687019290301,3.0483698192645186,1.554976603992294e-08,1.3793286507962711e-07
2012-07-13,0.0001672830777834636,5.90357284729831e-07,0.0008351173825124649,1.2656841173998305e-05,5.454607659921102,2.79849625750916,1.6381984501680933e-07,1.378482674830616e-07
2012-07-16,0.0001672830777834636,5.674078873844344e-07,0.0008351173825124649,1.259904967258562e-05,5.450677417264832,2.600338865966277,-2.2949397345396597e-08,1.3678865172684712e-07
2012-07-17,0.0001672830777834636,5.674078873844344e-07,0.0008351173825124649,1.259904967258562e-05,5.451905623436755,2.600338865966277,0.0,1.2548965259114766e-07
2012-07-18,0.0001672830777834636,1.438691684866369e-06,0.0008351173825124649,2.6950528515152112e-05,5.452259332108201,2.4229932609703293,8.712837974819347e-07,2.257957284579175e-07
2012-07-19,0.0001672830777834636,1.3127018183668593e-06,0.0008351173825124649,2.649555522344022e-05,5.45965874888425,1.9088811991703174,-1.2598986649950975e-07,2.6855619189072245e-07
2012-07-20,0.0001672830777834636,1.3127018183668593e-06,0.0008351173825124649,2.649555522344022e-05,5.445375012940909,1.9088811991703174,0.0,3.029523527372809e-07
2012-07-23,0.0001672830777834636,4.049600646101701e-07,0.0008351173825124649,1.244485775463301e-05,5.444304255933657,1.2381239145868748,-9.077417537566892e-07,3.0889351588691046e-07
2012-07-24,0.0001672830777834636,4.049600646101701e-07,0.0008351173825124649,1.244485775463301e-05,5.449930004883836,1.3522612546821138,0.0,3.1447953563978034e-07
2012-07-25,0.00017108251504607984,4.049600646101701e-07,0.0008438297498884795,1.244485775463301e-05,5.4483490215045265,1.2381239145868748,0.0,3.191928606593951e-07
2012-07-26,0.00017108251504607984,4.049600646101701e-07,0.0008438297498884795,1.244485775463301e-05,5.449991705281403,1.2381239145868748,0.0,3.2369584977365443e-07
2012-07-27,0.0001368657050045603,4.049600646101701e-07,0.0007008206439793823,1.244485775463301e-05,5.477275560250816,1.4567141349846329,0.0,3.2799078039477716e-07
2012-07-30,0.00015671928400510908,4.049600646101701e-07,0.0007859041502232265,1.244485775463301e-05,5.449893409989966,1.4567141349846329,0.0,3.318779178754982e-07
2012-07-31,0.00015930539721734394,4.049600646101701e-07,0.0007934168511899054,1.244485775463301e-05,5.446104363151528,1.2381239145868748,0.0,3.3537117441325095e-07
2012-08-01,0.00016266958646549596,4.049600646101701e-07,0.0008038591223329316,1.244485775463301e-05,5.438774358352602,1.2381239145868748,0.0,3.3848274518181367e-07
2012-08-02,0.00016266958646549596,4.049600646101701e-07,0.0008038591223329316,1.244485775463301e-05,5.448774095124287,1.2381239145868748,0.0,3.4088172085010885e-07
2012-08-03,0.00016005396800814386,3.0252358518451053e-07,0.000795253520123924,9.771365033153918e-06,5.448339460817275,1.301671026554448,-1.0243647942565957e-07,3.461730186790016e-07
2012-08-06,0.00016005396800814386,2.1174404606562187e-07,0.000795253520123924,7.095323071861214e-06,5.453630976201688,1.530058026041293,-9.077953911888866e-08,3.535508163039889e-07
2012-08-07,0.00016005396800814386,8.773423191219155e-08,0.000795253520123924,3.2321117141490095e-06,5.453137099801791,2.0446960217819017,-1.240098141534303e-07,3.6762988235926766e-07
2012-08-08,0.00016005396800814386,7.250901882095856e-07,0.000795253520123924,1.896079567358582e-05,5.4618779243025095,1.5512850604100308,6.37355956297394e-07,3.6837176689756705e-07
2012-08-09,0.00016005396800814386,7.293701834860655e-07,0.000795253520123924,1.896305157483138e-05,5.458778629014134,1.882179403942844,4.279995276479883e-09,3.688476658348609e-07
2012-08-10,0.00016005396800814386,7.138204174461425e-07,0.000795253520123924,1.894663940985166e-05,5.460418636456381,1.567938238486442,-1.5549766039922994e-08,3.701575337685047e-07
2012-08-13,0.00015978433151048082,7.138204174461425e-07,0.0007944617701366113,1.894663940985166e-05,5.454758548549825,1.567938238486442,0.0,3.7132694883955113e-07
2012-08-14,0.00015978433151048082,9.99388228901545e-07,0.0007944617701366113,2.1104899177532853e-05,5.443195699057494,2.1575091930393877,2.855678114554025e-07,3.824619403756847e-07
2012-08-15,0.00015978433151048082,1.068885212283097e-06,0.0007944617701366113,2.155056053826426e-05,5.44046986576717,2.1953068759022467,6.949698338155202e-08,3.476224529344739e-07
2012-08-16,0.00017880548005563186,1.068885212283097e-06,0.0008591430459823289,2.155056053826426e-05,5.411814063099281,2.041197311684342,0.0,3.2449097643045093e-07
2012-08-17,0.00017880548005563186,9.826762931112394e-07,0.0008591430459823289,2.0987998889186234e-05,5.404162034327216,1.9709464877321008,-8.620891917185766e-08,2.919749235256758e-07
2012-08-20,0.00017880548005563186,1.1128772598282948e-06,0.0008591430459823289,2.3574036283568382e-05,5.403450168620218,1.9366643733661026,1.3020096671705547e-07,3.1396256448167113e-07
2012-08-21,0.00017880548005563186,1.1190101295805543e-06,0.0008591430459823289,2.3582960494879157e-05,5.402070940236657,1.9427574037028923,6.132869752259431e-09,3.3101290542889386e-07
2012-08-22,0.00018050353011555499,1.7491411499392828e-07,0.0008642121955038895,5.090086170154197e-06,5.38776025483442,1.9224370032049247,-9.440960145866259e-07,3.4314783831029706e-07
2012-08-23,0.0001832272725312515,1.7491411499392828e-07,0.0008722816741949201,5.090086170154197e-06,5.402595389280885,1.9224370032049247,0.0,3.5447538984166216e-07
2012-08-24,0.0001832272725312515,2.5060088761313927e-07,0.0008722816741949201,6.351301469627844e-06,5.3933704856823095,2.253971551632953,7.5686772619211e-08,3.6081046297230726e-07
2012-08-27,0.00019364491142259617,2.7361734822043445e-07,0.0009036690040392823,6.543176825357113e-06,5.3807893233575745,2.4947153457079256,2.3016460607295174e-08,3.6576228196418494e-07
2012-08-28,0.00019364491142259617,1.6965173338062267e-07,0.0009036690040392823,4.859499278784186e-06,5.372811957909168,2.371470371280863,-1.0396561483981178e-07,3.7588343646046873e-07
2012-08-29,0.00020498740441440104,2.1775924715872353e-07,0.0009425965077546113,5.803676763071525e-06,5.3534644688555755,2.2610662052105814,4.8107513778100853e-08,3.8285495185592063e-07
2012-08-30,0.00020498740441440104,3.430664866767653e-07,0.0009425965077546113,7.664239890257257e-06,5.356591380185841,2.738481806170716,1.253072395180418e-07,3.8454910613059906e-07
2012-08-31,0.0001767682402243193,2.673797140575543e-07,0.0008480516528491332,6.656614752027399e-06,5.377387802833999,2.510805554279903,-7.5686772619211e-08,3.859232088249151e-07
2012-09-04,0.0001767682402243193,2.673797140575543e-07,0.0008480516528491332,6.656614752027399e-06,5.380805219569007,2.510805554279903,0.0,3.8339520085089654e-07
2012-09-05,0.0001686778111908945,2.673797140575543e-07,0.0008277064133852775,6.656614752027399e-06,5.380831900620261,2.510805554279903,0.0,3.7340100347958374e-07
2012-09-06,0.0001542636327236325,2.914927113679499e-07,0.000776239046933525,7.178132353436576e-06,5.394529392211458,2.5182789433260813,2.4112997310395582e-08,3.772252100191879e-07
2012-09-07,0.00015428554079604062,2.9057520952677226e-07,0.0007763323027369041,7.4859461754403615e-06,5.394131374099563,2.2125692377910195,-9.175018411776452e-10,3.796298073301747e-07
2012-09-10,0.00015428554079604062,2.9057520952677226e-07,0.0007763323027369041,7.4859461754403615e-06,5.392397002199549,2.2125692377910195,0.0,3.8113051955884285e-07
2012-09-11,0.00012246126745077792,1.597936982545266e-06,0.0006676116294467755,2.713174922273038e-05,5.424317364411841,2.484908699604325,1.3073617730184936e-06,4.501534042510614e-07
2012-09-12,0.00012246126745077792,1.3345735821925687e-06,0.0006676116294467755,2.346333706125808e-05,5.4220218698334115,2.5263055456015464,-2.633634003526972e-07,4.7297699595517613e-07
2012-09-13,0.00012025827023894883,1.3345735821925687e-06,0.000656446067359456,2.346333706125808e-05,5.418361972733636,2.555453976679164,0.0,4.908763929257756e-07
2012-09-14,0.00012025827023894883,1.3241607171638292e-06,0.000656446067359456,2.3452543456775226e-05,5.410407178847814,2.393977724607559,-1.0412865028739525e-08,5.069970382724879e-07
2012-09-17,0.00012025827023894883,1.2318004895190607e-06,0.000656446067359456,2.2975644654733904e-05,5.419724420582462,2.265736415372682,-9.236022764476846e-08,5.196851827933508e-07
2012-09-18,0.00012025827023894883,1.307945858989498e-06,0.000656446067359456,2.3463690693289003e-05,5.41915892739231,2.318114071190153,7.614536947043737e-08,5.311904609572118e-07
2012-09-19,0.00011958459701239877,1.0749349770213554e-06,0.000654706176008949,1.934617730057709e-05,5.423575630472765,2.5679391534006566,-2.3301088196814268e-07,5.291269039085064e-07
2012-09-20,0.00011958459701239877,1.0749349770213554e-06,0.000654706176008949,1.934617730057709e-05,5.419026850749063,2.5679391534006566,0.0,5.271682915975987e-07
2012-09-21,0.0001253261888106884,1.0749349770213554e-06,0.0006697429222034474,1.934617730057709e-05,5.393996885142908,2.612001369297109,0.0,5.211277956075386e-07
2012-09-24,0.00013162777975851507,1.0749349770213554e-06,0.0007020425844856749,1.934617730057709e-05,5.38852601610277,2.612001369297109,0.0,5.150898557193776e-07
2012-09-25,0.00013162777975851507,1.1673735888946575e-06,0.0007020425844856749,1.9833695308009737e-05,5.38509914245052,2.813164238223788,9.243861187330213e-08,5.098275043003353e-07
2012-09-26,0.00013058354726907045,1.005661080815444e-06,0.0006996825781651326,1.740433170939028e-05,5.393615994134184,2.847577868360768,-1.617125080792136e-07,4.89268427512422e-07
2012-09-27,0.00012315679761771252,1.005661080815444e-06,0.0006654343380067415,1.740433170939028e-05,5.402234075573818,2.818790773552394,0.0,4.6760344167184135e-07
2012-09-28,0.00011859925155467456,1.073993564867753e-06,0.0006540164520333791,1.769098622663648e-05,5.400741318117232,3.004333177913216,6.833248405230909e-08,4.5160742912126706e-07
2012-10-01,0.00011859925155467456,1.063911228724909e-06,0.0006540164520333791,1.767756318336328e-05,5.3929727526690785,2.896501057874894,-1.0082336142844058e-08,4.2559181693052134e-07
2012-10-02,0.00011859925155467456,1.1126655246836806e-06,0.0006540164520333791,1.8007643090635135e-05,5.3916970194419145,2.926654545233643,4.87542959587716e-08,3.9424306200505923e-07
2012-10-03,0.00012861917799455213,1.1126655246836806e-06,0.000696723023724348,1.8007643090635135e-05,5.379679040056903,2.926654545233643,0.0,3.549172020119576e-07
2012-10-04,0.00012802164585234746,8.874822501501587e-07,0.0006955671478204952,1.584693107400723e-05,5.380189135410787,2.7446380886949986,-2.2518327453352189e-07,3.108474266819099e-07
2012-10-05,0.00012802164585234746,8.874822501501587e-07,0.0006955671478204952,1.584693107400723e-05,5.380257209858309,2.7446380886949986,0.0,2.556134215816542e-07
2012-10-08,0.0001287163042210918,8.874822501501587e-07,0.0006969278455712642,1.584693107400723e-05,5.372059564901918,2.7446380886949986,0.0,1.7937409846268808e-07
2012-10-09,0.0001287163042210918,7.532746057021485e-07,0.0006969278455712642,1.4836675884538822e-05,5.375642436472678,2.6013236433994433,-1.3420764444801014e-07,1.6247690001047577e-07
2012-10-10,0.0001287163042210918,7.32695279402023e-07,0.0006969278455712642,1.4827606701060092e-05,5.377741657072925,2.477348640862015,-2.057932630012551e-08,1.7025347980531747e-07
2012-10-11,9.843022507796724e-05,7.381694572866496e-07,0.0005858878127430627,1.4832325305301452e-05,5.409529946172335,2.6101139098866653,5.474177884626619e-09,1.71748943171042e-07
2012-10-12,9.98457105248446e-05,9.555609579129812e-07,0.0005895426378496724,1.7923170331422707e-05,5.4085509551581366,2.6881135071453057,2.1739150062633153e-07,1.5767802537297585e-07
2012-10-15,9.789925070388104e-05,9.555609579129812e-07,0.0005848638605313137,1.7923170331422707e-05,5.407601286478633,2.6881135071453057,0.0,1.4920641441572233e-07
2012-10-16,8.436674510002543e-05,9.555609579129812e-07,0.0005182523240187007,1.7923170331422707e-05,5.4263375371678055,2.6881135071453057,0.0,1.301957582713614e-07
2012-10-17,8.624463291766973e-05,1.059314043211516e-06,0.0005233305799017161,1.8400704280275456e-05,5.432087508409725,3.0375702746166877,1.0375308529853478e-07,1.2964034001276633e-07
2012-10-18,8.624463291766973e-05,1.0449787881673823e-06,0.0005233305799017161,1.8374606691262353e-05,5.439801626762873,2.923630243446264,-1.43352550441337e-08,1.2864240747279295e-07
2012-10-19,0.00012553217253517918,1.0395046102827554e-06,0.0006893014980895488,1.837079795701916e-05,5.399103589773241,2.821553636365842,-5.4741778846268305e-09,1.2746815633760263e-07
2012-10-22,0.00012553217253517918,7.705615974957139e-07,0.0006893014980895488,1.5207294266140516e-05,5.39697185464902,2.8137250959545703,-2.6894301278704157e-07,1.3304420962557105e-07
2012-10-23,0.000152964654809532,7.706342961890009e-07,0.0007773786971246177,1.5202100453339489e-05,5.372894331836569,2.8469281190631444,7.269869328701074e-11,1.301171942471708e-07
2012-10-24,0.000152964654809532,1.0798114787646306e-06,0.0007773786971246177,1.8493496017833734e-05,5.3811021519508815,3.05349554619592,3.091771825756297e-07,1.3308981839305898e-07
2012-10-25,0.00015918609201493445,9.992705862963929e-07,0.0007916238234357302,1.7671800159391013e-05,5.367132979148713,3.0308328793840156,-8.054089246823771e-08,1.3294246024109123e-07
2012-10-26,0.00015918609201493445,1.3372759217296722e-06,0.0007916238234357302,2.132918837117586e-05,5.34962135212065,3.0317466522365297,3.3800533543327933e-07,1.5729401313487861e-07
2012-10-31,0.00015918609201493445,1.129704743631983e-06,0.0007916238234357302,2.021737157852938e-05,5.347919632270119,2.63633442485061,-2.0757117809768914e-07,1.603026397530394e-07
2012-11-01,0.00015095742357125076,1.129704743631983e-06,0.0007689594743216924,2.021737157852938e-05,5.369738944351869,2.63633442485061,0.0,1.6119679988173684e-07
2012-11-02,0.000147174242782327,7.85945821141539e-07,0.000752178969133648,1.6689724422764362e-05,5.370383044647007,2.225024938255292,-3.43758922490444e-07,1.616081603168743e-07
2012-11-05,0.000147174242782327,8.037169279315484e-07,0.000752178969133648,1.6610613898224094e-05,5.37280645103055,2.4595605800686324,1.7771106790009387e-08,1.6424121079946182e-07
2012-11-06,0.00015982798120579007,8.037169279315484e-07,0.0007990863310684578,1.6610613898224094e-05,5.355471170859548,2.4595605800686324,0.0,1.667219947737548e-07
2012-11-07,0.00018804744482105873,8.037169279315484e-07,0.0008902831081843739,1.6610613898224094e-05,5.338692651387324,2.4595605800686324,0.0,1.6905721555261863e-07
2012-11-08,0.00018177378192847163,8.194660259061258e-07,0.0008676130325179544,1.6645177695371673e-05,5.351792194237595,2.726833349187614,1.5749097974577394e-08,1.6598527397014646e-07
2012-11-09,0.00018177378192847163,8.035170403451125e-07,0.0008676130325179544,1.6554447911269816e-05,5.357912737761249,2.6680020118159478,-1.5948985561013378e-08,1.6213632593018035e-07
2012-11-12,0.00018177378192847163,8.034559622395288e-07,0.0008676130325179544,1.6554447385043797e-05,5.358269119948147,2.536369256484166,-6.107810558367073e-11,1.5849034040940229e-07
2012-11-13,0.0001984198807541058,2.4541062120864656e-06,0.0009151487752335916,4.123001001855956e-05,5.334405433686904,2.3837999630529203,1.6506502498469368e-06,3.734348865173131e-07
2012-11-14,0.0001844487765939121,2.3644717816028723e-06,0.000872366014405977,4.1103666308405026e-05,5.3465390015544045,1.9783950623262965,-8.963443048359326e-08,4.790852417660662e-07
2012-11-15,0.0001844487765939121,2.279920921584387e-06,0.000872366014405977,4.0410150795132174e-05,5.338741334154549,2.085518702875387,-8.455086001848527e-08,5.465960134540496e-07
2012-11-16,0.0001844487765939121,2.203620387230847e-06,0.000872366014405977,4.013263618587687e-05,5.3467711764037045,1.8503653275349832,-7.630053435354016e-08,5.939839904976125e-07
2012-11-19,0.00018755822722861588,2.203620387230847e-06,0.0008834994234068955,4.013263618587687e-05,5.343935141017843,1.8503653275349832,0.0,6.321770853772589e-07
2012-11-20,0.00018755822722861588,2.288965874390023e-06,0.0008834994234068955,4.036998961961944e-05,5.344575958784809,2.175898564824909,8.534548715917633e-08,6.689424667851452e-07
2012-11-21,0.00018755822722861588,2.288965874390023e-06,0.0008834994234068955,4.036998961961944e-05,5.342018532551298,2.1412302780718715,0.0,6.87796543581721e-07
2012-11-23,0.00018755822722861588,2.288965874390023e-06,0.0008834994234068955,4.036998961961944e-05,5.358700644330945,2.1412302780718715,0.0,6.97506359297418e-07
2012-11-26,0.00018755822722861588,2.272210467741268e-06,0.0008834994234068955,4.031208015050181e-05,5.370048888507583,2.1210777907728993,-1.675540664875504e-08,7.119862853763948e-07
2012-11-27,0.00020527998035149353,2.272210467741268e-06,0.0009503695365781893,4.031208015050181e-05,5.353758532437799,2.1210777907728993,0.0,7.176753405354815e-07
2012-11-28,0.00020527998035149353,1.878695831756459e-06,0.0009503695365781893,3.824530595697496e-05,5.3486530463495985,1.7444210581905437,-3.9351463598480917e-07,7.171822813549603e-07
2012-11-29,0.00020527998035149353,1.8049587447878062e-06,0.0009503695365781893,3.807853623569222e-05,5.3509419221176495,1.3667337222103282,-7.373708696865278e-08,7.080313959216685e-07
2012-11-30,0.00020527998035149353,1.7471735296128857e-06,0.0009503695365781893,3.797563736086976e-05,5.339812836414518,0.9348728454561207,-5.7785215174920506e-08,6.967094593870118e-07
2012-12-03,0.00020527998035149353,1.7471735296128857e-06,0.0009503695365781893,3.797563736086976e-05,5.341119125313141,0.738178583473961,0.0,6.627675907459162e-07
2012-12-04,0.00020527998035149353,1.7471735296128857e-06,0.0009503695365781893,3.797563736086976e-05,5.343149633278906,1.0614881897921533,0.0,6.245993130277524e-07
2012-12-05,0.00020527998035149353,1.6825165159994037e-06,0.0009503695365781893,3.7782639706210304e-05,5.350274897801441,0.8954388373272453,-6.465701361348205e-08,5.80646530842112e-07
2012-12-06,0.00020527998035149353,1.7360214232497719e-06,0.0009503695365781893,3.787111751333373e-05,5.360611830843207,1.1279856955558354,5.350490725036823e-08,5.283305873802652e-07
2012-12-07,0.00020527998035149353,2.776919527282228e-06,0.0009503695365781893,4.6230951138222805e-05,5.36490523308072,1.6591785291035712,1.040898104032456e-06,5.012936460963971e-07
2012-12-10,0.00020951309353635099,2.7895311369728135e-06,0.0009639540101528417,4.6238053374238596e-05,5.367167043932158,1.8568501120227097,1.2611609690585716e-08,4.4954694564190474e-07
2012-12-11,0.00020951309353635099,2.840663025317447e-06,0.0009639540101528417,4.630671554151915e-05,5.367201848223053,2.0991740892409094,5.1131888344633435e-08,3.681418389110255e-07
2012-12-12,0.00021045380496844283,2.851675137493994e-06,0.0009672514837149278,4.6312830373091644e-05,5.3731818389396455,2.1477523923640556,1.1012112176546947e-08,3.933962232939051e-07
2012-12-13,0.00020166363695781018,8.480841170880067e-07,0.0009396231538473366,2.0053431106292384e-05,5.376641822224631,2.246409044478692,-2.0035910204059873e-06,4.939651889809444e-07
2012-12-14,0.00020166363695781018,8.606845305705639e-07,0.0009396231538473366,2.007870484244846e-05,5.3834926572379365,2.416435957557006,1.260041348255722e-08,5.673936597116054e-07
2012-12-17,0.00020166363695781018,8.071796233201956e-07,0.0009396231538473366,1.9911321141770812e-05,5.384002759912556,2.1382809047618156,-5.3504907250368336e-08,6.30722502987215e-07
2012-12-18,0.00019935083274120506,8.071796233201956e-07,0.0009305131123352608,1.9911321141770812e-05,5.386010190651094,2.1382809047618156,0.0,6.807516303469506e-07
2012-12-19,0.00019935083274120506,8.077132106151575e-07,0.0009305131123352608,1.9911354532539485e-05,5.380644838015741,2.10869547369217,5.335872949619729e-10,7.177095856571878e-07
2012-12-20,0.00019935083274120506,7.923977552655064e-07,0.0009305131123352608,1.9885002472288413e-05,5.386740957529584,1.8359299978678334,-1.531545534965111e-08,7.461932683755377e-07
2012-12-21,0.00017515439286377315,8.875240192310787e-08,0.0008514902452349181,2.838794286426984e-06,5.410503366111945,2.0851857637223965,-7.036453533423986e-07,8.235197764703934e-07
2012-12-24,0.00017515439286377315,8.875240192310787e-08,0.0008514902452349181,2.838794286426984e-06,5.405298863212576,2.0851857637223965,0.0,8.805555541914134e-07
2012-12-26,0.00017515439286377315,1.6968722545026167e-07,0.0008514902452349181,5.487460627302436e-06,5.4053072273455385,1.557603247593605,8.09348235271538e-08,9.144934857262445e-07
2012-12-27,0.00017515439286377315,2.691082633261685e-07,0.0008514902452349181,6.993639227842682e-06,5.395584839267336,2.0975613378255398,9.942103787590685e-08,9.44524452016844e-07
2012-12-28,0.0001599962324674774,3.8798584314171574e-07,0.0008092763555571864,8.712525720745915e-06,5.41446728277502,2.3855329067806665,1.1887757981554722e-07,9.62611875814557e-07
2012-12-31,0.00013082579186170768,3.8798584314171574e-07,0.0006859289202468296,8.712525720745915e-06,5.441875305556729,2.3855329067806665,0.0,9.766852119939878e-07
2013-01-02,0.0001646746207568563,2.8097620550759616e-07,0.0008099951737568421,7.260708459650405e-06,5.41140094969101,2.0964129816848818,-1.0700963763411958e-07,9.903087259739488e-07
2013-01-03,0.0001646746207568563,3.133081341572951e-07,0.0008099951737568421,7.6018386397540405e-06,5.40551035284188,2.017114837845059,3.233192864969892e-08,9.967622305158908e-07
2013-01-04,0.00020250964870653277,3.133081341572951e-07,0.0010014627100209202,7.6018386397540405e-06,5.369617171204483,2.017114837845059,0.0,1.0001698369159624e-06
2013-01-07,0.00020250964870653277,3.133081341572951e-07,0.0010014627100209202,7.6018386397540405e-06,5.3658261995497165,2.017114837845059,0.0,9.964692862688198e-07
2013-01-08,0.00020250964870653277,3.133081341572951e-07,0.0010014627100209202,7.6018386397540405e-06,5.352891111420536,2.017114837845059,0.0,9.055352460610292e-07
2013-01-09,0.00020250964870653277,3.2038652483000337e-07,0.0010014627100209202,7.617214071841475e-06,5.350297882565379,2.2299317862469206,7.07839067270829e-09,7.823286033917369e-07
2013-01-10,0.00020277345896036023,7.897451185046669e-07,0.0010019512085367333,1.4740715932763726e-05,5.353863986769706,2.8441912103986344,4.6935859367466354e-07,5.98938273952782e-07
2013-01-11,0.00020277345896036023,7.126058320461245e-07,0.0010019512085367333,1.4251334727764596e-05,5.349942460438902,2.6291960859929255,-7.713928645854242e-08,2.7997711566725456e-07
2013-01-14,0.00020145165930774025,7.126058320461245e-07,0.000999699152719311,1.4251334727764596e-05,5.3463386019749235,2.6291960859929255,0.0,2.722266851444572e-07
2013-01-15,0.00020145165930774025,7.792684888014965e-07,0.000999699152719311,1.4818335993952456e-05,5.348993967264662,2.6522276720015503,6.666265675537201e-08,2.667382304486135e-07
2013-01-16,0.00020750217470892805,7.792684888014965e-07,0.001011595181825083,1.4818335993952456e-05,5.341991193410684,2.6522276720015503,0.0,2.6496369345813435e-07
2013-01-17,0.00020750217470892805,5.055787908611429e-07,0.001011595181825083,1.1168727228813177e-05,5.3386942560697985,2.298163085005234,-2.7368969794035356e-07,2.531663683756385e-07
2013-01-18,0.00020750217470892805,6.323002711342583e-07,0.001011595181825083,1.3816620877206636e-05,5.337619014615462,2.335338833535946,1.2672148027311538e-07,2.431934737456177e-07
2013-01-22,0.00012624201725220993,5.999478475015902e-07,0.0006788136439571838,1.3253220656631369e-05,5.406884131451636,2.3506244197221386,-3.235242363266807e-08,2.323976355246702e-07
2013-01-23,0.00015055487256556275,6.605081986094237e-07,0.0007964108711523207,1.3630696628038671e-05,5.379436116058214,2.6029790630505842,6.05603511078335e-08,2.2212596533725026e-07
2013-01-24,0.00015055487256556275,4.960959666649946e-07,0.0007964108711523207,1.1439459186663523e-05,5.382920535498822,2.588108283516348,-1.644122319444291e-07,2.035665509064816e-07
2013-01-25,0.00015055487256556275,2.2581465829562296e-07,0.0007964108711523207,6.034645583068231e-06,5.405767633155541,2.45825271885286,-2.702813083693717e-07,1.99306108064159e-07
2013-01-28,0.00015055487256556275,2.3056956874872532e-07,0.0007964108711523207,6.043388056946439e-06,5.40626373269001,2.603330272539471,4.754910453102365e-09,2.0172244068636437e-07
2013-01-29,0.0001022579623625216,2.3056956874872532e-07,0.0006063064876868295,6.043388056946439e-06,5.456579236114907,2.6684526260084045,0.0,2.0876766988361932e-07
2013-01-30,0.00010458220689718356,2.3056956874872532e-07,0.000611812285900879,6.043388056946439e-06,5.457330572795459,2.7617978127926146,0.0,2.1528008840027488e-07
2013-01-31,0.00010458220689718356,1.9517792477650516e-07,0.000611812285900879,5.655183241723056e-06,5.461851255342154,2.53249238060224,-3.539164397222016e-08,2.200881987947756e-07
2013-02-01,0.00013979955197168455,1.9517792477650516e-07,0.0008226927971636796,5.655183241723056e-06,5.424300852511835,2.53249238060224,0.0,2.2595692207488324e-07
2013-02-04,0.0001556224952153057,5.791580985274015e-07,0.000860066646291656,1.3041455731493353e-05,5.416646897408954,2.6671035484270944,3.839801737508963e-07,2.2457683063251289e-07
2013-02-05,0.0001556224952153057,5.890186366668621e-07,0.000860066646291656,1.3058853817347474e-05,5.429025292821449,2.827785520697206,9.86053813946059e-09,2.225759840416512e-07
2013-02-06,0.0001556224952153057,6.588450972543374e-07,0.000860066646291656,1.5447060315775926e-05,5.422772578778168,2.427557764264241,6.982646058747527e-08,2.2163881981050462e-07
2013-02-07,0.0001556224952153057,6.929769651531761e-07,0.000860066646291656,1.562218016267359e-05,5.412457203892573,2.6503559729490225,3.413186789883875e-08,2.2085941144176055e-07
2013-02-08,0.0001556224952153057,6.882220547000738e-07,0.000860066646291656,1.5618800246543722e-05,5.418673097113202,2.5181059992125556,-4.754910453102338e-09,2.155521937994449e-07
2013-02-11,0.0001556224952153057,5.115225676525762e-07,0.000860066646291656,1.374079803035665e-05,5.405312916945393,2.2687899990371836,-1.7669948704749756e-07,2.1071686280658045e-07
2013-02-12,0.0001556224952153057,5.524443800693015e-07,0.000860066646291656,1.3955888054652202e-05,5.392071671326605,2.3413791817940663,4.0921812416725315e-08,2.055789234137613e-07
2013-02-13,0.0001556224952153057,5.958981563604055e-07,0.000860066646291656,1.4241948761557148e-05,5.403513159922617,2.592154780219115,4.3453776291103963e-08,1.9643149067063172e-07
2013-02-14,0.0001556224952153057,6.146498124293005e-07,0.000860066646291656,1.4369658691585324e-05,5.402690490434926,2.5987142995953545,1.8751656068895017e-08,1.8700481361486493e-07
2013-02-15,0.0001556224952153057,5.398915296777674e-07,0.000860066646291656,1.3929497169885003e-05,5.386544268704708,2.2681088150342434,-7.475828275153314e-08,1.873678119654932e-07
2013-02-19,0.0001556224952153057,5.408945931250854e-07,0.000860066646291656,1.3929665838639455e-05,5.384117286623908,2.4172557768235166,1.0030634473180624e-09,1.847064924074336e-07
2013-02-20,0.00015874177007094305,5.74049380184584e-07,0.0008663461099741249,1.4234984776449502e-05,5.38108303466389,2.36195848790762,3.3154787059498615e-08,1.8392074036139866e-07
2013-02-21,0.00015874177007094305,5.720948176750426e-07,0.0008663461099741249,1.4234358065071497e-05,5.380954418724735,2.218266823846568,-1.9545625095414236e-09,1.8038489568190218e-07
2013-02-22,0.00015874177007094305,1.7315576520338356e-07,0.0008663461099741249,5.494161631370706e-06,5.381676007897722,2.4636997791649105,-3.9893905247165907e-07,1.925078831268288e-07
2013-02-25,0.0001742622876302226,1.7244642635229007e-07,0.0009035113539134971,5.493947770951983e-06,5.367536106031508,2.1810841354992103,-7.093388510934827e-10,1.9625153898705585e-07
2013-02-26,0.0001742622876302226,1.7244642635229007e-07,0.0009035113539134971,5.493947770951983e-06,5.365951257824507,2.0422791087830654,0.0,2.0017022272443468e-07
2013-02-27,0.0001754958937963432,5.150188391393463e-07,0.0009057416712395974,1.2933366808452291e-05,5.361624533588383,2.1635396959296127,3.4257241278705623e-07,1.934551893141759e-07
2013-02-28,0.0001754958937963432,7.971411533552379e-07,0.0009057416712395974,1.9039963115050577e-05,5.349412108107645,1.8841510977914722,2.821223142158916e-07,1.9825243208873374e-07
2013-03-01,0.0001754958937963432,8.510264415772613e-07,0.0009057416712395974,1.9223067436231318e-05,5.353006793164182,2.1985940794111163,5.3885288222023345e-08,2.0001954248122006e-07
2013-03-04,0.0001993986476686215,7.827658465399001e-07,0.0009835563160185774,1.8770416231858792e-05,5.327009971322294,2.2577526796923024,-6.826059503736119e-08,1.9132340767974915e-07
2013-03-05,0.0001975446836240378,1.580711195369522e-07,0.0009765257586768708,4.471218201417809e-06,5.320460953404926,2.4095204049591428,-6.246947270029478e-07,2.1109906770939145e-07
2013-03-06,0.0001975446836240378,1.7171224450546078e-07,0.0009765257586768708,4.90130727107614e-06,5.319396282607472,2.657147985381184,1.3641124968508572e-08,2.2585981419449568e-07
2013-03-07,0.0002101022953433538,1.1384325918782986e-07,0.0010050122214678911,3.3607266004191998e-06,5.293614074080419,2.702258931808623,-5.786898531763092e-08,2.4023528431991426e-07
2013-03-08,0.0002101022953433538,1.1778287115169295e-07,0.0010050122214678911,3.37149359454859e-06,5.287648481668931,2.893203153423987,3.939611963863089e-09,2.4887016416412274e-07
2013-03-11,0.0002101022953433538,1.8837135955644148e-07,0.0010050122214678911,4.990755642635431e-06,5.277193720111036,3.0492414784708886,7.058848840474853e-08,2.499209084277861e-07
2013-03-12,0.0002101022953433538,2.3413964772715226e-07,0.0010050122214678911,5.863129090218068e-06,5.287361522108634,2.997169240888989,4.5768288170710784e-08,2.5317075921872517e-07
2013-03-13,0.0002024635888261987,2.5503330759274736e-07,0.0009872650202180193,6.222453535741063e-06,5.282245459584781,3.0131403076994676,2.08936598655951e-08,2.5383257911366804e-07
2013-03-14,0.0003225254086462779,2.5503330759274736e-07,0.0016505771893348413,6.222453535741063e-06,5.163118385021219,3.0131403076994676,0.0,2.5191950107258573e-07
2013-03-15,9.622287411343233e-05,2.0193369846347846e-07,0.0005397399793224694,5.211908318600815e-06,5.395421588144179,3.2002185777762913,-5.3099609129268904e-08,2.494385388064959e-07
2013-03-18,8.909961808026067e-05,2.0193369846347846e-07,0.000515066031108892,5.211908318600815e-06,5.420541072112783,3.058031813714694,0.0,2.4872306915606104e-07
2013-03-19,8.909961808026067e-05,2.0607926283522597e-07,0.000515066031108892,5.252535198413489e-06,5.418862335712113,3.0616351712786227,4.14556437174751e-09,2.466304029996623e-07
2013-03-20,8.909961808026067e-05,3.32765950739074e-07,0.000515066031108892,7.634568068186825e-06,5.415342016831859,3.0425595716171236,1.2668668790384803e-07,2.4017469059117863e-07
2013-03-21,8.094501134755266e-05,3.059654037987934e-07,0.0004773419097577283,7.411618432627065e-06,5.429206297413933,2.939045601455327,-2.6800546940280605e-08,2.32948490853622e-07
2013-03-22,8.094501134755266e-05,4.4148879007865407e-07,0.0004773419097577283,9.379349533747421e-06,5.426452054235987,2.9157522204497623,1.3552338627986068e-07,2.3235849610659017e-07
2013-03-25,8.094501134755266e-05,3.600724266428202e-07,0.0004773419097577283,8.266650543477838e-06,5.4311945223184805,2.7994954016940494,-8.141636343583385e-08,2.2970064417616796e-07
2013-03-26,8.094501134755266e-05,2.741207619702465e-07,0.0004773419097577283,7.324562429751189e-06,5.42570311008232,2.3341104977018476,-8.59516646725737e-08,2.27067237181909e-07
2013-03-27,8.094501134755266e-05,2.741207619702465e-07,0.0004773419097577283,7.324562429751189e-06,5.434507190919798,2.3341104977018476,0.0,2.2355712078009898e-07
2013-03-28,8.094501134755266e-05,2.2597105047271885e-07,0.0004773419097577283,6.834667272293997e-06,5.427156228256104,1.9962230871933584,-4.814971149752767e-08,1.9486733026147799e-07
2013-04-01,7.5774428309695e-05,2.3063467545498302e-07,0.0004581845794702436,6.842094211351783e-06,5.430693030340412,2.082184221696339,4.663624982264173e-09,1.4517971205325415e-07
2013-04-02,7.5774428309695e-05,2.3063467545498302e-07,0.0004581845794702436,6.842094211351783e-06,5.437248802642432,2.082184221696339,0.0,7.949870710465476e-08
2013-04-03,7.21657147405056e-05,2.1815362990391572e-07,0.0004445270070533382,6.788720671163239e-06,5.4440677573828955,1.740257483860245,-1.2481045551067296e-08,7.738733372947168e-08
2013-04-04,7.21657147405056e-05,2.1815362990391572e-07,0.0004445270070533382,6.788720671163239e-06,5.447468574323184,1.740257483860245,0.0,7.584908885547446e-08
2013-04-05,7.266927915771549e-05,3.000479914067328e-07,0.0004462483847663034,7.824417601985795e-06,5.444269358157934,2.4137755384747215,8.189436150281707e-08,7.021004030594864e-08
2013-04-08,7.266927915771549e-05,2.2723142203044853e-07,0.0004462483847663034,6.1701785292829126e-06,5.439404798984101,2.4742620700338254,-7.281656937628426e-08,6.295563340307118e-08
2013-04-09,7.21657147405056e-05,5.049797010394483e-07,0.0004445270070533382,1.1790691705250634e-05,5.44209550213674,2.2818059320827824,2.777482790089998e-07,8.135390365532605e-08
2013-04-10,8.085854328649471e-05,5.049797010394483e-07,0.0004793736760940804,1.1790691705250634e-05,5.431595838208568,2.2818059320827824,0.0,9.551656429546992e-08
2013-04-11,8.085854328649471e-05,6.084571554973507e-07,0.0004793736760940804,1.2674973105207971e-05,5.427098995239376,2.5504321657953852,1.0347745445790241e-07,1.1884876535950531e-07
2013-04-12,8.529551529753908e-05,7.030768639507214e-07,0.0004954066665010304,1.357835924874901e-05,5.412722207500364,2.489528557822669,9.461970845337071e-08,1.4748546324721963e-07
2013-04-15,0.00017155277881413056,7.030768639507214e-07,0.0009207926319638092,1.357835924874901e-05,5.3011870866315585,2.489528557822669,0.0,1.6622411885137124e-07
2013-04-16,0.00016980180114213754,7.030768639507214e-07,0.0009165807221007402,1.357835924874901e-05,5.307019935183615,2.489528557822669,0.0,1.7940774925961433e-07
2013-04-17,0.00016804067650415597,7.030768639507214e-07,0.0009108563682430138,1.357835924874901e-05,5.309645550500943,2.489528557822669,0.0,1.8843861439908027e-07
2013-04-18,0.00016695782657788466,7.077404889329856e-07,0.0009086485004356084,1.3582099114722095e-05,5.314410878629775,2.5341449765215867,4.6636249822642e-09,1.9936723541053352e-07
2013-04-19,0.00016695782657788466,7.077404889329856e-07,0.0009086485004356084,1.3582099114722095e-05,5.322725357668797,2.674479504409892,0.0,2.0712413619528838e-07
2013-04-22,0.00016695782657788466,8.587918986837445e-07,0.0009086485004356084,1.829233706105112e-05,5.324407777610407,2.4586053940580794,1.510514097507588e-07,2.270903669823177e-07
2013-04-23,0.0001616639464158452,2.8080681538775064e-07,0.0008979632653946523,8.098870009716743e-06,5.331036918695326,2.121039343067794,-5.779850832959938e-07,2.296621751834608e-07
2013-04-24,0.0001616639464158452,2.8080681538775064e-07,0.0008979632653946523,8.098870009716743e-06,5.337414119310976,2.121039343067794,0.0,2.2938321934951977e-07
2013-04-25,0.0001616639464158452,3.733632497390535e-07,0.0008979632653946523,8.962461400562946e-06,5.341086745760607,2.6422251982883584,9.255643435130285e-08,2.2621167588442847e-07
2013-04-26,0.0001616639464158452,3.733632497390535e-07,0.0008979632653946523,8.962461400562946e-06,5.329336411797437,2.6422251982883584,0.0,2.2035551949377637e-07
2013-04-29,0.0001616639464158452,4.5281517093617597e-07,0.0008979632653946523,1.0617137892302091e-05,5.348020747515791,2.7205354381447515,7.945192119712248e-08,2.1303043032336215e-07
2013-04-30,0.0001616639464158452,5.896494459882352e-07,0.0008979632653946523,1.3014433256072477e-05,5.3452866541166735,2.2797921489764055,1.368342750520592e-07,2.0564214919995824e-07
2013-05-01,0.00016946715270292154,5.896494459882352e-07,0.000914579059233923,1.3014433256072477e-05,5.355844216895037,2.2797921489764055,0.0,1.9526824992781445e-07
2013-05-02,0.0001742129943366376,5.951046821094794e-07,0.0009250890723685256,1.3019771871989707e-05,5.344107439889241,2.4834172727143584,5.455236121244217e-09,1.8241545991836642e-07
2013-05-03,0.0001747392936453345,7.881390929590157e-07,0.0009261650383057019,1.5126516130053766e-05,5.319844565435575,2.6877205941354427,1.9303441084953634e-07,1.814977067409125e-07
2013-05-06,0.0001747392936453345,7.881390929590157e-07,0.0009261650383057019,1.5126516130053766e-05,5.314111853084362,2.6877205941354427,0.0,1.698810162595558e-07
2013-05-07,0.0002263692500421155,7.826838568377715e-07,0.0012071558194703819,1.5121921293634867e-05,5.267045525164728,2.519966901206302,-5.455236121244217e-09,1.737976418207822e-07
2013-05-08,0.0002263692500421155,1.1980311373098762e-06,0.0012071558194703819,2.264017208948386e-05,5.260793303765698,2.301271322952557,4.1534728047210467e-07,2.1666748450347424e-07
2013-05-09,0.0002263692500421155,1.4109845482040684e-06,0.0012071558194703819,2.41279329145386e-05,5.24902900262005,2.4399055863718835,2.1295341089419224e-07,2.766497750684029e-07
2013-05-10,0.0002263692500421155,1.4109845482040684e-06,0.0012071558194703819,2.41279329145386e-05,5.254867960836971,2.4399055863718835,0.0,3.21478140057092e-07
2013-05-13,0.0002263692500421155,1.7203955845227885e-06,0.0012071558194703819,2.7210367406028255e-05,5.2646768896169,2.4510248185515815,3.0941103631872004e-07,3.9221019515521387e-07
2013-05-14,0.0002263692500421155,1.7203955845227885e-06,0.0012071558194703819,2.7210367406028255e-05,5.285668892054605,2.4510248185515815,0.0,4.4593995222987253e-07
2013-05-15,0.0002263692500421155,1.7203955845227885e-06,0.0012071558194703819,2.7210367406028255e-05,5.275747928998584,2.4510248185515815,0.0,4.88312406117065e-07
2013-05-16,0.0002263692500421155,1.2252572215740326e-06,0.0012071558194703819,2.291387508044042e-05,5.269542897091414,2.1911129191140772,-4.951383629487558e-07,4.930895113435414e-07
2013-05-17,0.0002263692500421155,1.160309415943114e-06,0.0012071558194703819,2.204008816879379e-05,5.272521604983701,2.43218872568494,-6.494780563091851e-08,4.945045925634158e-07
2013-05-20,0.0002263692500421155,1.3676846496279643e-06,0.0012071558194703819,2.5692807773655437e-05,5.278060373331549,2.3809527281070015,2.0737523368485024e-07,5.043993474449167e-07
2013-05-21,0.0002263692500421155,1.8084266224184497e-06,0.0012071558194703819,2.9878732330523918e-05,5.285386839798647,2.402609542658259,4.407419727904853e-07,5.146526421260065e-07
2013-05-22,0.00021895661077167927,1.6708252297487383e-06,0.0011945967817928924,2.929752184517746e-05,5.299337309321215,2.1731215271486994,-1.376013926697114e-07,5.036223759614892e-07
2013-05-23,0.00021895661077167927,1.3854862476215817e-06,0.0011945967817928924,2.6102222626039638e-05,5.29532538816319,2.1865826312434518,-2.853389821271566e-07,4.783196296982077e-07
2013-05-24,0.00021895661077167927,1.747569567539016e-06,0.0011945967817928924,2.996312288033639e-05,5.29431860332831,2.3557734891097772,3.6208331991743435e-07,4.611006902477144e-07
2013-05-28,0.00021895661077167927,2.0143831756454003e-06,0.0011945967817928924,3.098825488262902e-05,5.299217503184917,2.7750157184767983,2.668136081063843e-07,4.5894132912115796e-07
2013-05-29,0.00021767797456394186,1.964840230186674e-06,0.0011922125015451403,3.0627302533566785e-05,5.302587717655084,2.6037219274994943,-4.9542945458726304e-08,4.522915727001457e-07
2013-05-30,0.00021767797456394186,1.9828181416511866e-06,0.0011922125015451403,3.075510072831065e-05,5.306952711097817,2.6064200236787674,1.797791146451255e-08,4.354282335199686e-07
2013-05-31,0.00022762767481982756,1.6282962521741196e-06,0.0012100543360826662,2.721692653432344e-05,5.306455734293283,2.386822178230649,-3.54521889477067e-07,3.9104609649755946e-07
2013-06-03,0.00022762767481982756,2.39645222417562e-06,0.0012100543360826662,3.444402048962236e-05,5.304716283621558,2.6089168432291037,7.681559720015006e-07,4.0743243826575054e-07
2013-06-04,0.00022486876830250823,1.6725622277803481e-06,0.001205674285837889,2.7607115407496854e-05,5.3095897410589545,2.3920804202694512,-7.23889996395272e-07,3.656481011266964e-07
2013-06-05,0.0002178328964973669,1.565834713695254e-06,0.0011924844279718274,2.7193188241124052e-05,5.316514322504109,2.119686597437325,-1.0672751408509403e-07,3.115028092867718e-07
2013-06-06,0.0002178328964973669,8.19731639983539e-07,0.0011924844279718274,1.84422609932864e-05,5.312402751319461,1.782214147070318,-7.461030737117151e-07,3.489029731160631e-07
2013-06-07,0.0002189260438101359,8.976440490070716e-07,0.001194191512209454,2.027132971556073e-05,5.320197183396125,1.441544190955258,7.791240902353253e-08,3.823432133370316e-07
2013-06-10,0.0002189260438101359,1.8471005052204328e-06,0.001194191512209454,3.773358751425006e-05,5.329318763020719,1.272882071458092,9.494564562133612e-07,3.837887921325829e-07
2013-06-11,0.00021630811422468328,1.967776372611453e-06,0.0011899159571297049,3.803089906252337e-05,5.33463218080466,1.9117393386432149,1.2067586739102025e-07,3.912503610643356e-07
2013-06-12,0.00021630811422468328,1.8679891429258571e-06,0.0011899159571297049,3.7760580611806915e-05,5.333171930587482,1.5569181292914072,-9.978722968559591e-08,3.9445984216321325e-07
2013-06-13,0.00022029369377357723,1.92951549916478e-06,0.0011972908442160633,3.7938213379325915e-05,5.3246450540939,1.6647299025949578,6.152635623892286e-08,3.99565233807902e-07
2013-06-14,0.00022029369377357723,1.9639745550242856e-06,0.0011972908442160633,3.809735823090731e-05,5.318990729884002,1.6902339074782111,3.445905585950558e-08,3.9270694480147184e-07
2013-06-17,0.00022029369377357723,2.014681206918708e-06,0.0011972908442160633,3.830737985479621e-05,5.3019030808491125,1.7180382567923327,5.0706651894422624e-08,3.7909394512836197e-07
2013-06-18,0.00022029369377357723,2.2799646179101967e-06,0.0011972908442160633,4.0219680223341415e-05,5.29902192395324,1.933921771507034,2.6528341099148847e-07,3.8851884069308065e-07
2013-06-19,0.00021985994619637303,2.1975496239658503e-06,0.001196663492093651,4.002671944524239e-05,5.286274204965708,1.6154926632336917,-8.241499394434635e-08,4.0004837828348634e-07
2013-06-20,0.00020436080031284058,2.1975496239658503e-06,0.0010350551982967764,4.002671944524239e-05,5.298902131647245,1.6154926632336917,0.0,4.089761092084482e-07
2013-06-21,0.00020436080031284058,2.1975496239658503e-06,0.0010350551982967764,4.002671944524239e-05,5.31094467303103,1.6154926632336917,0.0,4.0415406180518104e-07
2013-06-24,0.00020436080031284058,2.1975496239658503e-06,0.0010350551982967764,4.002671944524239e-05,5.325844328450273,1.6154926632336917,0.0,4.101812388159187e-07
2013-06-25,0.00017273056134457798,2.105454417920377e-06,0.000951013293120979,3.9716800817189854e-05,5.340796162284175,1.5053915801937077,-9.20952060454735e-08,4.1224968241641126e-07
2013-06-26,0.00017273056134457798,2.105454417920377e-06,0.000951013293120979,3.9716800817189854e-05,5.348042277252305,1.5175525473593843,0.0,4.1487829033987436e-07
2013-06-27,0.00018258848377962099,2.105454417920377e-06,0.0010229624253585326,3.9716800817189854e-05,5.338679428788187,1.6596797532341885,0.0,4.1719455319666675e-07
2013-06-28,0.00018258848377962099,2.105454417920377e-06,0.0010229624253585326,3.9716800817189854e-05,5.338541337783105,1.6596797532341885,0.0,4.146005829781031e-07
2013-07-01,0.00017915269849916256,2.105454417920377e-06,0.00101717609407288,3.9716800817189854e-05,5.337862529729542,1.6596797532341885,0.0,4.0197914446095165e-07
2013-07-02,0.00017915269849916256,2.1851676530313298e-06,0.00101717609407288,3.990727041411667e-05,5.328512219438043,1.9725424177198023,7.971323511095295e-08,4.0257184845265607e-07
2013-07-03,0.00017915269849916256,1.4326175368352689e-06,0.00101717609407288,2.682625719779704e-05,5.3362678414060705,2.346829690368258,-7.525501161960609e-07,4.099974797821126e-07
2013-07-05,0.00017915269849916256,1.4326175368352689e-06,0.00101717609407288,2.682625719779704e-05,5.328220376773777,2.227260429427068,0.0,3.3984928283467284e-07
2013-07-08,0.00017915269849916256,1.5033920718862982e-06,0.00101717609407288,2.7708852825618352e-05,5.340990829937626,2.218974514842339,7.077453505102937e-08,2.575024372990137e-07
2013-07-09,0.00017915269849916256,2.32520969304019e-06,0.00101717609407288,3.6073045331285795e-05,5.340067533238251,2.522030419674458,8.218176211538919e-07,2.6587677262552863e-07
2013-07-10,0.00017915269849916256,2.067675925375634e-06,0.00101717609407288,3.259603607127464e-05,5.354437641572288,2.5763499958156704,-2.5753376766455607e-07,2.6596001161621755e-07
2013-07-11,0.00017439755814621893,1.6378945615033092e-06,0.0010089922454461504,2.9062197064526163e-05,5.364830467556187,2.687844185829354,-4.2978136387232487e-07,2.7742950853943423e-07
2013-07-12,0.00016056395608884572,2.057866793794116e-06,0.0009819167608700228,3.231355900869796e-05,5.374528816323806,2.7321970538334046,4.19972232290807e-07,2.7708775160384777e-07
2013-07-15,0.00016056395608884572,2.069789472435866e-06,0.0009819167608700228,3.232382993860195e-05,5.375735142866506,2.8093123870945242,1.1922678641750003e-08,2.7715427162029747e-07
2013-07-16,0.00016077568906803122,2.069789472435866e-06,0.000981697230882906,3.232382993860195e-05,5.3730413918578295,2.8093123870945242,0.0,2.7741201337974863e-07
2013-07-17,0.00016077568906803122,1.8940564108908227e-06,0.000981697230882906,3.178834025495381e-05,5.373019101002671,2.396397807977089,-1.757330615450435e-07,2.7166467266935285e-07
2013-07-18,0.00016077568906803122,1.3536462171015725e-06,0.000981697230882906,2.309023869054251e-05,5.372653800483099,2.6486107134535075,-5.404101937892502e-07,3.03039548681194e-07
2013-07-19,0.00016107780059658483,1.468448904788137e-06,0.0009821967545863024,2.4906331597838253e-05,5.376614860125889,2.6298130363835117,1.1480268768656452e-07,3.162084770687824e-07
2013-07-22,0.00016107780059658483,1.3978652521572093e-06,0.0009821967545863024,2.4005873376012782e-05,5.3724911259062775,2.7574601487599124,-7.058365263092774e-08,3.296750556017241e-07
2013-07-23,0.00016077568906803122,1.1904983334580539e-06,0.000981697230882906,2.2148977975925336e-05,5.3781835601550645,2.88226617735343,-2.0736691869915537e-07,3.547419375470769e-07
2013-07-24,0.00016077568906803122,1.1107850983471014e-06,0.000981697230882906,2.1803927642168658e-05,5.386556480739802,2.6784195659003793,-7.971323511095253e-08,3.828078410648988e-07
2013-07-25,0.00016077568906803122,1.2988056131559696e-06,0.000981697230882906,2.2948257230133398e-05,5.387130252256404,2.8849879608582114,1.880205148088682e-07,3.892592275783213e-07
2013-07-26,0.00016077568906803122,1.870779728132756e-06,0.000981697230882906,2.9813672511956894e-05,5.392155499617085,2.9573504370315353,5.719741149767864e-07,3.8113529011623695e-07
2013-07-29,0.00016103555284066617,1.870779728132756e-06,0.0009821022504473125,2.9813672511956894e-05,5.397298140294825,2.9573504370315353,0.0,3.724454574190979e-07
2013-07-30,0.00016103555284066617,1.930585288424515e-06,0.0009821022504473125,3.006526433543806e-05,5.383127446614687,2.9857234076800325,5.98055602917589e-08,3.6482472738869363e-07
2013-07-31,0.00016103555284066617,1.9589765514262244e-06,0.0009821022504473125,2.950050021355612e-05,5.388348312003695,3.1700008413770644,2.8391263001709505e-08,3.525675583916025e-07
2013-08-01,0.00015827051334691404,1.6890710422812448e-06,0.000977595228819404,2.761003169583259e-05,5.398676638706752,3.246520490535872,-2.6990550914497956e-07,3.4706262105115117e-07
2013-08-02,0.0001571446003658155,1.6947038499812497e-06,0.0009759706976733945,2.7663834493712378e-05,5.395140949292593,3.2236512850817425,5.632807700004859e-09,3.409347603185192e-07
2013-08-05,0.0001571446003658155,1.8199341978646777e-06,0.0009759706976733945,2.8479452424559655e-05,5.393437830609734,3.252143077123749,1.25230347883428e-07,3.3753227759384266e-07
2013-08-06,0.00015721274974345913,2.168593847564086e-06,0.0009760779221430164,3.1822507359749246e-05,5.387767364882193,3.023896011521411,3.4865964969940823e-07,3.2478907552012097e-07
2013-08-07,0.00015721274974345913,2.1319598215737047e-06,0.0009760779221430164,3.172387387714141e-05,5.378611918280122,2.8824403745181506,-3.6634025990381277e-08,3.28591803644958e-07
2013-08-08,0.00015721274974345913,1.2655130214484848e-06,0.0009760779221430164,2.0913504155591377e-05,5.377790107509677,2.8792797092122466,-8.664468001252199e-07,3.445033920400521e-07
2013-08-09,0.00015508258123869727,1.0785577727736029e-06,0.0009728265537797031,1.9665058573953873e-05,5.383720144167206,2.6710980683329635,-1.8695524867488191e-07,3.6242872438054054e-07
2013-08-12,0.00015508258123869727,1.1080692635864609e-06,0.0009728265537797031,1.9768207673294466e-05,5.375069837156225,2.829943268014735,2.9511490812857983e-08,3.698503374179451e-07
2013-08-13,0.00015473650479055687,1.1080692635864609e-06,0.0009723794716011503,1.9768207673294466e-05,5.368092772566577,2.829943268014735,0.0,3.7061575636637847e-07
2013-08-14,0.00015473650479055687,1.1148032110309673e-06,0.0009723794716011503,1.9773563533335256e-05,5.375602685247508,2.9593888276534472,6.7339474445064585e-09,3.757343920511502e-07
2013-08-15,0.00011569867098549825,1.1148032110309673e-06,0.0007103560752068372,1.9773563533335256e-05,5.426350294907728,2.9593888276534472,0.0,3.8535786057010037e-07
2013-08-16,0.00011569867098549825,9.667226098125332e-07,0.0007103560752068372,1.8288873840575927e-05,5.424216291138308,2.882986187520321,-1.4808060121843407e-07,4.0470675056789265e-07
2013-08-19,0.00011546866387362155,9.930195703952126e-07,0.0007099557756745205,1.8544419981688706e-05,5.424753591869005,2.744359324764391,2.6296960582679312e-08,4.1964319926634864e-07
2013-08-20,0.00011546866387362155,9.343480608173682e-07,0.0007099557756745205,1.8005978750890042e-05,5.434972472049476,2.5754591971009955,-5.8671509577844345e-08,4.324719109442322e-07
2013-08-21,0.00011546866387362155,1.1237108381814955e-06,0.0007099557756745205,2.0276382653345754e-05,5.434129142910249,2.678790426250177,1.893627773641273e-07,4.319296232839545e-07
2013-08-22,0.00012589204186735578,1.1237108381814955e-06,0.0007363596789626966,2.0276382653345754e-05,5.424997783494127,2.678790426250177,0.0,4.371562806634482e-07
2013-08-23,0.0001258630795009595,1.1523099184566706e-06,0.0007363124640458371,2.0333199216553647e-05,5.424167543758404,2.8407119952180033,2.859908027517504e-08,4.3051704274740984e-07
2013-08-26,0.0001258630795009595,1.1523099184566706e-06,0.0007363124640458371,2.0333199216553647e-05,5.428259655435392,2.813557130607985,0.0,4.205560584799084e-07
2013-08-27,0.0001311888997461401,1.1523099184566706e-06,0.0007184173045862124,2.0333199216553647e-05,5.425913371108842,2.813557130607985,0.0,4.027020998310691e-07
2013-08-28,0.0001311888997461401,1.113856180982326e-06,0.0007184173045862124,2.024769060214278e-05,5.414504700181858,2.635274944360399,-3.845373747434452e-08,3.782132766385788e-07
2013-08-29,0.0001410824777483219,1.113856180982326e-06,0.0007506682218671503,2.024769060214278e-05,5.386800872781638,2.635274944360399,0.0,3.68850046978989e-07
2013-08-30,9.341139534945674e-05,1.113856180982326e-06,0.0005271605836766995,2.024769060214278e-05,5.437167785931401,2.635274944360399,0.0,3.564374253382855e-07
2013-09-03,9.341139534945674e-05,7.826539856694019e-07,0.0005271605836766995,1.490606445136583e-05,5.4334344239900805,2.8815742044478285,-3.3120219531292417e-07,3.4321761319379944e-07
2013-09-04,0.00013575363006689632,7.879394170613783e-07,0.0008001661229040041,1.4910440176593928e-05,5.38074736105181,2.9841759676080346,5.28543139197642e-09,2.6642508800481375e-07
2013-09-05,0.00013575363006689632,6.421290103594266e-07,0.0008001661229040041,1.3541846046658275e-05,5.3699872758608125,2.839932107986923,-1.4581040670195166e-07,1.533496835279897e-07
2013-09-06,0.00012886555585888735,6.402609060645583e-07,0.0007858172063970009,1.3520293878357958e-05,5.367970724077668,2.840236738406389,-1.8681042948683228e-09,1.6938083226579187e-07
2013-09-09,0.00012886555585888735,6.402609060645583e-07,0.0007858172063970009,1.3520293878357958e-05,5.364938122808486,2.840236738406389,0.0,1.8815589013206255e-07
2013-09-10,0.00012886555585888735,6.402609060645583e-07,0.0007858172063970009,1.3520293878357958e-05,5.364315017812276,2.840236738406389,0.0,2.0180509724230252e-07
2013-09-11,0.00013058145823298224,7.5868743466984e-07,0.0007888089976992854,1.5434177266694367e-05,5.361312019863294,2.7953684721544425,1.1842652860528168e-07,2.0438072549608509e-07
2013-09-12,0.00013058145823298224,7.5868743466984e-07,0.0007888089976992854,1.5434177266694367e-05,5.352792429859281,2.699767977884117,0.0,2.0506208794914252e-07
2013-09-13,0.00013058145823298224,7.526193153854103e-07,0.0007888089976992854,1.5428605164990675e-05,5.355048224525989,2.5621867055000807,-6.068119284429647e-09,2.0436546286744054e-07
2013-09-16,0.00012919336855820294,7.526193153854103e-07,0.0007864000218242202,1.5428605164990675e-05,5.359112377896741,2.5621867055000807,0.0,2.0722113875496666e-07
2013-09-17,0.0001295222147813671,4.815123064649144e-07,0.0007868931100972746,1.2035249071420199e-05,5.3561253901215204,2.3573534423434483,-2.7110700892049595e-07,2.266330159832198e-07
2013-09-18,0.00013090179927899756,1.4062047268645028e-06,0.0007894864924823401,2.6259990752088657e-05,5.354572372790648,2.4536977487043847,9.246924203995884e-07,2.552448408618525e-07
2013-09-19,0.00013090179927899756,1.6083116882255038e-06,0.0007894864924823401,2.718775258910253e-05,5.374336123838205,2.902608546997507,2.021069613610011e-07,2.9677353499489365e-07
2013-09-20,0.00013090179927899756,1.6083116882255038e-06,0.0007894864924823401,2.718775258910253e-05,5.373975201851936,2.902608546997507,0.0,3.3130521271387155e-07
2013-09-23,0.00013090179927899756,1.6066809998074854e-06,0.0007894864924823401,2.7216568737474374e-05,5.369602708976447,2.7348517038455036,-1.6306884180184387e-09,3.6002915546195e-07
2013-09-24,0.00013090179927899756,1.7009348756958266e-06,0.0007894864924823401,2.7921479049100006e-05,5.36057377164724,2.573973222441517,9.425387588834122e-08,3.9353731862241477e-07
2013-09-25,0.00013182198685371508,2.242190777258117e-06,0.0007913396437095373,3.534817461949719e-05,5.3569658508121,2.403959051164338,5.412559015622904e-07,4.810217318242424e-07
2013-09-26,0.00013182198685371508,2.1867389713842724e-06,0.0007913396437095373,3.5103963851198425e-05,5.368568493328444,2.5044249196516555,-5.545180587384463e-08,5.434059349383956e-07
2013-09-27,0.00013182198685371508,1.2228077436804936e-06,0.0007913396437095373,2.503289155004852e-05,5.366379300428166,2.357892418748563,-9.639312277037788e-07,5.43979396440138e-07
2013-09-30,0.00013182198685371508,1.2228077436804936e-06,0.0007913396437095373,2.503289155004852e-05,5.3667964191957,2.349106689841134,0.0,5.444948864412016e-07
2013-10-01,0.00013182198685371508,1.2228077436804936e-06,0.0007913396437095373,2.503289155004852e-05,5.377294836867259,2.349106689841134,0.0,5.389181822511165e-07
2013-10-02,0.00013002528416040238,1.2795637752650288e-06,0.0007879387549937106,2.5584346645821837e-05,5.379316005032484,2.2942034876817163,5.67560315845352e-08,5.329955384829693e-07
2013-10-03,9.098405063979254e-05,1.2795637752650288e-06,0.0005545823711952583,2.5584346645821837e-05,5.429880387605815,2.2942034876817163,0.0,5.187166788449959e-07
2013-10-04,8.900863766856892e-05,1.3036260677220074e-06,0.0005495370711906014,2.563713859871714e-05,5.450038980631271,2.471776021465584,2.4062292456978637e-08,5.019391735447207e-07
2013-10-07,8.847775267380248e-05,1.0634218701092437e-06,0.0005479505319414095,2.4066944469097887e-05,5.440735392731265,2.190695980468148,-2.4020419761276367e-07,4.842105058272109e-07
2013-10-08,8.16929513606496e-05,1.0634218701092437e-06,0.0005040589003315544,2.4066944469097887e-05,5.4629850944883,2.190695980468148,0.0,4.6479484241891985e-07
2013-10-09,8.373385302818911e-05,1.0714888151541733e-06,0.0005098189475084457,2.4073257765502263e-05,5.462695742459704,2.3412129187213346,8.06694504492962e-09,4.515425849747444e-07
2013-10-10,0.00018879334823179584,1.324133699660672e-06,0.001025177129698422,2.565043351931978e-05,5.35416372231631,2.5945146425156174,2.526448845064987e-07,4.3376371882970745e-07
2013-10-11,0.00018935348524295437,5.925760408724211e-07,0.0010279499931999355,1.2425421622685948e-05,5.354951522000556,3.002820898746404,-7.315576587882509e-07,4.460828739111193e-07
2013-10-14,0.00018935348524295437,5.685137484154424e-07,0.0010279499931999355,1.2316128460894454e-05,5.35257966050978,2.84264819688805,-2.4062292456978743e-08,4.5991840914367596e-07
2013-10-15,0.00018935348524295437,1.7592302005000957e-07,0.0010279499931999355,5.243616119792094e-06,5.3605552069072395,2.853778637356389,-3.925907283654328e-07,4.925567712371693e-07
2013-10-16,0.00017720461895714273,1.499034517090783e-07,0.0009590297737352677,4.93291242853864e-06,5.3746103985889615,2.6728552084813284,-2.6019568340931276e-08,5.530182950511418e-07
2013-10-17,0.00017720461895714273,1.3422667364262392e-07,0.0009590297737352677,4.815167988049349e-06,5.382500089083699,2.5385762451401788,-1.567677806645437e-08,5.957765049890231e-07
2013-10-18,0.00017720461895714273,1.3094569667851513e-07,0.0009590297737352677,4.809944670442635e-06,5.388255056428781,2.2735601343011442,-3.2809769641087894e-09,6.268650837753461e-07
2013-10-21,0.00017720461895714273,3.720835861919765e-07,0.0009590297737352677,1.003442261457303e-05,5.39956131301988,2.3048015221815015,2.4113788951346133e-07,6.327322392170284e-07
2013-10-22,0.00017720461895714273,3.720835861919765e-07,0.0009590297737352677,1.003442261457303e-05,5.401271752745093,2.3048015221815015,0.0,6.266962148718306e-07
2013-10-23,0.00017720461895714273,4.113341022666589e-07,0.0009590297737352677,1.1105210388231955e-05,5.401393178860079,2.06615037280912,3.925051607468242e-08,5.577747487148708e-07
2013-10-24,0.00017720461895714273,4.1665131453553914e-07,0.0009590297737352677,1.1128358671066947e-05,5.402379844408343,2.046023233565596,5.317212268880228e-09,4.6913091897042475e-07
2013-10-25,0.0001783085457106161,3.681627611705751e-07,0.0009612594893561913,1.0079902587809302e-05,5.398478579729768,2.0883227869678427,-4.848855336496402e-08,4.6450992114132824e-07
2013-10-28,0.00017628870686413342,2.1680111058795843e-07,0.0009582411308399259,6.212827928945426e-06,5.399179066594467,2.349985750460715,-1.513616505826167e-07,4.6236285918001394e-07
2013-10-29,0.00018568969910522822,2.1680111058795843e-07,0.0009799277303468052,6.212827928945426e-06,5.3850479473549555,2.2494894288295897,0.0,4.543817610282828e-07
2013-10-30,0.00017268868327282593,2.1680111058795843e-07,0.0009513932953270955,6.212827928945426e-06,5.39517671289423,2.2494894288295897,0.0,4.356293299516721e-07
2013-10-31,0.00017942501643099988,3.2313234399373274e-07,0.000963124840465594,7.85549897051403e-06,5.377306821263882,2.615746465159025,1.0633123340577431e-07,4.0536178619583036e-07
2013-11-01,0.00017942501643099988,6.477382326705229e-07,0.000963124840465594,1.2645371961545559e-05,5.383100439627457,2.6345101094728607,3.2460588867679013e-07,3.6337739129196276e-07
2013-11-04,0.00017942501643099988,6.477382326705229e-07,0.000963124840465594,1.2645371961545559e-05,5.3942604387919975,2.6345101094728607,0.0,3.401045473256359e-07
2013-11-05,0.00017942501643099988,6.718506971263922e-07,0.000963124840465594,1.2737466624214085e-05,5.400556733466063,2.899703465261628,2.4112464455869334e-08,3.1451549392448564e-07
2013-11-06,0.00017404617172161858,1.420630107475171e-06,0.0009531239452112987,2.719448911989532e-05,5.404538971649518,2.6769305403868238,7.487794103487787e-07,3.5749499463265464e-07
2013-11-07,0.00017164012923753203,1.4864310795898969e-06,0.0009455110876203912,2.742601292998904e-05,5.402335796825648,2.856343660411244,6.580097211472595e-08,3.7911795487132883e-07
2013-11-08,0.00013564150819926824,1.4864310795898969e-06,0.0007533973466659707,2.742601292998904e-05,5.440766476929114,2.856343660411244,0.0,4.41080800155141e-07
2013-11-11,0.00013564150819926824,1.4762510028457155e-06,0.0007533973466659707,2.7388183838558718e-05,5.434977189175161,2.852956985083315,-1.0180076744181403e-08,4.901263693730017e-07
2013-11-12,0.00013564150819926824,1.501059857311709e-06,0.0007533973466659707,2.7471683191953024e-05,5.430126799415326,2.8747077877451406,2.480885446599358e-08,5.229333290509043e-07
2013-11-13,0.00013564150819926824,1.9034665353916074e-06,0.0007533973466659707,3.037109255661695e-05,5.428275549267602,3.1452204670563155,4.024066780798983e-07,5.813524305039064e-07
2013-11-14,0.00013564150819926824,1.585250492639431e-06,0.0007533973466659707,2.5254026812917916e-05,5.422602534113499,3.2036779692650454,-3.182160427521764e-07,5.946562384393294e-07
2013-11-15,0.00013564150819926824,1.5170551621354791e-06,0.0007533973466659707,2.4982830782763604e-05,5.41787435488169,3.050158878457907,-6.819533050395182e-08,5.941365167295125e-07
2013-11-18,0.00014572781869831323,1.4031304576239327e-06,0.0007785772196410256,2.4472785600043933e-05,5.40866723679516,2.86702855735741,-1.139247045115464e-07,5.94039983466328e-07
2013-11-19,0.00014509171933002265,1.5559488465526385e-06,0.0007770547363357941,2.713503910772966e-05,5.40589098638802,2.6410641696275845,1.528183889287058e-07,5.961319513690393e-07
2013-11-20,0.00014509171933002265,9.105462297570818e-07,0.0007770547363357941,1.9146460593258032e-05,5.387676346307962,2.711193979761545,-6.454026167955567e-07,5.816234872171654e-07
2013-11-21,0.00014002225208516867,1.805175640128719e-06,0.000763483460360462,2.9681601120975936e-05,5.396029802466058,2.528318332702797,8.946294103716371e-07,5.912942410294054e-07
2013-11-22,0.00014002225208516867,1.739443703113209e-06,0.000763483460360462,2.9510680188639432e-05,5.389428126359422,2.300500672067844,-6.573193701551e-08,5.853445897675268e-07
2013-11-25,0.00014002225208516867,1.8070507386715951e-06,0.000763483460360462,2.9789752397010894e-05,5.383630727181643,2.357683821704948,6.760703555838614e-08,5.613431915099453e-07
2013-11-26,0.00014002225208516867,1.8397092718225393e-06,0.000763483460360462,2.9873242345632555e-05,5.384252127866252,2.5984235329493037,3.2658533150944184e-08,5.254385151850742e-07
2013-11-27,0.00014834318535765766,1.206091940874455e-06,0.0007845207978748117,2.195202659870065e-05,5.372816749240541,2.5131468737577003,-6.336173309480843e-07,4.6098566884270975e-07
2013-11-29,0.00014834318535765766,1.5501464608433216e-06,0.0007845207978748117,2.4923285874753928e-05,5.379095590651493,2.5537954077080562,3.4405451996886667e-07,3.9443853037641445e-07
2013-12-02,0.00014717694256441937,1.369622546341857e-06,0.0007816682626501984,2.349675534394443e-05,5.379156518761985,2.4347418519573547,-1.8052391450146462e-07,3.519412066165744e-07
2013-12-03,0.00014717694256441937,1.369622546341857e-06,0.0007816682626501984,2.349675534394443e-05,5.378407969024037,2.4347418519573547,0.0,2.989995831595994e-07
2013-12-04,0.00014717694256441937,7.369879782610892e-07,0.0007816682626501984,1.3634576097722588e-05,5.368349007811732,2.575514816083134,-6.326345680807678e-07,2.8994842356837205e-07
2013-12-05,0.00014717694256441937,9.59529721553818e-07,0.0007816682626501984,1.7066253295656346e-05,5.380372043634249,2.537133324915864,2.2254174329272887e-07,3.126538031721992e-07
2013-12-06,0.00014653707544214957,1.8329760989836727e-06,0.0007799743167288057,2.8153575557144672e-05,5.392162310067295,2.6129256382466517,8.734463774298546e-07,3.2358138205984174e-07
2013-12-09,0.00014653707544214957,1.8553998141702467e-06,0.0007799743167288057,2.8251671982469236e-05,5.396974539770912,2.674280931661519,2.2423715186573977e-08,3.344368493475095e-07
2013-12-10,0.00014386473166630562,1.8007944443290123e-06,0.0007739055223423941,2.8125324854512027e-05,5.3999584984027535,2.479644553990496,-5.460536984123434e-08,3.4122152210798717e-07
2013-12-11,0.00012091674008257737,1.8007944443290123e-06,0.0006992507276942812,2.8125324854512027e-05,5.42499750149546,2.479644553990496,0.0,3.4722440063695753e-07
2013-12-12,0.00012091674008257737,1.4716934397134665e-06,0.0006992507276942812,2.5670019517148954e-05,5.421509689887063,2.371162340920873,-3.291010046155458e-07,3.358507476305839e-07
2013-12-13,0.00012109028651073108,1.2416513127710438e-06,0.0006997564996905958,2.3923285188979025e-05,5.428485762171873,2.3842059236754793,-2.3004212694242267e-07,3.403335226177855e-07
2013-12-16,0.0001159348465390613,1.3384336703156565e-06,0.0006845912177490694,2.4331982483941586e-05,5.4289813839975265,2.6283813172602106,9.678235754461267e-08,3.4188953737681787e-07
2013-12-17,0.00013692842345966913,1.2466411421752496e-06,0.0007534859289536079,2.3635398174040854e-05,5.402817695446126,2.6716179610954387,-9.179252814040684e-08,3.4550660565941144e-07
2013-12-18,0.00013692842345966913,1.2466411421752496e-06,0.0007534859289536079,2.3635398174040854e-05,5.411656377702582,2.6716179610954387,0.0,3.484569972620853e-07
2013-12-19,0.00013692842345966913,1.129948160698382e-06,0.0007534859289536079,2.304378468186481e-05,5.409876182967983,2.4874702728431273,-1.1669298147686762e-07,3.334989947948048e-07
2013-12-20,8.33874647448348e-05,1.1333993524918335e-06,0.0004972902141485418,2.304499163082767e-05,5.469116170151717,2.5910880079849794,3.4511917934514697e-09,3.3151436318753175e-07
2013-12-23,8.719350518711843e-05,1.0332374927553636e-06,0.000510793625901469,2.2611816360061105e-05,5.4660738161069435,2.4529581853855276,-1.0016185973646988e-07,3.3484249157719767e-07
2013-12-24,8.719350518711843e-05,1.1875077747366043e-06,0.000510793625901469,2.376551618464483e-05,5.475863070412683,2.310925578525162,1.542702819812407e-07,3.2352546126263054e-07
2013-12-26,8.85255633868049e-05,1.1875077747366043e-06,0.0005181021640532946,2.376551618464483e-05,5.472282419893543,2.310925578525162,0.0,3.0581272858337547e-07
2013-12-27,0.0001043111432778482,3.490079174803241e-06,0.0005801226363748034,5.826394517364405e-05,5.452915306667846,2.463125638519004,2.3025714000666363e-06,5.686613868235677e-07
2013-12-30,0.0001043111432778482,3.311179228539888e-06,0.0005801226363748034,5.784600783201163e-05,5.4430759542315945,2.19981547480805,-1.7889994626335282e-07,7.050979146613587e-07
2013-12-31,0.00010742905582414239,3.3125740229857327e-06,0.0005912352352424283,5.784609443996118e-05,5.435104254866815,2.1550748266973003,1.3947944458447526e-09,8.072462791246579e-07
2014-01-02,9.014091618467919e-05,3.274944816387956e-06,0.0005120410332099513,5.778890620287728e-05,5.461528126447908,1.9256965102310064,-3.76292065977767e-08,8.832153900979564e-07
2014-01-03,9.014091618467919e-05,3.375065222948323e-06,0.0005120410332099513,5.79778620432389e-05,5.466947141343793,2.157938458415994,1.0012040656036716e-07,9.232563798740107e-07
2014-01-06,9.014091618467919e-05,3.375065222948323e-06,0.0005120410332099513,5.79778620432389e-05,5.463781323857992,2.1133275535464264,0.0,9.564527019947681e-07
2014-01-07,9.014091618467919e-05,3.3981309767328464e-06,0.0005120410332099513,5.799928644827743e-05,5.458755684619558,2.3589365880103887,2.3065753784523193e-08,1.0063247583077692e-06
2014-01-08,9.014091618467919e-05,3.3083316201326044e-06,0.0005120410332099513,5.7814633948435284e-05,5.465406235375418,2.2657865316331725,-8.979935660024203e-08,1.042529008443209e-06
2014-01-09,9.014091618467919e-05,3.3161007661356057e-06,0.0005120410332099513,5.781707184641244e-05,5.468423663370171,2.340399094163293,7.769146003001298e-09,1.0717540604951685e-06
2014-01-10,9.014091618467919e-05,3.340504684480871e-06,0.0005120410332099513,5.782980522198114e-05,5.474534178926705,2.50054451047449,2.4403918345265193e-08,1.0959201733270961e-06
2014-01-13,9.389287553406661e-05,3.340504684480871e-06,0.0005267032077515392,5.782980522198114e-05,5.469582472758676,2.50054451047449,0.0,1.1024923057628793e-06
2014-01-14,8.918089892207313e-05,2.1495222362768926e-06,0.0005083144638056679,3.9008864853878505e-05,5.480227091421328,2.640268262805278,-1.1909824482039782e-06,1.0714355034672155e-06
2014-01-15,8.918089892207313e-05,2.12645648249237e-06,0.0005083144638056679,3.8977003422321505e-05,5.4769577504082765,2.4762311429636306,-2.306575378452277e-08,1.0435094741317247e-06
2014-01-16,8.918089892207313e-05,2.1971531882150895e-06,0.0005083144638056679,3.917219235226298e-05,5.472196337834781,2.4674642664865396,7.069670572271967e-08,1.0061150333169796e-06
2014-01-17,8.918089892207313e-05,2.3913817511094194e-06,0.0005083144638056679,4.0475299944089634e-05,5.475085676174336,2.473423769559993,1.9422856289432982e-07,9.619519483995334e-07
2014-01-21,8.918089892207313e-05,2.3913817511094194e-06,0.0005083144638056679,4.0475299944089634e-05,5.478663158695934,2.473423769559993,0.0,9.021312209992667e-07
2014-01-22,8.918089892207313e-05,2.6793668036363527e-06,0.0005083144638056679,4.186342874714314e-05,5.4775365071848094,2.565508195065831,2.879850525269333e-07,8.303426255433418e-07
2014-01-23,8.899982488550633e-05,1.3627986805102677e-06,0.0005076933599125821,2.1782157933250068e-05,5.483774069266498,2.7430937788503744,-1.316568123126085e-06,7.97969743819528e-07
2014-01-24,0.00015090112132005488,1.9511729146791775e-06,0.0008132869131377458,2.9633877931757724e-05,5.420380862074591,2.6804495976759015,5.883742341689099e-07,7.363829559508284e-07
2014-01-27,0.0001502970276180026,2.437056324022715e-06,0.0008113900052954091,3.260765769618482e-05,5.428873024680878,2.947527301880773,4.858834093435376e-07,6.426315292376748e-07
2014-01-28,0.00015376529816601124,2.439140112898777e-06,0.0008202115177640293,3.2607990050092806e-05,5.429345075799548,2.9650331009332893,2.0837888760616193e-09,6.283180502412615e-07
2014-01-29,0.00015070114860870658,1.6697194471302667e-06,0.0008125674077330364,2.4585531638403815e-05,5.434576783241607,2.8109720133034797,-7.694206657685101e-07,6.60808373609518e-07
2014-01-30,0.00015070114860870658,1.6697194471302667e-06,0.0008125674077330364,2.4585531638403815e-05,5.434511628440236,2.8109720133034797,0.0,6.813719597648312e-07
2014-01-31,0.00015022337587788234,1.1670429738301274e-06,0.0008114806457420315,2.076122873274958e-05,5.434787444199803,2.4647495837412134,-5.026764733001393e-07,7.340418581398854e-07
2014-02-03,0.0001600767454572736,1.4590451229346931e-06,0.0008374367579071134,2.5351753293481956e-05,5.429127638037597,2.411945742678695,2.920021491045658e-07,7.394246291913567e-07
2014-02-04,0.0001600767454572736,1.1768957929692792e-06,0.0008374367579071134,2.2002775598191032e-05,5.430576457264247,2.431370104346809,-2.82149329965414e-07,7.514596683282811e-07
2014-02-05,0.00017024856582039015,1.1768957929692792e-06,0.0008635471867306265,2.2002775598191032e-05,5.411435812200595,2.529083040310046,0.0,7.445087094165678e-07
2014-02-06,0.00015672542259359323,1.1898449275474034e-06,0.0008269938166883884,2.1732420176899596e-05,5.4294711751910905,2.859943322118022,1.2949134578124182e-08,7.271524980370201e-07
2014-02-07,0.00015491982351535042,1.277201676495066e-06,0.0008221355666137289,2.2389036634974285e-05,5.444681651973112,2.87113481589894,8.73567489476626e-08,6.867702068783595e-07
2014-02-10,0.00015491982351535042,1.3038184592703006e-06,0.0008221355666137289,2.2446982781511247e-05,5.442027968307401,3.0233794513957384,2.6616782775234606e-08,6.223381855670374e-07
2014-02-11,0.00015491982351535042,1.3480669193194547e-06,0.0008221355666137289,2.2728664690701226e-05,5.433356209962249,2.993448588902021,4.424846004915413e-08,5.282262713788858e-07
2014-02-12,0.00015491982351535042,1.3239730288646527e-06,0.0008221355666137289,2.2887142738066104e-05,5.428016512322991,2.8071619251753375,-2.4093890454802034e-08,5.299342508386644e-07
2014-02-13,0.00014604004854211746,1.3977274412462398e-06,0.000799312417076724,2.3228629764660785e-05,5.437763460566689,2.819654918231101,7.375441238158712e-08,5.267835346242991e-07
2014-02-14,0.00014727472279259753,7.978021021511381e-07,0.0008020741268448696,1.5014974689451299e-05,5.4277970360746535,2.892190450403187,-5.999253390951017e-07,5.497714014685231e-07
2014-02-18,0.00014727472279259753,1.0458600451284577e-06,0.0008020741268448696,1.7684258080573878e-05,5.431224416931373,3.1721884754973537,2.4805794297731954e-07,5.338574427077536e-07
2014-02-19,0.00014145221427257695,7.904287696089843e-07,0.0007885739650010361,1.5463722001931797e-05,5.442722519626278,2.900511033160953,-2.554312755194733e-07,5.230625536434375e-07
2014-02-20,0.00014145221427257695,7.882732911313287e-07,0.0007885739650010361,1.5463020386555875e-05,5.43694290277154,2.8813938617249253,-2.155478477655665e-09,4.629147134115386e-07
2014-02-21,0.00014145221427257695,7.332611839356834e-07,0.0007885739650010361,1.4999125472900838e-05,5.433312088317925,2.7205170575679514,-5.501210719564532e-08,4.856102190671657e-07
2014-02-24,0.00014145221427257695,7.332611839356834e-07,0.0007885739650010361,1.4999125472900838e-05,5.426297167239897,2.664633925476285,0.0,4.835575615058914e-07
2014-02-25,0.00014145221427257695,6.884775199906004e-07,0.0007885739650010361,1.4842166425428388e-05,5.416638513724514,2.434565171338009,-4.478366394508295e-08,4.203888093767532e-07
2014-02-26,0.00014145221427257695,7.19224879069607e-07,0.0007885739650010361,1.4941128704382631e-05,5.414724939428756,2.4908703846696394,3.074735907900661e-08,3.192036268215222e-07
2014-02-27,0.00014145221427257695,7.026523858223958e-07,0.0007885739650010361,1.5292642910096388e-05,5.413304387396803,1.9562767340990266,-1.6572493247211263e-08,3.049264428309003e-07
2014-02-28,0.00014258174228311144,7.248619596265926e-07,0.0007911139158607549,1.5337420864233728e-05,5.417803282183016,2.3433321651980155,2.2209573804196874e-08,2.8002777694176546e-07
2014-03-03,0.00014258174228311144,7.248619596265926e-07,0.0007911139158607549,1.5337420864233728e-05,5.422248294238683,2.3433321651980155,0.0,2.8580438714084624e-07
2014-03-04,0.00017832088216560057,7.248619596265926e-07,0.0009138156460657726,1.5337420864233728e-05,5.387586102873542,2.3433321651980155,0.0,2.7121040979245497e-07
2014-03-05,0.00017832088216560057,9.250898507119222e-07,0.0009138156460657726,1.736472116482603e-05,5.388664652021607,2.39258366541255,2.0022789108532953e-07,2.6683209093197847e-07
2014-03-06,0.00017832088216560057,9.304028965945201e-07,0.0009138156460657726,1.7368516828765925e-05,5.383780987245709,2.4619948011327835,5.313045882597922e-09,2.617273222754422e-07
2014-03-07,0.00017832088216560057,9.332742066316619e-07,0.0009138156460657726,1.7369625236339315e-05,5.384334405387947,2.400104470025701,2.871310037141772e-09,2.5522422853620787e-07
2014-03-10,0.00017832088216560057,1.9255334324486985e-06,0.0009138156460657726,3.205743319787868e-05,5.370936668958158,2.2798295174373724,9.922592258170366e-07,3.313689514848673e-07
2014-03-11,0.00017574560061277736,1.9255334324486985e-06,0.0009091001481507236,3.205743319787868e-05,5.37610247366034,2.2798295174373724,0.0,3.891409323837591e-07
2014-03-12,0.00017574560061277736,1.93639119042256e-06,0.0009091001481507236,3.207817792028141e-05,5.37418101496672,2.269172897402479,1.0857757973861463e-08,4.36638621865799e-07
2014-03-13,0.00017574560061277736,1.93639119042256e-06,0.0009091001481507236,3.207817792028141e-05,5.376997606869942,2.269172897402479,0.0,4.782995417178156e-07
2014-03-14,0.00017574560061277736,1.6742206361576073e-06,0.0009091001481507236,2.7730715928681058e-05,5.377913483676131,2.3047896856629992,-2.6217055426495267e-07,4.925351132468514e-07
2014-03-17,0.0001815723111814839,1.6742206361576073e-06,0.0009215369916919146,2.7730715928681058e-05,5.374562689234267,2.3047896856629992,0.0,5.060298930424051e-07
2014-03-18,0.00018051690708919066,3.254430227027619e-06,0.000919725153052929,4.921198176743397e-05,5.374363354767803,2.082365197809327,1.5802095908700117e-06,6.961415009743352e-07
2014-03-19,0.00018030929387176045,3.201623166807555e-06,0.0009193739615815222,4.913991149273157e-05,5.374808218567591,1.8533339219149412,-5.280706022006417e-08,8.159026333456969e-07
2014-03-20,0.00018030929387176045,3.4957545745400324e-06,0.0009193739615815222,5.200523827495946e-05,5.37652963211524,1.8501973697263905,2.9413140773247764e-07,9.349699247728531e-07
2014-03-21,0.00018169216045019256,3.190763450273898e-06,0.0009217436676353156,5.0914094386497364e-05,5.379200680727323,1.4464813762633348,-3.049911242661344e-07,9.916785234714963e-07
2014-03-24,0.00018169216045019256,3.190763450273898e-06,0.0009217436676353156,5.0914094386497364e-05,5.377906005579764,1.4464813762633348,0.0,1.029999003205547e-06
2014-03-25,0.00018169216045019256,2.9192084259358714e-06,0.0009217436676353156,4.8245004372795986e-05,5.379991059475028,1.4428617803925234,-2.715550243380267e-07,1.0327433606477314e-06
2014-03-26,0.00018717760152679817,3.487311113535027e-06,0.0009402079264944328,5.1106764532864136e-05,5.376403011037145,1.8847802312070563,5.681026875991558e-07,1.0603846168746277e-06
2014-03-27,0.00018717760152679817,3.329808309529366e-06,0.0009402079264944328,4.897589949669284e-05,5.38378217170303,1.8935063594872972,-1.5750280400566091e-07,1.0573346621489478e-06
2014-03-28,0.00018717760152679817,3.303379637679347e-06,0.0009402079264944328,4.7796175473269386e-05,5.386625867454162,2.1780969623610167,-2.6428671850019376e-08,1.037169784186203e-06
2014-03-31,0.00018717470502684034,3.303379637679347e-06,0.0009401967957803949,4.7796175473269386e-05,5.392679101513447,2.1780969623610167,0.0,9.992458634612102e-07
2014-04-01,0.00018717470502684034,3.510821673083959e-06,0.0009401967957803949,5.06383230877474e-05,5.394918104852163,2.1627908743585214,2.07442035404612e-07,9.519127857919408e-07
2014-04-02,0.00018717470502684034,4.595656330630964e-06,0.0009401967957803949,6.243367385129218e-05,5.394135306532943,1.862039170738277,1.084834657547005e-06,9.850640479576561e-07
2014-04-03,0.00018805873820856468,4.772321563675143e-06,0.0009418654654902063,6.272016701130361e-05,5.399734611097671,2.301885029158037,1.7666523304417946e-07,9.992024969994627e-07
2014-04-04,0.00019581867465334364,4.772321563675143e-06,0.000929376805233184,6.272016701130361e-05,5.398120443301858,2.301885029158037,0.0,9.743820351016205e-07
2014-04-07,0.00021100550867078264,4.5434357490916265e-06,0.0010192539119658398,6.149696975632371e-05,5.37712839954533,2.284329919865324,-2.288858145835168e-07,9.882884929999032e-07
2014-04-08,0.00021439854691130759,5.039251882204409e-06,0.001026091866580719,6.58660770259683e-05,5.385900195179522,2.0856734083964943,4.958161331127828e-07,1.0215021603759571e-06
2014-04-09,0.00021323455548849103,4.870766397529219e-06,0.0010220790668286036,6.408340385194942e-05,5.385392917119187,2.0922286181860077,-1.684854846751899e-07,1.01751000590273e-06
2014-04-10,0.00017929717134041595,4.870766397529219e-06,0.0008770160496272576,6.408340385194942e-05,5.420476470206129,2.0922286181860077,0.0,9.90892443715902e-07
2014-04-11,0.00017718249070144835,2.7348883568357504e-06,0.0008718524661951626,4.592089978248391e-05,5.418265213343602,2.0321504297434023,-2.135878040693469e-06,9.041699177908634e-07
2014-04-14,0.00017718249070144835,2.7348883568357504e-06,0.0008718524661951626,4.592089978248391e-05,5.423523666165319,2.0321504297434023,0.0,8.045231560051279e-07
2014-04-15,0.00016914431196024096,2.7348883568357504e-06,0.0008544554145766431,4.592089978248391e-05,5.417124099716676,2.0321504297434023,0.0,8.295710130608657e-07
2014-04-16,0.00016914431196024096,3.1311307680820358e-06,0.0008544554145766431,4.9822143066877645e-05,5.419456603749393,2.0284713553902116,3.9624241124628533e-07,8.320804982513906e-07
2014-04-17,0.00016914431196024096,3.052865247862929e-06,0.0008544554145766431,4.97044142728401e-05,5.410561979907298,1.6232494456294553,-7.82655202191067e-08,8.443496605110866e-07
2014-04-21,0.00016914431196024096,3.4425026900171315e-06,0.0008544554145766431,5.133321024346407e-05,5.415412386298153,2.010685941501408,3.896374421542025e-07,8.381428145623044e-07
2014-04-22,0.00016914431196024096,3.663031527613805e-06,0.0008544554145766431,5.201174878517864e-05,5.412320426078571,2.297985997322146,2.2052883759667345e-07,8.291404299483264e-07
2014-04-23,0.00016914431196024096,3.519511563148767e-06,0.0008544554145766431,5.122688613222594e-05,5.412052199650114,2.266655781216071,-1.43519964465038e-07,8.084469688363954e-07
2014-04-24,0.0001695319289747052,2.8909572262640523e-06,0.0008552229386172081,4.5293115501631834e-05,5.412648898660597,2.5624364088205405,-6.285543368847146e-07,8.301533065324193e-07
2014-04-25,0.0001483102711643129,1.9403425352067685e-06,0.0007721225715858794,3.059423915454006e-05,5.441103110971191,2.683281072632968,-9.506146910572839e-07,9.196743571198834e-07
2014-04-28,0.0001483102711643129,1.9403425352067685e-06,0.0007721225715858794,3.059423915454006e-05,5.446022839197629,2.683281072632968,0.0,9.957362612030992e-07
2014-04-29,0.0001483102711643129,1.9403425352067685e-06,0.0007721225715858794,3.059423915454006e-05,5.444550712649236,2.683281072632968,0.0,1.061791983722116e-06
2014-04-30,0.0001483102711643129,1.8445988000677626e-06,0.0007721225715858794,2.988787639390922e-05,5.436344859472666,2.677626497351212,-9.574373513900587e-08,1.1271498983326224e-06
2014-05-01,0.00015042495180328047,2.1567546817817382e-06,0.0007779483877774956,3.601836340786192e-05,5.431752707278681,2.2405146357324597,3.121558817139756e-07,1.1288070984714382e-06
2014-05-02,0.00015042495180328047,2.1567546817817382e-06,0.0007779483877774956,3.601836340786192e-05,5.421940738683078,2.353891169666028,0.0,1.1041306970171622e-06
2014-05-05,0.00015042495180328047,1.871157956642686e-06,0.0007779483877774956,2.881676403772374e-05,5.430674268771472,2.5133892108596894,-2.8559672513905226e-07,1.0767903754004007e-06
2014-05-06,0.00015042495180328047,4.77786044994036e-06,0.0007779483877774956,7.086664189854268e-05,5.424900224331377,1.9796118151231508,2.9067024932976746e-06,1.0949794580065818e-06
2014-05-07,0.00015042495180328047,4.3363436831201945e-06,0.0007779483877774956,6.865159047328172e-05,5.434100475946689,1.9354865800160896,-4.415167668201659e-07,1.0381034500560087e-06
2014-05-08,0.00015042495180328047,4.3363436831201945e-06,0.0007779483877774956,6.865159047328172e-05,5.437472727068094,1.9354865800160896,0.0,9.9419157174419e-07
2014-05-09,0.00015042495180328047,4.665003595418739e-06,0.0007779483877774956,6.959931138256457e-05,5.445174745001326,2.3037529697939423,3.286599122985446e-07,9.747292007753278e-07
2014-05-12,0.00013356333825653043,4.9098827507548085e-06,0.0006912903727578669,7.01806180722021e-05,5.465842985970923,2.5469373006547995,2.448791553360695e-07,1.0617970209263842e-06
2014-05-13,0.00013356333825653043,4.964458220868474e-06,0.0006912903727578669,7.038002528384911e-05,5.460883738531541,2.5536768346903758,5.4575470113665503e-08,1.1356669467459573e-06
2014-05-14,0.0001189975228824344,4.964458220868474e-06,0.0006463061796611054,7.038002528384911e-05,5.472197916394638,2.5536768346903758,0.0,1.1941117419327972e-06
2014-05-15,0.0001189975228824344,5.004929340066997e-06,0.0006463061796611054,7.043434898268598e-05,5.485337400311413,2.6925291815959893,4.047111919852316e-08,1.2502695577883106e-06
2014-05-16,0.0001189975228824344,4.500496535660737e-06,0.0006463061796611054,6.895706423224707e-05,5.478473225589005,2.4158820079517667,-5.044328044062605e-07,1.2697146221013661e-06
2014-05-19,0.0001189975228824344,4.404271449003556e-06,0.0006463061796611054,6.888430225408179e-05,5.473191041292496,2.183524331544186,-9.622508665718044e-08,1.2858789314492044e-06
2014-05-20,0.00011868322301371744,4.382150346587033e-06,0.0006445750481585186,6.890153709427015e-05,5.47098852483729,1.891344211439904,-2.2121102416523227e-08,1.2995000265876688e-06
2014-05-21,0.00012128744308544014,3.12972427087816e-06,0.0006516609075314981,4.454826001180371e-05,5.458256639690068,2.282111565198384,-1.2524260757088729e-06,1.303298895058678e-06
2014-05-22,0.00012128744308544014,3.026836156532294e-06,0.0006516609075314981,4.384203451275855e-05,5.453027107755905,2.364481002657718,-1.0288811434586619e-07,1.3000004032734916e-06
2014-05-23,0.00012128744308544014,3.026836156532294e-06,0.0006516609075314981,4.384203451275855e-05,5.445742857489015,2.364481002657718,0.0,1.2503937436797539e-06
2014-05-27,0.00012128744308544014,3.026836156532294e-06,0.0006516609075314981,4.384203451275855e-05,5.438070947901886,2.364481002657718,0.0,1.1961417091773425e-06
2014-05-28,0.00011916512669566554,2.56576932716856e-06,0.0006454522469645697,3.78112908277638e-05,5.444747040713512,2.402066409508916,-4.6106682936373413e-07,1.1560087572316554e-06
2014-05-29,0.00012000143016615334,2.7420610126557102e-06,0.0006477950791681942,3.858474972947844e-05,5.440946025881027,2.3641995659697357,1.7629168548715038e-07,1.095949752453074e-06
2014-05-30,0.00012708688080135587,1.878791120024484e-06,0.0006700149630643115,2.9700336401743108e-05,5.438474444793722,2.5351748157426734,-8.632698926312262e-07,1.1187097968739675e-06
2014-06-02,0.00012708688080135587,1.7206497631462507e-06,0.0006700149630643115,2.827661528817354e-05,5.435294966575725,2.5485852012427292,-1.581413568782333e-07,1.1547315380503245e-06
2014-06-03,0.00012708688080135587,1.6363657993628954e-06,0.0006700149630643115,2.8342381546509984e-05,5.434094973571078,2.28454342614409,-8.428396378335527e-08,1.175436636323569e-06
2014-06-04,0.0001361735790983927,1.6483784710464751e-06,0.0006989343925817682,2.834913750069473e-05,5.418759001920174,2.4540505588585857,1.201267168357969e-08,1.2313681009856686e-06
2014-06-05,0.00013365094004955138,1.4882636710220246e-06,0.0006909775214550179,2.7471782888397324e-05,5.425257127282446,2.3468819994399466,-1.6011480002445052e-07,1.297752405042724e-06
2014-06-06,0.00013365094004955138,1.5067255729748944e-06,0.0006909775214550179,2.7500739857716563e-05,5.421452581539871,2.5220530205936287,1.8461901952869802e-08,1.3438523723280567e-06
2014-06-09,0.00013365094004955138,1.4263833092336692e-06,0.0006909775214550179,2.6881484470044694e-05,5.41324322696411,2.6434653819701524,-8.034226374122518e-08,1.3606156393748896e-06
2014-06-10,0.00013365094004955138,2.0380833780449957e-06,0.0006909775214550179,3.495806741857147e-05,5.400294972067974,2.389364250195744,6.117000688113265e-07,1.3098959337859224e-06
2014-06-11,0.00013327262687347146,3.2084186956508955e-06,0.0006895685584252382,4.538739911321e-05,5.403080815401368,2.599522335099378,1.1703353176058998e-06,1.2240948557838114e-06
2014-06-12,0.0001237351805193644,2.279373083249196e-06,0.0006588222823568072,3.422782652380447e-05,5.411435063362357,3.0123943697195563,-9.290456124016996e-07,1.1251105770918637e-06
2014-06-13,0.0001237351805193644,2.4914737983853227e-06,0.0006588222823568072,3.547627514186716e-05,5.414083079003009,2.9535319747083024,2.1210071513612688e-07,9.901544867627497e-07
2014-06-16,0.0001237351805193644,2.2474240841038704e-06,0.0006588222823568072,3.421006425816488e-05,5.4089969598897145,2.8587671055251604,-2.4404971428145236e-07,8.860061861449947e-07
2014-06-17,0.0001944402084838935,2.2411010712139294e-06,0.0010701624943224492,3.420733510779167e-05,5.327916774983307,2.7554462092713075,-6.3230128899409764e-09,7.641598882615428e-07
2014-06-18,0.0001944402084838935,2.2411010712139294e-06,0.0010701624943224492,3.420733510779167e-05,5.3288680007699,2.8107772768473938,0.0,6.026368576069409e-07
2014-06-19,0.0001944402084838935,1.6181055529110784e-06,0.0010701624943224492,2.6653694337334082e-05,5.331395881621048,2.5591096498877386,-6.22995518302851e-07,5.847910583931391e-07
2014-06-20,0.0001944402084838935,1.5687018803938872e-06,0.0010701624943224492,2.6510082051236054e-05,5.315832789485524,2.34743600971857,-4.940367251719121e-08,5.673021213270727e-07
2014-06-23,7.987503695572891e-05,1.5687018803938872e-06,0.00046460984163987335,2.6510082051236054e-05,5.424990017661131,2.34743600971857,0.0,5.38973579397559e-07
2014-06-24,6.971750598192881e-05,1.5687018803938872e-06,0.0004207703323481355,2.6510082051236054e-05,5.4450487910866086,2.34743600971857,0.0,4.979588830976187e-07
2014-06-25,6.971750598192881e-05,1.5834545787342136e-06,0.0004207703323481355,2.6521931036672257e-05,5.441872571787804,2.5109178294293257,1.4752698340326393e-08,4.858785455425076e-07
2014-06-26,6.979515192966136e-05,1.1407906332378724e-06,0.0004210469970054145,2.2574632290689954e-05,5.431552205701643,2.1669776466050394,-4.426639454963412e-07,4.777722862677422e-07
2014-06-27,6.526231860677478e-05,5.545192474524718e-07,0.00040202520626338476,1.4362552541032736e-05,5.434113571268545,2.120649881236324,-5.862713857854007e-07,5.59143667313283e-07
2014-06-30,6.526231860677478e-05,7.431787710790166e-07,0.00040202520626338476,1.596703647552253e-05,5.434007360905272,2.4710584945171954,1.8865952362654488e-07,6.061599633300026e-07
2014-07-01,6.526231860677478e-05,9.462977314093079e-07,0.00040202520626338476,1.7635650649814324e-05,5.437648782674679,2.8627499756968904,2.0311896033029125e-07,6.314782017737028e-07
2014-07-02,6.526231860677478e-05,9.462977314093079e-07,0.00040202520626338476,1.7635650649814324e-05,5.427200996142931,2.8627499756968904,0.0,6.539334960833125e-07
2014-07-03,6.526231860677478e-05,3.121362886004441e-07,0.00040202520626338476,8.077654650621677e-06,5.425882250888216,2.345079707924759,-6.341614428088638e-07,7.206498559960191e-07
2014-07-07,6.526231860677478e-05,3.5591470983092063e-07,0.00040202520626338476,8.350086886435919e-06,5.430661152257285,2.6033501199019504,4.377842123047653e-08,7.734678640781846e-07
2014-07-08,6.420124838529987e-05,4.4622056457445024e-07,0.0003975117717593389,9.352929004804561e-06,5.432260420256584,2.8142342086802765,9.030585474352961e-08,8.120690639378991e-07
2014-07-09,6.725340742022236e-05,4.4622056457445024e-07,0.0004113410951257119,9.352929004804561e-06,5.423075987922557,2.8142342086802765,0.0,8.347644242377563e-07
2014-07-10,6.725340742022236e-05,4.644703518459842e-07,0.0004113410951257119,9.890830107771918e-06,5.426960000572441,2.956399615103928,1.824978727153395e-08,7.47191423675319e-07
2014-07-11,6.725340742022236e-05,4.956687496092912e-07,0.0004113410951257119,1.0016598903658102e-05,5.420411835832757,3.0113480527394274,3.1198397763307046e-08,7.288866844397689e-07
2014-07-14,6.725340742022236e-05,2.4315560317569597e-07,0.0004113410951257119,5.95473602892866e-06,5.4141865569779,2.904818971868659,-2.5251314643359527e-07,6.914801670973205e-07
2014-07-15,6.675448003612674e-05,4.1894115928395037e-07,0.00040930199403581464,8.717306023308372e-06,5.416238399007338,2.893281515296391,1.757855561082544e-07,6.495289664036063e-07
2014-07-16,6.174433475614721e-05,5.248973537913718e-07,0.00038630033711682633,1.0299934037289281e-05,5.432463790649958,2.9967842834747658,1.0595619450742148e-07,5.8658073032962e-07
2014-07-17,6.247978158866954e-05,5.248973537913718e-07,0.0003893442507331506,1.0299934037289281e-05,5.427459873556549,2.9967842834747658,0.0,5.007635756708397e-07
2014-07-18,5.9755402520231325e-05,5.248973537913718e-07,0.00037458748642246856,1.0299934037289281e-05,5.431322270010922,2.9967842834747658,0.0,4.6806817334812866e-07
2014-07-21,5.996077884973955e-05,6.544487528037908e-07,0.0003755341912792082,1.2555653294840031e-05,5.4289354140379045,2.9460907808574675,1.2955139901241897e-07,4.2884775060627174e-07
2014-07-22,5.996077884973955e-05,6.544487528037908e-07,0.0003755341912792082,1.2555653294840031e-05,5.421677163302384,2.9460907808574675,0.0,3.799127725609347e-07
2014-07-23,5.3407621154399453e-05,7.968076062129583e-07,0.00034271587193524666,1.4952213467397616e-05,5.435555273770072,2.8981293340486185,1.4235885340916745e-07,3.1892161613935205e-07
2014-07-24,5.3407621154399453e-05,5.456741075785228e-07,0.00034271587193524666,1.1878092313919125e-05,5.427058561565566,2.7439551203688257,-2.511334986344355e-07,2.2885669647564294e-07
2014-07-25,5.592137183198265e-05,5.083231775555816e-07,0.00035523995066698034,1.1615539389769765e-05,5.412619342952344,2.521123662629401,-3.7350930022941185e-08,1.884326223732051e-07
2014-07-28,5.592137183198265e-05,5.083231775555816e-07,0.00035523995066698034,1.1615539389769765e-05,5.3945671419213035,2.521123662629401,0.0,1.887265161115839e-07
2014-07-29,5.592137183198265e-05,1.1909540508405816e-06,0.00035523995066698034,2.3327822946315746e-05,5.393471091751572,2.003242925933201,6.82630873285e-07,2.336747524110264e-07
2014-07-30,5.592137183198265e-05,1.1909540508405816e-06,0.00035523995066698034,2.3327822946315746e-05,5.392989848799525,2.003242925933201,0.0,2.591279290060314e-07
2014-07-31,0.00011838362650291128,9.946947405170088e-07,0.000698194092145445,2.2415366960032895e-05,5.299127205465201,1.1718542089754855,-1.9625931032357286e-07,2.628523046731055e-07
2014-08-01,0.00011838362650291128,1.0033136972979525e-06,0.000698194092145445,2.2423104528408212e-05,5.296583338824593,1.450679505099606,8.618956780943789e-09,2.6972963281233986e-07
2014-08-04,0.00011838362650291128,7.59716846483297e-07,0.000698194092145445,1.7801077009940784e-05,5.298406258061341,1.682571417760324,-2.4359685081465553e-07,2.635975689798775e-07
2014-08-05,0.00011838362650291128,7.59716846483297e-07,0.000698194092145445,1.7801077009940784e-05,5.301884969865609,1.5127767116923776,0.0,2.604667626717534e-07
2014-08-06,0.000126248036968746,7.59716846483297e-07,0.0007177062085597219,1.7801077009940784e-05,5.285978809207777,1.5127767116923776,0.0,2.5629070956812655e-07
2014-08-07,0.000126248036968746,7.532621917198592e-07,0.0007177062085597219,1.7791944207008735e-05,5.293860554650593,1.6299701592980318,-6.454654763437786e-09,2.5183036638690824e-07
2014-08-08,0.000126248036968746,5.418481552136486e-07,0.0007177062085597219,1.3722510032288634e-05,5.297166274364591,1.7114523146180853,-2.114140365062106e-07,2.501547600596152e-07
2014-08-11,0.000126248036968746,5.418481552136486e-07,0.0007177062085597219,1.3722510032288634e-05,5.308048605210417,1.6196136933744876,0.0,2.2999162752320612e-07
2014-08-12,0.000126248036968746,6.623211320435247e-07,0.0007177062085597219,1.4446791772324015e-05,5.328835691871877,2.170473682051935,1.2047297682987605e-07,2.2012592551030317e-07
2014-08-13,0.000126248036968746,6.623211320435247e-07,0.0007177062085597219,1.4446791772324015e-05,5.347011931871203,2.170473682051935,0.0,2.158161932826017e-07
2014-08-14,0.000126248036968746,6.930286340048139e-07,0.0007177062085597219,1.4645788392659451e-05,5.344898481832528,2.326458313108127,3.07075019612892e-08,2.1074760951635664e-07
2014-08-15,0.00012301783552972167,8.297267240160849e-07,0.0007095111942343954,1.6184107646469e-05,5.352121240389495,2.5696631445885947,1.36698090011271e-07,2.0568994902780276e-07
2014-08-18,0.0001205473794466754,8.297267240160849e-07,0.000703779154440186,1.6184107646469e-05,5.360043277157903,2.5696631445885947,0.0,2.0511207038811728e-07
2014-08-19,0.0001205473794466754,1.5802844550520262e-06,0.000703779154440186,2.928193575551397e-05,5.365179440128275,2.3859312040297884,7.505577310359413e-07,2.733268802589459e-07
2014-08-20,0.0001205473794466754,2.2084330979951655e-06,0.000703779154440186,3.514730993120161e-05,5.3815519852680165,2.459093368102195,6.281486429431392e-07,4.1597025179048693e-07
2014-08-21,0.0001205473794466754,2.2151796873945133e-06,0.000703779154440186,3.515033387477903e-05,5.3775901207695185,2.5506403802718296,6.746589399347863e-09,5.042878863245185e-07
2014-08-22,0.00012469149343937512,2.693445348058577e-06,0.0007158011248157499,3.9379008651188066e-05,5.366744503862224,2.620958961458822,4.782656606640638e-07,6.238792095333782e-07
2014-08-25,0.00012469149343937512,2.4531781162856274e-06,0.0007158011248157499,3.523324053739465e-05,5.359907520815528,2.7400143275954183,-2.4026723177294963e-07,6.808654688159399e-07
2014-08-26,0.00012469149343937512,2.461020544942377e-06,0.0007158011248157499,3.5333296318633e-05,5.362788814948923,2.788573775225201,7.842428656749447e-09,7.399613721574854e-07
2014-08-27,0.00012469149343937512,2.7141364858769015e-06,0.0007158011248157499,3.788396030613043e-05,5.365068550467598,2.8584069547079887,2.5311594093452464e-07,8.107631249051938e-07
2014-08-28,0.00012469149343937512,2.679853028756761e-06,0.0007158011248157499,3.78261632192077e-05,5.357702454277308,2.796989482792353,-3.428345712014046e-08,8.626303840226814e-07
2014-08-29,0.00012469149343937512,1.3706313000842873e-06,0.0007158011248157499,2.581579922158217e-05,5.351031444020465,2.6017153253279557,-1.3092217286724738e-06,8.578589880765617e-07
2014-09-02,0.00012469149343937512,2.3496410507630936e-06,0.0007158011248157499,3.7808341005455327e-05,5.338171015514413,2.5392754364486363,9.790097506788064e-07,8.681816718670333e-07
2014-09-03,0.00012469149343937512,2.383924507883234e-06,0.0007158011248157499,3.7866165295354627e-05,5.348315640234746,2.6125505889804805,3.428345712014046e-08,8.724297962898926e-07
2014-09-04,0.00012469149343937512,2.352676464462061e-06,0.0007158011248157499,3.7810207294638004e-05,5.350428830917811,2.561163819614724,-3.1248043421173276e-08,8.67340548467594e-07
2014-09-05,0.00012469149343937512,2.373591044942896e-06,0.0007158011248157499,3.783721266190669e-05,5.34993657658383,2.620094790807728,2.091458048083523e-08,8.548713300174195e-07
2014-09-08,0.00012469149343937512,2.367095812568268e-06,0.0007158011248157499,3.783460890106661e-05,5.352192700075973,2.498515162763916,-6.495232374628194e-09,8.180041771150601e-07
2014-09-09,0.00011340282967960651,1.586955427458899e-06,0.000684376612456626,2.5717535819937815e-05,5.380043655629453,2.836493372609956,-7.801403851093689e-07,7.63551437238908e-07
2014-09-10,0.00011340282967960651,1.5761230330598542e-06,0.000684376612456626,2.4476327935610895e-05,5.38790622674414,2.848573008854385,-1.0832394399044792e-08,7.129328160462577e-07
2014-09-11,0.00011975205355104522,2.7092515792115074e-06,0.0007011068169349209,4.055637926969436e-05,5.377530564935013,2.6392478888142237,1.1331285461516532e-06,6.685707963038696e-07
2014-09-12,0.00011975205355104522,2.7609952409188787e-06,0.0007011068169349209,4.0747330863847165e-05,5.383778754554381,2.6599301054140287,5.1743661707371354e-08,6.096322303444825e-07
2014-09-15,0.00011975205355104522,2.7657406436639546e-06,0.0007011068169349209,4.0748621357904565e-05,5.395223794097071,2.7093796845356817,4.745402745075892e-09,5.432642821163298e-07
2014-09-16,0.00011644083240013296,2.6894621800597068e-06,0.0006929138196905444,4.05040433271426e-05,5.401056265778235,2.726444932393735,-7.627846360424782e-08,4.422585679513874e-07
2014-09-17,0.00012799935438900299,1.9496108036616363e-06,0.000725298918093334,3.032964319960027e-05,5.381289699664276,2.918036001184137,-7.398513763980705e-07,4.1697229135585094e-07
2014-09-18,0.00012799935438900299,1.9290242829485916e-06,0.000725298918093334,3.0268140429358736e-05,5.376928594221383,2.8858973652217963,-2.05865207130447e-08,4.259512179422415e-07
2014-09-19,0.00012799935438900299,1.885834176204185e-06,0.000725298918093334,3.0044093323562256e-05,5.382165359658268,2.876806419142575,-4.319010674440661e-08,4.364169613088326e-07
2014-09-22,0.00011496265451570292,2.126900821038308e-06,0.0006896402433368812,3.3586956941856905e-05,5.397366363327152,2.68808723410487,2.4106664483412314e-07,4.2801917220005113e-07
2014-09-23,0.00011496265451570292,2.122155418293232e-06,0.0006896402433368812,3.358539126721774e-05,5.3929162015190135,2.5459210432436423,-4.7454027450763156e-09,4.2713660550001077e-07
2014-09-24,0.00011427913713906899,2.044771459917176e-06,0.0006880852872827606,3.3366574103539914e-05,5.396343987852155,2.413088882149828,-7.738395837605587e-08,4.2685077123141404e-07
2014-09-25,8.127584266228508e-05,1.1679163011041736e-06,0.0004736404025866575,2.3805899156052193e-05,5.442198796412066,2.203518969866713,-8.768551588130023e-07,4.733597511185349e-07
2014-09-26,0.00011540256105546988,1.1679163011041736e-06,0.0006582225142428916,2.3805899156052193e-05,5.384773362254912,2.203518969866713,0.0,5.055387281728272e-07
2014-09-29,0.00011019834965310209,1.1679163011041736e-06,0.0006453514521370865,2.3805899156052193e-05,5.3892807946303005,2.203518969866713,0.0,5.22347076434065e-07
2014-09-30,0.00011019834965310209,1.242805199602199e-06,0.0006453514521370865,2.4083053084047123e-05,5.396041918569673,2.4681357949332168,7.488889849802539e-08,5.495193608352602e-07
2014-10-01,8.262517965194995e-05,1.231057798784607e-06,0.0004896850845890055,2.4074356854612175e-05,5.438947749076237,2.2675428977515115,-1.1747400817592015e-08,5.692844536270263e-07
2014-10-02,8.262517965194995e-05,8.839639474961433e-07,0.0004896850845890055,2.2318439167252113e-05,5.438337398902603,1.4930743415379635,-3.470938512884637e-07,6.094012722702278e-07
2014-10-03,8.262517965194995e-05,8.818155369191664e-07,0.0004896850845890055,2.231795622929475e-05,5.448775529801197,1.4217729372617762,-2.148410576976932e-09,6.374182814691276e-07
2014-10-06,8.111855349678598e-05,1.1553571183365915e-06,0.00048366684035851737,2.4955181250876874e-05,5.456079702012504,1.3193542355196402,2.735415814174251e-07,6.395504185456537e-07
2014-10-07,8.111855349678598e-05,1.1553571183365915e-06,0.00048366684035851737,2.4955181250876874e-05,5.461114460204612,1.3193542355196402,0.0,6.525714212190857e-07
2014-10-08,0.00012776500542005073,1.1553571183365915e-06,0.0006966553659683235,2.4955181250876874e-05,5.4019140083511,1.3193542355196402,0.0,6.64490778129671e-07
2014-10-09,0.00012776500542005073,1.1553571183365915e-06,0.0006966553659683235,2.4955181250876874e-05,5.41798463499684,1.3193542355196402,0.0,6.314874796530512e-07
2014-10-10,0.0001639068351606005,1.1553571183365915e-06,0.0008149561487422203,2.4955181250876874e-05,5.3785233861497925,1.3193542355196402,0.0,5.803944571225155e-07
2014-10-13,0.00018217375201905333,6.518831078386561e-06,0.0008678753261981766,9.388672044460442e-05,5.366430520532434,1.5291765643198831,5.36347396004997e-06,1.2331950411262155e-06
2014-10-14,0.00018217375201905333,6.518831078386561e-06,0.0008678753261981766,9.388672044460442e-05,5.363564741700731,1.4675345352395281,0.0,1.6238719524974122e-06
2014-10-15,0.00020449260952792736,1.2105630102182918e-06,0.0009441577556877341,2.5530645750992624e-05,5.332019485896689,1.195226520589695,-5.308268068168269e-06,1.631810911957775e-06
2014-10-16,0.00019753989087097057,8.179804179677825e-07,0.0009185361634002499,1.8451052816895256e-05,5.343014283909274,1.2427064539162234,-3.9258259225050927e-07,1.6493679365145386e-06
2014-10-17,0.00020450035405957561,4.130504642729401e-07,0.0009395351869521589,1.3169594585072113e-05,5.326743491562212,0.4637724204518907,-4.049299536948424e-07,1.6797322139791365e-06
2014-10-20,0.00020450035405957561,4.130504642729401e-07,0.0009395351869521589,1.3169594585072113e-05,5.329013054677714,0.4637724204518907,0.0,1.7038235960527102e-06
2014-10-21,0.00020450035405957561,4.130504642729401e-07,0.0009395351869521589,1.3169594585072113e-05,5.3338503529851105,0.4637724204518907,0.0,1.7231759360318752e-06
2014-10-22,0.00020450035405957561,4.214513755789186e-07,0.0009395351869521589,1.3182102649234448e-05,5.344986777269268,0.9441870204890559,8.400911305978494e-09,1.7389608821791794e-06
2014-10-23,0.000178622265801333,4.214513755789186e-07,0.0008471103645689798,1.3182102649234448e-05,5.369210334784024,0.9441870204890559,0.0,1.754682122836488e-06
2014-10-24,0.000178622265801333,4.214513755789186e-07,0.0008471103645689798,1.3182102649234448e-05,5.378434644774769,0.9441870204890559,0.0,1.7694352407050866e-06
2014-10-27,0.000178622265801333,5.165440659515647e-07,0.0008471103645689798,1.380551172570356e-05,5.372072945632962,1.6635346358975518,9.509269037264606e-08,1.7806216342815517e-06
2014-10-28,0.00018446740798254885,5.165440659515647e-07,0.0008660663502772614,1.380551172570356e-05,5.352953241338433,1.6635346358975518,0.0,1.7914787128069405e-06
2014-10-29,0.00018446740798254885,5.551392503738276e-07,0.0008660663502772614,1.4134075490299727e-05,5.3658866946112,1.6900735344241946,3.8595184422262906e-08,1.800566865841157e-06
2014-10-30,0.00018446740798254885,5.551392503738276e-07,0.0008660663502772614,1.4134075490299727e-05,5.367052986705386,1.6900735344241946,0.0,1.80639418778208e-06
2014-10-31,0.0001793783892157729,2.661807698292959e-07,0.0008494052487668696,7.436129673497876e-06,5.379957143636396,1.8474304386426013,-2.8895848054453165e-07,1.8194269595525587e-06
2014-11-03,0.0001793783892157729,2.103593144785459e-07,0.0008494052487668696,6.393506554606355e-06,5.388014748104391,1.8606882011636046,-5.5821455350750034e-08,1.83524937643722e-06
2014-11-04,0.0001793783892157729,2.103593144785459e-07,0.0008494052487668696,6.393506554606355e-06,5.391745088859161,1.8606882011636046,0.0,1.8496664500786626e-06
2014-11-05,0.0001793783892157729,2.1380474758511904e-07,0.0008494052487668696,6.393611603294436e-06,5.4010695231380845,2.1626283549590175,3.445433106573154e-09,1.8626198776532964e-06
2014-11-06,0.0001793783892157729,1.6621743159758287e-07,0.0008494052487668696,5.794390623030318e-06,5.402184320205414,1.7980099678447503,-4.758731598753617e-08,1.8754524303658127e-06
2014-11-07,0.0001793783892157729,2.7856084107605356e-07,0.0008494052487668696,8.340507540111016e-06,5.404481169137407,1.4261774023324043,1.1234340947847069e-07,1.8842380272666943e-06
2014-11-10,0.0001793783892157729,1.5102342424107197e-07,0.0008494052487668696,6.371857395290406e-06,5.396781202914795,0.39705324609374065,-1.275374168349816e-07,1.3834851626366875e-06
2014-11-11,0.0001793783892157729,0.0,0.0008494052487668696,0.0,5.3919912367664,0.0,-1.5102342424107197e-07,2.639108249560666e-07
2014-11-12,0.0001793783892157729,9.347532281673998e-08,0.0008494052487668696,4.46000474805614e-06,5.390750551548794,0.44768043029493726,9.347532281673998e-08,1.9427129927677117e-07
2014-11-13,0.0001793783892157729,1.0309607516688422e-07,0.0008494052487668696,4.5082059823882776e-06,5.403683852571061,1.0577722812979893,9.620752350144247e-09,1.6818039969671706e-07
2014-11-14,0.0001793783892157729,1.0309607516688422e-07,0.0008494052487668696,4.5082059823882776e-06,5.392904183950031,0.9032105624108937,0.0,1.7307320213303253e-07
2014-11-17,0.0001793783892157729,9.620752350144246e-09,0.0008494052487668696,6.574791456450493e-07,5.388346453769418,0.5796877369471474,-9.347532281673998e-08,1.8263341822559492e-07
2014-11-18,0.0001793783892157729,9.620752350144246e-09,0.0008494052487668696,6.574791456450493e-07,5.378955442571025,0.5796877369471474,0.0,1.8947028670310958e-07
2014-11-19,0.0001793783892157729,9.620752350144246e-09,0.0008494052487668696,6.574791456450493e-07,5.382054775934618,0.0,0.0,1.934692404824643e-07
2014-11-20,0.0001793783892157729,5.1482114560083715e-08,0.0008494052487668696,2.9353722881025407e-06,5.385358442870195,0.8724490996908213,4.186136220993947e-08,1.9295013954255638e-07
2014-11-21,0.0001793783892157729,5.1506301195284106e-08,0.0008494052487668696,2.9353727534781116e-06,5.380513250067493,1.3735307379330242,2.4186635200390396e-11,1.9054755812974483e-07
2014-11-24,0.0001793783892157729,3.626061990159404e-07,0.0008494052487668696,1.1167420522941285e-05,5.380083783842501,1.4718155424466208,3.1109989782065626e-07,1.8006049059687205e-07
2014-11-25,0.0001793783892157729,3.626061990159404e-07,0.0008494052487668696,1.1167420522941285e-05,5.368477384504028,1.4718155424466208,0.0,1.685540515288239e-07
2014-11-26,0.0001793783892157729,3.7028055478326185e-07,0.0008494052487668696,1.1179729093320324e-05,5.373357095647695,1.7733505410181019,7.674355767321466e-09,1.5158638458345962e-07
2014-11-28,0.0001793783892157729,3.7025636814806145e-07,0.0008494052487668696,1.1179728971130361e-05,5.376300883592326,1.547931763896817,-2.4186635200397013e-11,1.3178022809274925e-07
2014-12-01,0.0001793783892157729,8.113781279289686e-07,0.0008494052487668696,1.6434658246379887e-05,5.38180756891169,2.431481450305435,4.4112175978090715e-07,1.9433383834968087e-07
2014-12-02,0.00017994033127304148,1.214072664695958e-06,0.0008511837172586418,2.172824080951364e-05,5.382786848202634,2.5184424360218496,4.0269453676698934e-07,2.9925669308271077e-07
2014-12-03,0.00017994033127304148,2.5170697634112837e-06,0.0008511837172586418,3.517602989476099e-05,5.370141637973566,2.7222125540893134,1.3029970987153258e-06,5.887876129248846e-07
2014-12-04,0.00017994033127304148,3.068150955049181e-06,0.0008511837172586418,4.065797830053779e-05,5.381920153390876,2.721413519164494,5.510811916378973e-07,8.422398473356192e-07
2014-12-05,0.00018258393781953134,2.7151702933017894e-06,0.0008609637392026437,3.863516789639047e-05,5.3769351336308855,2.735812620118876,-3.529806617473917e-07,9.712243718798655e-07
2014-12-08,0.00018258393781953134,2.261669844890077e-06,0.0008609637392026437,3.3249242660376486e-05,5.380522051148799,2.7950812780179435,-4.5350044841171255e-07,1.032473016384784e-06
2014-12-09,0.00018258393781953134,2.1752677665788267e-06,0.0008609637392026437,3.298550882637658e-05,5.388532262365902,2.5975219923322084,-8.640207831125014e-08,1.071041537762948e-06
2014-12-10,0.00016959376916610394,1.8474129684088968e-06,0.0008147299537384253,3.106353575787978e-05,5.4034741797755395,2.3371409595936745,-3.2785479816992985e-07,1.0750754884672267e-06
2014-12-11,0.00020167507075907287,3.3875661554720486e-06,0.0009259251906336463,5.0363714967472906e-05,5.370874564002831,2.2343961237737053,1.5401531870631518e-06,1.1873843108198244e-06
2014-12-12,0.00018560073167665274,3.334656688227865e-06,0.0008715216550365803,5.0290985482415556e-05,5.389712474082277,1.9265065136202728,-5.29094672441836e-08,1.2634456335234296e-06
2014-12-15,0.00018837815746067013,3.387727310772371e-06,0.0008806824451673844,5.043106523758517e-05,5.379635580951066,1.9828275318894353,5.307062254450615e-08,1.318567324454093e-06
2014-12-16,0.00017805769347664787,4.888685678712113e-06,0.0008445593446528549,6.301453863461847e-05,5.393458289584882,2.0622028743656724,1.5009583679397415e-06,1.4854780717866158e-06
2014-12-17,0.00018191337202866297,4.170031877900508e-06,0.0008573558047853493,5.598943330702069e-05,5.380029161773581,2.0781443644299697,-7.186538008116046e-07,1.532775990295597e-06
2014-12-18,0.00018549451504831365,4.224015875732477e-06,0.0008690814753687225,5.607678824133958e-05,5.368497468273187,2.2703149049692306,5.398399783196858e-08,1.553417213696119e-06
2014-12-19,0.00018549451504831365,4.226741482498992e-06,0.0008690814753687225,5.607883963943129e-05,5.360238965421805,2.2983146683989784,2.725606766515604e-09,1.5472015894789498e-06
2014-12-22,0.00018102213977591884,2.7392021647005617e-06,0.0008542858891662665,4.729483247720138e-05,5.367292372974123,1.717859244405055,-1.4875393177984306e-06,1.4568683863024592e-06
2014-12-23,0.0001922659500164905,1.3911611693675714e-06,0.0008933475739166788,2.6865506559994476e-05,5.361275543525425,1.8899408777933946,-1.3480409953329903e-06,1.3972912257283784e-06
2014-12-24,0.0001922659500164905,1.4450204654618845e-06,0.0008933475739166788,2.7077656857178826e-05,5.358348793941057,1.9832722220479235,5.385929609431306e-08,1.3306131032447976e-06
2014-12-26,0.0001804041879673071,7.557791374639477e-07,0.0008523977494526653,1.8729958430140505e-05,5.3640521647750745,1.7164207809605012,-6.892413279979367e-07,1.3001666695739893e-06
2014-12-29,0.0001804041879673071,6.928553210034343e-07,0.0008523977494526653,1.8408434925363614e-05,5.352967045117205,1.5489436862131303,-6.292381646051345e-08,1.2734734784418396e-06
2014-12-30,0.00017400109732610574,6.928553210034343e-07,0.0008304531056000261,1.8408434925363614e-05,5.369365895977977,1.5489436862131303,0.0,1.2822973509567054e-06
2014-12-31,0.0001728269806610503,6.928553210034343e-07,0.0008253168984248909,1.8408434925363614e-05,5.3741859677348955,1.5489436862131303,0.0,1.315878471544504e-06
2015-01-02,0.00021229234161117272,6.388713231714665e-07,0.0009866205362646914,1.8140588165178785e-05,5.339537120134925,1.046265393331643,-5.3983997831967836e-08,1.3822486591737132e-06
2015-01-05,0.00020682863160985499,1.054891151983555e-06,0.0009709219773963883,2.2666926087805918e-05,5.351681268657362,1.6015514042907797,4.1601982881208855e-07,1.4069369878260533e-06
2015-01-06,0.00022817340195871715,9.291959580452557e-07,0.0010429025799301315,2.0474380504337078e-05,5.339986175499251,1.9395144125105797,-1.2569519393829932e-07,1.437948825128015e-06
2015-01-07,0.0002228441571117711,9.291959580452557e-07,0.0010286053849207775,2.0474380504337078e-05,5.33885100929059,1.9395144125105797,0.0,1.4677836192777486e-06
2015-01-08,0.00016844146095582334,9.26653030695267e-07,0.0008149375228461186,2.043141303681563e-05,5.389173859603042,2.0327174222539077,-2.542927349988665e-09,1.4943188676350125e-06
2015-01-09,0.00016684746114009028,9.018749131923034e-07,0.0008167119527085989,2.0370343092048322e-05,5.392931223334937,1.7426161325175442,-2.4778117502963598e-08,1.5180907692115016e-06
2015-01-12,0.00016684746114009028,8.945857651517628e-07,0.0008167119527085989,2.0364251426697963e-05,5.399475342700234,1.615541358092746,-7.2891480405406256e-09,1.5065596001497178e-06
2015-01-13,0.00016684746114009028,8.80643270239392e-07,0.0008167119527085989,2.0341948270610822e-05,5.393780159098978,1.3747855897536507,-1.3942494912370818e-08,1.4873050806474527e-06
2015-01-14,0.00017234698595319214,8.80643270239392e-07,0.0008352202886284442,2.0341948270610822e-05,5.3921852825919325,1.3747855897536507,0.0,1.4537710567399362e-06
2015-01-15,0.00016984865204549516,9.71126379905302e-07,0.0008254167082440677,2.1577915535323867e-05,5.4044225949942,1.3767659838522863,9.048310966591004e-08,1.2509869869528508e-06
2015-01-16,0.00016172806730489314,9.71126379905302e-07,0.0007987451187647199,2.1577915535323867e-05,5.413420502196851,1.3767659838522863,0.0,1.0854445413849758e-06
2015-01-20,0.00016172806730489314,4.1643111634833055e-07,0.0007987451187647199,1.2218345511400607e-05,5.417411683147496,1.4351944719406289,-5.546952635569714e-07,8.648430163618335e-07
2015-01-21,0.00016172806730489314,6.873847646256381e-07,0.0007987451187647199,1.5635831169280543e-05,5.431737996916487,1.8926785002724293,2.7095364827730755e-07,4.781356740793755e-07
2015-01-22,0.00014272320404957342,6.860493224580005e-07,0.0007216463920498249,1.5635564821676272e-05,5.456449377019994,1.663960598883681,-1.3354421676375813e-09,2.408758040041877e-07
2015-01-23,0.00014272320404957342,2.2585677336873715e-06,0.0007216463920498249,3.6766175855985745e-05,5.463877060576426,2.421525755693452,1.572518411229371e-06,3.7821557546102796e-07
2015-01-26,0.00014272320404957342,2.51924166743659e-06,0.0007216463920498249,3.825575621265968e-05,5.4674144597397,2.627826456328981,2.606739337492185e-07,5.105289240181761e-07
2015-01-27,0.0001536135769642801,2.361804491968864e-06,0.0007582705251570394,3.757309147585242e-05,5.463934366565932,2.4901560127290545,-1.574371754677259e-07,5.94602847211534e-07
2015-01-28,0.00013552561400267303,1.95365534587989e-06,0.000692121325466068,3.553425006232952e-05,5.473707678686197,2.014031118349098,-4.081491460889742e-07,6.210651225052439e-07
2015-01-29,0.00012719279352710658,2.0077390629145333e-06,0.0006624853170615247,3.6086179821554104e-05,5.48448643134371,2.0122781059539747,5.4083717034643385e-08,6.435072433571834e-07
2015-01-30,0.00012644272774735117,3.0298384182622943e-06,0.0006602097032191981,4.4756331994727116e-05,5.489072792245566,2.2435724744568106,1.022099355347761e-06,7.53525148143919e-07
2015-02-02,0.00012644272774735117,2.999583752461199e-06,0.0006602097032191981,4.470854848705e-05,5.499664721525124,2.0743850567661353,-3.025466580109552e-08,8.266854895008119e-07
2015-02-03,0.0001324762433600486,3.0576175516628376e-06,0.0006813952929770181,4.4840059064399074e-05,5.494966007698096,2.286147041676208,5.803379920163875e-08,8.991429238069338e-07
2015-02-04,0.0001324762433600486,3.020026424247389e-06,0.0006813952929770181,4.472335681669196e-05,5.49772436074692,2.243379531275448,-3.759112741544845e-08,9.479009034814783e-07
2015-02-05,0.00013194727400502696,2.619308744703478e-06,0.000679855906980191,4.246933905188803e-05,5.490161095234143,1.9456060727860112,-4.007176795439113e-07,9.585680180520934e-07
2015-02-06,0.0001346453672222215,1.3810566602635654e-06,0.0006884960481052186,2.7862525562501293e-05,5.483109559782752,2.195204416967264,-1.2382520844399124e-06,9.445004402131247e-07
2015-02-09,0.0001346453672222215,1.7385589075671854e-06,0.0006884960481052186,3.186748713189956e-05,5.489002812642208,2.087874809373216,3.5750224730362e-07,9.244437671769913e-07
2015-02-10,0.0001346453672222215,1.7385589075671854e-06,0.0006884960481052186,3.186748713189956e-05,5.494571306335585,2.087874809373216,0.0,9.015145143621883e-07
2015-02-11,0.0001286133090756392,1.1755662858540985e-06,0.0006675400411949747,2.6823288395214777e-05,5.498969831759055,2.0752947673445874,-5.629926217130869e-07,8.878392947784809e-07
2015-02-12,0.00012861185160952408,1.5041526765034944e-06,0.0006675358531120622,2.90973175054671e-05,5.502027568994086,2.375411197551943,3.285863906493959e-07,8.635982591144008e-07
2015-02-13,0.00013524867854013747,1.5269744082175372e-06,0.0006904365065373919,2.9139085972683132e-05,5.4829537101128505,2.547323029149587,2.2821731714042813e-08,8.423432789347845e-07
2015-02-17,0.00013524867854013747,1.5421252478439375e-06,0.0006904365065373919,2.9149642739059893e-05,5.48712771441874,2.6559548803346935,1.5150839626400293e-08,8.191801983346152e-07
2015-02-18,0.00013524867854013747,1.5371295978745886e-06,0.0006904365065373919,2.918751355921469e-05,5.484988792319601,2.4844096340074144,-4.995649969348897e-09,7.466711064033621e-07
2015-02-19,0.00013524867854013747,1.5231703740357081e-06,0.0006904365065373919,2.9217774574660506e-05,5.481531692184413,2.396928867637916,-1.3959223838880455e-08,6.927089049483664e-07
2015-02-20,0.00012861185160952408,1.6593010714287451e-06,0.0006675358531120622,2.9853825320227477e-05,5.4864208769456875,2.4884773274064482,1.3613069739303697e-07,6.258352815345111e-07
2015-02-23,0.00012568954164718667,1.6005850047408173e-06,0.000657976409316985,2.9665241584392734e-05,5.477474530675802,2.3967790571256917,-5.871606668792777e-08,6.319845063851576e-07
2015-02-24,0.00012568954164718667,5.715391213013376e-07,0.000657976409316985,1.337476416007918e-05,5.477799145242225,2.3669028642505867,-1.0290458834394798e-06,6.983627551214007e-07
2015-02-25,0.00012568954164718667,6.690537159115452e-07,0.000657976409316985,1.393699183408347e-05,5.480645918848877,2.685644982116631,9.751459461020764e-08,7.44029127305548e-07
2015-02-26,0.000139007201275398,2.231588959809872e-06,0.0007070185673044212,3.860851522426619e-05,5.467643448267357,2.583446559996342,1.562535243898327e-06,7.48789403516951e-07
2015-02-27,0.0001444906248071315,2.0726365307027926e-06,0.0007246294329104745,3.808690677067331e-05,5.452054515701629,2.3298810434682546,-1.5895242910707958e-07,7.496186558958914e-07
2015-03-02,0.0001444906248071315,2.119464160226323e-06,0.0007246294329104745,3.828433780468042e-05,5.455572074313864,2.3481381545092774,4.682762952353061e-08,7.008959281978627e-07
2015-03-03,0.00012159554339064387,2.119464160226323e-06,0.0006425699912808465,3.828433780468042e-05,5.46003368555716,2.3481381545092774,0.0,6.482169821937035e-07
2015-03-04,0.00011164617820713966,2.102362649155966e-06,0.000609921471643181,3.822745614907976e-05,5.469639949495837,2.392722113413917,-1.710151107035698e-08,5.799797109628982e-07
2015-03-05,0.00011164617820713966,2.1056504703070297e-06,0.000609921471643181,3.816681026693458e-05,5.464608948045037,2.4643701666974875,3.2878211510634642e-09,5.032953525403724e-07
2015-03-06,9.499779985158641e-05,5.476126416134849e-07,0.0005448252543619724,1.2709352863283723e-05,5.477124004522618,2.6213016567594254,-1.5580378286935448e-06,5.122411434008115e-07
2015-03-09,9.499779985158641e-05,4.487695344496711e-07,0.0005448252543619724,1.186666554343866e-05,5.4786442414632335,2.487600839705815,-9.884310716381373e-08,5.698399365885007e-07
2015-03-10,8.115040066268283e-05,3.817997104835879e-07,0.00047557396421709665,1.1567420548176796e-05,5.497317846603816,2.060031200583491,-6.696982396608323e-08,6.216930233229044e-07
2015-03-11,8.115040066268283e-05,3.817997104835879e-07,0.00047557396421709665,1.1567420548176796e-05,5.501892897969539,2.060031200583491,0.0,6.622676797925583e-07
2015-03-12,7.957377978053628e-05,3.817997104835879e-07,0.00046954685781053137,1.1567420548176796e-05,5.511631135590769,1.9098876618783305,0.0,6.986453283650487e-07
2015-03-13,7.957377978053628e-05,3.5691732109092334e-07,0.00046954685781053137,1.1441751284562296e-05,5.512126041519593,1.246368269443579,-2.4882389392664548e-08,7.317512696508431e-07
2015-03-16,7.957377978053628e-05,3.5691732109092334e-07,0.00046954685781053137,1.1441751284562296e-05,5.513453126700562,1.246368269443579,0.0,7.584299483049667e-07
2015-03-17,7.957377978053628e-05,5.372739059936878e-07,0.00046954685781053137,1.3803999726337843e-05,5.5135775948044925,1.1711195789107687,1.803565849027645e-07,7.702387400735662e-07
2015-03-18,7.990821361543721e-05,5.420316671057708e-07,0.0004706124109155535,1.3807828467393788e-05,5.506581262048729,1.3964014612343438,4.757761112082922e-09,7.784082896651171e-07
2015-03-19,8.8143445049686e-05,5.420316671057708e-07,0.0005044829839509284,1.3807828467393788e-05,5.493038335210428,1.3964014612343438,0.0,7.835892048374779e-07
2015-03-20,8.8143445049686e-05,5.011708363447034e-07,0.0005044829839509284,1.1966399243414779e-05,5.495666911781378,1.9608658346675416,-4.0860830761067365e-08,7.818167919391286e-07
2015-03-23,8.8143445049686e-05,5.011708363447034e-07,0.0005044829839509284,1.1966399243414779e-05,5.492907164234106,1.9608658346675416,0.0,7.781192976420359e-07
2015-03-24,0.00011514863805188385,3.16294448079926e-07,0.0006471985251499068,9.080600961094213e-06,5.464130358859553,1.9462360078140721,-1.848763882647774e-07,7.871012508291898e-07
2015-03-25,0.00015591664515500115,3.564455404116351e-07,0.000803346919424833,9.410097344171928e-06,5.427493636726213,2.27083180807089,4.01510923317091e-08,7.962502742677163e-07
2015-03-26,0.00015591664515500115,8.543369382311784e-07,0.000803346919424833,1.8358258369680284e-05,5.419845216290773,2.150170654250629,4.978913978195433e-07,7.364489454159187e-07
2015-03-27,0.00015591664515500115,8.141858458994693e-07,0.000803346919424833,1.819156486275356e-05,5.421679028912997,1.8521880412474745,-4.01510923317091e-08,6.804885930269768e-07
2015-03-30,0.00014545198757766082,8.141858458994693e-07,0.0007773629023650793,1.819156486275356e-05,5.427773581239808,1.8521880412474745,0.0,6.072879247741396e-07
2015-03-31,0.00013009812284114176,8.141858458994693e-07,0.0006970405704947987,1.819156486275356e-05,5.4432994075192775,1.8521880412474745,0.0,5.15330388073323e-07
2015-04-01,0.00013009812284114176,6.295785997752404e-07,0.0006970405704947987,1.4513750378494336e-05,5.43475040141199,2.015281447560536,-1.8460724612422895e-07,3.9236806903289325e-07
2015-04-02,0.00013009812284114176,6.295785997752404e-07,0.0006970405704947987,1.4513750378494336e-05,5.427425908172023,2.015281447560536,0.0,1.743010975873295e-07
2015-04-06,0.00012576904691897732,1.1686023667133921e-06,0.0006858751089931194,2.1753823711401957e-05,5.426006619907964,2.179453041562524,5.390237669381517e-07,2.246337233006658e-07
2015-04-07,0.00012576904691897732,1.046578821792698e-06,0.0006858751089931194,2.017842362189516e-05,5.421810046111248,2.188092329856916,-1.2202354492069424e-07,2.4682697127015165e-07
2015-04-08,0.00012576904691897732,1.046578821792698e-06,0.0006858751089931194,2.017842362189516e-05,5.417451650063181,2.188092329856916,0.0,2.6078149072688534e-07
2015-04-09,0.00011673445983353205,1.079865110685411e-06,0.0006603328010153455,2.0306239884814966e-05,5.425825535233053,2.4103710611562836,3.3286288892712994e-08,2.723315571213302e-07
2015-04-10,0.00012088686406991784,6.770879701935166e-07,0.0006711060474896387,1.3489116356653776e-05,5.415012489661866,2.5464960907602987,-4.0277714049189433e-07,2.6407856485030874e-07
2015-04-13,0.00012088686406991784,5.862391995682891e-07,0.0006711060474896387,1.2087522595134886e-05,5.418294722353685,2.658948471911342,-9.084877062522745e-08,2.5413787046320275e-07
2015-04-14,0.0001170855106912023,5.862391995682891e-07,0.0006611204844250121,1.2087522595134886e-05,5.42419274043123,2.658948471911342,0.0,2.4322385633147294e-07
2015-04-15,0.00011711351951664654,5.592525891969353e-07,0.0006611855615892704,1.1946000210743939e-05,5.430498970572258,2.4882760132322166,-2.6986610371353793e-08,2.424880872671892e-07
2015-04-16,0.00011711351951664654,6.012804603043869e-07,0.0006611855615892704,1.219807200713545e-05,5.424716786225006,2.714857901937895,4.20278711074516e-08,2.4077026565899593e-07
2015-04-17,0.00010400653273077287,5.592525891969353e-07,0.0005948097404363189,1.1946000210743939e-05,5.442804395215261,2.4882760132322166,-4.20278711074516e-08,2.4018217163086676e-07
2015-04-20,0.00010309835411070995,3.1685355101491244e-07,0.0005923880265906665,8.251396114606427e-06,5.445849724683187,2.30108285048088,-2.423990381820229e-07,2.5175707791320407e-07
2015-04-21,0.00010309835411070995,9.995502099134412e-07,0.0005923880265906665,2.2903256869378555e-05,5.452326076377481,1.8698944328450429,6.826966588985287e-07,2.558918965914218e-07
2015-04-22,0.00010215405299355675,1.006165822568003e-06,0.0005900930063362202,2.2952569985090105e-05,5.456938021724705,1.888068922699294,6.615612654561816e-09,2.444514792101252e-07
2015-04-23,0.00010215405299355675,1.0199067759655973e-06,0.0005900930063362202,2.3187068003209492e-05,5.452607499259049,1.395345569467531,1.374095339759428e-08,2.3188473248694182e-07
2015-04-24,0.00010215405299355675,1.0930675608480503e-06,0.0005900930063362202,2.3586815707218664e-05,5.456533868583915,1.4907759124808129,7.316078488245294e-08,2.4129848582726064e-07
2015-04-27,0.00010242251772532777,1.0930675608480503e-06,0.0005906920703471567,2.3586815707218664e-05,5.456313946694794,1.4907759124808129,0.0,2.4991868409659055e-07
2015-04-28,0.00010242251772532777,1.125826987135055e-06,0.0005906920703471567,2.392111334099587e-05,5.459634255090346,1.5009153962147685,3.2759426287004745e-08,2.5931481321255286e-07
2015-04-29,0.00010207144218157835,1.4743255541847345e-06,0.0005899172369181309,2.657157843854202e-05,5.463601569239918,1.9374234199526215,3.4849856704967946e-07,2.9631036123670756e-07
2015-04-30,9.957078669575418e-05,1.581442860750103e-06,0.0005700514501724873,2.70028777359526e-05,5.470253036559828,2.2369320028605055,1.0711730656536854e-07,3.309369866753536e-07
2015-05-01,9.957078669575418e-05,1.3437213962137935e-06,0.0005700514501724873,2.5182957238689505e-05,5.476597224810192,1.909377892158301,-2.377214645363095e-07,3.372660522198993e-07
2015-05-04,9.957078669575418e-05,1.3437213962137935e-06,0.0005700514501724873,2.5182957238689505e-05,5.471030845177347,1.909377892158301,0.0,3.45461567066464e-07
2015-05-05,0.00010491963321085657,1.0542713712728065e-06,0.0005867636557089312,2.081879758256125e-05,5.467786246751482,1.6763746571350442,-2.8945002494098703e-07,3.455708145016205e-07
2015-05-06,0.00010491963321085657,9.017969032395868e-07,0.0005867636557089312,1.8481904573310643e-05,5.474267708833266,1.9647800413864718,-1.5247446803321962e-07,3.4512020966589217e-07
2015-05-07,0.00010491963321085657,8.211135008700906e-07,0.0005867636557089312,1.8398093424323876e-05,5.4680899172232325,1.8922654060524027,-8.068340236949627e-08,3.4485132811585375e-07
2015-05-08,0.00010491963321085657,1.953140156220414e-07,0.0005867636557089312,7.0833984392877555e-06,5.464305891296053,1.392199142349415,-6.257994852480492e-07,3.791032638618418e-07
2015-05-11,0.00010491963321085657,1.953140156220414e-07,0.0005867636557089312,7.0833984392877555e-06,5.449513144609735,1.392199142349415,0.0,4.0596992556771946e-07
2015-05-12,0.00010491963321085657,1.953140156220414e-07,0.0005867636557089312,7.0833984392877555e-06,5.434363093285241,1.392199142349415,0.0,4.302319691931076e-07
2015-05-13,0.0001068499249665443,6.948274088403031e-07,0.0005924347864695328,1.5553717614184013e-05,5.4235289680724375,2.069534717115238,4.995133932182617e-07,4.260591555631793e-07
2015-05-14,0.0001068499249665443,7.490429255755952e-07,0.0005924347864695328,1.5820343304582554e-05,5.420379985209798,2.3592901971787064,5.4215516735292154e-08,4.222207431923773e-07
2015-05-15,0.0001068499249665443,5.15854585764449e-07,0.0005924347864695328,1.2810330019204953e-05,5.41803482502211,2.133747913239885,-2.3318833981114617e-07,4.241075368371687e-07
2015-05-18,0.00011561514644290214,5.15854585764449e-07,0.0006315340272946094,1.2810330019204953e-05,5.40937820275258,2.133747913239885,0.0,4.1221907891211924e-07
2015-05-19,0.00011561514644290214,5.15854585764449e-07,0.0006315340272946094,1.2810330019204953e-05,5.397724534751997,2.133747913239885,0.0,4.1993937013929317e-07
2015-05-20,0.00011261251624066722,8.124348799144262e-07,0.0006229067059842468,1.7333146718852137e-05,5.402258235189935,2.2986121200511556,2.9658029414997717e-07,4.1890974257888783e-07
2015-05-21,0.00011261251624066722,4.841756744699856e-07,0.0006229067059842468,1.1621833599470851e-05,5.4025017195137295,2.223452139081307,-3.2825920544444065e-07,4.2536667819691406e-07
2015-05-22,0.00011261251624066722,4.841756744699856e-07,0.0006229067059842468,1.1621833599470851e-05,5.400776500772388,2.223452139081307,0.0,4.277312811467185e-07
2015-05-26,9.161243657841361e-05,5.126552891111485e-07,0.0005193882237102119,1.1954834178596088e-05,5.422432773520445,2.230891700453382,2.8479614641162943e-08,4.268376683686371e-07
2015-05-27,9.161243657841361e-05,5.126552891111485e-07,0.0005193882237102119,1.1954834178596088e-05,5.426437647754818,2.230891700453382,0.0,4.2237476515328884e-07
2015-05-28,9.161243657841361e-05,5.980094875775341e-07,0.0005193882237102119,1.3057679146333564e-05,5.424759451292543,2.4750105878355186,8.535419846638559e-08,3.867027373475685e-07
2015-05-29,8.045546054348804e-05,6.841162096604362e-07,0.00047539884522730273,1.4178831711972909e-05,5.438380160006575,2.466630020137731,8.610672208290212e-08,3.26606497419994e-07
2015-06-01,8.045546054348804e-05,8.78460708873045e-07,0.00047539884522730273,1.9262638177055786e-05,5.4325340727452875,2.1362045268396472,1.943444992126088e-07,2.895499772885962e-07
2015-06-02,8.945244184334476e-05,9.608099482682545e-07,0.0005118262456061818,1.9640229424514243e-05,5.41507393320568,2.568918870099956,8.234923939520952e-08,2.5006715083504367e-07
2015-06-03,8.945244184334476e-05,9.147073644036308e-07,0.0005118262456061818,1.948706930169962e-05,5.420064818910717,2.352076687805111,-4.6102583864623726e-08,2.3883255280218496e-07
2015-06-04,8.856038733162365e-05,9.147073644036308e-07,0.0005087824049900006,1.948706930169962e-05,5.42363997430198,2.352076687805111,0.0,2.396868395823117e-07
2015-06-05,7.282067713803717e-05,9.147073644036308e-07,0.00043579696109630146,1.948706930169962e-05,5.444408081174008,2.352076687805111,0.0,2.4492780560053475e-07
2015-06-08,7.282067713803717e-05,9.147073644036308e-07,0.00043579696109630146,1.948706930169962e-05,5.46227119886189,2.352076687805111,0.0,2.3297665725558e-07
2015-06-09,7.282067713803717e-05,9.732832825851113e-07,0.00043579696109630146,1.982293065444874e-05,5.462049660648622,2.7049051159293733,5.8575918181480463e-08,2.177945471978536e-07
2015-06-10,7.282067713803717e-05,9.732832825851113e-07,0.00043579696109630146,1.982293065444874e-05,5.463643483199039,2.7049051159293733,0.0,1.9340463585839997e-07
2015-06-11,7.188784780645549e-05,9.4874532164001e-07,0.00043217890100810647,1.9730137174617218e-05,5.461239220081882,2.690212987307201,-2.453796094510125e-08,1.994745686322193e-07
2015-06-12,7.222623470550339e-05,1.0101887747834782e-06,0.0004334482999984933,1.9978098084275813e-05,5.458872866961087,2.8913459461773128,6.144345314346814e-08,2.0851486520294758e-07
2015-06-15,7.188784780645549e-05,7.839905283682719e-07,0.00043217890100810647,1.8509854964093397e-05,5.469212603684253,2.382396647628082,-2.2619824641520628e-07,2.0101988118119904e-07
2015-06-16,7.693420397705587e-05,7.839905283682719e-07,0.00045952338114639687,1.8509854964093397e-05,5.461078429987238,2.382396647628082,0.0,1.9225278047005272e-07
2015-06-17,7.693420397705587e-05,3.5881580636091244e-07,0.00045952338114639687,1.0514150369450516e-05,5.4549336418823655,2.0139557406665602,-4.2517472200735946e-07,2.0625348702241703e-07
2015-06-18,7.693420397705587e-05,3.5825424407807326e-07,0.00045952338114639687,1.0514080330598044e-05,5.452947178534644,1.525463761151017,-5.615622828391784e-10,2.255443770233839e-07
2015-06-19,7.693420397705587e-05,9.645473994336612e-08,0.00045952338114639687,3.952038918351839e-06,5.4446768325399715,1.4059083977022346,-2.617995041347071e-07,2.6298876883703995e-07
2015-06-22,7.010106544521131e-05,9.645473994336612e-08,0.0004230708275117356,3.952038918351839e-06,5.457161535692877,1.2988780321754625,0.0,2.9438872528025696e-07
2015-06-23,7.010106544521131e-05,1.282804773359045e-07,0.0004230708275117356,4.493311169201897e-06,5.467040135090836,1.3422200216485114,3.1825737392538396e-08,3.193968225757465e-07
2015-06-24,6.836556660316326e-05,1.282804773359045e-07,0.0004156157164047546,4.493311169201897e-06,5.468145134810017,1.3422200216485114,0.0,3.41447417609603e-07
2015-06-25,6.836556660316326e-05,1.242168230011528e-07,0.0004156157164047546,4.484721068602213e-06,5.464531772189263,0.9843878346960159,-4.0636543347517e-09,3.625619689269842e-07
2015-06-26,6.836556660316326e-05,1.1361261910616897e-07,0.0004156157164047546,4.192288760357404e-06,5.4753240769826155,0.9923901388058821,-1.0604203894983842e-08,3.814647319522974e-07
2015-06-29,0.00012539437015039528,1.1361261910616897e-07,0.0007273318030103713,4.192288760357404e-06,5.399572098933392,0.9923901388058821,0.0,3.9224916753416516e-07
2015-06-30,0.00012539437015039528,1.2453458642619765e-07,0.0007273318030103713,4.258216014407696e-06,5.398003555622724,1.398411542351972,1.0921967320028684e-08,3.9414945428930103e-07
2015-07-01,0.00012539437015039528,1.764936413608296e-07,0.0007273318030103713,4.9711126647813616e-06,5.398109596344574,1.8607236281746269,5.1959054934631936e-08,3.916461301520996e-07
2015-07-02,0.00012539437015039528,1.4366028257304338e-07,0.0007273318030103713,4.3630716962446464e-06,5.397834786347771,2.0305451640207584,-3.283335878778621e-08,3.867843413078356e-07
2015-07-06,0.00012539437015039528,1.60959834902682e-07,0.0007273318030103713,4.711577815758145e-06,5.397352615859734,2.119928965391109,1.7299552329638613e-08,3.7708312691797285e-07
2015-07-07,0.00012539437015039528,4.007107659631148e-07,0.0007273318030103713,9.956658169343642e-06,5.397071097289406,2.273088715981793,2.3975093106043284e-07,3.590789818667414e-07
2015-07-08,0.0001151250834353611,4.007107659631148e-07,0.0006453208170959812,9.956658169343642e-06,5.4114718054307165,2.273088715981793,0.0,3.3282260016145e-07
2015-07-09,0.0001151250834353611,4.116327332831435e-07,0.0006453208170959812,9.984596159900339e-06,5.394257484595168,2.482295156068972,1.0921967320028671e-08,3.015813580318764e-07
2015-07-10,0.0001151250834353611,4.116327332831435e-07,0.0006453208170959812,9.984596159900339e-06,5.393765777338863,2.3790598444744413,0.0,2.6671756525239375e-07
2015-07-13,0.00010953343320322752,4.116327332831435e-07,0.0006293719920649306,9.984596159900339e-06,5.396644234908282,2.3790598444744413,0.0,2.129182394423356e-07
2015-07-14,0.00011736813533980023,4.119959451658992e-07,0.0006581915396953584,9.984627013427485e-06,5.377003408746412,2.407101235511518,3.6321188275570065e-10,1.8102134573368413e-07
2015-07-15,0.00011736813533980023,4.010739778458705e-07,0.0006581915396953584,9.956689109444301e-06,5.382561799594409,2.1898516561496986,-1.0921967320028671e-08,1.389019823483516e-07
2015-07-16,0.00011309330781681554,4.010739778458705e-07,0.0006515610867594143,9.956689109444301e-06,5.387078169510133,2.1898516561496986,0.0,1.4097193504929983e-07
2015-07-17,0.00011594095055214849,4.010739778458705e-07,0.000658648533648149,9.956689109444301e-06,5.3828379235647486,2.1898516561496986,0.0,1.4300090335341787e-07
2015-07-20,0.00011594095055214849,9.545400925650418e-07,0.000658648533648149,2.2127586711097667e-05,5.388968496832721,1.9543936571726963,5.534661147191713e-07,2.0768595185229218e-07
2015-07-21,0.00011594095055214849,9.545400925650418e-07,0.000658648533648149,2.2127586711097667e-05,5.389937700488662,1.9543936571726963,0.0,2.488821660103173e-07
2015-07-22,0.00011594095055214849,9.545400925650418e-07,0.000658648533648149,2.2127586711097667e-05,5.3994419398744355,1.9543936571726963,0.0,2.788821176892786e-07
2015-07-23,0.00011594095055214849,9.263185729153745e-07,0.000658648533648149,2.2043375517253112e-05,5.409491161790751,1.6733526407856776,-2.822151964966731e-08,2.9744042328485553e-07
2015-07-24,0.00011198075813400913,9.215434931543776e-07,0.0006419643968709314,2.2178689378407393e-05,5.418688342231815,1.307320041090456,-4.775079760996909e-09,3.089312022652357e-07
2015-07-27,0.00011198075813400913,9.608588441218901e-07,0.0006419643968709314,2.2293635012845223e-05,5.428815639386465,1.6892753240893126,3.931535096751256e-08,3.169478822503661e-07
2015-07-28,0.00011198075813400913,9.129040193447665e-07,0.0006419643968709314,2.19360171067081e-05,5.436672325917746,1.7669070498984918,-4.7954824777123644e-08,3.1576692778834484e-07
2015-07-29,0.00011198075813400913,9.125408074620108e-07,0.0006419643968709314,2.1936003063111137e-05,5.433995782014001,1.7387275132885194,-3.6321188275570065e-10,3.1002972286225183e-07
2015-07-30,0.00011198075813400913,1.0293369450156696e-06,0.0006419643968709314,2.2772865320225713e-05,5.4370318531511055,1.9843759807204324,1.167961375536588e-07,3.100401963628738e-07
2015-07-31,0.00011039818973280432,1.2965637571308517e-06,0.0006381391335837607,2.56731063859016e-05,5.448488718152991,1.9682774159339562,2.672268121151821e-07,3.229104287096004e-07
2015-08-03,0.00011415525185933331,1.8058812635282485e-06,0.0006487919241655043,3.0114549729039853e-05,5.4475860662518905,2.1400746949855916,5.093175063973969e-07,3.8649009964166685e-07
2015-08-04,0.00011415525185933331,1.3702250011386311e-06,0.0006487919241655043,2.6042798470843686e-05,5.440341269209181,1.921306351453831,-4.3565626238961744e-07,3.991136197890343e-07
2015-08-05,0.00011391631577524799,1.6186429380784492e-06,0.000647595798948205,2.7450216871428916e-05,5.4395454748965015,2.4222763122689814,2.484179369398181e-07,4.2504455385455486e-07
2015-08-06,0.00012240561813107691,1.6355156669181866e-06,0.0006718667010039591,2.7494507576083155e-05,5.430994170662449,2.522853679124143,1.6872728839737414e-08,4.4279161272815863e-07
2015-08-07,0.00012240561813107691,1.88884973650008e-06,0.0006718667010039591,2.8990991374577708e-05,5.439808826146602,2.7303970583846637,2.533340695818934e-07,4.73127827320097e-07
2015-08-10,0.00012240561813107691,2.2729490597296465e-06,0.0006718667010039591,3.200807075089937e-05,5.434469255235619,2.7829902092080556,3.840993232295665e-07,5.292780401459934e-07
2015-08-11,0.00012240561813107691,2.340697187500639e-06,0.0006718667010039591,3.232416925737279e-05,5.4476256736389645,2.723943713324631,6.774812777099267e-08,5.710831023912235e-07
2015-08-12,0.00012240561813107691,2.214303102367644e-06,0.0006718667010039591,3.19306739708686e-05,5.440014219368805,2.7791087569281667,-1.263940851329954e-07,5.817411764708722e-07
2015-08-13,0.00012240561813107691,2.3285113679078915e-06,0.0006718667010039591,3.2813130380432415e-05,5.431868211443698,2.875972770046878,1.1420826554024769e-07,5.865968935589949e-07
2015-08-14,0.00012258627250429755,1.905198459155034e-06,0.0006723646535193233,2.7111002653974054e-05,5.435866008307409,3.0767057745903474,-4.2331290875285756e-07,5.490253733402336e-07
2015-08-17,0.00012258627250429755,1.905198459155034e-06,0.0006723646535193233,2.7111002653974054e-05,5.4379596082471275,3.0767057745903474,0.0,5.440708493547906e-07
2015-08-18,0.00012258627250429755,1.8192229871334623e-06,0.0006723646535193233,2.595724875332765e-05,5.436297340551748,3.0811868974836134,-8.597547202157167e-08,5.320184409989047e-07
2015-08-19,0.00012258627250429755,1.7961192581321156e-06,0.0006723646535193233,2.5914386373975477e-05,5.434031074763116,2.941757040409274,-2.3103729001346692e-08,5.153819099017431e-07
2015-08-20,0.00012258627250429755,1.7961192581321156e-06,0.0006723646535193233,2.5914386373975477e-05,5.446880933372776,2.941757040409274,0.0,4.92341199680708e-07
2015-08-21,0.00022080734642127426,1.617783210745003e-06,0.0010924778273088006,2.4213146180704145e-05,5.375841425418592,2.9760328413977155,-1.7833604738711253e-07,4.628552710573666e-07
2015-08-24,0.0004019755435423505,1.2803440085694954e-06,0.0017268349295041967,2.140918583631774e-05,5.260113580915133,2.809004152936986,-3.374392021755076e-07,4.420904908774969e-07
2015-08-25,0.0004019755435423505,9.64834950483065e-07,0.0017268349295041967,1.8229620351975753e-05,5.266301805443419,2.6207884501489924,-3.155090580864304e-07,4.374304819772414e-07
2015-08-26,0.0009336647432652769,9.577194333528812e-07,0.003397334021721287,1.8175054183110585e-05,5.0602534151993055,2.615452127784828,-7.115517130183846e-09,4.333017870081341e-07
2015-08-27,0.0006454770123784407,8.38200483825885e-07,0.002301557455633881,1.727950636689002e-05,5.183453380466661,2.4945145370609314,-1.1951894952699616e-07,4.504593986770891e-07
2015-08-28,0.0006454770123784407,8.38200483825885e-07,0.002301557455633881,1.727950636689002e-05,5.1862084553670575,2.53926163830997,0.0,4.817119559728344e-07
2015-08-31,0.0006454770123784407,8.925035745887599e-07,0.002301557455633881,1.759281512840942e-05,5.196836016253149,2.7569246517459183,5.4303090762874866e-08,5.096147861199019e-07
2015-09-01,0.0004998842051849844,8.925035745887599e-07,0.001918223933359215,1.759281512840942e-05,5.270092729562558,2.7569246517459183,0.0,5.323340721376137e-07
2015-09-02,0.00045205618067629434,8.925035745887599e-07,0.0018172883596503887,1.759281512840942e-05,5.304226125970524,2.7569246517459183,0.0,5.545874135458628e-07
2015-09-03,0.00045205618067629434,8.925035745887599e-07,0.0018172883596503887,1.759281512840942e-05,5.315979514917335,2.7402134065017645,0.0,5.733972580125505e-07
2015-09-04,0.00045205618067629434,1.282783867273924e-06,0.0018172883596503887,2.3451949455005864e-05,5.328298590474813,2.977178207351584,3.902802926851641e-07,5.68690811342385e-07
2015-09-08,0.0004047926993486568,1.282783867273924e-06,0.0016339471543326623,2.3451949455005864e-05,5.3500069321947885,2.977178207351584,0.0,5.389353091204219e-07
2015-09-09,0.00042452086661630775,6.916763020772832e-07,0.001679973771063002,1.2340081474441157e-05,5.343113205779488,3.0473893096869813,-5.911075651966408e-07,5.191655911694173e-07
2015-09-10,0.00042452086661630775,5.357207262392897e-07,0.001679973771063002,1.1075640481712595e-05,5.34301717685147,2.8325152065142603,-1.5595557583799348e-07,5.084142505192112e-07
2015-09-11,0.00042452086661630775,5.160895908941868e-07,0.001679973771063002,1.0994087518236973e-05,5.340456735841447,2.656470838760972,-1.9631135345102887e-08,4.699830635325562e-07
2015-09-14,0.00042452086661630775,9.160191079476406e-07,0.001679973771063002,1.9171757028683613e-05,5.345711179636134,2.355825616055531,3.999295170534538e-07,4.407798086801858e-07
2015-09-15,0.00042452086661630775,8.848134584024972e-07,0.001679973771063002,1.885166102303296e-05,5.341475362471637,2.536401791885494,-3.120564954514338e-08,4.038939084628327e-07
2015-09-16,0.00042452086661630775,8.848134584024972e-07,0.001679973771063002,1.885166102303296e-05,5.33979550489148,2.536401791885494,0.0,3.6608791844926006e-07
2015-09-17,0.000498614527475164,9.136544235681049e-07,0.0018939265461049755,1.891046302485769e-05,5.289256899674319,2.69711980901318,2.884096516560764e-08,3.1944159741862923e-07
2015-09-18,0.00044819975463145545,1.1635150347011712e-06,0.001742444299765154,2.1293183695738316e-05,5.32182053226492,2.596686119714049,2.498606111330663e-07,2.6130110860559434e-07
2015-09-21,0.00046053611152328274,1.8594243636967025e-06,0.0017660940996451272,2.942451372130894e-05,5.322313137466358,2.6080122463535167,6.959093289955313e-07,2.9665928043531e-07
2015-09-22,0.0004637747276238322,1.9025543924085235e-06,0.0017726910873543732,2.95687291988865e-05,5.321758459241418,2.7824284826222927,4.313002871182101e-08,3.574265803824164e-07
2015-09-23,0.0004637747276238322,1.9281922693114034e-06,0.0017726910873543732,2.9790166264974225e-05,5.316325211738267,2.7540904617306223,2.563787690287993e-08,4.130089454461657e-07
2015-09-24,0.0004637747276238322,1.4108159880546238e-06,0.0017726910873543732,2.472502073666377e-05,5.310842536404211,2.5730165890846717,-5.173762812567797e-07,4.201435603561341e-07
2015-09-25,0.0004637747276238322,1.4108159880546238e-06,0.0017726910873543732,2.472502073666377e-05,5.310364959105406,2.5730165890846717,0.0,4.229481839508972e-07
2015-09-28,0.0004637747276238322,1.384015952173691e-06,0.0017726910873543732,2.465709302747908e-05,5.311989531627739,2.3847762495884064,-2.6800035880932817e-08,4.22803381839779e-07
2015-09-29,0.0004637747276238322,1.4098274284214974e-06,0.0017726910873543732,2.472010819738061e-05,5.318760250246676,2.5679684008610737,2.5811476247806422e-08,4.2353348846349805e-07
2015-09-30,0.00045065539544636527,1.4098274284214974e-06,0.0017469656901422364,2.472010819738061e-05,5.3207152149217665,2.5679684008610737,0.0,4.2259908281465225e-07
2015-10-01,0.00045065539544636527,1.3033215760572942e-06,0.0017469656901422364,2.4257245066086763e-05,5.30487296888603,2.3169904720509193,-1.0650585236420321e-07,4.179184656789044e-07
2015-10-02,0.00043654815447156383,1.3033215760572942e-06,0.0017230397582321184,2.4257245066086763e-05,5.314376283613581,2.3169904720509193,0.0,4.1210852020928096e-07
2015-10-05,0.00044504576476235536,1.2601915473454727e-06,0.0017368794018993972,2.4081241651846058e-05,5.31378784898011,2.0700523646400772,-4.3130028711821434e-08,4.1195743627733273e-07
2015-10-06,0.00044504576476235536,1.4106094737319763e-06,0.0017368794018993972,2.485796298676233e-05,5.3119340771160735,2.2100005490674075,1.5041792638650356e-07,4.139926580065559e-07
2015-10-07,0.00044504576476235536,1.6373086013975095e-06,0.0017368794018993972,2.6240931038284625e-05,5.31759409915358,2.4911262264753002,2.2669912766553326e-07,4.037544486779746e-07
2015-10-08,0.00044504576476235536,1.6373086013975095e-06,0.0017368794018993972,2.6240931038284625e-05,5.316453445548209,2.4930129853502248,0.0,3.7187075582990773e-07
2015-10-09,0.00044504576476235536,1.0610975569130044e-06,0.0017368794018993972,1.6912168810627007e-05,5.318033096566851,2.7715417836528315,-5.762110444845051e-07,3.2649615585359183e-07
2015-10-12,0.00044504576476235536,9.96374551759139e-07,0.0017368794018993972,1.6594293628204037e-05,5.3226552130082005,2.5608929479608804,-6.472300515386534e-08,3.2126795774370686e-07
2015-10-13,0.00044504576476235536,1.4571738027237215e-06,0.0017368794018993972,2.2746487597329272e-05,5.3364798077701,2.7257542543050146,4.607992509645824e-07,3.017426089719849e-07
2015-10-14,0.00044504576476235536,2.0966069026225377e-06,0.0017368794018993972,2.933392090901066e-05,5.359578907527695,2.8958924507933768,6.394330998988162e-07,3.1683860351515743e-07
2015-10-15,0.00043654815447156383,1.8648283180186097e-06,0.0017230397582321184,2.80602343401742e-05,5.367237868650491,2.6881349804684955,-2.31778584603928e-07,3.0355055866154284e-07
2015-10-16,0.00043654815447156383,1.8062613265909265e-06,0.0017230397582321184,2.78859711831743e-05,5.358838609353185,2.580022113386277,-5.8566991427683205e-08,3.0057862776818747e-07
2015-10-19,0.00043654815447156383,1.7137387040763969e-06,0.0017230397582321184,2.7073306858484376e-05,5.3484122973203085,2.670513822916858,-9.25226225145296e-08,2.938000386517995e-07
2015-10-20,0.00043654815447156383,1.5020789244321958e-06,0.0017230397582321184,2.5755623595685875e-05,5.355705718261416,2.591738270745054,-2.1165977964420108e-07,2.7967772261706315e-07
2015-10-21,0.00043654815447156383,1.3198398015657726e-06,0.0017230397582321184,2.4791735130820513e-05,5.34395301187822,2.423373173515526,-1.8223912286642319e-07,2.632792672441026e-07
2015-10-22,0.00043654815447156383,1.3873679543622417e-06,0.0017230397582321184,2.502522446439142e-05,5.365675673485461,2.6502689448223085,6.752815279646915e-08,2.6360760565676485e-07
2015-10-23,0.00043654815447156383,1.7070517535493222e-06,0.0017230397582321184,2.7587354946659974e-05,5.374289091001564,2.5227129012394416,3.1968379918708044e-07,2.6846791228835566e-07
2015-10-26,0.00043654815447156383,1.7459304639275866e-06,0.0017230397582321184,2.7722230339914334e-05,5.373010941092242,2.478733830215326,3.8878710378264394e-08,2.7356475566324015e-07
2015-10-27,0.00043654815447156383,1.8361748327201312e-06,0.0017230397582321184,2.8224768464979425e-05,5.373719961296045,2.6792945099884315,9.02443687925446e-08,2.825101569388639e-07
2015-10-28,0.00043654815447156383,1.5914353802166953e-06,0.0017230397582321184,2.548073446439687e-05,5.382317964838992,2.569363942099399,-2.4473945250343586e-07,2.816043524167253e-07
2015-10-29,0.00043654815447156383,2.624513080747183e-06,0.0017230397582321184,4.119938501343259e-05,5.377053539692652,2.400360236772331,1.0330777005304877e-06,3.6713644768212317e-07
2015-10-30,0.0004919241985845911,2.637745552640284e-06,0.001891550562779402,4.1304764242583134e-05,5.340781059623633,2.400569671122356,1.323247189310083e-08,4.271262801651306e-07
2015-11-02,0.0004565245941943806,3.7744498081913673e-06,0.0018292098464439378,5.021814094190611e-05,5.349553627455196,2.620677062927342,1.1367042555510834e-06,6.25667390805638e-07
2015-11-03,0.0003788449544444549,3.7767290720071216e-06,0.0016595875611621713,5.0218382512136595e-05,5.365981128515204,2.663271770946127,2.2792638157543676e-09,7.594698631221955e-07
2015-11-04,0.00038752525883690325,2.7645209078378893e-06,0.0016737600342412854,3.777450540236928e-05,5.35063732565904,2.7160254128825256,-1.0122081641692323e-06,7.798224849628213e-07
2015-11-05,0.0002518826745197555,2.5967814658452303e-06,0.0012523304296781306,3.683743031648215e-05,5.398702169919049,2.804086498880736,-1.67739441992659e-07,7.880675250341477e-07
2015-11-06,0.0002639926700887411,2.779127363289044e-06,0.001276958397534154,3.78187361181651e-05,5.388799597866803,2.8384144326290466,1.823458974438138e-07,7.723201313812256e-07
2015-11-09,0.0002495058751171063,2.2839017402133733e-06,0.001247207238239366,3.4581603323770615e-05,5.399883656201422,2.8916227989439034,-4.952256230756708e-07,7.279666093758971e-07
2015-11-10,0.0002495058751171063,2.1780018356363802e-06,0.001247207238239366,3.425223241959119e-05,5.395843728585374,2.698791007467189,-1.0589990457699311e-07,7.087563626857524e-07
2015-11-11,0.00024051688285768935,1.723273723966247e-06,0.0012300568889077534,3.118115878642325e-05,5.396394867473605,2.4902233864667163,-4.5472811167013316e-07,7.164790673513806e-07
2015-11-12,0.00025575345409140445,2.1371428797616665e-06,0.0012672781330019063,3.388057212574135e-05,5.39171194210478,2.719210852516696,4.138691557954194e-07,7.12738385622425e-07
2015-11-13,0.00025575345409140445,1.8261033122465185e-06,0.0012672781330019063,3.22849830685502e-05,5.399142961339832,2.467263405875078,-3.11039567515148e-07,7.121834141329099e-07
2015-11-16,0.00025575345409140445,1.8261033122465185e-06,0.0012672781330019063,3.22849830685502e-05,5.39563964020414,2.467263405875078,0.0,7.086188843430905e-07
2015-11-17,0.0002262328047019652,1.7841311125373725e-06,0.0011996731585575294,3.209876505495754e-05,5.403423317777521,2.4449267349519435,-4.197219970914597e-08,6.966851503283873e-07
2015-11-18,0.0002262328047019652,1.383182689697853e-06,0.0011996731585575294,2.924862219956458e-05,5.396526896612696,2.3025112731753374,-4.009484228395195e-07,6.925330831912891e-07
2015-11-19,0.0002262328047019652,1.383182689697853e-06,0.0011996731585575294,2.924862219956458e-05,5.382573670911747,2.3025112731753374,0.0,6.927979260615368e-07
2015-11-20,0.0002262328047019652,1.3809034258820984e-06,0.0011996731585575294,2.9248207433939297e-05,5.385661128507358,2.224338988541716,-2.2792638157545794e-09,7.091038609027146e-07
2015-11-23,0.0002262328047019652,1.5822525518661156e-06,0.0011996731585575294,3.0015111726409703e-05,5.392369744532431,2.5914522679984717,2.0134912598401712e-07,7.155555913935716e-07
2015-11-24,0.00022817816253635392,3.3186489451214356e-06,0.001202909773069364,5.03680021325089e-05,5.393196251887271,2.804381947038157,1.73639639325532e-06,7.524283344007015e-07
2015-11-25,0.00022817816253635392,1.6859520934266594e-06,0.001202909773069364,2.722226524499909e-05,5.392537823368803,2.9715785613566563,-1.6326968516947762e-06,7.482431126432822e-07
2015-11-27,0.00022817816253635392,1.5137066592003463e-06,0.001202909773069364,2.474195133193389e-05,5.38805063728765,2.891741750187241,-1.722454342263131e-07,7.618286361253241e-07
2015-11-30,0.00022817816253635392,1.6368020634216542e-06,0.001202909773069364,2.5594015512615223e-05,5.363205110024408,2.908976087063591,1.2309540422130789e-07,7.655877239931392e-07
2015-12-01,0.0002262328047019652,4.519499300740257e-06,0.0011996731585575294,6.932171975314484e-05,5.366549120249016,2.5643154788751006,2.8826972373186025e-06,8.602126415949163e-07
2015-12-02,0.0002312147216480498,5.12571369157903e-06,0.001208775498674674,7.188432061792589e-05,5.362707954845719,2.62585588983984,6.062143908387728e-07,1.0267809509379765e-06
2015-12-03,0.00020249217239484067,5.424742497119133e-06,0.001062317231461339,7.286554089588237e-05,5.392042027724462,2.70123665411265,2.9902880554010315e-07,1.2434590371055939e-06
2015-12-04,0.00020067649349674472,5.7902728063689575e-06,0.0010589211092108548,7.468234168002138e-05,5.406715197305776,2.749597829545366,3.655303092498246e-07,1.4562831839489988e-06
2015-12-07,0.0001959361953358905,5.7902728063689575e-06,0.0010491247264442925,7.468234168002138e-05,5.408707421006217,2.749597829545366,0.0,1.6255017648661575e-06
2015-12-08,9.233065669245803e-05,5.949602313601396e-06,0.0005171602744431441,7.498585555785747e-05,5.482275890179553,2.9193721592687734,1.5932950723243844e-07,1.7742319093766255e-06
2015-12-09,9.233065669245803e-05,5.957610687487259e-06,0.0005171602744431441,7.49878527481418e-05,5.48133714966905,2.98791728260017,8.008373885863007e-09,1.8909593643789917e-06
2015-12-10,9.55685934321083e-05,5.853196582495866e-06,0.0005302897984480468,7.413082988765588e-05,5.468927231194561,2.986684594906059,-1.0441410499139333e-07,1.9584966300298133e-06
2015-12-11,0.00010122667130322938,5.853196582495866e-06,0.0005531852955273555,7.413082988765588e-05,5.464427962446523,2.986684594906059,0.0,2.018379590680227e-06
2015-12-14,0.00011030750236017208,7.893148593932468e-06,0.0005907601229375533,0.00010017238284277765,5.463541966566006,2.6992726199241024,2.039952011436602e-06,2.20421099368159e-06
2015-12-15,0.0001070278441718114,4.402871122841308e-06,0.0005788499847865295,5.5942347116389906e-05,5.466817569175765,2.8912073853761546,-3.4902774710911598e-06,2.158669364318529e-06
2015-12-16,0.00010683172940091825,2.5637646893605735e-06,0.0005779349765633786,3.2248738331235574e-05,5.464469078072948,3.287566375833869,-1.8391064334807342e-06,2.1250090070825113e-06
2015-12-17,9.781310148607164e-05,2.379238295330386e-06,0.0005432691269301536,3.1359237455647466e-05,5.471959746920841,3.139205766883741,-1.8452639403018732e-07,2.072703399908127e-06
2015-12-18,0.00010510549947286178,2.3144791963595515e-06,0.0005708239318135705,3.1182393891556925e-05,5.463557224753217,2.992187696085305,-6.475909897083472e-08,2.020621892232653e-06
2015-12-21,0.00010090796546309932,2.1714798350252866e-06,0.0005551042753578918,3.0232791333078978e-05,5.483202561511584,3.0784784466891795,-1.4299936133426488e-07,1.972894271316498e-06
2015-12-22,9.82442822221292e-05,2.05843818144344e-06,0.0005448261773960672,2.9468521286866656e-05,5.489524809643074,2.9654525031215693,-1.1304165358184665e-07,1.9437421194845513e-06
2015-12-23,9.789199409817017e-05,2.5308675498651223e-06,0.0005435996461983202,3.2804978779983976e-05,5.493278417661071,3.0574259799199943,4.7242936842168237e-07,1.9684503078404207e-06
2015-12-24,0.00010048259074565951,1.6720699561263992e-06,0.0005535801028164823,2.538871489254218e-05,5.485112586781771,2.751303492484888,-8.58797593738723e-07,1.9693377291252583e-06
2015-12-28,0.00010048259074565951,9.473909149117352e-07,0.0005535801028164823,1.7981396373537033e-05,5.474814340848923,2.4877566979186185,-7.24679041214664e-07,2.0116450722771614e-06
2015-12-29,0.00010469593920191726,5.329629144667157e-07,0.0005684658563586577,1.1570438407474162e-05,5.473468055600224,2.5417561807960936,-4.144280004450195e-07,2.094534911848183e-06
2015-12-30,0.00010210534255442792,4.881324329760113e-07,0.0005587513534285297,1.3116810255761937e-05,5.481930946339474,2.0358530435444466,-4.483048149070441e-08,2.2301365883937676e-06
2015-12-31,0.00010210534255442792,4.881324329760113e-07,0.0005587513534285297,1.3116810255761937e-05,5.480020472960639,2.0358530435444466,0.0,2.322576667007923e-06
2016-01-04,9.544528240267573e-05,9.434081184329698e-08,0.0005323301467768862,3.387613190647445e-06,5.485414027856167,2.2081029375254495,-3.937916211327144e-07,2.40100994539985e-06
2016-01-05,0.00010512637621132878,4.5845865977655254e-08,0.0005718806556886438,1.7898139638831146e-06,5.466109422527024,1.9440315074098267,-4.849494586564172e-08,2.4291649961797023e-06
2016-01-06,9.767155991865402e-05,8.11205041647544e-08,0.0005429333778593291,2.47175783712497e-06,5.475045425444908,2.2370734583927407,3.527463818709914e-08,2.4193640434297504e-06
2016-01-07,0.00011964359898118066,8.11205041647544e-08,0.0006373192809085811,2.47175783712497e-06,5.465502240712783,2.2370734583927407,0.0,2.3614543324890774e-06
2016-01-08,0.00011964359898118066,8.11205041647544e-08,0.0006373192809085811,2.47175783712497e-06,5.46627625475159,2.096681638714005,0.0,2.2616645500145646e-06
2016-01-11,0.000106562423829037,8.11205041647544e-08,0.0005906237558660556,2.47175783712497e-06,5.476172431546512,2.096681638714005,0.0,2.125268465230559e-06
2016-01-12,0.000106562423829037,8.11205041647544e-08,0.0005906237558660556,2.47175783712497e-06,5.474174326387622,2.096681638714005,0.0,1.9346973032529164e-06
2016-01-13,0.000106562423829037,8.11205041647544e-08,0.0005906237558660556,2.47175783712497e-06,5.49388245460538,2.096681638714005,0.0,1.2561412639680475e-06
2016-01-14,0.0001021958123438755,8.11205041647544e-08,0.0005722945348182498,2.47175783712497e-06,5.489785130411335,2.096681638714005,0.0,1.017834762234633e-06
2016-01-15,0.00010350923727762538,1.1288261792522147e-07,0.0005673778117891022,3.2895510912537007e-06,5.496638730100908,2.139871636790889,3.176211376046707e-08,9.581893912506213e-07
2016-01-19,0.00010350923727762538,9.831749740506559e-08,0.0005673778117891022,3.1353426639559852e-06,5.497145725349874,1.7745131817403181,-1.4565120520155876e-08,8.966258117898784e-07
2016-01-20,0.0001244700970138594,9.831749740506559e-08,0.0006537509477346171,3.1353426639559852e-06,5.48587457167599,1.5830796754052103,0.0,8.211682535943062e-07
2016-01-21,0.0001244700970138594,3.8563568136531844e-07,0.0006537509477346171,1.131971664641094e-05,5.49203958463039,1.5665605434596934,2.8731818396025286e-07,7.331390878519341e-07
2016-01-22,0.00013949498004901933,4.040412560603863e-07,0.000706617037048824,1.1389386464374441e-05,5.495264448980766,1.906480057930839,1.840557469506788e-08,6.356116079998044e-07
2016-01-25,0.00013949498004901933,4.040412560603863e-07,0.000706617037048824,1.1389386464374441e-05,5.508936991730493,1.906480057930839,0.0,3.979266477187323e-07
2016-01-26,0.00013949498004901933,4.3137012037188197e-07,0.000706617037048824,1.1541500124220281e-05,5.508999930846372,2.2124036662359696,2.7328864311495654e-08,2.4153677195128615e-07
2016-01-27,0.00013949498004901933,4.3137012037188197e-07,0.000706617037048824,1.1541500124220281e-05,5.509836616037677,2.2124036662359696,0.0,1.845063323400131e-07
2016-01-28,0.00013949498004901933,7.950053461531328e-07,0.000706617037048824,1.7131875223203447e-05,5.506643281636626,2.136790311510413,3.636352257812508e-07,2.141396111342201e-07
2016-01-29,0.0001745669786597051,7.950053461531328e-07,0.0008447655452713414,1.7131875223203447e-05,5.485734700485849,2.136790311510413,0.0,2.418811100624816e-07
2016-02-01,0.0001745669786597051,7.950053461531328e-07,0.0008447655452713414,1.7131875223203447e-05,5.487827481505445,2.215201359371848,0.0,2.658223711260517e-07
2016-02-02,0.0001745669786597051,7.950053461531328e-07,0.0008447655452713414,1.7131875223203447e-05,5.484088386977063,2.215201359371848,0.0,2.8641721204456165e-07
2016-02-03,0.0001745669786597051,7.950053461531328e-07,0.0008447655452713414,1.7131875223203447e-05,5.500913487775171,2.297169764108863,0.0,2.990399067090072e-07
2016-02-04,0.0001745669786597051,3.9609548218478286e-07,0.0008447655452713414,1.1414905708646876e-05,5.49787598758741,1.948416259255512,-3.989098639683499e-07,2.926118060622259e-07
2016-02-05,0.0001867705575753059,3.9609548218478286e-07,0.0008832947713179739,1.1414905708646876e-05,5.496614481139745,1.948416259255512,0.0,2.851250925675974e-07
2016-02-08,0.0001867705575753059,3.9609548218478286e-07,0.0008832947713179739,1.1414905708646876e-05,5.499071975548139,1.948416259255512,0.0,2.7649378636523016e-07
2016-02-09,0.0001867705575753059,4.2400578522996453e-07,0.0008832947713179739,1.1496072848623875e-05,5.493989011190736,2.258521523529021,2.7910303045181668e-08,2.666117877571017e-07
2016-02-10,0.0001867705575753059,4.2409400259107975e-07,0.0008832947713179739,1.1496074429414986e-05,5.496589156555411,2.3810391526454726,8.821736111522574e-11,2.551392923566821e-07
2016-02-11,0.0001867705575753059,4.401135216071723e-07,0.0008832947713179739,1.1548655602187214e-05,5.494798744081077,2.370912150011753,1.6019519016092524e-08,2.4180613516553764e-07
2016-02-12,0.0001867705575753059,7.899965045896246e-07,0.0008832947713179739,1.681178455493613e-05,5.49856988023774,2.2897998306248546,3.498829829824523e-07,2.3758882927191416e-07
2016-02-16,0.0001805740334948574,8.013527841726372e-07,0.0008650429953563261,1.687584893920844e-05,5.5013699736958666,2.352126829933539,1.1356279583012585e-08,2.3133447860868368e-07
2016-02-17,0.0001805740334948574,8.013527841726372e-07,0.0008650429953563261,1.687584893920844e-05,5.500809578715548,2.352126829933539,0.0,2.1773248147862714e-07
2016-02-18,0.0001805740334948574,1.0602505687358832e-06,0.0008650429953563261,1.9560976498257698e-05,5.502345387116486,2.397552061548534,2.588977845632461e-07,2.1895803439030252e-07
2016-02-19,0.0001805740334948574,1.173480231281595e-06,0.0008650429953563261,2.0328315797711097e-05,5.501884910762372,2.482124897965354,1.1322966254571184e-07,2.4771374303927386e-07
2016-02-22,0.00019991287555406486,2.0596938960981205e-06,0.0009374854478837765,3.4419225601476116e-05,5.489557401540578,2.15572742445577,8.862136648165255e-07,3.971712292097954e-07
2016-02-23,0.00019991287555406486,2.2764785906581605e-06,0.0009374854478837765,3.538260344088396e-05,5.487114131164542,2.4389587989078447,2.1678469456003991e-07,5.203146283992914e-07
2016-02-24,0.00019991287555406486,2.4648922393735697e-06,0.0009374854478837765,3.618469290875333e-05,5.490047351411482,2.6699235410626403,1.8841364871540924e-07,6.289813802282192e-07
2016-02-25,0.00020080352295927237,2.4721697650727717e-06,0.000939667320331314,3.618811064065525e-05,5.5036760723697435,2.7671213622743522,7.277525699201999e-09,7.07004405735798e-07
2016-02-26,0.00020080352295927237,2.8757929818515776e-06,0.000939667320331314,4.2437304697882573e-05,5.4963469230643,2.7228527882204263,4.036232167788059e-07,8.170636136418314e-07
2016-02-29,0.00018883107012548404,1.2649879097220823e-06,0.0008936770412867564,2.0813307643514527e-05,5.510313936047263,2.5439367221410776,-1.6108050721294953e-06,8.139287030828061e-07
2016-03-01,0.0001773012597569521,9.6344534078441e-07,0.0008469105776258396,1.7193817304478462e-05,5.518560067652645,2.5498111766946483,-3.015425689376723e-07,8.109816304250646e-07
2016-03-02,0.0001773012597569521,9.666867023819145e-07,0.0008469105776258396,1.9417265379081825e-05,5.522290754324958,2.22446304987162,3.2413615975044872e-09,8.078898121546227e-07
2016-03-03,0.0001773012597569521,9.666867023819145e-07,0.0008469105776258396,1.9417265379081825e-05,5.514764658536479,2.22446304987162,0.0,8.046897311355188e-07
2016-03-04,0.0001773012597569521,9.209976915409991e-07,0.0008469105776258396,1.786431017012127e-05,5.510545190886017,2.2525828954444624,-4.568901084091535e-08,7.864497479455161e-07
2016-03-07,0.0001773012597569521,1.2716155555696144e-06,0.0008469105776258396,2.30422233550786e-05,5.507321555855655,2.206433789902801,3.506178640286153e-07,7.635605692034461e-07
2016-03-08,0.0001773012597569521,1.7736489240617155e-06,0.0008469105776258396,2.7734437512507552e-05,5.508889611115513,2.4743275538049083,5.020333684921011e-07,7.452742046641021e-07
2016-03-09,0.0001773012597569521,1.5268299758312615e-06,0.0008469105776258396,2.5754049809229825e-05,5.512950257043131,2.577374205353441,-2.46818948230454e-07,7.165475799288048e-07
2016-03-10,0.0001773012597569521,1.49891967278608e-06,0.0008469105776258396,2.5717921046863854e-05,5.514489159038682,2.391556846090069,-2.7910303045181562e-08,6.817477582406811e-07
2016-03-11,0.0001773012597569521,1.49891967278608e-06,0.0008469105776258396,2.5717921046863854e-05,5.516665140964161,2.391556846090069,0.0,6.417106312107692e-07
2016-03-14,0.0001790440633744051,1.49891967278608e-06,0.000851929813378121,2.5717921046863854e-05,5.50131677183724,2.391556846090069,0.0,6.21346673477644e-07
2016-03-15,0.00018531445281184575,1.49891967278608e-06,0.0008720230287203514,2.5717921046863854e-05,5.498829180231393,2.391556846090069,0.0,5.988304473061285e-07
2016-03-16,0.00018531445281184575,1.4857751451880697e-06,0.0008720230287203514,2.56421677607717e-05,5.49117871668661,2.421666090371148,-1.3144527598010324e-08,5.733055102161036e-07
2016-03-17,0.00018531445281184575,1.2297459342397802e-06,0.0008720230287203514,2.3158155516337405e-05,5.490911644162333,2.267870073269175,-2.560292109482894e-07,5.664932754157326e-07
2016-03-18,0.00018832606494433843,1.1306141401721093e-06,0.0008814701317357285,2.066777137093968e-05,5.486101966668166,2.387304137081532,-9.91317940676709e-08,5.682084154684769e-07
2016-03-21,0.00020203885964848912,7.099555927548732e-07,0.0009273713711440823,1.3764779852671759e-05,5.472908412483722,2.343536275176675,-4.206585474172362e-07,5.883209988083524e-07
2016-03-22,0.0002038518737666239,2.7356583634418337e-06,0.0009329400433550173,4.822904782812411e-05,5.459310894667449,2.002830979295358,2.0257027706869607e-06,6.272793734021196e-07
2016-03-23,0.0002038518737666239,2.644456732641359e-06,0.0009329400433550173,4.7022267740348695e-05,5.466339398962405,1.9983040938562235,-9.120163080047478e-08,6.42351783494482e-07
2016-03-24,0.0002038518737666239,2.5757001159268233e-06,0.0009329400433550173,4.685411749010311e-05,5.463802402791009,1.8690418674421467,-6.875661671453565e-08,6.505667068974297e-07
2016-03-28,0.00019266939600626207,2.5757001159268233e-06,0.0008979075944886648,4.685411749010311e-05,5.464759983844108,1.8690418674421467,0.0,6.212247378520539e-07
2016-03-29,0.0001980131582426557,2.5757001159268233e-06,0.0009143126275518206,4.685411749010311e-05,5.466242172253571,1.8690418674421467,0.0,6.590156305952706e-07
2016-03-30,0.0001980131582426557,2.6948138114241143e-06,0.0009143126275518206,4.744212161284568e-05,5.463902912561108,1.711110438674213,1.19113695497291e-07,6.839051320372559e-07
2016-03-31,0.0001980131582426557,2.9458588845159057e-06,0.0009143126275518206,4.8110376510718265e-05,5.458350098811972,2.2906902884257465,2.510450730917914e-07,7.163080666513224e-07
2016-04-01,0.00018183141174159682,3.0054935588371493e-06,0.0008601994590971882,4.819772604378134e-05,5.462213319865101,2.492123074257159,5.963467432124362e-08,7.380222836448777e-07
2016-04-04,0.00018183141174159682,3.0054935588371493e-06,0.0008601994590971882,4.819772604378134e-05,5.459487745595447,2.492123074257159,0.0,7.411701757884089e-07
2016-04-05,0.00018347506380552732,6.184516666674401e-06,0.000865402840030366,7.75562652819597e-05,5.460087813326575,2.5904608716856528,3.1790231078372515e-06,1.1758031161694795e-06
2016-04-06,0.00018776325299760556,4.762819487572735e-06,0.0008792295690812156,6.318026330385522e-05,5.453733894781124,2.841589235646223,-1.4216971791016655e-06,1.2971512791761933e-06
2016-04-07,0.00018776325299760556,3.671089226492845e-06,0.0008792295690812156,5.735656726766085e-05,5.451768051210373,2.456043305161902,-1.0917302610798905e-06,1.3106631316355769e-06
2016-04-08,0.00018776325299760556,3.6687323600687365e-06,0.0008792295690812156,5.7348491431507644e-05,5.4411994330719855,2.4556437566951397,-2.3568664241083275e-09,1.3135463979469785e-06
2016-04-11,0.00018776325299760556,3.626528963123031e-06,0.0008792295690812156,5.7287486184336824e-05,5.441374946185774,2.3776093972959487,-4.220339694570533e-08,1.3053873796815054e-06
2016-04-12,0.00017235329693238242,3.6845098118163536e-06,0.0008248463029741359,5.7506438888555694e-05,5.454077213446431,2.395074180797911,5.798084869332241e-08,1.2899410741273413e-06
2016-04-13,0.0001635501289363829,3.842327977769163e-06,0.0007959535188822313,5.7880920260543125e-05,5.476937987096696,2.618909571119328,1.5781816595280971e-07,1.2698425781468865e-06
2016-04-14,0.0002066089128651668,3.8083956484833904e-06,0.0010170913980720832,5.779209892488443e-05,5.4368579025188195,2.600851571762283,-3.3932329285772894e-08,1.2358132612952518e-06
2016-04-15,0.0002066089128651668,3.7512530736537497e-06,0.0010170913980720832,5.772376803790404e-05,5.428036276515748,2.5008778967723058,-5.714257482964073e-08,1.1666030140300505e-06
2016-04-18,0.0002066089128651668,3.5761356111514953e-06,0.0010170913980720832,5.710828604453762e-05,5.428189485949857,2.5223004274562677,-1.7511746250225438e-07,1.064160031489444e-06
2016-04-19,0.0001271782458560685,3.5761356111514953e-06,0.0006611107483400466,5.710828604453762e-05,5.477030134712409,2.5223004274562677,0.0,8.723992472392189e-07
2016-04-20,0.0001271782458560685,3.3927800826467036e-06,0.0006611107483400466,5.650009835222473e-05,5.471120140231519,2.4574509967960694,-1.8335552850479167e-07,8.564847237411106e-07
2016-04-21,0.0001271782458560685,3.56630683610207e-06,0.0006611107483400466,5.689679885492609e-05,5.47956878420919,2.741961976636432,1.7352675345536626e-07,8.337452193257021e-07
2016-04-22,0.0001271782458560685,3.56630683610207e-06,0.0006611107483400466,5.689679885492609e-05,5.480876700100983,2.741961976636432,0.0,8.032802275036034e-07
2016-04-25,0.00011723477037574995,3.56630683610207e-06,0.0006237512136621026,5.689679885492609e-05,5.479323100378644,2.6830479319439595,0.0,7.682593386318779e-07
2016-04-26,0.00011723477037574995,3.56630683610207e-06,0.0006237512136621026,5.689679885492609e-05,5.478037007965576,2.6830479319439595,0.0,7.280253795294583e-07
2016-04-27,0.00011723477037574995,4.076722987071858e-06,0.0006237512136621026,5.8990680216907475e-05,5.473462833758153,2.8903353021144516,5.104161509697881e-07,6.951246264261129e-07
2016-04-28,0.00014872047743811002,3.9378074235767525e-06,0.0007632537134073562,5.8635650191543824e-05,5.4534493447741035,2.822559590237409,-1.3891556349510545e-07,6.702579867452742e-07
2016-04-29,0.00014638580236098352,2.1602067932314963e-06,0.0007569650388752361,3.449498683224194e-05,5.449060794133979,2.8120749553053743,-1.7776006303452562e-06,7.449394220208153e-07
2016-05-02,0.00014538220462333046,2.0009781736236944e-06,0.0007538592717735192,3.3826332842602056e-05,5.4494679075909165,2.5967987806051007,-1.5922861960780188e-07,8.270798062748461e-07
2016-05-03,0.0001373409873061298,1.8569832416235027e-06,0.0007294668587215138,3.3095605706161274e-05,5.458989452439502,2.394314373087245,-1.439949320001917e-07,6.988216912999475e-07
2016-05-04,0.00013379419889807177,1.8569832416235027e-06,0.0007199434183523149,3.3095605706161274e-05,5.461982825219447,2.394314373087245,0.0,7.204561691426721e-07
2016-05-05,0.00013379419889807177,1.8569832416235027e-06,0.0007199434183523149,3.3095605706161274e-05,5.4591103277247806,2.394314373087245,0.0,7.873570488187424e-07
2016-05-06,0.00013379419889807177,1.8003314663964726e-06,0.0007199434183523149,3.291188645355805e-05,5.452049689241512,2.350216748792249,-5.6651775227030136e-08,8.435168368741877e-07
2016-05-09,0.00013379419889807177,1.922711954205254e-06,0.0007199434183523149,3.3341438956272275e-05,5.452970934398233,2.5028762966507223,1.223804878087815e-07,8.785417088682582e-07
2016-05-10,0.00013219078817170406,1.9620289004795945e-06,0.000715620913959744,3.341339547231369e-05,5.453434174634592,2.684789711403174,3.931694627434047e-08,8.991437719571113e-07
2016-05-11,8.786742710213991e-05,1.9531813288149154e-06,0.000506845027786974,3.337625350649128e-05,5.4887716370300215,2.678337049143272,-8.847571664679148e-09,9.032498371943359e-07
2016-05-12,8.786742710213991e-05,1.9531813288149154e-06,0.000506845027786974,3.337625350649128e-05,5.4914750626704185,2.585299148139612,0.0,8.989776571954294e-07
2016-05-13,8.898373160292387e-05,2.10719468798441e-06,0.0005103515695950969,3.395276403124511e-05,5.48688961375052,2.8262406887234333,1.5401335916949468e-07,8.819388034811376e-07
2016-05-16,8.240676772296055e-05,2.164520623392524e-06,0.0004799651417935122,3.411868696998526e-05,5.506300403397985,2.956430929757085,5.732593540811405e-08,8.655413227200191e-07
2016-05-17,8.240676772296055e-05,2.2326907864782615e-06,0.0004799651417935122,3.504217139899144e-05,5.504775170822131,2.822149635992147,6.817016308573743e-08,8.410296988030876e-07
2016-05-18,8.235819703929308e-05,2.2537806851168597e-06,0.00047975332779595864,3.507179857924794e-05,5.506097400617864,2.938255164258725,2.1089898638598136e-08,8.210679257143706e-07
2016-05-19,8.235819703929308e-05,2.4516604223378865e-06,0.00047975332779595864,3.646715426748862e-05,5.503238292713167,2.7613195741939784,1.978797372210268e-07,7.831246086356781e-07
2016-05-20,8.702925930587183e-05,2.4516604223378865e-06,0.0004990089098952984,3.646715426748862e-05,5.50063771528939,2.7613195741939784,0.0,7.388346408492146e-07
2016-05-23,8.603687892260084e-05,2.4889449026206656e-06,0.0004958031602650205,3.653218376281396e-05,5.5001478354365565,2.966158252777002,3.728448028277906e-08,6.873099758477347e-07
2016-05-24,8.603687892260084e-05,2.512117147394744e-06,0.0004958031602650205,3.656648996246201e-05,5.506356731081879,3.0243466231546607,2.3172244774078584e-08,6.271322422626433e-07
2016-05-25,7.62820110780815e-05,1.1742048645857531e-06,0.0004539766167545662,2.0425913899089708e-05,5.517272089852645,3.0766240066284802,-1.337912282808991e-06,5.212452739494184e-07
2016-05-26,7.62820110780815e-05,1.0603871718933627e-06,0.0004539766167545662,1.9878265231814778e-05,5.508420348057631,2.782122257802766,-1.1381769269239045e-07,3.8165165940517934e-07
2016-05-27,7.619368757823177e-05,1.0603871718933627e-06,0.00045358676816058323,1.9878265231814778e-05,5.51221871167116,2.782122257802766,0.0,4.34590197431011e-07
2016-05-31,7.619368757823177e-05,1.0603871718933627e-06,0.00045358676816058323,1.9878265231814778e-05,5.512792407134758,2.782122257802766,0.0,4.781793125535351e-07
2016-06-01,7.315936853180853e-05,1.0603871718933627e-06,0.00044177057443524207,1.9878265231814778e-05,5.518640799956718,2.782122257802766,0.0,5.14535504366742e-07
2016-06-02,7.315936853180853e-05,1.076750641115698e-06,0.00044177057443524207,1.990323896742779e-05,5.519211018460191,2.9187057072491127,1.636346922233525e-08,5.442307961965643e-07
2016-06-03,7.315936853180853e-05,1.2095782532174412e-06,0.00044177057443524207,2.046700515754465e-05,5.517919779279533,3.2402923772785206,1.328276121017433e-07,5.615308258107681e-07
2016-06-06,7.315936853180853e-05,1.3785454256076908e-06,0.00044177057443524207,2.161601126455236e-05,5.521512756666143,3.3426993496837585,1.689671723902496e-07,5.692976739102415e-07
2016-06-07,7.315936853180853e-05,1.4870797296423807e-06,0.00044177057443524207,2.2161931764949407e-05,5.524891546639262,3.4725050534785424,1.0853430403468984e-07,5.717462513436223e-07
2016-06-08,7.062724844898156e-05,1.4870797296423807e-06,0.00043162885870263833,2.2161931764949407e-05,5.523936137762683,3.4725050534785424,0.0,5.725547544040577e-07
2016-06-09,7.062724844898156e-05,1.1923940061479947e-06,0.00043162885870263833,2.083599445479941e-05,5.513743603211052,2.873264845052956,-2.946857234943859e-07,5.82220566939118e-07
2016-06-10,7.062724844898156e-05,1.21773225622022e-06,0.00043162885870263833,2.1117466016822677e-05,5.516703305757116,2.745521966366027,2.5338250072225274e-08,5.881277823574973e-07
2016-06-13,6.964194474174384e-05,1.21773225622022e-06,0.0004281049952140191,2.1117466016822677e-05,5.514946592047681,2.745521966366027,0.0,5.858687604974629e-07
2016-06-14,6.964194474174384e-05,1.3099729545990773e-06,0.0004281049952140191,2.1575672839742776e-05,5.519094078533465,2.94224398473706,9.224069837885727e-08,5.744957270827873e-07
2016-06-15,6.964194474174384e-05,1.2708142736345509e-06,0.0004281049952140191,2.1295851559670477e-05,5.5110253918117555,2.9422415899364216,-3.915868096452639e-08,5.559896103957612e-07
2016-06-16,7.143534447074167e-05,1.2708142736345509e-06,0.0004361674812545513,2.1295851559670477e-05,5.509431695398252,2.9422415899364216,0.0,5.306815703713414e-07
2016-06-17,7.143534447074167e-05,1.2708142736345509e-06,0.0004361674812545513,2.1295851559670477e-05,5.509400455771068,2.9422415899364216,0.0,4.791272316874982e-07
2016-06-20,6.856513303044142e-05,1.2463911036335434e-06,0.0004236573424608094,2.111795311400657e-05,5.5116637367419195,3.0441780770156273,-2.4423170001007454e-08,4.1280411104024844e-07
2016-06-21,6.856513303044142e-05,1.3441249852923086e-06,0.0004236573424608094,2.209189324842685e-05,5.512236131404967,3.0426705060898693,9.773388165876517e-08,3.146474917050359e-07
2016-06-22,6.940412267549235e-05,1.352217966055305e-06,0.00042664016324087643,2.2131721729843656e-05,5.503785877341787,3.043267399346882,8.092980762996398e-09,1.3309707630396024e-07
2016-06-23,6.831060507153556e-05,1.352217966055305e-06,0.00041986553657060994,2.2131721729843656e-05,5.507614251482498,3.043267399346882,0.0,1.3459306051213544e-07
2016-06-24,0.0007280539820463148,1.2929094417933181e-06,0.003421004215257488,2.1740560773945077e-05,5.048872325926447,2.986636912689371,-5.930852426198688e-08,1.2754782863038427e-07
2016-06-27,0.0004451068755805952,1.299904992751952e-06,0.0020005848550169705,2.1779869967117675e-05,5.210313094653872,2.987628973351592,6.995550958633827e-09,1.1898192182913763e-07
2016-06-28,0.0004473384823273481,1.252627381234478e-06,0.002002530337865813,2.162206659537615e-05,5.21600354452067,2.82768033353565,-4.7277611517473974e-08,1.0846660056126132e-07
2016-06-29,0.0004451068755805952,1.252627381234478e-06,0.0020005848550169705,2.162206659537615e-05,5.22436388833153,2.82768033353565,0.0,9.580606619853386e-08
2016-06-30,0.00043574292233271083,1.0099206873291323e-06,0.0019905906409527032,1.978048664353524e-05,5.2275280933865815,2.559564000901717,-2.427066939053457e-07,1.0438415160248861e-07
2016-07-01,0.00043599106844642555,9.153915330807975e-07,0.0019908431284529106,1.9361356187620146e-05,5.2125273718481875,2.119962030354501,-9.45291542483348e-08,1.3260063279871485e-07
2016-07-05,0.00043599106844642555,3.5867717474875484e-07,0.0019908431284529106,8.420285859206417e-06,5.208992281627351,2.2646134124863733,-5.567143583320426e-07,2.409378446480431e-07
2016-07-06,0.00043599106844642555,4.380097848822662e-07,0.0019908431284529106,9.23279544443773e-06,5.219456850910844,2.5308511009696013,7.933261013351135e-08,2.891249143582577e-07
2016-07-07,0.00043599106844642555,4.380097848822662e-07,0.0019908431284529106,9.23279544443773e-06,5.207672205728564,2.5308511009696013,0.0,3.214701084829136e-07
2016-07-08,0.00043599106844642555,4.380097848822662e-07,0.0019908431284529106,9.23279544443773e-06,5.205516132667244,2.5308511009696013,0.0,3.5449281845304187e-07
2016-07-11,0.00043599106844642555,7.381672452013338e-07,0.0019908431284529106,1.4902986653098282e-05,5.204338960756004,2.4326227259004978,3.001574603190676e-07,3.6066960609194544e-07
2016-07-12,0.00043350399204913274,7.381672452013338e-07,0.001988633460488862,1.4902986653098282e-05,5.204563426427409,2.4326227259004978,0.0,3.650883953873382e-07
2016-07-13,0.0004338606910817207,5.254669349461073e-07,0.001988931244303984,1.2542304845130357e-05,5.192264726996767,2.1606790461246663,-2.1270031025522644e-07,3.753662424786559e-07
2016-07-14,0.0004338606910817207,2.0661752679920894e-06,0.001988931244303984,3.732656062816085e-05,5.203715164003214,1.9393415698432663,1.540708333045982e-06,4.427392492482538e-07
2016-07-15,0.00043846516325754385,2.045409726446202e-06,0.001992948702669587,3.7299574444821805e-05,5.194806809898961,1.8641357612283989,-2.0765541545887447e-08,4.95631353268813e-07
2016-07-18,0.00043846516325754385,1.8804741609612777e-06,0.001992948702669587,3.320401065349187e-05,5.197483535169478,2.186192460472387,-1.649355654849243e-07,5.264991398135491e-07
2016-07-19,0.00043846516325754385,1.8210244425253344e-06,0.001992948702669587,3.306887002101431e-05,5.196591946467654,1.9191216111720837,-5.9449718435943243e-08,5.501018529072803e-07
2016-07-20,0.00043846516325754385,1.9978014537686488e-06,0.001992948702669587,3.387748717165599e-05,5.208199099891365,2.107589205318592,1.7677701124331433e-07,5.821077538604375e-07
2016-07-21,0.00043846516325754385,2.019758706800424e-06,0.001992948702669587,3.391070321251201e-05,5.200190901372494,2.279215460146474,2.195725303177539e-08,6.120377617916728e-07
2016-07-22,0.00043846516325754385,1.550767412731742e-06,0.001992948702669587,3.063711836346239e-05,5.180695181177876,1.952050916404252,-4.6899129406868214e-07,6.163337386344102e-07
2016-07-25,0.00043846516325754385,1.550767412731742e-06,0.001992948702669587,3.063711836346239e-05,5.180249731160857,1.952050916404252,0.0,6.20971841012655e-07
2016-07-26,0.00043540223962829864,1.3889020192444293e-06,0.001990224341398445,2.975798250078112e-05,5.165699151273495,1.928123881346917,-1.618653934873127e-07,6.219164290837205e-07
2016-07-27,0.0004580907597355109,1.3889020192444293e-06,0.0020184542528974263,2.975798250078112e-05,5.143806630511659,1.928123881346917,0.0,6.230231567921253e-07
2016-07-28,0.0004871850208111581,1.3376430048869892e-06,0.002105025851165776,2.9650466007267757e-05,5.113601598830637,1.7475350527202216,-5.125901435744009e-08,6.23489005582772e-07
2016-07-29,0.0004871850208111581,1.6304428585111824e-06,0.002105025851165776,3.1374727413751326e-05,5.122499961534097,2.270499814405083,2.9279985362419316e-07,6.272645431660297e-07
2016-08-01,0.0005003083324672902,1.6855017797451787e-06,0.0021189859963582185,3.171336537810784e-05,5.111134724844064,2.4336654496988297,5.5058921233996314e-08,6.284133877158076e-07
2016-08-02,0.0004978038943662191,1.6855017797451787e-06,0.002116474238193099,3.171336537810784e-05,5.096175321246248,2.4336654496988297,0.0,5.926129385415355e-07
2016-08-03,0.0004978038943662191,1.5069469295632924e-06,0.002116474238193099,3.0307794884212667e-05,5.095657184147471,2.4403571511369275,-1.7855485018188633e-07,5.51045935636818e-07
2016-08-04,0.0004978038943662191,1.544819277405732e-06,0.002116474238193099,3.0483361975515377e-05,5.077824982632763,2.4603359533969615,3.787234784243954e-08,5.002977590889895e-07
2016-08-05,0.0004738847435882974,3.790583811265426e-07,0.0020886197890000913,8.994435023530122e-06,5.0923019727430585,2.808805868560949,-1.1657608962791892e-06,5.068719501877992e-07
2016-08-08,0.0004738847435882974,2.0520985643855915e-07,0.0020886197890000913,5.610716473323027e-06,5.095582084095667,3.133597434587605,-1.7384852468798346e-07,5.589337221609882e-07
2016-08-09,0.0004738847435882974,1.2667116597926887e-07,0.0020886197890000913,3.2207167396495144e-06,5.087309394188469,3.2378147411366536,-7.853869045929027e-08,6.138058016685034e-07
2016-08-10,0.00047203442913366055,1.322190579118578e-07,0.0020864233176875182,3.3664510412542903e-06,5.070917935093481,3.214857773431296,5.547891932588932e-09,6.491445380216397e-07
2016-08-11,0.00047203442913366055,7.342880913078168e-07,0.0020864233176875182,1.876494002396221e-05,5.076567161384907,2.2909329685862,6.020690333959589e-07,6.452095405396035e-07
2016-08-12,0.00047203442913366055,8.00088277543536e-07,0.0020864233176875182,1.9096935638037758e-05,5.0841657603906665,2.384104848081745,6.580018623571922e-08,6.325626152005154e-07
2016-08-15,0.0004725422357555785,8.00088277543536e-07,0.002086809009734209,1.9096935638037758e-05,5.073737700621383,2.384104848081745,0.0,6.236042206236644e-07
2016-08-16,0.000458750148442146,8.00088277543536e-07,0.002073329911849442,1.9096935638037758e-05,5.091425416414087,2.384104848081745,0.0,6.130229062160411e-07
2016-08-17,0.000458750148442146,8.022493591355917e-07,0.002073329911849442,1.916720348356e-05,5.084393802262277,2.207823635814278,2.161081592055719e-09,5.850136479746932e-07
2016-08-18,0.000458750148442146,8.022493591355917e-07,0.002073329911849442,1.916720348356e-05,5.08220403456891,2.207823635814278,0.0,5.467450767957785e-07
2016-08-19,0.000458750148442146,8.308596559108586e-07,0.002073329911849442,1.944087869538103e-05,5.076837916430206,1.9761861048609626,2.861029677526692e-08,5.351039753036743e-07
2016-08-22,0.0005030891443560216,8.425995028203529e-07,0.0022148029398860593,1.933046498242851e-05,5.029372880570572,2.081197118176369,1.1739846909494264e-08,5.20431354923138e-07
2016-08-23,0.0005030891443560216,8.425995028203529e-07,0.0022148029398860593,1.933046498242851e-05,5.002873747705505,2.081197118176369,0.0,5.116169345756051e-07
2016-08-24,0.0005030891443560216,8.793935698012633e-07,0.0022148029398860593,1.9397738433686266e-05,5.0135672189665454,2.478920358957947,3.67940669809104e-08,5.008645973335984e-07
2016-08-25,0.0005030891443560216,8.546841840186577e-07,0.0022148029398860593,1.9335277852352563e-05,5.014009826619851,2.369527350512654,-2.4709385782605616e-08,4.911371935501573e-07
2016-08-26,0.0005030891443560216,2.200566433100396e-07,0.0022148029398860593,5.575168379838977e-06,5.000341486804235,2.6888160123822287,-6.34627540708618e-07,4.810227737938813e-07
2016-08-29,0.0005008300993771144,2.1571392025846292e-07,0.0022133557269554587,5.567263592877842e-06,4.987545629833849,2.5645865898696973,-4.3427230515766855e-09,4.53952154498552e-07
2016-08-30,0.0005008300993771144,2.1571392025846292e-07,0.0022133557269554587,5.567263592877842e-06,4.979748301686878,2.586080272173833,0.0,4.115729980247828e-07
2016-08-31,0.0005008300993771144,2.1571392025846292e-07,0.0022133557269554587,5.567263592877842e-06,4.971199399599339,2.586080272173833,0.0,3.7405984785827056e-07
2016-09-01,0.0005008300993771144,3.3047193459399413e-07,0.0022133557269554587,9.510177618658277e-06,4.975718186683723,2.125078634011579,1.1475801433553122e-07,3.0731424558145176e-07
2016-09-02,0.0005048480686414784,3.3047193459399413e-07,0.002216180517536118,9.510177618658277e-06,4.969652107893567,2.125078634011579,0.0,3.0893690454034085e-07
2016-09-06,0.0002519630625144636,4.2923247085092983e-07,0.0014550309984308685,1.0526944743809138e-05,5.185058568397585,2.412299856157074,9.87605362569357e-08,2.9973755678023745e-07
2016-09-07,4.8969844377173634e-05,4.2923247085092983e-07,0.0003249999012347879,1.0526944743809138e-05,5.463386690106458,2.412299856157074,0.0,2.8391933339361656e-07
2016-09-08,4.517285077340941e-05,4.970537981032664e-07,0.0003082951432159534,1.1087495911564416e-05,5.473614154588544,2.660608446176727,6.78213272523366e-08,2.6503888566065073e-07
2016-09-09,0.00032496852925907366,4.970537981032664e-07,0.0018184986393520613,1.1087495911564416e-05,5.093890102516074,2.660608446176727,0.0,2.637184278705296e-07
2016-09-12,0.0003465039790467071,4.970537981032664e-07,0.001843221785022816,1.1087495911564416e-05,5.073923103239333,2.660608446176727,0.0,2.591818862494622e-07
2016-09-13,0.00022415269958233234,6.46830171899241e-07,0.0011518730828633202,1.42716723395532e-05,5.20324465436678,2.335757728637094,1.4977637379597452e-07,2.541326165358357e-07
2016-09-14,0.00023310630592764163,6.522156719683007e-07,0.0011771547810219079,1.4270025665781163e-05,5.181648963346784,2.305992213635035,5.385500069059766e-09,2.488443409674792e-07
2016-09-15,0.00022201274893957914,6.522156719683007e-07,0.0011590634931993474,1.4270025665781163e-05,5.195891168093455,2.262740697538729,0.0,2.430844842732326e-07
2016-09-16,0.00022201274893957914,6.412620395112796e-07,0.0011590634931993474,1.4250378199558767e-05,5.189824026260511,2.028409048204372,-1.0953632457021095e-08,2.3666602991111023e-07
2016-09-19,0.00020361437156745228,6.948176974600945e-07,0.0011265742469967327,1.456256106915889e-05,5.207074139151361,2.3259796726183617,5.355565794881484e-08,2.2959537505311743e-07
2016-09-20,0.00020451091071689215,6.998594908276598e-07,0.001127683508051655,1.4566636630699884e-05,5.2062570235733245,2.422062477925396,5.041793367565332e-09,2.2141398296507256e-07
2016-09-21,0.00022546162222016703,6.998594908276598e-07,0.00116719051533643,1.4566636630699884e-05,5.179720129291623,2.422062477925396,0.0,2.1266648099302344e-07
2016-09-22,0.00020874525675679734,4.4932595507463896e-07,0.0011335360898971128,1.1356681256936872e-05,5.203129643401163,2.1852018676773275,-2.5053353575302083e-07,1.9487500524642385e-07
2016-09-23,0.00020874525675679734,3.732873894923485e-07,0.0011335360898971128,9.50792075716262e-06,5.2008969923093735,2.4838210609178537,-7.603856558229044e-08,1.767994861839164e-07
2016-09-26,0.00019504416096503276,4.066438706328698e-07,0.0010941201824839503,9.743402512095985e-06,5.223634979426721,2.696093266271384,3.335648114052125e-08,1.676366682997768e-07
2016-09-27,0.00019504416096503276,4.1939700317871886e-07,0.0010941201824839503,9.904136476154298e-06,5.232685430890094,2.880928853648797,1.2753132545849085e-08,1.5664563206374137e-07
2016-09-28,0.00019504416096503276,4.1939700317871886e-07,0.0010941201824839503,9.904136476154298e-06,5.223815619901711,2.880928853648797,0.0,1.4406701204931553e-07
2016-09-29,0.00017817779648351636,4.1939700317871886e-07,0.0010545991088791627,9.904136476154298e-06,5.24601222970428,2.7555412091973603,0.0,1.2943879753441458e-07
2016-09-30,0.0001774003061155241,4.998097472649338e-07,0.001053638297070501,1.0854139102079037e-05,5.253265623972671,2.6302041927247877,8.04127440862149e-08,1.2248008833052533e-07
2016-10-03,0.0001774003061155241,4.998097472649338e-07,0.001053638297070501,1.0854139102079037e-05,5.241702570036016,2.6302041927247877,0.0,1.144439564308222e-07
2016-10-04,0.0001774003061155241,5.935816593659587e-07,0.001053638297070501,1.1681999402321337e-05,5.253731262804124,2.8445675565594537,9.37719121010249e-08,1.1300723215254302e-07
2016-10-05,0.0001774003061155241,5.563269688327801e-07,0.001053638297070501,1.1284043653362672e-05,5.2633654875202955,2.965046520292396,-3.725469053317856e-08,1.1032336988410512e-07
2016-10-06,0.0001774003061155241,7.957164120841988e-07,0.001053638297070501,1.4468864617963869e-05,5.255628146197789,3.0282650067008965,2.3938944325141867e-07,1.2351993350328483e-07
2016-10-07,0.0001774003061155241,6.44738228620348e-07,0.001053638297070501,1.2189629405825628e-05,5.250522764345264,2.9901425575012497,-1.5097818346385077e-07,1.2424217839491576e-07
2016-10-10,0.0001721841571835575,5.845109191068706e-07,0.0010458319604035261,1.1718324356533947e-05,5.259681882550967,2.7977451590729916,-6.022730951347744e-08,1.2333184318887392e-07
2016-10-11,0.00017377690037944645,5.845109191068706e-07,0.001047411090368667,1.1718324356533947e-05,5.274823895406793,2.7977451590729916,0.0,1.220008238748451e-07
2016-10-12,0.00017489074548844805,5.196097173286205e-07,0.0010488035656850462,1.1160912248682896e-05,5.268058659395426,2.723558054101218,-6.490120177825008e-08,1.2056832831003634e-07
2016-10-13,0.00017489074548844805,5.196097173286205e-07,0.0010488035656850462,1.1160912248682896e-05,5.275013159280325,2.7443053242910582,0.0,1.1872949676932513e-07
2016-10-14,0.00017489074548844805,5.179123061044161e-07,0.0010488035656850462,1.1249563815436137e-05,5.28404910247679,2.6678822268263485,-1.6974112242043807e-09,1.1698900556256472e-07
2016-10-17,0.00017489074548844805,4.523552100074249e-07,0.0010488035656850462,1.052616114552154e-05,5.2750100999042,2.766251436854807,-6.555709609699122e-08,1.1313589407777357e-07
2016-10-18,0.00017489074548844805,4.523552100074249e-07,0.0010488035656850462,1.052616114552154e-05,5.288236315532116,2.766251436854807,0.0,1.0728368848679635e-07
2016-10-19,0.00017489074548844805,4.674920699059844e-07,0.0010488035656850462,9.882089927820524e-06,5.300567656802706,2.993051925639089,1.51368598985595e-08,9.909681745377669e-08
2016-10-20,0.00017489074548844805,4.87297432647869e-07,0.0010488035656850462,9.948507012560198e-06,5.302232755560413,3.1846973830924754,1.9805362741884634e-08,9.82578028676432e-08
2016-10-21,0.00017489074548844805,5.411773462290827e-07,0.0010488035656850462,1.2341709836904904e-05,5.295503044586303,2.801416664874335,5.3879913581213685e-08,9.292857071628157e-08
2016-10-24,0.00017489074548844805,5.693745214163978e-07,0.0010488035656850462,1.2480270620814136e-05,5.302817604740972,2.8656061757461004,2.8197175187315113e-08,8.963125312868794e-08
2016-10-25,0.00017489074548844805,4.925251256068931e-07,0.0010488035656850462,1.1899664801031744e-05,5.294133964893232,2.6314831146958855,-7.684939580950471e-08,8.643591215509188e-08
2016-10-26,0.00017489074548844805,4.925251256068931e-07,0.0010488035656850462,1.1899664801031744e-05,5.306497523037655,2.6314831146958855,0.0,8.294833558280602e-08
2016-10-27,0.00017489074548844805,4.0292314012683696e-07,0.0010488035656850462,9.96295485119699e-06,5.313299631280508,2.7031484319734145,-8.960198548005614e-08,8.422380856032381e-08
2016-10-28,0.00017489074548844805,4.910342099163896e-07,0.0010488035656850462,1.1195663899156069e-05,5.325169155771848,2.6632818339859834,8.811106978955268e-08,8.443230246643793e-08
2016-10-31,0.00017489074548844805,5.686575141698921e-07,0.0010488035656850462,1.2419443196771247e-05,5.324066281052352,2.399279588224931,7.76233042535025e-08,8.43998140651992e-08
2016-11-01,0.00017288376198427524,4.340387843547051e-07,0.0010460950872905666,1.0981543427158257e-05,5.334713291283086,2.104640667408461,-1.3461872981518707e-07,8.626095006573661e-08
2016-11-02,0.00017288376198427524,2.750666133256365e-07,0.0010460950872905666,8.993778627783607e-06,5.33530113536976,1.773436755699509,-1.5897217102906857e-07,1.0285625798890965e-07
2016-11-03,0.00017344984735307437,4.840474474249057e-07,0.001046898109367793,1.166568288211851e-05,5.336337498152694,2.403407524319708,2.089808340992692e-07,7.884145164542265e-08
2016-11-04,0.00017344984735307437,5.247904128691746e-07,0.001046898109367793,1.1920298463167908e-05,5.348652615591295,2.491957813372522,4.0742965444268875e-08,7.138877441997347e-08
2016-11-07,0.00023458440847032338,2.9014857718308756e-07,0.0012087653491638611,7.951267135559623e-06,5.29516224771263,2.3018340899308165,-2.3464183568608703e-07,8.121646414241413e-08
2016-11-08,0.00023458440847032338,3.0786797303421904e-07,0.0012087653491638611,8.042948436832802e-06,5.296616954126561,2.5257153574674387,1.771939585113148e-08,8.56265051750387e-08
2016-11-09,0.00030376259053992367,2.5496160496415e-07,0.001380221931885647,7.615293572651285e-06,5.245023460212952,2.2522376514079094,-5.290636807006902e-08,9.643508639189226e-08
2016-11-10,0.0003495272823938296,2.431408122664003e-07,0.001469213241918423,7.572325150158396e-06,5.237353403247386,1.9700295380672477,-1.1820792697749714e-08,1.0551664922455644e-07
2016-11-11,0.0003763401727148155,7.358849345699966e-07,0.001517916780742605,1.7068559050618278e-05,5.233158495846245,2.135785931380138,4.927441223035963e-07,1.239142434148545e-07
2016-11-14,0.0003575863716417447,7.358849345699966e-07,0.0014756256485623362,1.7068559050618278e-05,5.254442633542698,2.135785931380138,0.0,1.396164045785276e-07
2016-11-15,0.0003575863716417447,2.379538559983146e-07,0.0014756256485623362,7.561136733095953e-06,5.264196055279848,2.0432746455298596,-4.97931078571682e-07,1.4839621929797057e-07
2016-11-16,0.0003575863716417447,2.379538559983146e-07,0.0014756256485623362,7.561136733095953e-06,5.255363507503555,2.0432746455298596,0.0,1.5581281824164166e-07
2016-11-17,0.0003575863716417447,4.4614623625319346e-07,0.0014756256485623362,1.2786218740475268e-05,5.263960450739619,2.035466154541471,2.0819238025487885e-07,1.5543165061903366e-07
2016-11-18,0.00024315733019802664,4.4614623625319346e-07,0.0011057015544081756,1.2786218740475268e-05,5.327352677286077,2.035466154541471,0.0,1.535626412213127e-07
2016-11-21,0.0002633199188231558,4.4614623625319346e-07,0.0011837578254511266,1.2786218740475268e-05,5.294331625008242,2.035466154541471,0.0,1.502629626674512e-07
2016-11-22,0.0002633199188231558,5.325639412060853e-07,0.0011837578254511266,1.3575763857620498e-05,5.293301028476796,2.1328845675854486,8.641770495289183e-08,1.5143851354911173e-07
2016-11-23,0.0002633199188231558,5.37512907657632e-07,0.0011837578254511266,1.3579976099207883e-05,5.307670674887825,2.328373968809815,4.948966451546709e-09,1.5275398133733953e-07
2016-11-25,0.0002633199188231558,5.16418119133047e-07,0.0011837578254511266,1.3364405755322826e-05,5.297620579012731,2.222843529759016,-2.1094788524585017e-08,1.5373586650426247e-07
2016-11-28,0.0002633199188231558,4.853102745726983e-07,0.0011837578254511266,1.3029127566131554e-05,5.296154018642006,1.9479065878626864,-3.11078445603487e-08,1.5363590047256182e-07
2016-11-29,0.0002633199188231558,4.803613081211515e-07,0.0011837578254511266,1.3024737179588183e-05,5.294150795290777,1.661382435923957,-4.948966451546815e-09,1.5089873941081915e-07
2016-11-30,0.0002633199188231558,5.275709452380758e-07,0.0011837578254511266,1.3178132177550814e-05,5.299073812337124,2.2014132406440248,4.7209637116924286e-08,1.5238713358551484e-07
2016-12-01,0.0002728122244741969,5.275709452380758e-07,0.0012196778015118852,1.3178132177550814e-05,5.2923961606667005,2.2014132406440248,0.0,1.4865347928382448e-07
2016-12-02,0.00028510049551695195,5.151492459527525e-07,0.0012571948696844,1.3102539510301447e-05,5.273854105468623,2.035185003723522,-1.2421699285323284e-08,1.4919100161277135e-07
2016-12-05,0.0002515107420724109,4.846705986221574e-07,0.0011565416184919808,1.3018890425566044e-05,5.299959501663898,1.6924934262195381,-3.047864733059506e-08,1.4842105744009627e-07
2016-12-06,0.0002515107420724109,4.846705986221574e-07,0.0011565416184919808,1.3018890425566044e-05,5.296387976096827,1.6973980326729528,0.0,1.4373072964512308e-07
2016-12-07,0.00025553254674632415,4.846705986221574e-07,0.0011640162924049311,1.3018890425566044e-05,5.296482586559266,1.6973980326729528,0.0,1.3930246608297596e-07
2016-12-08,0.0002478299782966783,4.846705986221574e-07,0.001147351408415058,1.3018890425566044e-05,5.308448163031734,1.6973980326729528,0.0,1.29966958502202e-07
2016-12-09,0.0002642128875931233,4.846705986221574e-07,0.0011848882711511545,1.3018890425566044e-05,5.293135847413697,1.6973980326729528,0.0,1.1746700323965292e-07
2016-12-12,0.0002842371592449116,4.846705986221574e-07,0.0012312588870514772,1.3018890425566044e-05,5.264916893303842,1.7888950254400793,0.0,1.0244049896947262e-07
2016-12-13,0.0002842371592449116,7.300775439863397e-07,0.0012312588870514772,1.5824183768340354e-05,5.278365781819904,2.1340231556892255,2.4540694536418225e-07,1.0167954092291215e-07
2016-12-14,0.0002842371592449116,5.782696068198002e-07,0.0012312588870514772,1.2753135177698335e-05,5.274778826138614,2.1829471957213857,-1.5180793716653945e-07,8.662371900045415e-08
2016-12-15,0.0002842371592449116,5.625705828910717e-07,0.0012312588870514772,1.2500108065520375e-05,5.266246197428417,2.4137289845007697,-1.56990239287285e-08,6.295356216431156e-08
2016-12-16,0.0002842371592449116,6.14074413966174e-07,0.0012312588870514772,1.2894242124480434e-05,5.267693934549232,2.6554752239717025,5.150383107510226e-08,6.487845642520941e-08
2016-12-19,0.0002842371592449116,3.8078108853587516e-07,0.0012312588870514772,1.004866607706032e-05,5.265023242339721,2.3234308946162403,-2.332933254302988e-07,7.024008704391373e-08
2016-12-20,0.0002842371592449116,3.360291313139863e-07,0.0012312588870514772,9.644352592812121e-06,5.258351993493742,2.0068026612344902,-4.4751957221888836e-08,7.976612978115151e-08
2016-12-21,0.0002685790235739524,7.000115257227753e-07,0.0011965739752017313,1.5619816647609563e-05,5.271545612664796,2.218755066168993,3.6398239440878896e-07,9.018775902217404e-08
2016-12-22,0.0002685790235739524,6.235003514949494e-07,0.0011965739752017313,1.5246843347155278e-05,5.261137890887513,1.4710184944361822,-7.651117422782593e-08,9.30707273637697e-08
2016-12-23,0.0002685790235739524,6.235003514949494e-07,0.0011965739752017313,1.5246843347155278e-05,5.273910746595543,1.4710184944361822,0.0,9.563893545067905e-08
2016-12-27,0.0002685790235739524,6.20071225189885e-07,0.0011965739752017313,1.5245042285522933e-05,5.267972182595295,1.258871150677501,-3.4291263050643465e-09,9.708757780777792e-08
2016-12-28,0.0002685790235739524,6.20071225189885e-07,0.0011965739752017313,1.5245042285522933e-05,5.2662134504584035,1.258871150677501,0.0,9.786797624200734e-08
2016-12-29,0.0002685790235739524,6.20930483050186e-07,0.0011965739752017313,1.5245155377730265e-05,5.273007603291188,1.4322230147016848,8.592578603009512e-10,9.92911958888819e-08
2016-12-30,0.0002685790235739524,6.530229701240706e-07,0.0011965739752017313,1.5524306956037132e-05,5.267856365713885,1.7405176992061624,3.2092487073884606e-08,1.018600013288391e-07
2017-01-03,0.0002580425807539855,6.521637122637696e-07,0.0011697545376824125,1.552419589742113e-05,5.272031929990487,1.5899775968528789,-8.592578603009512e-10,1.0367928081508312e-07
2017-01-04,0.0002580425807539855,6.521637122637696e-07,0.0011697545376824125,1.552419589742113e-05,5.2740464652057675,1.5899775968528789,0.0,1.0394040139969516e-07
2017-01-05,0.0002580425807539855,6.521637122637696e-07,0.0011697545376824125,1.552419589742113e-05,5.277730047471237,1.5899775968528789,0.0,1.034899438773159e-07
2017-01-06,0.0002580425807539855,3.886609244822223e-07,0.0011697545376824125,1.042124988474276e-05,5.28369706077172,1.4900950698711504,-2.635027877815473e-07,1.1006046699678758e-07
2017-01-09,0.0002580425807539855,5.670711215703397e-07,0.0011697545376824125,1.3171498774101315e-05,5.2987465312025686,1.8392500393410658,1.7841019708811736e-07,1.0810066089883364e-07
2017-01-10,0.0002580425807539855,6.029134895746343e-07,0.0011697545376824125,1.333275856987653e-05,5.305259254636135,2.149610078480811,3.5842368004294665e-08,1.0598513155289451e-07
2017-01-11,0.0002580425807539855,1.0201355614529675e-06,0.0011697545376824125,1.9276990679060027e-05,5.310131135966224,2.2690886412045748,4.1722207187833317e-07,1.4148856724889523e-07
2017-01-12,0.0002580425807539855,8.801817002252526e-07,0.0011697545376824125,1.6711662228092983e-05,5.31401853892144,2.494598896790477,-1.3995386122771492e-07,1.5180346161103287e-07
2017-01-13,0.0002580425807539855,9.523662515245985e-07,0.0011697545376824125,1.726524786552984e-05,5.315584581530809,2.546000801886199,7.218455129934588e-08,1.6882014452341786e-07
2017-01-17,0.0002580425807539855,8.535559526172893e-07,0.0011697545376824125,1.659524956271594e-05,5.317741217999969,2.385528183446185,-9.881029890730918e-08,1.7458828475862626e-07
2017-01-18,0.0002580425807539855,1.0191278821877648e-06,0.0011697545376824125,1.9218371639705448e-05,5.32787651083012,2.39697688645982,1.655719295704755e-07,1.9267645805566935e-07
2017-01-19,0.0002580425807539855,1.0099112617914332e-06,0.0011697545376824125,1.9208047369069482e-05,5.33038259478176,2.2962509784430494,-9.21662039633158e-09,1.9416528141669003e-07
2017-01-20,0.0001834968641506977,1.0099112617914332e-06,0.0009200443406947754,1.9208047369069482e-05,5.380092477837283,2.2962509784430494,0.0,1.8552384343880965e-07
2017-01-23,0.0001834968641506977,1.5372997047301183e-06,0.0009200443406947754,2.8400003588804776e-05,5.384469401425959,2.2348005041506145,5.273884429386851e-07,2.574752089484269e-07
2017-01-24,0.00011559762783655474,1.5372997047301183e-06,0.0006269046326183119,2.8400003588804776e-05,5.450376712037619,2.2348005041506145,0.0,3.0527014127746413e-07
2017-01-25,7.803396261713892e-05,2.2126893823725745e-06,0.00046350635772067446,3.422456521051427e-05,5.492746751201655,2.484405926636926,6.753896776424561e-07,4.312636078247286e-07
2017-01-26,6.422855930344588e-05,2.386241062497118e-06,0.0004037857035341888,3.4914803678887564e-05,5.509483011700928,2.713144410231855,1.7355168012454346e-07,5.379034847127737e-07
2017-01-27,5.7263315753606527e-05,2.354386961561286e-06,0.0003747010230041734,3.5092828225070715e-05,5.51440967815034,2.510697690660454,-3.185410093583208e-08,6.09872268258476e-07
2017-01-30,5.7263315753606527e-05,2.2139641743215724e-06,0.0003747010230041734,3.309946555953065e-05,5.512296343743654,2.5241567465381984,-1.4042278723971343e-07,6.497450420394033e-07
2017-01-31,5.7263315753606527e-05,2.444010166025054e-06,0.0003747010230041734,3.42080280994582e-05,5.511224043363808,2.752370330810995,2.300459917034816e-07,6.981364884510698e-07
2017-02-01,5.676888321080906e-05,1.5682189082664366e-06,0.00037282050023449445,2.548413464459177e-05,5.510720397868126,2.7522146167422914,-8.757912577586174e-07,6.869965341091247e-07
2017-02-02,5.86691346413094e-05,1.1130701243570045e-06,0.00037998270885317555,2.2236000363908158e-05,5.506710107935299,2.5624447269174575,-4.551487839094321e-07,6.71929571688072e-07
2017-02-03,6.080783121469987e-05,1.279911943965565e-06,0.0003879332940992261,2.324328788879422e-05,5.507353213357884,2.787299762777079,1.6684181960856057e-07,6.536946975744889e-07
2017-02-06,6.080783121469987e-05,1.279911943965565e-06,0.0003879332940992261,2.324328788879422e-05,5.510912192063293,2.8789995778482376,0.0,6.140639038232441e-07
2017-02-07,6.080783121469987e-05,1.2401342531381405e-06,0.0003879332940992261,2.316020156917834e-05,5.507740315566954,2.6971624643364076,-3.9777690827424546e-08,5.84185141094358e-07
2017-02-08,6.080783121469987e-05,1.4625906865966126e-06,0.0003879332940992261,2.4938539254099257e-05,5.511203449936994,2.774216612039744,2.2245643345847207e-07,5.51147014198896e-07
2017-02-09,6.186612935405608e-05,9.135127185853195e-07,0.00039142566632175915,1.718293766551768e-05,5.511077572077915,2.880478137595495,-5.490779680112932e-07,5.562071666194405e-07
2017-02-10,6.186612935405608e-05,3.938529728053606e-07,0.00039142566632175915,8.774722755053158e-06,5.50454949490221,3.0377860226191977,-5.196597457799588e-07,5.924941796712452e-07
2017-02-13,6.955636077146848e-05,3.221973624197385e-07,0.00042591648658713173,7.928880364620789e-06,5.4855295513484545,3.0330661493274342,-7.165561038562208e-08,6.349737568096453e-07
2017-02-14,6.101223721672223e-05,3.221973624197385e-07,0.0003881480733210818,7.928880364620789e-06,5.490048848409028,3.0330661493274342,0.0,6.695500467083711e-07
2017-02-15,5.945433891532566e-05,4.7426648047436647e-07,0.00038244276763565755,1.1681907707868605e-05,5.497751260941149,2.6691749375916065,1.5206911805462795e-07,6.956270382077381e-07
2017-02-16,5.945433891532566e-05,4.7426648047436647e-07,0.00038244276763565755,1.1681907707868605e-05,5.48977576867928,2.6691749375916065,0.0,7.194659550751064e-07
2017-02-17,6.156508294753241e-05,1.9664102581147589e-07,0.00039019784430025087,5.6697527620979965e-06,5.486547260753748,2.890509637105826,-2.776254546628906e-07,7.60162180511603e-07
2017-02-21,4.609253511268543e-05,1.7586277041171156e-07,0.00030963287622923826,4.8388649247498755e-06,5.509903819139185,2.986232166537861,-2.077825539976432e-08,7.965904004628319e-07
2017-02-22,4.609253511268543e-05,1.7586277041171156e-07,0.00030963287622923826,4.8388649247498755e-06,5.496027510798416,2.986232166537861,0.0,8.255365969963752e-07
2017-02-23,4.6667792627699734e-05,4.014267500888475e-07,0.0003118139719972649,9.701712491872614e-06,5.501431374817088,2.9888113779126755,2.2556397967713592e-07,8.018534038725169e-07
2017-02-24,4.6667792627699734e-05,4.5077259573977724e-07,0.0003118139719972649,1.0005038651512744e-05,5.500249851327949,3.006603967691108,4.934584565092975e-08,7.483280704116336e-07
2017-02-27,4.609253511268543e-05,2.377198098564111e-07,0.00030963287622923826,5.632785913962421e-06,5.50172191784776,2.956089215433894,-2.1305278588336614e-07,6.884513580789418e-07
2017-02-28,4.609253511268543e-05,2.377198098564111e-07,0.00030963287622923826,5.632785913962421e-06,5.498498639735013,2.956089215433894,0.0,6.220634847002408e-07
2017-03-01,7.739089831763984e-05,2.112685852579895e-07,0.0004874504994777615,5.334848887815287e-06,5.447897072790809,2.7570983655061787,-2.64512245984216e-08,4.899114160594777e-07
2017-03-02,7.803239570857906e-05,1.9359711399721355e-07,0.0004896067419040653,5.207353738988621e-06,5.440174937764939,2.38639470877187,-1.7671471260775942e-08,4.4847812384013765e-07
2017-03-03,7.803239570857906e-05,2.4211556508559157e-07,0.0004896067419040653,6.269640621607002e-06,5.435967833185801,2.5961370743694463,4.851845108837802e-08,4.3587963149364656e-07
2017-03-06,7.58432947695592e-05,2.1216618033548605e-07,0.00048159882277655557,6.1018132205500054e-06,5.436505121336619,2.107591630099216,-2.994938475010553e-08,4.039698221898983e-07
2017-03-07,7.58432947695592e-05,2.17881552178348e-07,0.00048159882277655557,6.2013524814403e-06,5.43357436220956,2.0571590119356795,5.715371842861963e-09,3.609208075627808e-07
2017-03-08,7.625735865466379e-05,1.7646757507940959e-07,0.0004829264676209388,5.714041007889951e-06,5.430721122908681,1.7636718581901782,-4.1413977098938423e-08,3.096458152593581e-07
2017-03-09,7.625735865466379e-05,1.791558274158985e-07,0.0004829264676209388,5.744621609039523e-06,5.429250323749213,1.814516644121074,2.688252336488912e-09,1.7679814359077852e-07
2017-03-10,7.625735865466379e-05,9.73229571249718e-08,0.0004829264676209388,4.018864160336527e-06,5.431650461065786,1.6869486714521296,-8.18328702909267e-08,1.129322855691687e-07
2017-03-13,7.625735865466379e-05,1.4691957558964157e-07,0.0004829264676209388,4.6869498362086995e-06,5.427461467900462,2.578616715089943,4.959661846466976e-08,1.1213291142023669e-07
2017-03-14,7.622206480267792e-05,1.4348021932944273e-07,0.00048281190925172603,4.681052536104525e-06,5.418577843587676,2.554966746520613,-3.4393562601988363e-09,1.137969612385771e-07
2017-03-15,7.120841204186723e-05,1.4348021932944273e-07,0.0004675952542787129,4.681052536104525e-06,5.425043501539679,2.554966746520613,0.0,1.1470659374881782e-07
2017-03-16,7.509149851136595e-05,1.4348021932944273e-07,0.0004790178444840414,4.681052536104525e-06,5.418225468789362,2.640136627405662,0.0,1.0223163635382156e-07
2017-03-17,7.365211182233388e-05,1.6014762130795827e-07,0.000474732750113038,4.817642183104114e-06,5.414627268650513,2.639568986755012,1.666740197851554e-08,8.409948265131413e-08
2017-03-20,7.365211182233388e-05,1.5840665730549678e-07,0.000474732750113038,4.8161728266214546e-06,5.413640710218741,2.2395813724691895,-1.7409640024614949e-09,8.478331107935419e-08
2017-03-21,0.00015825262476033247,1.5840665730549678e-07,0.0008939459320529793,4.8161728266214546e-06,5.272306684483595,2.2395813724691895,0.0,8.519077187842813e-08
2017-03-22,0.00015825262476033247,1.5840665730549678e-07,0.0008939459320529793,4.8161728266214546e-06,5.268409463073659,2.2395813724691895,0.0,8.558692435817286e-08
2017-03-23,0.00015825262476033247,1.278335877520557e-07,0.0008939459320529793,4.58203124833373e-06,5.265653036070352,1.8970781623124184,-3.057306955344109e-08,7.326750495933118e-08
2017-03-24,0.00015825262476033247,1.4415049696259792e-07,0.0008939459320529793,4.656878914864501e-06,5.269184724265589,1.9545902268363533,1.631690921054223e-08,4.058370802527579e-08
2017-03-27,0.00015825262476033247,1.5696952860721308e-07,0.0008939459320529793,4.751450095132552e-06,5.263620544042812,2.2295772188244767,1.2819031644615165e-08,3.7891310682282145e-08
2017-03-28,0.0001556631024510093,4.424070322043285e-07,0.0008897358482591914,1.1593047426564497e-05,5.264189823685195,2.004737103956935,2.8543750359711544e-07,7.056617854106953e-08
2017-03-29,0.0001573193869564272,5.538017582068555e-07,0.0008923889925533837,1.275165342164231e-05,5.261254892092803,2.0680950185409133,1.11394726002527e-07,1.0930738262241517e-07
2017-03-30,0.0001573193869564272,3.85965248257147e-07,0.0008923889925533837,9.426133083584012e-06,5.261233834899896,1.82135363374121,-1.6783650994970852e-07,1.1710110589957336e-07
2017-03-31,0.0001626367079987382,3.85965248257147e-07,0.000902822840327494,9.426133083584012e-06,5.25374914323285,1.82135363374121,0.0,1.235809064758993e-07
2017-04-03,0.0001542849833190393,3.3604153176823435e-07,0.0008875139351485537,8.756222513273764e-06,5.273842388687966,1.7551995173028663,-4.992371648891265e-08,1.2651967641580565e-07
2017-04-04,0.0001542849833190393,3.566391655169043e-07,0.0008875139351485537,8.868645387868353e-06,5.270624634067821,2.053717178073206,2.0597633748669925e-08,1.3010296388706016e-07
2017-04-05,0.00015108634341019504,3.594900096313143e-07,0.0008826472087350513,8.870785089222563e-06,5.2770396856480115,2.267069132094407,2.850844114410004e-09,1.3271483676135077e-07
2017-04-06,0.0001537729150743516,2.2062749008821931e-07,0.0008879784931613965,6.117372678831833e-06,5.258928540941174,2.361263695501654,-1.3886251954309497e-07,1.3208724989906887e-07
2017-04-07,0.0001537729150743516,2.2202411056915588e-07,0.0008879784931613965,6.118117207361029e-06,5.27067407525738,2.570953185572371,1.3966204809365663e-09,1.2792530557879164e-07
2017-04-10,0.0001537729150743516,2.4282762207096216e-07,0.0008879784931613965,5.478591032324703e-06,5.274618457464865,3.0531198715635264,2.0803511501806278e-08,1.2582638285130569e-07
2017-04-11,0.00016716861893557975,2.4282762207096216e-07,0.0009600153575654091,5.478591032324703e-06,5.26100168437298,3.0531198715635264,0.0,1.233350812280905e-07
2017-04-12,0.00016420647034874503,2.4282762207096216e-07,0.0009566859104374378,5.478591032324703e-06,5.253381453692629,3.0531198715635264,0.0,1.2057719115023714e-07
2017-04-13,0.00016420647034874503,2.4282762207096216e-07,0.0009566859104374378,5.478591032324703e-06,5.257902388125802,3.0531198715635264,0.0,1.1753394792087425e-07
2017-04-17,0.00015712241274775047,2.1659744942948375e-07,0.0009378450574897598,5.128605573373315e-06,5.277084835803126,3.1249294204072813,-2.6230172641478412e-08,1.155462419736949e-07
2017-04-18,0.00015732317289623158,2.1659744942948375e-07,0.0009381276043123331,5.128605573373315e-06,5.2762737908117145,3.1249294204072813,0.0,1.1335988433922028e-07
2017-04-19,0.00015918094397915404,2.1659744942948375e-07,0.0009403749700161976,5.128605573373315e-06,5.279134551229582,3.099238892544016,0.0,1.1105030743857109e-07
2017-04-20,0.00015809635504968433,2.2443699611234177e-07,0.0009390325889815541,5.156512916686139e-06,5.27156127257569,3.155184769476332,7.83954668285802e-09,1.0839609092873267e-07
2017-04-21,0.00015809635504968433,2.9649428787209953e-07,0.0009390325889815541,5.9963933377385515e-06,5.275838654990199,3.297733039732362,7.205729175975776e-08,1.0259643695399418e-07
2017-04-24,0.0001411907173202173,2.9445724789937437e-07,0.000893079867817391,5.994777181225224e-06,5.30403902528841,3.163337375998802,-2.0370399727251617e-09,9.70685802030885e-08
2017-04-25,0.0001381742211780379,4.0875234743322754e-07,0.0008885313581331873,8.274509048786124e-06,5.315577467315135,3.1076726099384553,1.1429509953385318e-07,9.482353108531182e-08
2017-04-26,0.0001381742211780379,5.64530304093796e-07,0.0008885313581331873,1.0809721786517757e-05,5.303240982952025,3.045736918695849,1.5577795666056842e-07,1.0723017901349742e-07
2017-04-27,0.0001381742211780379,5.271409454141189e-07,0.0008885313581331873,9.754437242815575e-06,5.2988225636375645,3.232948855115556,-3.738935867967702e-08,1.0418205874514277e-07
2017-04-28,0.0001381742211780379,4.6837800656736526e-07,0.0008885313581331873,9.301743237230905e-06,5.299067207339038,3.146200941502538,-5.8762938846753686e-08,1.088618583120741e-07
2017-05-01,0.0001381742211780379,5.615554900085717e-07,0.0008885313581331873,1.0397782054690246e-05,5.311511093346911,3.178088464740623,9.317748344120646e-08,1.213137599259817e-07
2017-05-02,0.00013818098121396214,4.792962739680262e-07,0.000888539154891094,9.842289418331376e-06,5.315878768437722,2.98896378748697,-8.225921604054547e-08,1.2624786640852907e-07
2017-05-03,0.00014392790499198878,5.735891018478959e-07,0.0008975948014921307,1.0807940311938915e-05,5.307838966017609,3.1482916356843025,9.429282787986968e-08,1.3745769385358013e-07
2017-05-04,0.00014392790499198878,4.683730580598649e-07,0.0008975948014921307,9.608882276441482e-06,5.297993185617975,3.1100924807831585,-1.0521604378803105e-07,1.403504173755926e-07
2017-05-05,0.0001421491477616533,4.556589807194918e-07,0.0008944595698197994,9.5695179146751e-06,5.297979702729583,2.983616093301459,-1.2714077340373075e-08,1.3908697216166787e-07
2017-05-08,0.0001421491477616533,3.828916777148708e-07,0.0008944595698197994,8.90535131231639e-06,5.289069108438188,2.6077380355530106,-7.276730300462098e-08,1.3539447686928268e-07
2017-05-09,0.0001421491477616533,3.4759031513218164e-07,0.0008944595698197994,8.420893361665755e-06,5.29484422285461,2.6159782422057463,-3.530136258268918e-08,1.3235729104351967e-07
2017-05-10,0.0001421491477616533,6.857515930604343e-07,0.0008944595698197994,1.4549314459723652e-05,5.290552284345868,2.6871858735808147,3.381612779282527e-07,1.4603101543148893e-07
2017-05-11,0.00013141357534140216,6.648445985541658e-07,0.0008750159705516993,1.437869012458405e-05,5.286921480601178,2.6275425255613505,-2.090699450626857e-08,1.5338523358801614e-07
2017-05-12,0.00015897396232838893,6.648445985541658e-07,0.0010211634019987414,1.437869012458405e-05,5.232058972916878,2.6275425255613505,0.0,1.5745362070902097e-07
2017-05-15,0.00015499903574477355,6.338676575869714e-07,0.001015974776224995,1.4188012757825697e-05,5.250180712253769,2.5431937612171254,-3.097694096719441e-08,1.5447999262116043e-07
2017-05-16,0.00015500533299899998,6.310168134725614e-07,0.0010159826991239654,1.4186675048537975e-05,5.250834373314435,2.3703888963827544,-2.850844114410004e-09,1.4823504246046069e-07
2017-05-17,0.00018359337804503897,6.310168134725614e-07,0.001074802605256686,1.4186675048537975e-05,5.232123510737911,2.3703888963827544,0.0,1.3848925888234557e-07
2017-05-18,0.00018359337804503897,7.146801184750639e-07,0.001074802605256686,1.4750755773321814e-05,5.234801510139435,2.624792409282366,8.366330500250258e-08,1.306427199058744e-07
2017-05-19,0.00018359337804503897,7.146801184750639e-07,0.001074802605256686,1.4750755773321814e-05,5.252780344855265,2.624792409282366,0.0,1.2590633947674368e-07
2017-05-22,0.00018359337804503897,7.536545415010272e-07,0.001074802605256686,1.563671900843359e-05,5.257927865273766,2.604990011186449,3.8974423025963295e-08,1.1979397810098215e-07
2017-05-23,0.00018359337804503897,8.579281412465071e-07,0.001074802605256686,1.6645129164895197e-05,5.264249883972037,2.516476192947562,1.0427359974547989e-07,1.3028804420197163e-07
2017-05-24,0.00018359337804503897,1.1348846798485738e-06,0.001074802605256686,2.0707054077586735e-05,5.270254490967467,2.44343679163419,2.7695653860206673e-07,1.7823359888227648e-07
2017-05-25,0.00018359337804503897,1.2423756705039846e-06,0.001074802605256686,2.2570822715574465e-05,5.268232341136821,2.42325200297535,1.0749099065541076e-07,2.2480241129568706e-07
2017-05-26,0.00018359337804503897,1.2446375081980503e-06,0.001074802605256686,2.2576755707300006e-05,5.259860918344349,2.4945622134634315,2.261837694065694e-09,2.560297215189881e-07
2017-05-30,0.00018214587544483317,1.104825823179902e-06,0.001073188470386059,2.1780953072842745e-05,5.263100604748734,2.322612017743281,-1.3981168501814837e-07,2.6988837267541064e-07
2017-05-31,0.00018214587544483317,1.1071673538152624e-06,0.001073188470386059,2.177198173587428e-05,5.267365531696311,2.4114431930725027,2.3415306353605233e-09,2.769246058345665e-07
2017-06-01,0.0002813006214587679,1.1071673538152624e-06,0.0016481755682405373,2.177198173587428e-05,5.162697334353297,2.4114431930725027,0.0,2.8455949613821436e-07
2017-06-02,0.0002813006214587679,1.2251286475597386e-06,0.0016481755682405373,2.2837534990913924e-05,5.165353705050912,2.272854111170656,1.1796129374447617e-07,2.9153388898119035e-07
2017-06-05,0.0002813006214587679,1.2251286475597386e-06,0.0016481755682405373,2.2837534990913924e-05,5.165393649257621,2.272854111170656,0.0,2.9235599823128684e-07
2017-06-06,0.0002813006214587679,1.324124053665998e-06,0.0016481755682405373,2.33087498663442e-05,5.180466450129172,2.49374582911303,9.899540610625931e-08,2.883075092274313e-07
2017-06-07,0.0002813006214587679,1.4373053654880448e-06,0.0016481755682405373,2.370406347394292e-05,5.182801246532991,2.7728274167180835,1.1318131182204685e-07,2.8114436497290696e-07
2017-06-08,0.00028845962912224705,1.4655416720386992e-06,0.0016543599810450293,2.37434072444764e-05,5.184095615729195,2.992737759238471,2.8236306550654412e-08,2.955069817498337e-07
2017-06-09,0.0003518962942903777,9.679116179447818e-07,0.0017642999044163964,1.9123096603766768e-05,5.130083181914797,2.649858777164861,-4.976300540939174e-07,2.8532178600312315e-07
2017-06-12,0.00034223241605880024,7.918446683007077e-07,0.0017423459453326648,1.553886115670445e-05,5.1440329835514405,2.709361633454498,-1.7606694964407407e-07,2.7858371029550773e-07
2017-06-13,0.00034223241605880024,6.423055578153365e-07,0.0017423459453326648,1.3656660588210453e-05,5.134133007021725,2.786484747560641,-1.4953911048537127e-07,2.779806839527235e-07
2017-06-14,0.00034223241605880024,6.423055578153365e-07,0.0017423459453326648,1.3656660588210453e-05,5.130158373183898,2.786484747560641,0.0,2.7716775360152393e-07
2017-06-15,0.00034223241605880024,8.090524566676676e-07,0.0017423459453326648,1.5157914554564818e-05,5.129102316229972,2.966846518053576,1.6674689885233114e-07,2.66792598992314e-07
2017-06-16,0.00034223241605880024,8.76963362602932e-07,0.0017423459453326648,1.5395481037118708e-05,5.137512553608821,3.300473305560027,6.791090593526443e-08,2.591973308601747e-07
2017-06-19,0.00035029712344814386,5.120009299746055e-07,0.00175015683944422,9.673415133228007e-06,5.1352641460259,3.265560925519852,-3.649624326283265e-07,2.757614404016431e-07
2017-06-20,0.00034530923466080383,5.120009299746055e-07,0.001727539962645712,9.673415133228007e-06,5.158905118800399,3.248254143113445,0.0,2.929695898795831e-07
2017-06-21,0.00034530923466080383,4.5669796236975865e-07,0.001727539962645712,9.14446319473986e-06,5.169498231049711,3.088412246338001,-5.530296760484689e-08,3.1680877574208095e-07
2017-06-22,0.00034530923466080383,4.323788059730662e-07,0.001727539962645712,8.696623087719139e-06,5.163202252413986,3.193528977172065,-2.4319156396692427e-08,3.3828713705452847e-07
2017-06-23,0.0003459086600607082,1.5253999967029438e-06,0.0017282507590058083,2.600402149366236e-05,5.159018019052451,3.279905510821099,1.0930211907298777e-06,3.563212242089694e-07
2017-06-26,0.0003459086600607082,1.5245846952074731e-06,0.0017282507590058083,2.600374963651061e-05,5.155876169978512,3.245007307682226,-8.153014954706298e-10,3.727758296397989e-07
2017-06-27,0.00028967746779752414,1.5245846952074731e-06,0.001447002189253372,2.600374963651061e-05,5.218672293219351,3.245007307682226,0.0,3.91265475202742e-07
2017-06-28,0.00028967746779752414,1.464963580994263e-06,0.001447002189253372,2.581282588132971e-05,5.2201591592647505,3.092836041847091,-5.962111421321023e-08,4.041279701404972e-07
2017-06-29,0.00028967746779752414,1.464963580994263e-06,0.001447002189253372,2.581282588132971e-05,5.219603450216794,3.014379709975138,0.0,4.1578405540490994e-07
2017-06-30,0.0002913385282363952,1.6819623132216945e-06,0.0014490127760406174,2.6773137750143323e-05,5.213905581028624,3.276279298242444,2.1699873222743158e-07,4.383527035973119e-07
2017-07-03,0.0002876136426203126,1.7828315169241662e-06,0.0014327798913748163,2.7749810995477152e-05,5.223326737073846,3.1584074744991004,1.0086920370247168e-07,4.6600207619253824e-07
2017-07-05,0.0002876136426203126,1.675723582034851e-06,0.0014327798913748163,2.7281088481928756e-05,5.219519024550493,3.0780087441818673,-1.0710793488931512e-07,4.815917153660459e-07
2017-07-06,0.0002670237581731542,1.7165749409121505e-06,0.001338158159558893,2.7476306186720146e-05,5.236157179612377,3.0417916872923176,4.0851358877299395e-08,4.954438804164919e-07
2017-07-07,0.0002670237581731542,1.6493829178613031e-06,0.001338158159558893,2.7250895638898995e-05,5.2489131629037695,2.872839397350083,-6.719202305084732e-08,5.037589074941451e-07
2017-07-10,0.0002670237581731542,1.7308514599555256e-06,0.001338158159558893,2.7536460597127633e-05,5.249902074423541,3.0488041138009048,8.146854209422247e-08,5.192697662355653e-07
2017-07-11,0.0002670237581731542,1.7104519954814936e-06,0.001338158159558893,2.7465008070578553e-05,5.240610535312834,3.0135503317387387,-2.0399464474032048e-08,5.245790142858433e-07
2017-07-12,0.0002670237581731542,1.4560350675496367e-06,0.001338158159558893,2.584868472739791e-05,5.234873892088392,2.82693608983879,-2.544169279318569e-07,5.090012423342857e-07
2017-07-13,0.0002670237581731542,1.3464302502544684e-06,0.001338158159558893,2.536240801126563e-05,5.225364394233308,2.6185435920205893,-1.096048172951683e-07,4.881349162578964e-07
2017-07-14,0.0002670237581731542,1.354660837003656e-06,0.001338158159558893,2.540724529179989e-05,5.230852428849326,2.624126700387878,8.230586749187695e-09,4.7474574952543044e-07
2017-07-17,0.0002670237581731542,1.418188172216361e-06,0.001338158159558893,2.5632345404738378e-05,5.243975901642446,2.74924079337912,6.352733521270486e-08,4.6345557732630456e-07
2017-07-18,0.0002670237581731542,1.1755945557031782e-06,0.001338158159558893,2.0621236199942595e-05,5.24367175306683,2.6295572856011407,-2.425936165131827e-07,4.2246921918129345e-07
2017-07-19,0.0002670237581731542,8.904523178969485e-07,0.001338158159558893,1.7993905297388722e-05,5.247107022679554,2.329920521883384,-2.851422378062297e-07,3.8865737625571316e-07
2017-07-20,0.0002670237581731542,5.917815222065822e-07,0.001338158159558893,1.2470432440592721e-05,5.241820263358516,2.4598750326761887,-2.986707956903663e-07,3.7224469012023826e-07
2017-07-21,0.0002670237581731542,8.201659722880664e-07,0.001338158159558893,1.545368776739249e-05,5.23676514740538,2.5148806133061874,2.2838445008148418e-07,3.26108300422294e-07
2017-07-24,0.0002670237581731542,8.201659722880664e-07,0.001338158159558893,1.545368776739249e-05,5.252279739201616,2.5148806133061874,0.0,3.5182650773609194e-07
2017-07-25,0.00026133722057728923,8.600732003764472e-07,0.0013295642749945819,1.570528317009326e-05,5.269839418357583,2.6957639694982127,3.990722808838079e-08,3.693885267455793e-07
2017-07-26,0.00026133722057728923,8.134556903986406e-07,0.0013295642749945819,1.4387269586181395e-05,5.274905111726378,2.914150387918682,-4.661750997780657e-08,3.862290303419529e-07
2017-07-27,0.00026133722057728923,6.725407284559426e-07,0.0013295642749945819,1.3109007660299057e-05,5.276735639267333,2.8735537844356815,-1.4091496194269797e-07,4.105858982083871e-07
2017-07-28,0.00010886655062333992,7.140728817661162e-07,0.0006243905544858875,1.4171598699612715e-05,5.4220477185262785,2.737939062200288,4.1532153310173516e-08,4.2694319364581685e-07
2017-07-31,0.00010886655062333992,6.589288240572117e-07,0.0006243905544858875,1.2589735388535636e-05,5.425490677939119,2.7318764433315375,-5.514405770890448e-08,4.3296040558246895e-07
2017-08-01,0.00010886655062333992,6.690732466457745e-07,0.0006243905544858875,1.260880865647812e-05,5.417279084442717,2.894608672496904,1.0144422588562865e-08,4.2463806911582806e-07
2017-08-02,0.00010886655062333992,7.789432902144969e-07,0.0006243905544858875,1.344513265798666e-05,5.423208898359462,3.190825737097172,1.0987004356872234e-07,4.119412298325135e-07
2017-08-03,0.00010886655062333992,7.625729179331754e-07,0.0006243905544858875,1.3332618912344547e-05,5.413727622905262,3.281160768770027,-1.6370372281321512e-08,3.905384076219257e-07
2017-08-04,0.00010886655062333992,7.621719630649754e-07,0.0006243905544858875,1.3332590754988529e-05,5.424865038369028,3.1762142986289734,-4.0095486819997964e-10,3.6797399772548126e-07
2017-08-07,0.00010886655062333992,7.621719630649754e-07,0.0006243905544858875,1.3332590754988529e-05,5.423175328479692,3.1762142986289734,0.0,3.283799226425132e-07
2017-08-08,0.00010886655062333992,7.846361984938227e-07,0.0006243905544858875,1.3558936899629865e-05,5.425681797186979,3.141037405373457,2.2464235428847342e-08,2.770661187731505e-07
2017-08-09,0.00010886655062333992,7.853694413943597e-07,0.0006243905544858875,1.356750598031599e-05,5.431260528099499,3.140974335516119,7.332429005369895e-10,2.457578830781383e-07
2017-08-10,0.00013740708354132697,7.522564842919731e-07,0.0007312249427942585,1.3352111655737631e-05,5.40493797929855,3.006957828430974,-3.311295710238663e-08,2.1995577076536145e-07
2017-08-11,0.00013586939589753372,7.522564842919731e-07,0.0007275601878156794,1.3352111655737631e-05,5.397939308631603,3.006957828430974,0.0,1.844988682904469e-07
2017-08-14,0.00013411400665861632,7.479111944197694e-07,0.0007234453771032686,1.3345728786769919e-05,5.392554549639488,2.9921922286400355,-4.3452898722036625e-09,1.1726332860550942e-07
2017-08-15,0.00013411400665861632,5.138951516568283e-07,0.0007234453771032686,1.0630481441997386e-05,5.396895798162759,2.814567492527846,-2.3401604276294117e-07,8.944461735747852e-08
2017-08-16,0.00013411400665861632,5.138951516568283e-07,0.0007234453771032686,1.0630481441997386e-05,5.386923714136645,2.8149697618165677,0.0,9.669685356947782e-08
2017-08-17,0.00013411400665861632,5.299611384936156e-07,0.0007234453771032686,1.0687030346379943e-05,5.404470548019595,2.976538792655711,1.606598683678735e-08,1.0207889096426965e-07
2017-08-18,0.00013386345761766673,1.0513718718032775e-06,0.0007228994055370837,1.9111281986155645e-05,5.404521661087353,3.0001256968991763,5.214107333096619e-07,1.2425785773070796e-07
2017-08-21,9.32418638486817e-05,9.001735312373808e-07,0.0005512058092212987,1.8123962992940163e-05,5.443394158237955,2.812074291125572,-1.5119834056589672e-07,1.283546662008581e-07
2017-08-22,9.086886017756807e-05,9.299341920415722e-07,0.0005449575929797688,1.8237722323920324e-05,5.446949821610338,2.971831636670849,2.9760660804191432e-08,1.3269207815624963e-07
2017-08-23,9.218081008459291e-05,8.25919296550497e-07,0.0005483517289395132,1.760626421419885e-05,5.445567785283376,2.6447592470498917,-1.040148954910752e-07,1.3307020236408375e-07
2017-08-24,9.218081008459291e-05,8.118950942712346e-07,0.0005483517289395132,1.7580159009345534e-05,5.449399562505519,2.455388950930725,-1.4024202279262433e-08,1.3281262548773542e-07
2017-08-25,9.376090479180251e-05,8.2275662030571e-07,0.0005548579319694223,1.759582224085895e-05,5.451913042183049,2.6246277469353676,1.0861526034475468e-08,1.334711280455338e-07
2017-08-28,9.376090479180251e-05,8.949015008736886e-07,0.0005548579319694223,1.8878095686337398e-05,5.45027705196615,2.683919180812381,7.214488056797855e-08,1.348791128454958e-07
2017-08-29,9.376090479180251e-05,8.949015008736886e-07,0.0005548579319694223,1.8878095686337398e-05,5.4406362885180375,2.683919180812381,0.0,1.3564695866815997e-07
2017-08-30,0.00012032301909388501,1.4052146338028131e-06,0.0006786563703049076,2.3067945537609107e-05,5.405408234732306,3.1314885679368833,5.103131329291245e-07,1.949720163512563e-07
2017-08-31,0.00011994368029350186,1.4052146338028131e-06,0.0006780183305151693,2.3067945537609107e-05,5.40254516835872,3.1314885679368833,0.0,2.354594191980629e-07
2017-09-01,0.00011994368029350186,1.4284328789285946e-06,0.0006780183305151693,2.315591320601128e-05,5.403961097504982,3.2284582768166707,2.3218245125781486e-08,2.6835403322138186e-07
2017-09-05,0.00011369457757861574,1.1239870316884493e-06,0.0006545349412226326,2.0082711100091932e-05,5.410728416268887,3.261474188711321,-3.0444584724014525e-07,2.724653401295386e-07
2017-09-06,0.00011369457757861574,1.1291464325884658e-06,0.0006545349412226326,2.0058868632546185e-05,5.400741258167135,3.3143381493790494,5.159400900016415e-09,2.760706582750099e-07
2017-09-07,0.00011662442217559498,4.188223289668537e-07,0.0006680978156485993,8.625501943485416e-06,5.391216174544421,3.336929043680423,-7.10324103621612e-07,2.962752044913708e-07
2017-09-08,0.00011662442217559498,4.2228847851544696e-07,0.0006680978156485993,8.628753896432857e-06,5.3984768747865495,3.4612472590449412,3.466149548593247e-09,3.1320764703420104e-07
2017-09-11,0.00011176388213895947,4.2228847851544696e-07,0.0006564288656224548,8.628753896432857e-06,5.403711630908566,3.4612472590449412,0.0,3.283991729019765e-07
2017-09-12,0.00010971673866287168,6.422665897905732e-07,0.0006519956310788283,1.3618842138390819e-05,5.410701587897534,3.3140373566669163,2.1997811127512627e-07,3.311292740862856e-07
2017-09-13,0.00010916585991885103,6.193496950681496e-07,0.0006507807120591925,1.3536070190265782e-05,5.402425276196804,3.07280069593133,-2.2916894722423606e-08,3.262257954526547e-07
2017-09-14,0.00010916585991885103,6.193496950681496e-07,0.0006507807120591925,1.3536070190265782e-05,5.395044008044274,3.07280069593133,0.0,3.2115636890341893e-07
2017-09-15,0.00012416665348897928,6.193496950681496e-07,0.000731931541269103,1.3536070190265782e-05,5.359487877052952,3.07280069593133,0.0,3.168427036434427e-07
2017-09-18,0.00012416665348897928,5.895890342639582e-07,0.000731931541269103,1.3382403192283696e-05,5.352350910984897,2.9074857217328693,-2.9760660804191432e-08,3.1969515065756e-07
2017-09-19,0.00012416665348897928,5.074205821130927e-07,0.000731931541269103,1.2765130727672586e-05,5.335698805572744,2.7039604435086,-8.216845215086551e-08,3.281615751283447e-07
2017-09-20,0.00012416665348897928,5.209724435519385e-07,0.000731931541269103,1.2798682708035829e-05,5.336901072015246,2.7438841923989847,1.3551861438845798e-08,3.3407532937132927e-07
2017-09-21,0.00013288504496368692,8.758267130019215e-07,0.0007522080194080806,1.7450747642125785e-05,5.32365772126792,2.7438683964922737,3.54854269449983e-07,3.3441656551977704e-07
2017-09-22,0.00013288504496368692,9.285521437665928e-07,0.0007522080194080806,1.7811227134625147e-05,5.336287537402663,2.8929038361541055,5.2725430764671343e-08,3.35490884146378e-07
2017-09-25,0.00013288504496368692,6.267255854122367e-07,0.0007522080194080806,1.3492966091699615e-05,5.336359583014689,2.9954810396206115,-3.0182655835435613e-07,3.3809143546410486e-07
2017-09-26,0.00013288504496368692,7.186763224956172e-07,0.0007522080194080806,1.4185045078453166e-05,5.330729792066996,3.1958523788003776,9.19507370833805e-08,3.3791404446212243e-07
2017-09-27,0.0001445116343062573,6.644189289561061e-07,0.0007789220675777921,1.3928501358078894e-05,5.3171497882644,3.0296169973535445,-5.425739353951105e-08,3.3829064366613863e-07
2017-09-28,0.0001493855581475842,5.863791997673181e-07,0.0007884302460800487,1.3468440176121823e-05,5.289849215669444,2.808017103548041,-7.803972918878803e-08,3.0733477973391753e-07
2017-09-29,0.00014601421999118692,7.225916879501697e-07,0.0007817472834454431,1.5533777942378476e-05,5.292349854374466,2.681950119879619,1.362124881828516e-07,2.649574432263371e-07
2017-10-02,0.00014601421999118692,6.979224245852075e-07,0.0007817472834454431,1.544202167675708e-05,5.29711290098151,2.3341346181760643,-2.4669263364962193e-08,2.0393152402621516e-07
2017-10-03,0.00014601421999118692,8.389718878285582e-07,0.0007817472834454431,1.8084085222786786e-05,5.276370768638588,2.0740709119116914,1.4104946324335073e-07,1.792018502976748e-07
2017-10-04,0.0001517568436675865,8.389718878285582e-07,0.0007937112222511324,1.8084085222786786e-05,5.262419096058937,2.0740709119116914,0.0,1.4815196541044797e-07
2017-10-05,0.0001517568436675865,8.389718878285582e-07,0.0007937112222511324,1.8084085222786786e-05,5.263059362719294,2.0740709119116914,0.0,1.442736859118562e-07
2017-10-06,0.0001517568436675865,4.929559368628246e-07,0.0007937112222511324,1.2884666452214923e-05,5.254931462283174,2.1461012000671498,-3.460159509657336e-07,1.3877611134312704e-07
2017-10-09,0.0001517568436675865,4.6700863156213856e-07,0.0007937112222511324,1.165038506480635e-05,5.246867182166879,2.461814329583962,-2.5947305300686064e-08,1.3490524956820622e-07
2017-10-10,0.0001517568436675865,1.364743890633744e-07,0.0007937112222511324,4.444309997528965e-06,5.237571499349942,2.879761649660058,-3.3053424249876415e-07,1.803069344990284e-07
2017-10-11,0.0001517568436675865,1.5918926027191092e-07,0.0007937112222511324,4.707611987480214e-06,5.2525438279278385,2.910951665175082,2.2714871208536504e-08,2.1063190253874018e-07
2017-10-12,0.0001517568436675865,1.8433671685838151e-07,0.0007937112222511324,5.337546528503407e-06,5.240265275794289,2.730532890904704,2.5147456586470598e-08,2.3232003116955057e-07
2017-10-13,0.0001517568436675865,1.8332466978938804e-07,0.0007937112222511324,5.336032611947238e-06,5.231697184235143,2.8828890976540986,-1.012047068993475e-09,2.502508974377213e-07
2017-10-16,0.0001517568436675865,1.9384505894922781e-07,0.0007937112222511324,5.384249954470646e-06,5.242169183978148,3.0405204533109886,1.0520389159839775e-08,2.646007695428448e-07
2017-10-17,0.0001517568436675865,2.2580386617520582e-07,0.0007937112222511324,5.810356482320458e-06,5.24418113296125,3.0722563310695827,3.1958807225978004e-08,2.7479669000220785e-07
2017-10-18,0.0001517568436675865,2.2580386617520582e-07,0.0007937112222511324,5.810356482320458e-06,5.258134893748129,3.0722563310695827,0.0,2.8393480363857627e-07
2017-10-19,0.0001517568436675865,6.867221438640079e-07,0.0007937112222511324,1.4035532565400866e-05,5.256812805234335,3.022392178291571,4.609182776888021e-07,2.748268196713469e-07
2017-10-20,0.0001517568436675865,1.0142033649156317e-06,0.0007937112222511324,1.794066011522946e-05,5.256887405430198,3.1260625809964067,3.274812210516238e-07,2.820852797651104e-07
2017-10-23,0.00013203401998254332,9.822445576896536e-07,0.0007184567424214164,1.7807222986495084e-05,5.285577556352626,2.9705366273846,-3.195880722597806e-08,2.9948706675081163e-07
2017-10-24,0.00013823078167456723,1.076873312144003e-06,0.0007366782694381831,1.827715397589488e-05,5.276077106364872,3.273810259971704,9.462875445434935e-08,3.20521223097491e-07
2017-10-25,0.00013610391401202716,1.076873312144003e-06,0.0007294062597155758,1.827715397589488e-05,5.283380802445678,3.273810259971704,0.0,3.402004266205803e-07
2017-10-26,0.00013610391401202716,1.0663529229841631e-06,0.0007294062597155758,1.8263007800527203e-05,5.2888500492351715,3.1724897581301907,-1.0520389159839881e-08,3.570755204202702e-07
2017-10-27,0.00011223721619861949,1.0663529229841631e-06,0.0006063577749940664,1.8263007800527203e-05,5.324720392503508,3.1724897581301907,0.0,3.7101150298075704e-07
2017-10-30,0.00011223721619861949,1.0663529229841631e-06,0.0006063577749940664,1.8263007800527203e-05,5.321929551941125,3.1724897581301907,0.0,3.8386901452917746e-07
2017-10-31,0.00011223721619861949,9.351400362113935e-07,0.0006063577749940664,1.7236560547110396e-05,5.330043739661699,3.037478823326766,-1.312128867727696e-07,3.870672696628949e-07
2017-11-01,0.00012241040124127362,9.351400362113935e-07,0.000646143310291176,1.7236560547110396e-05,5.315554828514347,3.037478823326766,0.0,3.90176942992075e-07
2017-11-02,0.00012241040124127362,8.790718697161234e-07,0.000646143310291176,1.6555461574636548e-05,5.3077067305103585,2.9858541151059654,-5.606816649527013e-08,3.9129676567677745e-07
2017-11-03,0.00012241040124127362,7.84217598299557e-07,0.000646143310291176,1.5934542258653114e-05,5.305313786559013,2.791842612099888,-9.485427141656632e-08,3.904575608720976e-07
2017-11-06,0.00012241040124127362,7.894422233993776e-07,0.000646143310291176,1.5938542001472453e-05,5.31073744615175,2.9035260957546076,5.2246250998205416e-09,3.884050046711522e-07
2017-11-07,0.00012241040124127362,1.1776513674096872e-06,0.000646143310291176,2.0485418379608015e-05,5.327518857312215,3.01303508070088,3.8820914401030963e-07,3.8094683169985703e-07
2017-11-08,0.00012241040124127362,1.2265162779054987e-06,0.000646143310291176,2.066605465037976e-05,5.310605465185477,3.1081028665995243,4.886491049581142e-08,3.705902668261366e-07
2017-11-09,0.00012860935117351693,1.2265162779054987e-06,0.0006754633595149026,2.066605465037976e-05,5.28180522830077,3.0499733476658775,0.0,3.540212972596187e-07
2017-11-10,0.000162054248336248,1.3516499969921898e-06,0.0008160466661829915,2.1335618495430057e-05,5.2362378110242,3.214381013216511,1.2513371908669118e-07,3.3571989643457897e-07
2017-11-13,0.000162054248336248,1.235996798827311e-06,0.0008160466661829915,2.0774282524226773e-05,5.234500762248449,3.015214420911033,-1.1565319816487884e-07,2.993644602050137e-07
2017-11-14,0.0001519079856685666,1.2351919154269606e-06,0.0007903840927075817,2.0819044897030743e-05,5.238588901052208,3.017372161645507,-8.048834003504256e-10,2.519162323453571e-07
2017-11-15,0.0001519079856685666,1.2947711658629552e-06,0.0007903840927075817,2.1434408305389457e-05,5.2376803553066695,2.898416835189943,5.9579250435994686e-08,1.823897207743165e-07
2017-11-16,0.00011937678425040233,1.2686585741988836e-06,0.0006593153464445902,2.13299938390273e-05,5.288651979501939,2.7387502086289364,-2.6112591664071596e-08,1.6618306201217323e-07
2017-11-17,0.00011937678425040233,9.712584421501645e-07,0.0006593153464445902,1.8587695331286337e-05,5.290824936251263,2.5205298846098247,-2.9740013204871917e-07,1.6741154010696945e-07
2017-11-20,0.00011860306328212789,9.712584421501645e-07,0.0006572707301770879,1.8587695331286337e-05,5.2769179098452605,2.5248131760690375,0.0,1.6777479456920267e-07
2017-11-21,9.852190214818068e-05,1.3438018309427013e-06,0.0005697241914486922,2.4051102226478507e-05,5.310705181406618,2.479483210462925,3.7254338879253684e-07,1.7768932752555514e-07
2017-11-22,9.852190214818068e-05,1.3493508339283335e-06,0.0005697241914486922,2.409988337918858e-05,5.320232332142288,2.500107837228367,5.54900298563218e-09,1.864473487320137e-07
2017-11-24,9.852190214818068e-05,1.3951023440707544e-06,0.0005697241914486922,2.424330228947407e-05,5.307883049934017,2.75313027021201,4.575151014242088e-08,1.967226363412384e-07
2017-11-27,9.852190214818068e-05,1.8793110141856716e-06,0.0005697241914486922,2.842227718632561e-05,5.3033724722954885,2.940001755415616,4.842086701149172e-07,2.582855305650544e-07
2017-11-28,0.00010220446892897666,1.954940730285433e-06,0.0005813951458178012,2.8583209311457646e-05,5.31144088788299,3.2084475780147175,7.56297160997614e-08,3.1126696161370655e-07
2017-11-29,0.00010745249091372962,1.967990319340344e-06,0.000599270363859591,2.85971182159695e-05,5.314709402802739,3.2425556738254215,1.3049589054910941e-08,3.468658532609513e-07
2017-11-30,0.00011193135933121198,1.936698083314652e-06,0.000614668662305608,2.8430882929180073e-05,5.314283135045409,3.23550269935369,-3.1292236025692014e-08,3.688133999410073e-07
2017-12-01,0.00011193135933121198,1.936698083314652e-06,0.000614668662305608,2.8430882929180073e-05,5.307223698177679,3.23550269935369,0.0,3.791541343185168e-07
2017-12-04,0.0001087417638592666,1.9325258075743174e-06,0.00060364549202848,2.8411396582753724e-05,5.32028615944319,3.233830984757074,-4.172275740334547e-09,3.735031867868203e-07
2017-12-05,0.00010988602485100692,2.27124871066575e-06,0.0006073847078463171,3.263508387266932e-05,5.3149346029554465,3.1892672820859955,3.3872290309143255e-07,3.8805212668903575e-07
2017-12-06,0.00010988602485100692,2.2334693202598777e-06,0.0006073847078463171,3.25167159545151e-05,5.318506608262248,3.232130315211506,-3.777939040587222e-08,4.1340235514149776e-07
2017-12-07,0.00010885073018767926,2.1493370140895904e-06,0.0006040500011863989,3.2007897776484475e-05,5.326991570601664,3.222213853322844,-8.413230617028735e-08,4.267801616210824e-07
2017-12-08,0.00010885073018767926,1.4966187818906925e-06,0.0006040500011863989,2.5676355245536153e-05,5.338659442102308,3.256513623507434,-6.527182321988979e-07,4.1869343513996094e-07
2017-12-11,0.00010885073018767926,1.4697904155350126e-06,0.0006040500011863989,2.561081234835719e-05,5.336918014576901,3.1823047488678626,-2.6828366355679813e-08,4.156973077281778e-07
2017-12-12,0.00011208852473551341,1.4233747527055144e-06,0.000615219178372879,2.5509324251472128e-05,5.336393185630567,3.029317068641536,-4.6415662829498255e-08,4.08766703707796e-07
2017-12-13,0.00011208852473551341,1.3457752961346156e-06,0.000615219178372879,2.5334127386917636e-05,5.346611091249687,2.5831603512847208,-7.759945657089877e-08,4.039492232469898e-07
2017-12-14,0.00011208852473551341,1.1407359471319275e-06,0.000615219178372879,2.280143402915525e-05,5.355460739695263,2.667442796521156,-2.0503934900268812e-07,4.1205617828635077e-07
2017-12-15,0.00011109861690993367,1.1407359471319275e-06,0.0006118924889270218,2.280143402915525e-05,5.353868079937152,2.667442796521156,0.0,4.1876610802066946e-07
2017-12-18,0.00010900772063259911,1.288008665482573e-06,0.0006048313530656689,2.453002860136315e-05,5.365682411290069,2.642446318833331,1.4727271835064557e-07,3.986240918117932e-07
2017-12-19,0.00010900772063259911,6.005209797672371e-07,0.0006048313530656689,1.3879581214238325e-05,5.3684730899570665,2.59141892930119,-6.874876857153359e-07,4.376449543677466e-07
2017-12-20,0.00010900772063259911,6.531983975082439e-07,0.0006048313530656689,1.4482520718995678e-05,5.3692424129876795,2.558327788940836,5.267741774100673e-08,4.847006667001537e-07
2017-12-21,0.00010900772063259911,7.533238214689158e-07,0.0006048313530656689,1.4974384559741877e-05,5.381289904316656,2.8981954140321027,1.0012542396067195e-07,5.16778058172241e-07
2017-12-22,0.00010900772063259911,4.993189010657355e-07,0.0006048313530656689,1.0162995993003846e-05,5.384312643208581,2.8233243406237962,-2.5400492040318036e-07,5.671353247695273e-07
2017-12-26,0.00010900772063259911,5.853323548176332e-07,0.0006048313530656689,1.2218048753725563e-05,5.390250260550715,2.7480451156564047,8.60134537518977e-08,5.951450274994417e-07
2017-12-27,0.00010900772063259911,9.47730131806546e-07,0.0006048313530656689,1.695892165463004e-05,5.373938455375894,2.6247593530131583,3.6239777698891287e-07,5.917923726042367e-07
2017-12-28,0.00010900772063259911,5.379691446171636e-07,0.0006048313530656689,1.188052377704925e-05,5.3683709069563665,2.4308540798171183,-4.097609871893824e-07,6.043630598277436e-07
2017-12-29,0.00010900772063259911,5.379691446171636e-07,0.0006048313530656689,1.188052377704925e-05,5.366553954684712,2.4308540798171183,0.0,6.097979756945812e-07
2018-01-02,8.201657707102806e-05,3.744443056027378e-07,0.0004723021758127177,8.737376792867807e-06,5.406431246709453,2.501094379068635,-1.6352483901442582e-07,6.168438838815512e-07
2018-01-03,8.652038456816826e-05,2.8849412525694717e-07,0.0004948689044813005,7.482312467912981e-06,5.400119014046421,2.4973751948152776,-8.595018034579063e-08,6.192883366354016e-07
2018-01-04,8.652038456816826e-05,4.058660403094163e-07,0.0004948689044813005,1.0342950867538904e-05,5.402668657993999,2.495675917238211,1.1737191505246915e-07,5.700356846950833e-07
2018-01-05,7.248752024909267e-05,6.456429201577223e-07,0.0004316624732843138,1.395638235943416e-05,5.4263037684742,2.4461968228333593,2.3977687984830593e-07,4.937298249293636e-07
2018-01-08,7.248752024909267e-05,6.456429201577223e-07,0.0004316624732843138,1.395638235943416e-05,5.430464387768071,2.4461968228333593,0.0,4.0165096511642474e-07
2018-01-09,7.248752024909267e-05,6.873206214165624e-07,0.0004316624732843138,1.4103036060302277e-05,5.438131846251532,2.6255274773459107,4.16777012588401e-08,3.7155309542025404e-07
2018-01-10,6.62574592245005e-05,6.447198986250673e-07,0.00040601755001290723,1.3710408530507262e-05,5.441063559917608,2.7258859135867857,-4.2600722791495005e-08,3.373317407810989e-07
2018-01-11,5.672068011898726e-05,6.447198986250673e-07,0.0003630880087289497,1.3710408530507262e-05,5.456516170744845,2.7525722334914033,0.0,2.991896579695791e-07
2018-01-12,5.672068011898726e-05,4.1165558565261485e-07,0.0003630880087289497,1.0018900658458326e-05,5.449750034719665,2.8395036254745523,-2.330643129724525e-07,2.6730510957692194e-07
2018-01-16,5.672068011898726e-05,4.1165558565261485e-07,0.0003630880087289497,1.0018900658458326e-05,5.451932199635264,2.6965840784127777,0.0,2.490604947870295e-07
2018-01-17,5.9760792643334626e-05,5.19952825790055e-07,0.0003752058220956126,1.175149567552192e-05,5.447410413899722,2.5036756053891893,1.0829724013744018e-07,2.1969535457341626e-07
2018-01-18,5.9760792643334626e-05,5.37643396891884e-07,0.0003752058220956126,1.1814171632920593e-05,5.449414137757605,2.6713969175737717,1.769057110182898e-08,1.4968378381025648e-07
2018-01-19,5.781095660532081e-05,5.37643396891884e-07,0.00036749930581537956,1.1814171632920593e-05,5.473897711106095,2.6713969175737717,0.0,1.4959536451954294e-07
2018-01-22,5.781095660532081e-05,1.2955366616187337e-06,0.00036749930581537956,2.5501414184373463e-05,5.474878616781253,2.6301650222845665,7.578932647268497e-07,2.2152379011951084e-07
2018-01-23,5.781095660532081e-05,1.3833907760290329e-06,0.00036749930581537956,2.583117558209514e-05,5.4921076005658245,2.8403849665311127,8.785411441029919e-08,2.817459322982225e-07
2018-01-24,4.877396066798167e-05,1.3963690492571278e-06,0.00032270208951839206,2.5846397788519246e-05,5.505579316292967,2.9141384440787177,1.2978273228094945e-08,3.279432206616338e-07
2018-01-25,4.877396066798167e-05,1.3620902783507927e-06,0.00032270208951839206,2.5775452682897948e-05,5.51202047600722,2.683108585092057,-3.42787709063351e-08,3.614268091265287e-07
2018-01-26,4.9400697429306365e-05,1.5786354449058637e-06,0.0003258225384737757,2.7378645320325972e-05,5.527363697874196,2.704767863500691,2.1654516655507097e-07,4.077556680180857e-07
2018-01-29,4.9400697429306365e-05,1.5786354449058637e-06,0.0003258225384737757,2.7378645320325972e-05,5.527729686175204,2.704767863500691,0.0,4.4499815675889187e-07
2018-01-30,6.418283081036202e-05,1.5656571716777687e-06,0.00040410061686000054,2.73642754862405e-05,5.51319945032968,2.5626185646793345,-1.2978273228094945e-08,4.723242991395276e-07
2018-01-31,6.418283081036202e-05,1.6905406275069522e-06,0.00040410061686000054,2.8045450594151218e-05,5.515366156122951,2.8061788925887905,1.248834558291835e-07,4.943659958740253e-07
2018-02-01,6.418283081036202e-05,1.6905406275069522e-06,0.00040410061686000054,2.8045450594151218e-05,5.513532107991707,2.8061788925887905,0.0,5.007249552059432e-07
2018-02-02,0.00018190837260390625,1.6905406275069522e-06,0.001044596010780712,2.8045450594151218e-05,5.394357940338557,2.8061788925887905,0.0,5.053478777144839e-07
2018-02-05,0.0005460343888110168,7.058619217000445e-07,0.0024167957952882153,1.3800315621060705e-05,5.156889700551897,2.762621355657044,-9.846787058069077e-07,5.030113897830837e-07
2018-02-06,0.0006073533156223444,7.058619217000445e-07,0.0024968798746581073,1.3800315621060705e-05,5.141454670551404,2.762621355657044,0.0,5.00644937110994e-07
2018-02-07,0.0006073533156223444,1.1857914595774295e-06,0.0024968798746581073,1.9437010768961644e-05,5.165416101269917,3.0739061514830914,4.79929537877385e-07,4.938995428096886e-07
2018-02-08,0.0005040414765485904,1.0961597294412444e-06,0.0020709713122529665,1.870606599827014e-05,5.2296699177673505,3.0131919786475243,-8.963173013618518e-08,4.83312309061425e-07
2018-02-09,0.0004650299023473122,1.0952473018682501e-06,0.0020006180505250087,1.8705962070539643e-05,5.250661497333579,2.9067735245579787,-9.124275729942198e-10,4.713541366739935e-07
2018-02-12,0.0004512695352976165,1.0952473018682501e-06,0.001982422417780021,1.8705962070539643e-05,5.2506681220335185,2.9067735245579787,0.0,4.4093929062986656e-07
2018-02-13,0.0004512695352976165,1.066356597350563e-06,0.001982422417780021,1.9147032864573088e-05,5.236454205007535,2.690920744587337,-2.8890704517687058e-08,4.0564963183244383e-07
2018-02-14,0.0004528431583023067,1.9802084271115537e-06,0.00198425092218527,2.9955295394624492e-05,5.243427789295158,2.658379673639654,9.138518297609906e-07,4.103006387930013e-07
2018-02-15,0.0004512695352976165,7.241241930992682e-07,0.001982422417780021,1.4521035373286338e-05,5.239631164226776,2.5103457988398774,-1.2560842340122855e-06,3.948019414730255e-07
2018-02-16,0.0004512695352976165,1.2040698223315743e-06,0.001982422417780021,2.029983803830154e-05,5.2392274493057895,2.8549314977555276,4.799456292323061e-07,3.5582880235663404e-07
2018-02-20,0.0004512695352976165,1.1288864900172198e-06,0.001982422417780021,1.9952751619824486e-05,5.24629250691915,2.7308284651335395,-7.51833323143545e-08,3.579954547105226e-07
2018-02-21,0.0004512695352976165,1.412251436770561e-06,0.001982422417780021,2.2372490491434034e-05,5.248328336071485,2.9239356681778728,2.8336494675334116e-07,3.584232724776768e-07
2018-02-22,0.0004512695352976165,1.2378547733747593e-06,0.001982422417780021,2.0232324818868043e-05,5.240158691041367,2.942584818586879,-1.743966633958016e-07,3.5787769780919343e-07
2018-02-23,0.0004512695352976165,1.1712542914984147e-06,0.001982422417780021,1.997446700009426e-05,5.242828441068881,2.75387534541689,-6.66004818763446e-08,3.5839050425666395e-07
2018-02-26,0.0004512695352976165,1.17238776827264e-06,0.001982422417780021,1.9966979057535756e-05,5.250832612163123,2.891856938251919,1.1334767742253506e-09,3.5204127106445103e-07
2018-02-27,0.0004162876406311658,1.052787993958205e-06,0.00188825006521226,1.8783405206186428e-05,5.277483939898939,2.8843795452258005,-1.1959977431443505e-07,3.465755741685027e-07
2018-02-28,0.0004162876406311658,1.052787993958205e-06,0.00188825006521226,1.8783405206186428e-05,5.281956673650984,2.8843795452258005,0.0,3.3961574795008456e-07
2018-03-01,0.0004162876406311658,1.015608758832561e-06,0.00188825006521226,1.8696703122839308e-05,5.283040896679223,2.7027290128770898,-3.7179235125643994e-08,3.2222474557825255e-07
2018-03-02,0.00042052585598283565,1.1471717390455588e-06,0.0018936955501496567,1.98522484338607e-05,5.282974024162659,2.715006233761891,1.3156298021299777e-07,2.9842552404266814e-07
2018-03-05,0.00042052585598283565,1.2449721017593975e-06,0.0018936955501496567,2.062065289988285e-05,5.274398585220575,2.606209795964455,9.780036271383869e-08,2.710946764746363e-07
2018-03-06,0.0004162876406311658,1.3389638492957022e-06,0.00188825006521226,2.2357867047201346e-05,5.281248625434501,2.4060737604936264,9.399174753630473e-08,2.5615994522415594e-07
2018-03-07,0.0004162876406311658,8.954614816282612e-07,0.00188825006521226,1.6225532813176552e-05,5.296707993539529,2.4294380022783453,-4.43502367667441e-07,2.417096451496975e-07
2018-03-08,0.0004162876406311658,9.307767385117137e-07,0.00188825006521226,1.6412421352374955e-05,5.3061989875224524,2.543245636886885,3.5315256883452477e-08,2.4726640066661613e-07
2018-03-09,0.00041329787842606103,9.420718104706708e-07,0.0018848650892136292,1.643056319024772e-05,5.32259406446901,2.6697817769407353,1.1295071958957038e-08,2.514992153963387e-07
2018-03-12,0.00041329787842606103,1.179340704146713e-06,0.0018848650892136292,1.8486873445765847e-05,5.33792788695977,3.0122673641396194,2.3726889367604226e-07,2.51319069260551e-07
2018-03-13,0.00041238445334016257,1.2460367493612606e-06,0.0018837010374686842,1.896838328059189e-05,5.346382847041609,3.1326648776276644,6.66960452145476e-08,2.518629916443053e-07
2018-03-14,0.00041238445334016257,1.3564641211863316e-06,0.0018837010374686842,2.1875671845108372e-05,5.346258595348904,2.9101034896342393,1.1042737182507098e-07,2.546956988136438e-07
2018-03-15,0.00041238445334016257,3.1620393706441527e-06,0.0018837010374686842,4.7175627740431815e-05,5.339576588431617,2.9146813007227763,1.8055752494578211e-06,4.850674453199483e-07
2018-03-16,0.00041238445334016257,3.1548533644008044e-06,0.0018837010374686842,4.7209188137219245e-05,5.340193229369362,2.9738815691257505,-7.186006243348295e-09,6.333089398530263e-07
2018-03-19,0.000402084810417368,3.490215477087057e-06,0.0018581060012915491,4.85343177830029e-05,5.3479788045012935,3.146410557923341,3.3536211268625253e-07,7.916638674383124e-07
2018-03-20,0.000402084810417368,3.443758635400077e-06,0.0018581060012915491,4.846406626094769e-05,5.350540918367496,3.0184628655135763,-4.645684168698007e-08,9.013157870573713e-07
2018-03-21,0.000402084810417368,3.7697417067662302e-06,0.0018581060012915491,4.9647587845853356e-05,5.353276547070206,3.1074634857513024,3.259830713661533e-07,1.0237413274260249e-06
2018-03-22,0.00029319472313011523,3.581420973400149e-06,0.0013783791309613326,4.91006078878796e-05,5.419835336198947,2.9340979397187446,-1.8832073336608139e-07,1.099362618140708e-06
2018-03-23,0.0002792287733736353,4.942002768645871e-06,0.0013294009805779757,6.139948443258298e-05,5.429578461927819,2.9470250581586095,1.3605817952457224e-06,1.2895946433183985e-06
2018-03-26,0.00034872438277437103,3.002136091069288e-06,0.0015098833378304173,4.436750527662864e-05,5.400189080791813,2.8432076962404147,-1.9398666775765834e-06,1.2922485338215314e-06
2018-03-27,0.0003436687303705181,3.002136091069288e-06,0.00149682653626557,4.436750527662864e-05,5.404466984451409,2.7952541991352593,0.0,1.2827896217024713e-06
2018-03-28,0.0003436687303705181,4.178650286795769e-06,0.00149682653626557,5.398122603450879e-05,5.393003766332669,2.786423914688534,1.1765141957264807e-06,1.32600988343837e-06
2018-03-29,0.0003436687303705181,4.178650286795769e-06,0.00149682653626557,5.398122603450879e-05,5.39585473124479,2.7858236132141627,0.0,1.3467959454184683e-06
2018-04-02,0.0003436687303705181,2.3980595321295072e-06,0.00149682653626557,3.6510024760493366e-05,5.39234684267501,2.6634685890598178,-1.7805907546662614e-06,1.308714997762523e-06
2018-04-03,0.0003436687303705181,2.3980595321295072e-06,0.00149682653626557,3.6510024760493366e-05,5.395934298141585,2.6634685890598178,0.0,1.2720682469361085e-06
2018-04-04,0.00036626435406075786,2.5023400023664665e-06,0.0015395478658707276,3.683173349862845e-05,5.383635669024216,2.8044088431682304,1.0428047023695926e-07,1.2360359197592203e-06
2018-04-05,0.000346778867607371,2.3439418093561613e-06,0.0015020107506888928,3.622220864273832e-05,5.397477941592141,2.593600864862174,-1.5839819301030516e-07,1.1659427150430299e-06
2018-04-06,0.000346778867607371,1.0629324894478806e-06,0.0015020107506888928,1.8534627314668844e-05,5.396101660624821,2.4922809950567877,-1.2810093199082808e-06,1.1553558893140073e-06
2018-04-09,0.000346778867607371,9.89324531393744e-07,0.0015020107506888928,1.7517079136259098e-05,5.396989889841114,2.514747433011201,-7.360795805413651e-08,1.151469935820612e-06
2018-04-10,0.0003442453677687175,9.89324531393744e-07,0.0014938777360765927,1.7517079136259098e-05,5.394158591528544,2.514747433011201,0.0,1.165970118503051e-06
2018-04-11,0.0003442453677687175,1.3510648408027865e-06,0.0014938777360765927,2.300479082438715e-05,5.389093133273291,2.6351377485558736,3.6174030940904245e-07,1.1590101297336123e-06
2018-04-12,0.00035974321837326157,1.7617969880586501e-06,0.0015220071575315262,2.9305396152535524e-05,5.376994222721646,2.3928641966918707,4.1073214725586364e-07,1.1364100964825837e-06
2018-04-13,0.00035974321837326157,1.6595401026539646e-06,0.0015220071575315262,2.8304231683336916e-05,5.3816507542867615,2.2066276335997124,-1.022568854046855e-07,1.1596080177072395e-06
2018-04-16,0.00035974321837326157,1.147626495686616e-06,0.0015220071575315262,2.3353481930916945e-05,5.385951903623914,2.0900620988980307,-5.119136069673486e-07,1.2050503981173458e-06
2018-04-17,0.00035974321837326157,1.147626495686616e-06,0.0015220071575315262,2.3353481930916945e-05,5.38465926216319,2.0900620988980307,0.0,1.228573176272589e-06
2018-04-18,0.00035974321837326157,1.1773429388343597e-06,0.0015220071575315262,2.3441615060847706e-05,5.380134590560894,2.3140819604134157,2.971644314774366e-08,1.2406787711735247e-06
2018-04-19,0.00035974321837326157,1.1773429388343597e-06,0.0015220071575315262,2.3441615060847706e-05,5.374301119179119,2.3140819604134157,0.0,1.2230494043198416e-06
2018-04-20,0.00034780574090878443,6.794644172051927e-07,0.0014997595376109343,1.3536720991550387e-05,5.38428136680071,2.5212313009768614,-4.97878521629167e-07,1.2288518539635486e-06
2018-04-23,0.000219598180494071,1.2579138417596915e-06,0.0010450645063344176,2.088344004359386e-05,5.45105105676344,2.7330656391666146,5.784494245544989e-07,1.0432208901507136e-06
2018-04-24,0.0002190615064491616,1.2742796072418222e-06,0.001043916124097257,2.0904195648862584e-05,5.460243497692994,2.883323918724822,1.63657654821307e-08,1.02020276378513e-06
2018-04-25,0.0002190615064491616,1.0501038586556991e-06,0.001043916124097257,1.8098760813695422e-05,5.457047258482916,2.761057803990288,-2.241757485861231e-07,9.95632187030121e-07
2018-04-26,0.0002190615064491616,1.0203874155079555e-06,0.001043916124097257,1.798446397944791e-05,5.468214565629961,2.7258930832925254,-2.971644314774366e-08,8.234368350657287e-07
2018-04-27,0.0002190615064491616,9.59734355478688e-07,0.001043916124097257,1.7124047293266235e-05,5.457001828190713,2.881883115921959,-6.065306002926741e-08,5.612958893642263e-07
2018-04-30,0.0002190615064491616,9.513209883536992e-07,0.001043916124097257,1.7027766183685387e-05,5.463216126682757,2.748734660452976,-8.413367124988915e-09,5.199656996284955e-07
2018-05-01,0.0002190615064491616,9.609649302722767e-07,0.001043916124097257,1.709396650174566e-05,5.470104564189284,2.7574493990943427,9.643941918577507e-09,4.6296639359265266e-07
2018-05-02,0.0002190615064491616,9.609649302722767e-07,0.001043916124097257,1.709396650174566e-05,5.465095898130853,2.7574493990943427,0.0,3.65656660253611e-07
2018-05-03,0.0002190615064491616,1.3322107328668185e-06,0.001043916124097257,2.2469482883651774e-05,5.470167974881874,2.7187259624461846,3.712458025945418e-07,2.5029429166411523e-07
2018-05-04,0.0002190615064491616,1.4872278611964658e-06,0.001043916124097257,2.355054438195865e-05,5.46579287057081,2.9047628179979537,1.550171283296473e-07,2.6068763815626926e-07
2018-05-07,0.00021128539458207632,1.3716606237149542e-06,0.001026575634620963,2.299834665103807e-05,5.473986648894853,2.702705686444521,-1.155672374815116e-07,2.61008252897472e-07
2018-05-08,0.00021128539458207632,1.3716606237149542e-06,0.001026575634620963,2.299834665103807e-05,5.468508500124421,2.702705686444521,0.0,2.598522626063263e-07
2018-05-09,0.00022778372319599946,1.4231215734034918e-06,0.0010659571168525558,2.3413964150651496e-05,5.459634003287932,2.8127331897111687,5.1460949688537585e-08,2.6247020386707416e-07
2018-05-10,0.00021031325678373772,1.4091005479593232e-06,0.0010249354530782325,2.339434941526331e-05,5.456796308663737,2.6638277990513823,-1.4021025444168541e-08,2.3360849642912786e-07
2018-05-11,0.00021048315164705827,2.0554432777154536e-06,0.0010253665582020779,3.027285470718959e-05,5.4536093821043865,2.80475532883386,6.463427297561304e-07,2.8624585236121567e-07
2018-05-14,0.00020392042457382224,1.8781306504719812e-06,0.00101170466794847,2.8735892289943944e-05,5.450556670435205,2.8071291041453543,-1.7731262724347236e-07,3.221221735703044e-07
2018-05-15,0.00020392042457382224,1.7881697244630337e-06,0.00101170466794847,2.8241262382616444e-05,5.4535125428672115,2.6223196839537315,-8.996092600894754e-08,3.4286574802932283e-07
2018-05-16,0.00020392042457382224,1.8347566833631227e-06,0.00101170466794847,2.8343932431565844e-05,5.446398393238415,2.7798440942128253,4.6586958900089e-08,3.634681526136803e-07
2018-05-17,0.0002040250244285485,1.8432947880500253e-06,0.0010119175433411873,2.8476674222676227e-05,5.428191514283581,2.6504638458556586,8.538104686902586e-09,3.8056579807409837e-07
2018-05-18,0.0002040250244285485,1.7096019136416814e-06,0.0010119175433411873,2.587164045545098e-05,5.4298722947959455,2.8805753821928297,-1.3369287440834386e-07,3.544968987510625e-07
2018-05-21,0.00021106750537275038,1.7166816941954006e-06,0.001026642239303308,2.5876164152956264e-05,5.4194028549825894,2.955188486612156,7.079780553719232e-09,3.598258904747047e-07
2018-05-22,0.00021106750537275038,1.7166816941954006e-06,0.001026642239303308,2.5876164152956264e-05,5.4167767170329295,2.93797771966279,0.0,3.639744581854363e-07
2018-05-23,0.00021106750537275038,1.549865466134209e-06,0.001026642239303308,2.4701134716812683e-05,5.40806443420945,2.9179175504710635,-1.668162280611916e-07,3.526272889749642e-07
2018-05-24,0.00021106750537275038,1.2349757097656476e-06,0.001026642239303308,2.2523052198485027e-05,5.406968858713273,2.6943401661563913,-3.1488975636856145e-07,3.414075445202921e-07
2018-05-25,0.00021106750537275038,1.1178824736219909e-06,0.001026642239303308,2.1627603600498e-05,5.398525292059177,2.74339302118398,-1.1709323614365672e-07,3.304325721394202e-07
2018-05-29,0.00022132857458409113,5.429694414687897e-07,0.0010490731306546169,1.1226278569777233e-05,5.395919155453235,2.72088483690531,-5.749130321532012e-07,3.7482338841415986e-07
2018-05-30,0.00025250698896886394,7.489816385369244e-07,0.0011612825442239977,1.3129738574548562e-05,5.3753506460783935,3.0874848785331883,2.060121970681347e-07,3.9241872845717937e-07
2018-05-31,0.00025250698896886394,1.088780789024824e-06,0.0011612825442239977,1.758920310595027e-05,5.380085685326052,3.173283782086523,3.3979915048789955e-07,3.849244843251182e-07
2018-06-01,0.00025250698896886394,1.0521555775555983e-06,0.0011612825442239977,1.7410206226375482e-05,5.389640130559725,3.024572737366429,-3.6625211469225624e-08,3.9482503813166915e-07
2018-06-04,0.00025250698896886394,1.0521555775555983e-06,0.0011612825442239977,1.7410206226375482e-05,5.390600579233676,3.024572737366429,0.0,4.0436555663603486e-07
2018-06-05,0.00025250698896886394,1.337533183744535e-06,0.0011612825442239977,2.0062706587633776e-05,5.388043112005632,3.224331942209536,2.8537760618893676e-07,4.046757247741632e-07
2018-06-06,0.00018317364436050749,1.337533183744535e-06,0.0009219001653124567,2.0062706587633776e-05,5.428030062070827,3.288714253190403,0.0,4.0497808723845604e-07
2018-06-07,0.00018075257590577587,1.4468992877234599e-06,0.0009163011643948398,2.065555548197848e-05,5.431761548664956,3.428924731731201,1.093661039789248e-07,4.050167906442352e-07
2018-06-08,0.00018075257590577587,1.259954406789321e-06,0.0009163011643948398,1.971102327869349e-05,5.42441169479343,3.1445641081368323,-1.8694488093413888e-07,4.0665746733175447e-07
2018-06-11,0.00018075257590577587,1.2359430396427323e-06,0.0009163011643948398,1.9466333259571865e-05,5.4168443731277955,3.1448316281320587,-2.4011367146588736e-08,3.791521313384277e-07
2018-06-12,0.00017869070749523434,1.335426716359388e-06,0.0009118230100304787,1.9791208719325705e-05,5.414536872106007,3.4771977811179124,9.948367671665566e-08,3.601671306033157e-07
2018-06-13,0.00017855097112113357,1.3322128154336617e-06,0.0009115167973227255,2.0086831363068283e-05,5.413922751830794,3.394911963515597,-3.213900925726172e-09,3.449139491052474e-07
2018-06-14,0.00018274310334041567,1.4201791762636443e-06,0.000920974663530903,2.0747531427995932e-05,5.398072680438192,3.402190187661473,8.796636082998259e-08,3.2450152875344386e-07
2018-06-15,0.00018274310334041567,1.418582747109848e-06,0.000920974663530903,2.0747244580033638e-05,5.397757965558897,3.4052118697362204,-1.5964291537963853e-09,3.003491429283305e-07
2018-06-18,0.00011290866537400876,1.4458656210904122e-06,0.0006073989390901106,2.0790533006775627e-05,5.460441707307617,3.5958592749429035,2.728287398056426e-08,2.860721993990528e-07
2018-06-19,0.00010936553562482705,1.3694743093191509e-06,0.0005928007594478198,2.0533447460379992e-05,5.473067274686372,3.410394473241008,-7.639131177126135e-08,2.674389517222778e-07
2018-06-20,9.820032969437522e-05,1.3999386873216082e-06,0.0005536919185596341,2.0685407162196194e-05,5.483826867297268,3.4276520778749817,3.046437800245737e-08,2.4709012931405654e-07
2018-06-21,9.854440591180616e-05,1.4739673942739454e-06,0.0005549032782607274,2.1760541682491744e-05,5.4858362344034495,3.3769527844187692,7.402870695233714e-08,2.4256323239225804e-07
2018-06-22,9.775933841438167e-05,1.5510320848566307e-06,0.0005527241885217424,2.2140911726437082e-05,5.485612901226332,3.446814876444255,7.706469058268529e-08,2.528072774085855e-07
2018-06-25,0.00012686750911068787,1.1962917355456958e-06,0.0006688712349857404,1.8636529537586295e-05,5.457454187740612,3.4479638661129726,-3.547403493109349e-07,2.5128051915237476e-07
2018-06-26,0.00012686750911068787,1.156975432604888e-06,0.0006688712349857404,1.823788829699129e-05,5.45175812315959,3.4509425038215995,-3.9316302940807796e-08,1.9012328101893301e-07
2018-06-27,0.00012151969353587254,3.2519290597398615e-06,0.0006371589847807189,4.853881459110093e-05,5.456328138068814,3.2836751645079527,2.0949536271349737e-06,4.568247564039602e-07
2018-06-28,0.00012151969353587254,3.2312025217924766e-06,0.0006371589847807189,4.8172648383049974e-05,5.462643670772893,3.326927230538033,-2.0726537947384844e-08,6.051163353882442e-07
2018-06-29,0.00012151969353587254,3.615120574776511e-06,0.0006371589847807189,5.15251473090031e-05,5.452600690410293,3.1789783659150914,3.8391805298403427e-07,7.547619208358738e-07
2018-07-02,0.00012809854050303634,3.6778752418662164e-06,0.0006670308602573298,5.9779402267748806e-05,5.441581153284399,2.964708475793553,6.275466708970549e-08,8.665839715933049e-07
2018-07-03,0.00012809854050303634,3.7401846582692525e-06,0.0006670308602573298,5.9946895658069695e-05,5.448418145187865,2.9427900225201817,6.230941640303615e-08,9.638677926302264e-07
2018-07-05,9.944689700643141e-05,8.372412479764837e-07,0.0005494474538843924,1.3577537104654647e-05,5.478203740258767,3.3647843157478254,-2.902943410292769e-06,9.853447265343503e-07
2018-07-06,9.944689700643141e-05,8.642150395263787e-07,0.0005494474538843924,1.3702100743512738e-05,5.488269825165705,3.397362593532396,2.6973791549894977e-08,1.0068862298499929e-06
2018-07-09,9.944689700643141e-05,8.642150395263787e-07,0.0005494474538843924,1.3702100743512738e-05,5.483695233271088,3.397362593532396,0.0,1.0226639447655152e-06
2018-07-10,9.944689700643141e-05,8.816085701586844e-07,0.0005494474538843924,1.391045124638572e-05,5.488090492207162,3.439363815976097,1.739353063230572e-08,1.0363092644081058e-06
2018-07-11,9.929685666287846e-05,1.229134555444921e-06,0.0005489067945541854,1.8354418120756152e-05,5.490618318988166,3.410403144512369,3.4752598528623666e-07,1.03910311588758e-06
2018-07-12,9.929685666287846e-05,1.2735645598077078e-06,0.0005489067945541854,1.857938992789037e-05,5.4991241625391885,3.532236441846649,4.4430004362786696e-08,1.040568091894387e-06
2018-07-13,9.929685666287846e-05,1.1138113648352981e-06,0.0005489067945541854,1.6110872465513294e-05,5.48501325964505,3.4723826989961406,-1.5975319497240968e-07,1.0485992768199155e-06
2018-07-16,9.929685666287846e-05,9.64409959291237e-07,0.0005489067945541854,1.5213556297349296e-05,5.4858587297178065,3.2358599009327262,-1.4940140554406103e-07,1.0616656870306623e-06
2018-07-17,9.929685666287846e-05,7.708515592922281e-07,0.0005489067945541854,1.3144721246963815e-05,5.483586753048561,3.18911062896008,-1.9355839999900898e-07,1.0825972042104765e-06
2018-07-18,9.929685666287846e-05,7.438777677423332e-07,0.0005489067945541854,1.3014824075003214e-05,5.471791085002897,3.148840625719645,-2.697379154989487e-08,1.1022140209390504e-06
2018-07-19,9.761347177973033e-05,8.193886477630539e-07,0.000543607752094933,1.5340494096301324e-05,5.477997658180172,3.1114799952904404,7.551088002072068e-08,1.1178407250294578e-06
2018-07-20,9.761347177973033e-05,7.959161007583199e-07,0.000543607752094933,1.5111355957407287e-05,5.483333137856452,3.1259623565653465,-2.3472547004733974e-08,1.1340354800521427e-06
2018-07-23,9.761347177973033e-05,8.143801023133445e-07,0.000543607752094933,1.522150134155142e-05,5.468225037678359,3.1659018674293313,1.8464001555024562e-08,1.1485689419749967e-06
2018-07-24,9.761347177973033e-05,7.743055847093497e-07,0.000543607752094933,1.5067673672916715e-05,5.481214932192638,3.0037775402357187,-4.007451760399478e-08,1.1600415092014206e-06
2018-07-25,9.761347177973033e-05,1.1645766848397516e-06,0.000543607752094933,1.9488926512909543e-05,5.486229454020322,3.1766011425093126,3.9027110013040187e-07,1.1598999566725395e-06
2018-07-26,0.00010787282254554622,7.727909626291208e-07,0.0005805951267264444,1.4853517939104364e-05,5.4730949498179235,3.0602920039090646,-3.917857222106308e-07,1.1018700629744238e-06
2018-07-27,0.00010787282254554622,7.727909626291208e-07,0.0005805951267264444,1.4853517939104364e-05,5.475133073911997,2.947503479736584,0.0,1.0269873294215755e-06
2018-07-30,0.00010787282254554622,8.878594334936174e-07,0.0005805951267264444,1.5695641166906868e-05,5.4747793729479195,3.124348251547495,1.1506847086449659e-07,8.769337101345429e-07
2018-07-31,0.00011419099081828045,1.3744010669852772e-06,0.0006070876008166308,2.1357012998020705e-05,5.469598684949521,3.3279155485797585,4.865416334916598e-07,6.562212188322257e-07
2018-08-01,0.00011419099081828045,1.0387916734736444e-06,0.0006070876008166308,1.765660368136536e-05,5.472910137051086,3.3619208252123762,-3.356093935116328e-07,1.9251669186448844e-07
2018-08-02,0.00011419099081828045,2.673342668273875e-06,0.0006070876008166308,4.1108148972641135e-05,5.469546417224221,3.3439359709915983,1.6345509948002307e-06,4.314743679662676e-07
2018-08-03,0.00011419099081828045,2.7230849714707424e-06,0.0006070876008166308,4.1337431430132173e-05,5.459142676368782,3.3499344962288147,4.9742303196867355e-08,5.714518357055499e-07
2018-08-06,0.00011419099081828045,2.7230849714707424e-06,0.0006070876008166308,4.1337431430132173e-05,5.453375030616894,3.3499344962288147,0.0,6.698939980471627e-07
2018-08-07,0.00011419099081828045,2.8356476624863455e-06,0.0006070876008166308,4.1769875782637626e-05,5.452350535709275,3.344555171213706,1.1256269101560305e-07,7.556279214275571e-07
2018-08-08,0.0001068063861609374,2.8919151924817007e-06,0.0005804931417800059,4.186075244329855e-05,5.454017880623424,3.4626674385067893,5.626752999535524e-08,8.33357060533085e-07
2018-08-09,0.0001068063861609374,2.8492258798069087e-06,0.0005804931417800059,4.1758969384164176e-05,5.454539803908143,3.431228899180721,-4.2689312674791987e-08,8.934424878336594e-07
2018-08-10,0.00010126005134149597,3.534746766398072e-06,0.0005628798179011785,4.65236799284726e-05,5.461399272689986,3.4037371000769547,6.855208865911631e-07,9.995926830423057e-07
2018-08-13,0.00010126005134149597,3.1478805608440596e-06,0.0005628798179011785,4.1300407335540746e-05,5.46182117676897,3.345561449641366,-3.8686620555401224e-07,1.045149161378852e-06
2018-08-14,0.00010126005134149597,3.551258554813438e-06,0.0005628798179011785,4.624372523644302e-05,5.454810060501095,3.1987674908707104,4.033779939693783e-07,1.097879285529666e-06
2018-08-15,8.9951432786031e-05,3.4860631268993485e-06,0.0005198146237225146,4.614920296082507e-05,5.472854222028585,2.9774797265408397,-6.519542791408943e-08,1.1241142004615713e-06
2018-08-16,8.9951432786031e-05,3.4860631268993485e-06,0.0005198146237225146,4.614920296082507e-05,5.476792214330282,2.9774797265408397,0.0,1.1370850234185629e-06
2018-08-17,8.9951432786031e-05,3.521001127538228e-06,0.0005198146237225146,4.637506961457189e-05,5.469739003161666,2.8804609622021835,3.493800063887933e-08,1.1339810576418717e-06
2018-08-20,8.9951432786031e-05,3.603838423349844e-06,0.0005198146237225146,4.6801884756586714e-05,5.46192044563151,2.886844306580765,8.283729581161612e-08,1.1194146310562608e-06
2018-08-21,8.9951432786031e-05,3.6523862059880442e-06,0.0005198146237225146,4.733288942500711e-05,5.472957448842264,2.7975181882510016,4.8547782638200305e-08,1.0851638231568694e-06
2018-08-22,8.9951432786031e-05,3.4218749348313227e-06,0.0005198146237225146,4.60282603842576e-05,5.474761490079272,2.897693427923715,-2.305112711567215e-07,1.052061516418518e-06
2018-08-23,8.9951432786031e-05,3.7464453772835045e-06,0.0005198146237225146,4.929756023237758e-05,5.4723473909343205,2.9386595633636805,3.245704424521817e-07,9.809080531791457e-07
2018-08-24,8.9951432786031e-05,2.4343799535655478e-06,0.0005198146237225146,3.804623545859296e-05,5.469883644816349,2.8750499553369697,-1.3120654237179567e-06,8.639109055159859e-07
2018-08-27,8.757259745585746e-05,3.0647973725849598e-06,0.0005123176659278578,4.851181217064299e-05,5.474952185412664,2.614719715968502,6.30417419019412e-07,7.259371217989728e-07
2018-08-28,8.825641764839607e-05,3.0647973725849598e-06,0.0005144354404379259,4.851181217064299e-05,5.46370122554051,2.5843790112863676,0.0,6.186570733269603e-07
2018-08-29,8.518352826469664e-05,2.762230004896005e-06,0.0005041865317761617,4.760995987758537e-05,5.464218913502442,2.2623008222428083,-3.0256736768895476e-07,4.028629757624753e-07
2018-08-30,8.518352826469664e-05,1.441459953815074e-06,0.0005041865317761617,2.4296976052713458e-05,5.46543450603059,2.749527259999301,-1.320770051080931e-06,5.487375831762564e-07
2018-08-31,9.462788598121529e-05,1.5500850966447108e-06,0.0005379154977919717,2.4771822973571764e-05,5.4547587209355655,2.9445311958450935,1.0862514282963684e-07,6.450515482287362e-07
2018-09-04,9.462788598121529e-05,1.5500850966447108e-06,0.0005379154977919717,2.4771822973571764e-05,5.448005166641465,2.9445311958450935,0.0,7.237598597056084e-07
2018-09-05,8.304598974877445e-05,2.1563668463581433e-06,0.00048496741518917123,2.8928279663451893e-05,5.460309293555245,3.2634955763991322,6.062817497134325e-07,7.464633048871771e-07
2018-09-06,7.897267689497738e-05,3.0402875276700955e-06,0.00046719940331775144,4.111865438136484e-05,5.468139382513643,3.0433332267678375,8.839206813119521e-07,7.466363900596599e-07
2018-09-07,8.143376031633915e-05,2.889632302900289e-06,0.0004762736307116824,4.008650156436799e-05,5.460163126014534,3.0282741677869964,-1.506552247698063e-07,7.463946866091997e-07
2018-09-10,8.143376031633915e-05,2.9692136937181597e-06,0.0004762736307116824,4.05114274098272e-05,5.457873624399827,3.0369180390290005,7.958139081787054e-08,7.338944810340907e-07
2018-09-11,8.143376031633915e-05,2.9692136937181597e-06,0.0004762736307116824,4.05114274098272e-05,5.470352148634987,3.033924857148532,0.0,7.321497322480523e-07
2018-09-12,8.143376031633915e-05,2.971213148532593e-06,0.0004762736307116824,4.0511657851120873e-05,5.4747433010674005,3.0670981584364525,1.9994548144332657e-09,7.170810649742685e-07
2018-09-13,8.143376031633915e-05,2.7723323808282727e-06,0.0004762736307116824,4.027989557417517e-05,5.472168007215045,2.9332188888130366,-1.988807677043203e-07,7.034373714195474e-07
2018-09-14,8.143376031633915e-05,2.5248627012310882e-06,0.0004762736307116824,3.86498368269958e-05,5.470359460543127,2.8585013238351644,-2.4746967959718446e-07,6.90656015386832e-07
2018-09-17,7.669121330246432e-05,2.5582251534988444e-06,0.00045833548437313327,3.875794010839178e-05,5.477854754090644,2.8836660522935897,3.3362452267756144e-08,6.714332018159579e-07
2018-09-18,9.426475109012954e-05,2.639133773710527e-06,0.0005339946460370329,3.9038202439922106e-05,5.455165308501704,2.991956314144458,8.090862021168272e-08,6.41388801255363e-07
2018-09-19,9.426475109012954e-05,2.639133773710527e-06,0.0005339946460370329,3.9038202439922106e-05,5.464143734720578,2.995647004429847,0.0,6.017379648409441e-07
2018-09-20,8.455856832547831e-05,2.015886347240523e-06,0.0004894911550121724,3.45505609122532e-05,5.473288691426595,2.833834110358179,-6.232474264700043e-07,5.898465053498085e-07
2018-09-21,8.07446020060374e-05,2.015886347240523e-06,0.00047569311333047165,3.45505609122532e-05,5.476110276208767,2.833834110358179,0.0,5.353797426957902e-07
2018-09-24,8.07446020060374e-05,2.0570661762362064e-06,0.00047569311333047165,3.464568337436302e-05,5.476691460168325,2.912618121759519,4.117982899568364e-08,5.44439190603716e-07
2018-09-25,8.07446020060374e-05,1.9024107190956919e-06,0.00047569311333047165,3.3894085395397294e-05,5.46812826017722,2.7473984957047484,-1.5465545714051458e-07,5.410498903098661e-07
2018-09-26,8.07446020060374e-05,1.9500995715528203e-06,0.00047569311333047165,3.406201875999679e-05,5.476274386620968,2.8018682720860975,4.7688852457128425e-08,5.288945225562407e-07
2018-09-27,8.07446020060374e-05,2.152568936370834e-06,0.00047569311333047165,3.505817481805661e-05,5.487930436009487,2.8856559808895246,2.024693648180136e-07,5.225530242409321e-07
2018-09-28,8.07446020060374e-05,2.1908742587032585e-06,0.00047569311333047165,3.5115792905654165e-05,5.477260436354284,3.0379519319420556,3.830532233242459e-08,4.799981084611016e-07
2018-10-01,8.07446020060374e-05,2.3124131450006537e-06,0.00047569311333047165,3.5522147079451194e-05,5.485491261548632,3.1978033673138047,1.2153888629739522e-07,4.395469872005682e-07
2018-10-02,8.07446020060374e-05,2.075085219210055e-06,0.00047569311333047165,3.440271017412463e-05,5.492027506583567,3.065729523975804,-2.3732792579059875e-07,3.990597497475908e-07
2018-10-03,8.306529587535622e-05,2.190850399246249e-06,0.0004843371597347513,3.54529292422724e-05,5.488800024579553,2.972261138287023,1.1576518003619385e-07,3.9784198951844265e-07
2018-10-04,8.306529587535622e-05,2.074869744814545e-06,0.0004843371597347513,3.508612091849339e-05,5.486467904414331,2.784910358672045,-1.1598065443170363e-07,3.7955467127443067e-07
2018-10-05,6.792844310497637e-05,9.89535585877453e-07,0.0004128002952315823,1.8074284642058557e-05,5.503800775337165,2.777336625288982,-1.0853341589370923e-06,4.747192106653642e-07
2018-10-08,6.506685141831254e-05,1.1674219140653557e-06,0.0004006608472099576,1.9371513491848168e-05,5.50933790009581,2.9707819646908793,1.778863281879028e-07,5.103726173594097e-07
2018-10-09,6.506685141831254e-05,1.1009578309227522e-06,0.0004006608472099576,1.908739174679361e-05,5.5056634937929,2.7833328017340855,-6.646408314260346e-08,5.342184638641295e-07
2018-10-10,0.0005523569803560946,1.1009578309227522e-06,0.0027426616182289,1.908739174679361e-05,5.159801044165668,2.6917971628251682,0.0,5.401189190067653e-07
2018-10-11,0.0004496740331011633,1.1009578309227522e-06,0.0020769746344002703,1.908739174679361e-05,5.215218431533606,2.6917971628251682,0.0,5.470932776303649e-07
2018-10-12,0.0004944726018533504,1.1009578309227522e-06,0.0021386565504931507,1.908739174679361e-05,5.19499890356601,2.6917971628251682,0.0,5.592124274027104e-07
2018-10-15,0.0004964452643189982,1.0577785471126355e-06,0.002140482213500095,1.891369174713612e-05,5.199056526963414,2.4855899317599035,-4.31792838101167e-08,5.622055268722663e-07
2018-10-16,0.0007078888167006454,2.7980565523567295e-06,0.0026139561639117958,4.708542134793848e-05,5.104390236660994,2.059234473403376,1.740278005244094e-06,5.757722173979471e-07
2018-10-17,0.0007078888167006454,2.8255314238187463e-06,0.0026139561639117958,4.54710417011839e-05,5.10460306153494,2.3582175439422692,2.747487146201683e-08,5.913725088224501e-07
2018-10-18,0.0006558264773234972,3.2305842820258696e-06,0.002523969828185425,4.815022901353065e-05,5.143916112587916,2.22316720679882,4.050528582071233e-07,6.707816574134874e-07
2018-10-19,0.0006558264773234972,3.0101797561083205e-06,0.002523969828185425,4.612199113544061e-05,5.153244863608959,2.4375157683349506,-2.2040452591754912e-07,7.174083232039566e-07
2018-10-22,0.0006558264773234972,2.6978868531201716e-06,0.002523969828185425,4.4515483430962345e-05,5.14765497236389,2.3859786616070275,-3.122929029881489e-07,7.378953859212329e-07
2018-10-23,0.0006558264773234972,2.8003922303604785e-06,0.002523969828185425,4.474522073201308e-05,5.151535793049874,2.768145270515049,1.0250537724030684e-07,7.616876721072099e-07
2018-10-24,0.0006756282944870487,8.779832852467892e-07,0.002545919962240748,1.4840165477198804e-05,5.150895096798919,2.8577168980730354,-1.9224089451136893e-06,8.01788471992684e-07
2018-10-25,0.0005736457831837625,8.779832852467892e-07,0.0022649778973750337,1.4840165477198804e-05,5.200586182924621,2.8577168980730354,0.0,8.342350284165579e-07
2018-10-26,0.0005736457831837625,8.779832852467892e-07,0.0022649778973750337,1.4840165477198804e-05,5.200597210934979,2.8577168980730354,0.0,8.596744635061095e-07
2018-10-29,0.0005736457831837625,8.127816013650343e-07,0.0022649778973750337,1.3966220868001448e-05,5.218942567636178,3.0104209676142113,-6.520168388175494e-08,8.790424459760023e-07
2018-10-30,0.0005171235778579189,9.770540012088765e-07,0.002135984238035646,1.638618295024762e-05,5.244758748708691,2.839998273184292,1.6427239984384217e-07,8.911165295939444e-07
2018-10-31,0.0005011402691200577,8.073218957291686e-07,0.0021096247449338447,1.4044145855127467e-05,5.260116992008042,2.862280216196875,-1.6973210547970783e-07,9.032793533622267e-07
2018-11-01,0.0004902887429936339,8.073218957291686e-07,0.002090084030819532,1.4044145855127467e-05,5.279273293870779,2.862280216196875,0.0,9.136757030415062e-07
2018-11-02,0.0004902887429936339,1.6678225534093163e-06,0.002090084030819532,2.2670760791013387e-05,5.2892789503181,3.2747849214575506,8.605006576801477e-07,9.042789895463453e-07
2018-11-05,0.0004902887429936339,1.6119876436696735e-06,0.002090084030819532,2.2346360801156112e-05,5.3069609561666455,3.2562629341406133,-5.5834909739642786e-08,8.989250005114687e-07
2018-11-06,0.0004902887429936339,1.876395993042082e-06,0.002090084030819532,2.4630870183902345e-05,5.292497071362193,3.272847688727517,2.644083493724085e-07,8.926452392655642e-07
2018-11-07,0.00048188184574899696,2.205017102157555e-06,0.0020767785101270648,2.6868545418483938e-05,5.3058878973352535,3.482960827870485,3.2862110911547297e-07,8.913091067747349e-07
2018-11-08,0.00048188184574899696,1.8231080883548817e-06,0.0020767785101270648,2.409065047995096e-05,5.295912094082917,3.4360384385438407,-3.819090138026733e-07,8.802765251246557e-07
2018-11-09,0.00048188184574899696,1.4368705744827011e-06,0.0020767785101270648,2.0783657708941127e-05,5.2998836973314525,3.301883903530155,-3.8623751387218054e-07,8.706499673513363e-07
2018-11-12,0.0003190995139753524,1.4368705744827011e-06,0.0013634498622571373,2.0783657708941127e-05,5.37437493358033,3.301883903530155,0.0,8.58740069169677e-07
2018-11-13,0.0003190995139753524,1.5291340836448282e-06,0.0013634498622571373,2.1816845169597965e-05,5.370026097048679,3.2144410123583222,9.226350916212701e-08,8.252389455704474e-07
2018-11-14,0.0003190995139753524,1.4552640207874683e-06,0.0013634498622571373,2.1436564582718643e-05,5.365644975376867,2.995128822605547,-7.387006285735984e-08,7.835353085923429e-07
2018-11-15,0.00030712394643486035,1.7257269022801905e-06,0.0013335710472743441,2.815300816997582e-05,5.37884913344658,2.2652912572413912,2.7046288149272216e-07,6.89461502729447e-07
2018-11-16,0.00030712394643486035,1.702821776452889e-06,0.0013335710472743441,2.7916034663384893e-05,5.383497839972877,2.336430320371555,-2.2905125827301403e-08,6.016971354223633e-07
2018-11-19,0.000290726202599424,1.702821776452889e-06,0.0012929790963607385,2.7916034663384893e-05,5.397499180269759,2.336430320371555,0.0,5.348986327277841e-07
2018-11-20,0.0002741594993384944,3.665027115161983e-06,0.0012530567578869938,5.137986794105176e-05,5.4167052183517885,2.3461179620916037,1.9622053387090938e-06,6.680894133175166e-07
2018-11-21,0.0002741594993384944,4.227337276739449e-06,0.0012530567578869938,5.479487439295024e-05,5.421448647398611,2.4968677269959283,5.62310161577466e-07,8.888839384710989e-07
2018-11-23,0.0002741594993384944,3.6828129547408145e-06,0.0012530567578869938,5.186774518765569e-05,5.4267045270119825,2.4650763405872107,-5.445243219986345e-07,9.758012044843275e-07
2018-11-26,0.0002628915796855467,4.763239938603501e-06,0.0012262154651451512,5.85197713063157e-05,5.447250802970813,2.6949035274557707,1.0804269838626865e-06,1.1529197660017126e-06
2018-11-27,0.0002628915796855467,4.95004702315679e-06,0.0012262154651451512,5.897715440043932e-05,5.446689172346732,2.878880925205121,1.8680708455328904e-07,1.2922266625216938e-06
2018-11-28,0.0002628915796855467,5.006616614529243e-06,0.0012262154651451512,5.906306069251131e-05,5.4566594986994446,3.0074450923569302,5.656959137245302e-08,1.4006580302788507e-06
2018-11-29,0.0002628915796855467,4.24657716533981e-06,0.0012262154651451512,5.521616810748702e-05,5.446990026715998,2.6782205450111887,-7.600394491894328e-07,1.4054045094435266e-06
2018-11-30,0.0002738489557035863,4.24657716533981e-06,0.0012524634873964343,5.521616810748702e-05,5.432407870057583,2.6782205450111887,0.0,1.387885301975961e-06
2018-12-03,0.0002628915796855467,4.089391238922991e-06,0.0012262154651451512,5.361006233319281e-05,5.444381653787496,2.986613101032328,-1.5718592641681976e-07,1.3942953551696e-06
2018-12-04,0.0002673732129438979,4.092229844168094e-06,0.0012364577880306794,5.361041330979527e-05,5.446957828810082,2.975291859180624,2.8386052451037663e-09,1.3868718734739725e-06
2018-12-06,0.0002673732129438979,4.02526785870002e-06,0.0012364577880306794,5.325352504311661e-05,5.447942705003167,3.0227906877453674,-6.696198546807465e-08,1.3790140045195834e-06
2018-12-07,0.00023261654221462083,3.955411997669916e-06,0.0010770867650118825,5.309782470233881e-05,5.464834525488666,2.8871315042171077,-6.985586103010338e-08,1.3747195064523029e-06
2018-12-10,0.00023261654221462083,3.7164103289659067e-06,0.0010770867650118825,5.233771895653416e-05,5.464388883009926,2.626712837931351,-2.390016687040096e-07,1.3405356635143195e-06
2018-12-11,0.00023261654221462083,3.488206029308736e-06,0.0010770867650118825,5.164756222844136e-05,5.453309272822807,2.4748828883972305,-2.2820429965717075e-07,1.268399845333339e-06
2018-12-12,0.00023261654221462083,3.5040858362229805e-06,0.0010770867650118825,5.165896232623613e-05,5.453786394049249,2.6076191845312398,1.5879806914244527e-08,1.1825845626153754e-06
2018-12-13,0.00023261654221462083,3.3378428549147505e-06,0.0010770867650118825,5.119594691208322e-05,5.457874088048856,2.3757284106147205,-1.6624298130822994e-07,1.0904061171558134e-06
2018-12-14,0.0002265555967142428,1.3380307491215636e-06,0.0010626393962523946,2.7514664566836377e-05,5.461104225023703,2.1192274433029485,-1.999812105793187e-06,1.1026706708535144e-06
2018-12-17,0.00023475419078166292,1.4666062369691988e-06,0.0010828875764452726,2.8036971320844686e-05,5.46227943636179,2.541042007353472,1.2857548784763523e-07,1.1267806292792283e-06
2018-12-18,0.000244411376024211,1.965613175885047e-06,0.0011093965717814754,3.192907159734559e-05,5.4617756205491474,2.902365513535973,4.99006938915848e-07,1.1053070330166705e-06
2018-12-19,0.000244411376024211,2.3369191777635104e-06,0.0011093965717814754,3.6188452574223574e-05,5.464367190307542,2.9771745115557104,3.713060018784636e-07,1.056856075758277e-06
2018-12-20,0.000244411376024211,2.3369191777635104e-06,0.0011093965717814754,3.6188452574223574e-05,5.472751300400936,2.9771745115557104,0.0,1.093972655247976e-06
2018-12-21,0.0002637974130602726,2.3369191777635104e-06,0.001237283810277901,3.6188452574223574e-05,5.463692173095786,2.9771745115557104,0.0,1.1128560720285432e-06
2018-12-24,0.0002721692388906238,2.3369191777635104e-06,0.0012548745901734214,3.6188452574223574e-05,5.4628502186149905,2.9771745115557104,0.0,1.1380805489876172e-06
2018-12-26,0.0008806176936491207,2.3369191777635104e-06,0.003498993600308896,3.6188452574223574e-05,5.285385302329192,2.9771745115557104,0.0,1.1115431106651478e-06
2018-12-27,0.0008806176936491207,2.568800063672418e-06,0.003498993600308896,3.7234100408687003e-05,5.295889107691913,3.149651354297115,2.3188088590890771e-07,1.046106057942892e-06
2018-12-28,0.0008806176936491207,2.651408612576633e-06,0.003498993600308896,3.7571921166636666e-05,5.300763263369464,3.170003003150854,8.260854890421481e-08,9.529339753300249e-07
2018-12-31,0.0008806176936491207,2.651408612576633e-06,0.003498993600308896,3.7571921166636666e-05,5.308827269092892,3.170003003150854,0.0,9.105828061822268e-07
2019-01-02,0.0008806176936491207,3.767356457007807e-06,0.003498993600308896,4.5862883832886885e-05,5.3169636989136375,3.282674423023691,1.1159478444311742e-06,8.80163981379967e-07
2019-01-03,0.0008806176936491207,4.198438023752092e-06,0.003498993600308896,4.787317096978088e-05,5.324888560548786,3.444882364531692,4.3108156674428513e-07,8.881227628931356e-07
2019-01-04,0.0005389582119774014,4.198438023752092e-06,0.002060681500480116,4.787317096978088e-05,5.420494847768586,3.3945200692145665,0.0,8.957816746600578e-07
2019-01-07,0.0005389582119774014,4.761677509676984e-06,0.002060681500480116,5.250749510805826e-05,5.423160546469967,3.371228904101991,5.632394859248913e-07,9.564306346246633e-07
2019-01-08,0.0005941458929468812,3.7741116317031614e-06,0.002224759756945063,4.586520719395315e-05,5.406564492940765,3.309978949580488,-9.875658779738222e-07,9.473427058137779e-07
2019-01-09,0.0005941458929468812,3.6131866057040203e-06,0.002224759756945063,4.540890288376616e-05,5.3940596664655756,3.1644653265068294,-1.6092502599914106e-07,9.432407353294419e-07
2019-01-10,0.0005941458929468812,3.1389624003595404e-06,0.002224759756945063,4.317027263646482e-05,5.382347393535623,2.974906860357915,-4.742242053444799e-07,9.359275337087949e-07
2019-01-11,0.0005941458929468812,2.9127298703797416e-06,0.002224759756945063,4.011002035355093e-05,5.374749666747976,2.91222173614722,-2.262325299797988e-07,9.261607573699142e-07
2019-01-14,0.0005908476352790187,3.8917613075112505e-06,0.0022199686766769706,4.7462241777551004e-05,5.372061547016068,3.0608989898411467,9.79031437131509e-07,9.479236658773593e-07
2019-01-15,0.0005908476352790187,3.8917613075112505e-06,0.0022199686766769706,4.7462241777551004e-05,5.368491646561573,3.0608989898411467,0.0,8.927036803104894e-07
2019-01-16,0.0005908476352790187,4.180518302156288e-06,0.0022199686766769706,4.987797054221286e-05,5.360467990806318,3.0494538937699347,2.8875699464503777e-07,8.431459199014673e-07
2019-01-17,0.0005908476352790187,4.178705700159206e-06,0.0022199686766769706,4.987781672225036e-05,5.34864436397518,3.0169038165366477,-1.8126019970822924e-09,8.185126871269806e-07
2019-01-18,0.0005908476352790187,4.010991600447223e-06,0.0022199686766769706,4.955941694896803e-05,5.347734864656605,2.7640396432192107,-1.677140997119834e-07,7.998837133603488e-07
2019-01-22,0.0005908476352790187,4.010991600447223e-06,0.0022199686766769706,4.955941694896803e-05,5.3645127953156315,2.7640396432192107,0.0,7.713071979220034e-07
2019-01-23,0.0006599097522730816,4.212270144625938e-06,0.002342885960395544,5.0561474443889604e-05,5.3405574674331655,2.8912173261991727,2.0127854417871567e-07,7.395722605829648e-07
2019-01-24,0.0006599097522730816,3.7897504510870636e-06,0.002342885960395544,4.605156608222508e-05,5.340203595106957,3.0609036519344,-4.225196935388747e-07,6.817549609482954e-07
2019-01-25,0.0006836158586315108,4.383468925549822e-06,0.002378364231222093,4.9251107606569265e-05,5.32422526451269,3.221420217307603,5.937184744627585e-07,6.278013335946473e-07
2019-01-28,0.0006813711508179601,4.433741073534004e-06,0.002374713193130303,4.933917624385122e-05,5.31987382119687,3.2101025891382884,5.0272147984182026e-08,5.815902136523331e-07
2019-01-29,0.0006813711508179601,4.433741073534004e-06,0.002374713193130303,4.933917624385122e-05,5.333411713017096,3.2101025891382884,0.0,5.248596686985208e-07
2019-01-30,0.000669817806602292,4.444021230729676e-06,0.002350774300508284,4.942302709422849e-05,5.341823948920202,3.209872180507425,1.028015719567186e-08,4.43228592551703e-07
2019-01-31,0.000669817806602292,4.693376030643342e-06,0.002350774300508284,5.02545877599866e-05,5.345915457538377,3.3541263013898908,2.493547999136662e-07,4.6426886796764343e-07
2019-02-01,0.000669817806602292,4.123222585637315e-06,0.002350774300508284,4.584858357502221e-05,5.341397855312752,3.392060941820411,-5.701534450060271e-07,4.633720225959236e-07
2019-02-04,0.000669817806602292,3.0035398348156656e-06,0.002350774300508284,3.8439733084228645e-05,5.322897884281014,3.199039077398607,-1.1196827508216494e-06,5.17609216775507e-07
2019-02-05,0.000669817806602292,3.013660582329414e-06,0.002350774300508284,3.8445955020645616e-05,5.3250477720576,3.286181009412897,1.0120747513748455e-08,5.286461002369781e-07
2019-02-06,0.000669817806602292,3.013660582329414e-06,0.002350774300508284,3.8445955020645616e-05,5.305960566107318,3.221112914213872,0.0,5.647976664993832e-07
2019-02-07,0.0006528553511944898,2.415129195935349e-06,0.002324782094340784,3.4207945240728984e-05,5.296805664361724,3.076536609253433,-5.985313863940651e-07,6.503745042883382e-07
2019-02-08,0.0006528553511944898,2.1252186033078955e-06,0.002324782094340784,3.208423337596606e-05,5.290274602655359,3.126039675767788,-2.899105926274535e-07,7.38816029768856e-07
2019-02-11,0.0006528553511944898,1.224326323213917e-06,0.002324782094340784,2.1386144077139533e-05,5.282413642327923,3.077606240368849,-9.008922800939784e-07,9.157683099361779e-07
2019-02-12,0.0008850406060639251,1.224326323213917e-06,0.0031043067687691515,2.1386144077139533e-05,5.200513741087874,3.077606240368849,0.0,1.0645009274809839e-06
2019-02-13,0.0008850406060639251,1.788520425412536e-06,0.0031043067687691515,3.0956522606934785e-05,5.204795487830777,2.658385889775969,5.641941021986189e-07,1.1298392160870294e-06
2019-02-14,0.0008850406060639251,2.0789768882956542e-06,0.0031043067687691515,3.2600283291762444e-05,5.205457344848173,2.8686951354189247,2.904564628831183e-07,1.1543292007150633e-06
2019-02-15,0.0008850406060639251,1.9196629127580464e-06,0.0031043067687691515,3.074276502123679e-05,5.2142798449812355,2.818992023818274,-1.5931397553760788e-07,1.1772179086381738e-06
2019-02-19,0.0007273197725760137,1.1482217630850124e-06,0.002832437786525068,1.905222227433771e-05,5.248777353310094,3.2217486840512812,-7.71441149673034e-07,1.2475531745844422e-06
2019-02-20,0.0007273197725760137,1.1277300789537162e-06,0.002832437786525068,1.950859390777074e-05,5.241851498783021,2.8866500318228647,-2.049168413129621e-08,1.2991027881836096e-06
2019-02-21,0.0007273817155442023,1.0659139222527003e-06,0.0028325041041431685,1.9276470187540486e-05,5.237217940608797,2.690811228401972,-6.181615670101584e-08,1.3258608836758132e-06
2019-02-22,0.0007273817155442023,1.0659139222527003e-06,0.0028325041041431685,1.9276470187540486e-05,5.21758042954408,2.690811228401972,0.0,1.3554367083908211e-06
2019-02-25,0.0007273817155442023,1.0490771186304518e-06,0.0028325041041431685,1.9242098960210333e-05,5.210043663698571,2.5371802002481063,-1.6836803622248595e-08,1.3341241490254844e-06
2019-02-26,0.0007204676204637525,1.0490771186304518e-06,0.0028258896353667395,1.9242098960210333e-05,5.229562885142152,2.5371802002481063,0.0,1.2856513532602937e-06
2019-02-27,0.0007151021838829138,1.161660134526428e-06,0.0028213159907364747,2.0673072169441894e-05,5.203454026409216,2.5238484414057476,1.1258301589597631e-07,1.2055818350876251e-06
2019-02-28,0.0007151074923773819,1.161660134526428e-06,0.002821320122548438,2.0673072169441894e-05,5.178270318989992,2.5238484414057476,0.0,1.0931318113070567e-06
2019-03-01,0.0007436072292281131,1.375630600620705e-06,0.0028496729186707694,2.2284504144965085e-05,5.155129670212164,2.754695185673777,2.1397046609427688e-07,8.917007590270511e-07
2019-03-04,0.0007436072292281131,1.3655098531069559e-06,0.0028496729186707694,2.227376813932036e-05,5.1722323547810465,2.6137291742055053,-1.012074751374909e-08,7.091844415014023e-07
2019-03-05,0.0007744404676136737,1.2249377816739115e-06,0.002887684346979902,2.0861019626544292e-05,5.151348339047287,2.7519374723408387,-1.405720714330443e-07,6.412763898323758e-07
2019-03-06,0.000778733817564167,1.1831622681652166e-06,0.0028938224284437387,2.0730076338240725e-05,5.149560387260859,2.5596184810363765,-4.1775513508694924e-08,5.50015168334645e-07
2019-03-07,0.0008128896189241352,1.1831622681652166e-06,0.002962344074721657,2.0730076338240725e-05,5.111620487597456,2.5596184810363765,0.0,4.1971725334430634e-07
2019-03-08,0.0008210749592812607,1.1515393870126792e-06,0.0029779177242061665,2.0661498858025517e-05,5.085886319767338,2.3563807977046483,-3.1622881152537435e-08,3.472178152865783e-07
2019-03-11,0.0006380845773960203,1.1515393870126792e-06,0.002633712398951921,2.0661498858025517e-05,5.158410643348582,2.3563807977046483,0.0,2.9468488304809376e-07
2019-03-12,0.0006380845773960203,8.610829241295614e-07,0.002633712398951921,1.7956206622521602e-05,5.152473263851603,2.050999288847486,-2.9045646288311777e-07,3.094469988974505e-07
2019-03-13,0.0006380845773960203,8.300267757274526e-07,0.002633712398951921,1.787993800279459e-05,5.153771865102251,1.7579548389881867,-3.1056148402108845e-08,3.244944368542112e-07
2019-03-14,0.0006380845773960203,3.954606076869195e-07,0.002633712398951921,1.150773950957141e-05,5.137189341808465,1.3211738178555676,-4.345661680405331e-07,3.506309381729131e-07
2019-03-15,0.0006380845773960203,9.971345801819721e-07,0.002633712398951921,2.230224275088303e-05,5.130822330995228,1.2750060291967462,6.016739724950527e-07,2.807176094032467e-07
2019-03-18,0.0005260335492517521,3.86111201044983e-07,0.0024489512427012874,1.1369862078827799e-05,5.175635900405849,1.684561384845686,-6.110233791369891e-07,2.604886229270719e-07
2019-03-19,0.00013198644503524266,3.86111201044983e-07,0.0006870967003177425,1.1369862078827799e-05,5.416957476784685,1.684561384845686,0.0,2.9791419231300097e-07
2019-03-20,0.00013198644503524266,3.86111201044983e-07,0.0006870967003177425,1.1369862078827799e-05,5.418500319416274,1.684561384845686,0.0,3.270391558585794e-07
2019-03-21,0.000124469426405974,3.86111201044983e-07,0.0006605976768433023,1.1369862078827799e-05,5.421762968673767,1.684561384845686,0.0,3.5115246023027554e-07
2019-03-22,0.0002271421748864037,3.489821942850695e-07,0.0011265195955368925,1.1083115253473288e-05,5.333201693692994,1.228820430836882,-3.71290067599135e-08,3.7325661952629843e-07
2019-03-25,0.0002271421748864037,5.298838808503249e-08,0.0011265195955368925,2.371495180417777e-06,5.334138826717613,2.055508572751057,-2.95993806200037e-07,4.1650678158139207e-07
2019-03-26,0.0002271421748864037,1.468602135411817e-07,0.0011265195955368925,5.4827470456664865e-06,5.329339160464159,1.4949814449540852,9.387182545614921e-08,4.420992106249223e-07
2019-03-27,0.0002424009347752473,1.468602135411817e-07,0.0011616458513866858,5.4827470456664865e-06,5.316513290024806,1.707957999930572,0.0,4.572034154816925e-07
2019-03-28,0.0002424009347752473,1.4560438590230198e-07,0.0011616458513866858,5.482075300782299e-06,5.305793809691653,1.595911004442095,-1.2558276388797117e-09,4.661244644962256e-07
2019-03-29,0.0002424009347752473,2.0868332766387024e-07,0.0011616458513866858,6.365863671738545e-06,5.302787092956191,2.0005975429080887,6.307894176156825e-08,4.505692168094507e-07
2019-04-01,0.0002424009347752473,2.0868332766387024e-07,0.0011616458513866858,6.365863671738545e-06,5.3090017214165615,2.0005975429080887,0.0,4.2710523332503416e-07
2019-04-02,0.00024563314126807036,2.6937858190529487e-07,0.0011678836112720935,7.085138012621523e-06,5.302530380794523,2.320022122493731,6.069525424142464e-08,4.0510916047035615e-07
2019-04-03,0.00031427892075688244,4.717474827267891e-07,0.0015556043697933547,1.0168672968079815e-05,5.249207985846141,2.7017498687917105,2.0236890082149423e-07,3.7596690280865577e-07
2019-04-04,0.00031427892075688244,4.717474827267891e-07,0.0015556043697933547,1.0168672968079815e-05,5.241592120247651,2.7017498687917105,0.0,3.404776791933792e-07
2019-04-05,0.00031427892075688244,4.965715888070493e-07,0.0015556043697933547,1.1061879424062084e-05,5.240991549836379,2.4482430950436274,2.4824106080260182e-08,3.0065874695465383e-07
2019-04-08,0.00031427892075688244,4.965715888070493e-07,0.0015556043697933547,1.1061879424062084e-05,5.234585623193767,2.4482430950436274,0.0,2.502169257133226e-07
2019-04-09,0.00029249848429324806,4.965715888070493e-07,0.0015192466109767008,1.1061879424062084e-05,5.260696578875358,2.3490564464279946,0.0,2.274608785777294e-07
2019-04-10,0.00029249848429324806,4.965715888070493e-07,0.0015192466109767008,1.1061879424062084e-05,5.2602093696543655,2.3490564464279946,0.0,2.0427208301370833e-07
2019-04-11,0.0002882237916215891,9.835853970448367e-07,0.0015134205610503138,2.0294826235058526e-05,5.253368554536572,2.186470433264927,4.870138082377874e-07,2.461985756446004e-07
2019-04-12,0.00028712199595241195,9.835853970448367e-07,0.0015122414284022632,2.0294826235058526e-05,5.253438030860083,2.186470433264927,0.0,2.4447914694531863e-07
2019-04-15,0.00028712199595241195,3.7263013836114244e-07,0.0015122414284022632,9.695663771774934e-06,5.236937797080376,2.034160561636678,-6.109552586836943e-07,2.445335984599769e-07
2019-04-16,0.0002887849851969367,3.955771457525295e-07,0.0015141079969325742,9.821665820945703e-06,5.231903951910529,2.0824975394384824,2.2947007391387057e-08,2.4451894865567573e-07
2019-04-17,0.0002887849851969367,3.3249820399096125e-07,0.0015141079969325742,9.273297623532841e-06,5.240917643512339,1.6988710865047958,-6.307894176156825e-08,2.4495276710553253e-07
2019-04-18,0.0002887849851969367,6.057046978230034e-07,0.0015141079969325742,1.3117747103677971e-05,5.25150511045615,2.3125942690374526,2.732064938320422e-07,2.4938686606420086e-07
2019-04-22,0.0002887849851969367,6.263680781041933e-07,0.0015141079969325742,1.3193536177445325e-05,5.24856098694246,2.521699903964275,2.066338028118985e-08,2.5369168838116533e-07
2019-04-23,0.0002887849851969367,8.761306562799134e-07,0.0015141079969325742,1.6577182407587204e-05,5.263016129015632,2.5324711567406326,2.4976257817572007e-07,2.5768054787078406e-07
2019-04-24,0.0002887849851969367,1.001506751024322e-06,0.0015141079969325742,1.770140387998149e-05,5.2575441669996446,2.5716207173015193,1.2537609474440865e-07,2.731405124665738e-07
2019-04-25,0.0002893977061899429,1.001506751024322e-06,0.0015150967404647794,1.770140387998149e-05,5.254517066868436,2.5716207173015193,0.0,2.810122681576604e-07
2019-04-26,0.0002893977061899429,1.1487625928925976e-06,0.0015150967404647794,1.9010518062746787e-05,5.246721076748768,2.630551755705529,1.4725584186827554e-07,2.9477472749101286e-07
2019-04-29,0.0002893977061899429,1.102202455088544e-06,0.0015150967404647794,1.8876877423736346e-05,5.241546757011442,2.4182886062562,-4.656013780405347e-08,3.0044527897801875e-07
2019-04-30,0.00027917153139245964,1.102202455088544e-06,0.0015009798521394878,1.8876877423736346e-05,5.249697742560438,2.4182886062562,0.0,2.990662303517073e-07
2019-05-01,0.0002771050481836422,1.4575163372454673e-06,0.0014984750521251581,2.438251519240663e-05,5.261545583151771,2.3668958652268186,3.553138821569232e-07,3.2840084233701317e-07
2019-05-02,0.0002771050481836422,1.4575163372454673e-06,0.0014984750521251581,2.438251519240663e-05,5.265226061169634,2.3668958652268186,0.0,3.577409183584432e-07
2019-05-03,0.0002699834209222622,1.6321229803972306e-06,0.001489149096299013,2.545645086811784e-05,5.2811465127870205,2.6186674267345498,1.7460664315176337e-07,3.946973323655089e-07
2019-05-06,0.0002740364266781732,1.6321229803972306e-06,0.0014947870120709955,2.545645086811784e-05,5.282044925789221,2.6542036243085834,0.0,4.214513571998e-07
2019-05-07,0.0002215216302560516,1.4324340051521231e-06,0.0010952530589697924,2.44174794071417e-05,5.328310315078185,2.4132319754271934,-1.996889752451075e-07,4.250639970500281e-07
2019-05-08,0.0002215216302560516,1.4324340051521231e-06,0.0010952530589697924,2.44174794071417e-05,5.324321793700971,2.488431488414063,0.0,4.23235018132039e-07
2019-05-09,0.0002215216302560516,1.1310561175737551e-06,0.0010952530589697924,2.240990198471923e-05,5.322720425024785,2.170467825302392,-3.01377887578368e-07,4.066814568176883e-07
2019-05-10,0.0002215216302560516,1.1178047026646748e-06,0.0010952530589697924,2.210511885955005e-05,5.326900135300236,2.1334916650637927,-1.3251414909080318e-08,4.0688926341772503e-07
2019-05-13,0.00025299027908717945,9.644252139117358e-07,0.0011672364701129396,2.074214839120864e-05,5.31319855616971,2.1564194002532555,-1.5337948875293903e-07,4.070567677485673e-07
2019-05-14,0.00025007268076036274,9.644252139117358e-07,0.0011619066812634947,2.074214839120864e-05,5.313436851642316,2.1564194002532555,0.0,3.762483852066494e-07
2019-05-15,0.00025007268076036274,9.644252139117358e-07,0.0011619066812634947,2.074214839120864e-05,5.330608526481814,2.1564194002532555,0.0,3.4251393244298726e-07
2019-05-16,0.0002443504526895063,1.0370244119604597e-06,0.0011592918978535142,2.1393067587840997e-05,5.331612472246255,2.1699669713145817,7.259919804872388e-08,2.9202335527273993e-07
2019-05-17,0.0002598704022225173,1.0370244119604597e-06,0.0012260782729877635,2.1393067587840997e-05,5.319414890850834,2.1699669713145817,0.0,2.6566202260038663e-07
2019-05-20,0.00026443477286751323,1.2969615910297587e-06,0.0012329799663550925,2.389181878560571e-05,5.328413971947081,2.5167422333856266,2.5993717906929907e-07,2.3596293040362265e-07
2019-05-21,0.00026443477286751323,1.2969615910297587e-06,0.0012329799663550925,2.389181878560571e-05,5.308694049456495,2.5167422333856266,0.0,2.2506150214785426e-07
2019-05-22,0.0002588268523854491,1.3235649126520795e-06,0.0012248973340281647,2.396702569488252e-05,5.312090613342582,2.6801456362047236,2.6603321622320787e-08,2.2080073095995103e-07
2019-05-23,0.00019695793533212462,2.037028472136173e-06,0.0009547462103227885,3.269176267131575e-05,5.3747686243396755,2.477746845424456,7.134635594840934e-07,2.789800205286067e-07
2019-05-24,0.00019695793533212462,2.2315574399740665e-06,0.0009547462103227885,3.3571621840443634e-05,5.390756762101935,2.7122048347588286,1.9452896783789361e-07,3.488210570220958e-07
2019-05-28,0.00019695793533212462,1.8235105012453394e-06,0.0009547462103227885,2.701705950455128e-05,5.394566292918487,3.1042379944664638,-4.080469387287272e-07,3.608344180494882e-07
2019-05-29,0.00019695793533212462,1.9872989950258246e-06,0.0009547462103227885,2.8420880295045878e-05,5.4034891959446885,3.1903678398682556,1.6378849378048527e-07,3.8019860078027906e-07
2019-05-30,0.00019695793533212462,3.4314583059458765e-06,0.0009547462103227885,4.690667254043057e-05,5.408665684834552,3.1430607908695976,1.444159310920052e-06,5.904676151151597e-07
2019-05-31,0.0001924366724068056,3.4662584849014573e-06,0.0009398664799306172,4.678652520034563e-05,5.415448792841023,3.2744899827814016,3.480017895558073e-08,7.34150774729504e-07
2019-06-03,0.00020913741238755284,3.4662584849014573e-06,0.0009830670421994035,4.678652520034563e-05,5.404817658750298,3.2744899827814016,0.0,8.432473323392323e-07
2019-06-04,0.0003166981606455009,3.4662584849014573e-06,0.0013959349445386816,4.678652520034563e-05,5.334330240902789,3.2744899827814016,0.0,9.302952351785915e-07
2019-06-05,0.0003166981606455009,1.8599493486603463e-06,0.0013959349445386816,2.499368492535361e-05,5.338132602272403,3.4453128377250333,-1.606309136241111e-06,9.264195881307441e-07
2019-06-06,0.0003166981606455009,2.1566623403721005e-06,0.0013959349445386816,2.8481237937059277e-05,5.337718370404366,3.485512143908839,2.9671299171175423e-07,9.247582448876931e-07
2019-06-07,0.0003166981606455009,1.7858198953762514e-06,0.0013959349445386816,2.578269292078719e-05,5.337246317982176,3.3017660731843157,-3.7084244499584915e-07,9.093160660181931e-07
2019-06-10,0.0003166981606455009,1.8920069156001267e-06,0.0013959349445386816,2.6274527096558284e-05,5.351567937017527,3.2686532596398123,1.0618702022387532e-07,8.91203004059854e-07
2019-06-11,0.0003166981606455009,2.80226436676329e-06,0.0013959349445386816,3.902260710155849e-05,5.340715785261096,3.044914266438543,9.102574511631634e-07,8.817047763871283e-07
2019-06-12,0.0003166981606455009,2.7612194040748616e-06,0.0013959349445386816,3.8969780484532085e-05,5.325642401642179,2.9101776431728013,-4.104496268842852e-08,8.601583259418904e-07
2019-06-13,0.0003166981606455009,2.9251416894348554e-06,0.0013959349445386816,3.957759144554575e-05,5.33396116544393,3.0831170388406206,1.6392228535999375e-07,8.345331287420061e-07
2019-06-14,0.0003166981606455009,2.807328434552329e-06,0.0013959349445386816,3.9246397796596956e-05,5.330236850037796,2.917103815060127,-1.1781325488252656e-07,7.972713607093662e-07
2019-06-17,0.0003166981606455009,2.822805802271591e-06,0.0013959349445386816,3.941101912379706e-05,5.332469854282528,2.9166417804117475,1.547736771926211e-08,7.476959583569e-07
2019-06-18,0.0003166981606455009,2.440103967822814e-06,0.0013959349445386816,3.71033788467703e-05,5.3395500349094736,2.8607971344145726,-3.8270183444877694e-07,7.027250945804974e-07
2019-06-19,0.0003166981606455009,2.193810273864238e-06,0.0013959349445386816,3.3248507818877434e-05,5.344661756506475,2.8928195009590127,-2.4629369395857614e-07,6.528467174427975e-07
2019-06-20,0.0003166981606455009,2.193810273864238e-06,0.0013959349445386816,3.3248507818877434e-05,5.337044088798624,2.8928195009590127,0.0,5.981407752804826e-07
2019-06-21,0.0003166981606455009,2.231121085477844e-06,0.0013959349445386816,3.341185790156832e-05,5.322474612161113,2.9045130614927346,3.731081161360632e-08,5.912991578137717e-07
2019-06-24,0.0003166981606455009,2.231121085477844e-06,0.0013959349445386816,3.341185790156832e-05,5.332645051422646,2.9045130614927346,0.0,5.913110381362072e-07
2019-06-25,0.00031362253586394073,2.322986076572888e-06,0.0013898265542429855,3.785408103041315e-05,5.334418778975064,2.915059505911345,9.186499109504396e-08,5.697357119679666e-07
2019-06-26,0.00031362253586394073,2.41996403732307e-06,0.0013898265542429855,3.836037447674384e-05,5.352812321748792,2.9210126360200293,9.697796075018169e-08,5.547759379134534e-07
2019-06-27,0.00031362253586394073,2.744103323053221e-06,0.0013898265542429855,3.9918120850810824e-05,5.3617783380536075,3.097407976787261,3.241392857301514e-07,5.196822999452157e-07
2019-06-28,0.00031362253586394073,2.627653500106847e-06,0.0013898265542429855,3.9590468908155155e-05,5.364390059593234,2.982059612263433,-1.1644982294637419e-07,4.736053607036198e-07
2019-07-01,0.00031362253586394073,2.6528355268519764e-06,0.0013898265542429855,3.939002264067712e-05,5.367331654063042,3.1394595853766845,2.5182026745129386e-08,4.186816450873019e-07
2019-07-02,0.00031362253586394073,3.938815613400265e-06,0.0013898265542429855,6.161974058939068e-05,5.360842633917189,2.7828124877114546,1.2859800865482883e-06,4.859766958185426e-07
2019-07-03,0.00031362253586394073,3.765934693158507e-06,0.0013898265542429855,5.963056479146891e-05,5.359000519656015,2.868748466602515,-1.728809202417575e-07,5.397311746835375e-07
2019-07-05,0.00031362253586394073,3.765934693158507e-06,0.0013898265542429855,5.963056479146891e-05,5.364382563339276,2.928945278312145,0.0,5.900060255019215e-07
2019-07-08,0.00031362253586394073,3.745093759586465e-06,0.0013898265542429855,5.961355326575075e-05,5.358367036501343,2.864006431262164,-2.0840933572042023e-08,5.987217547333833e-07
2019-07-09,0.00031362253586394073,3.7321954889415053e-06,0.0013898265542429855,5.9601726181524026e-05,5.36015266934003,2.8784809004620557,-1.2898270644959884e-08,5.990280201661805e-07
2019-07-10,0.00031362253586394073,1.8238105562134576e-06,0.0013898265542429855,2.8371000209067762e-05,5.361989618543857,3.070028878965172,-1.908384932728048e-06,6.420743896021844e-07
2019-07-11,0.00031362253586394073,1.91374211985871e-06,0.0013898265542429855,2.8685800629860285e-05,5.362075622496001,3.226365165176677,8.993156364525256e-08,6.725178312156093e-07
2019-07-12,0.00031362253586394073,1.91374211985871e-06,0.0013898265542429855,2.8685800629860285e-05,5.366986597085961,3.226365165176677,0.0,6.974012615247354e-07
2019-07-15,0.00031362253586394073,1.91374211985871e-06,0.0013898265542429855,2.8685800629860285e-05,5.362859126780027,3.226365165176677,0.0,7.194075490255047e-07
2019-07-16,0.0003374443492348056,1.916121661785672e-06,0.001481971968166303,2.868626155686738e-05,5.332055390767994,3.2808241307903985,2.3795419269619157e-09,7.375875052094494e-07
2019-07-17,0.0003374443492348056,2.215844532767424e-06,0.001481971968166303,3.023487594451969e-05,5.34049747890051,3.4069316033977226,2.9972287098175186e-07,7.422256254222474e-07
2019-07-18,0.0004222633673961518,2.168180754284814e-06,0.0018237284376437554,3.0019315615748914e-05,5.279826911125593,3.390946265375102,-4.766377848260982e-08,7.430093893017708e-07
2019-07-19,0.0004222633673961518,2.318779641525528e-06,0.0018237284376437554,3.190554179430114e-05,5.283997185091041,3.292480299938944,1.5059888724071382e-07,7.398275524863411e-07
2019-07-22,0.0004222633673961518,3.1506402930974997e-06,0.0018237284376437554,4.031229612682689e-05,5.281199317518254,3.4753113096733013,8.318606515719718e-07,7.43078503064316e-07
2019-07-23,0.0004222633673961518,3.1095732952335177e-06,0.0018237284376437554,4.025953663435033e-05,5.268296475062052,3.370998136918116,-4.106699786398202e-08,7.421024896164414e-07
2019-07-24,0.00022883016502419786,3.1095732952335177e-06,0.0011749686820213027,4.025953663435033e-05,5.3807255870233295,3.370998136918116,0.0,7.414679429904037e-07
2019-07-25,0.00022765091102149,3.0596090830532224e-06,0.0011732864522746062,3.9964426102011164e-05,5.388315768326218,3.3708955924343234,-4.996421218029534e-08,7.403993362472351e-07
2019-07-26,0.00022765091102149,3.012936188271176e-06,0.0011732864522746062,3.9843148467678206e-05,5.394385436741227,3.3396722572165802,-4.667289478204651e-08,7.421649646234509e-07
2019-07-29,0.00022765091102149,1.993783425008744e-06,0.0011732864522746062,2.7747840277750938e-05,5.400250688916993,3.4624581166705415,-1.0191527632624318e-06,7.628324555420205e-07
2019-07-30,0.00022811055758723738,1.8737325789414625e-06,0.0011739025720623943,2.6859902652759438e-05,5.408399639767483,3.4618467025839443,-1.2005084606728164e-07,7.881229150001892e-07
2019-07-31,0.00021696170458895478,1.8327848189894592e-06,0.0011524716794819845,2.680679804506773e-05,5.414906505190466,3.247209608143714,-4.094775995200323e-08,7.57081935648544e-07
2019-08-01,0.00022632913034531128,1.8232764799048447e-06,0.001169244104123704,2.6801303779863047e-05,5.4101341751160446,3.232746569808775,-9.508339084614509e-09,7.258647657006287e-07
2019-08-02,0.00022632913034531128,2.463613765041553e-06,0.001169244104123704,3.257125908217804e-05,5.414216119730744,3.337925281652709,6.403372851367084e-07,6.639530205748582e-07
2019-08-05,0.0005161025598629271,2.463613765041553e-06,0.0022027050090319975,3.257125908217804e-05,5.25683709931931,3.337925281652709,0.0,5.906410146989044e-07
2019-08-06,0.0005146973727238303,2.3638645028066834e-06,0.0022012520910800895,3.223658393667248e-05,5.252092129863846,3.1989284482839833,-9.97492622348698e-08,4.992167129925512e-07
2019-08-07,0.0005146973727238303,2.224240047386895e-06,0.0022012520910800895,3.1811595674987774e-05,5.236038797234198,2.8992801777103283,-1.3962445541978846e-07,4.860386415404016e-07
2019-08-08,0.000438714473551867,1.7939201652484573e-06,0.002020332336927643,2.7090747659048618e-05,5.279063670159769,2.8274136259446627,-4.3031988213843764e-07,4.922944774315984e-07
2019-08-09,0.000438714473551867,1.7939201652484573e-06,0.002020332336927643,2.7090747659048618e-05,5.283729505295806,2.8274136259446627,0.0,4.983960064123454e-07
2019-08-12,0.0004947041960014183,2.9539331953289474e-06,0.002258474538455934,4.170062618631266e-05,5.256519804499983,2.7254991180276007,1.16001303008049e-06,5.068640971747064e-07
2019-08-13,0.0004532837775279393,2.9539331953289474e-06,0.002202656914706709,4.170062618631266e-05,5.275769540426433,2.7254991180276007,0.0,5.097638181148564e-07
2019-08-14,0.00038960836140725823,2.9539331953289474e-06,0.001945692846924798,4.170062618631266e-05,5.30635845689534,2.7254991180276007,0.0,5.197591571754011e-07
2019-08-15,0.00038960836140725823,1.926347074003366e-06,0.001945692846924798,3.4685723423230016e-05,5.301709285906473,2.5636483734165263,-1.0275861213255813e-06,5.298864324368746e-07
2019-08-16,0.0003886320355332988,2.022396905132606e-06,0.0019441933670103645,3.497885634993512e-05,5.301910808900886,2.6925236657150196,9.60498311292399e-08,5.380893616148861e-07
2019-08-19,0.00038517120522235003,2.022396905132606e-06,0.0019404597142100568,3.497885634993512e-05,5.297519652794004,2.6925236657150196,0.0,5.189048593977152e-07
2019-08-20,0.00038517120522235003,1.2765865266333607e-06,0.0019404597142100568,2.2402927997977226e-05,5.293809035246762,2.8209869878224207,-7.458103784992453e-07,5.458447346757442e-07
2019-08-21,0.00038369622069604336,2.0952861947468363e-06,0.0019389930710798637,3.196464204509238e-05,5.291980307386412,2.625255858508768,8.186996681134757e-07,5.123611933672504e-07
2019-08-22,0.00038369622069604336,3.1153579218810112e-06,0.0019389930710798637,4.649107203373075e-05,5.304339919668657,2.7431866529898827,1.020071727134175e-06,5.171542837915384e-07
2019-08-23,0.0003365672483126568,2.9329410778758123e-06,0.0017162277502990523,4.586018571118539e-05,5.336507952713665,2.563271355575736,-1.8241684400519893e-07,5.112017994253443e-07
2019-08-26,0.00033559430344410273,3.0307594536780313e-06,0.0017146312936799299,4.6075640078433997e-05,5.333204625328771,2.758803231916122,9.781837580221897e-08,5.364527140807528e-07
2019-08-27,0.00033559430344410273,3.087039496861313e-06,0.0017146312936799299,4.6163638345519684e-05,5.3346886423480475,2.905339527349533,5.628004318328175e-08,5.5450596584495e-07
2019-08-28,0.00033559430344410273,3.087039496861313e-06,0.0017146312936799299,4.6163638345519684e-05,5.3385087836815375,2.905339527349533,0.0,5.630179446855469e-07
2019-08-29,0.00031616396787987044,2.796588588241335e-06,0.0016869676748646142,4.5364852379212746e-05,5.359386851581194,2.500909488638002,-2.9045090861997795e-07,5.507261479057033e-07
2019-08-30,0.00031616396787987044,9.883600514240823e-07,0.0016869676748646142,2.008311322253475e-05,5.356765278574048,2.7154980506581405,-1.8082285368172528e-06,6.424806112437784e-07
2019-09-03,0.00031357579818574565,1.375521468155773e-06,0.0016841766932394803,2.5979041306546633e-05,5.35943281334269,2.2211958901166904,3.8716141673169065e-07,6.811896724313098e-07
2019-09-04,0.00031357579818574565,8.982965961376024e-07,0.0016841766932394803,2.140744847394518e-05,5.348878760486146,1.9133774228772304,-4.772248720181705e-07,7.534512521127837e-07
2019-09-05,0.00031621338743551415,6.233041846209829e-07,0.0016870226832372767,1.555060156293838e-05,5.342613370888065,2.014407656088105,-2.749924115166195e-07,8.384211767216416e-07
2019-09-06,0.00031621338743551415,5.924438856849028e-07,0.0016870226832372767,1.5380956634004107e-05,5.335382577229663,1.9689311726421905,-3.0860298936080114e-08,9.081651002126176e-07
2019-09-09,0.00031662532733036557,1.806336065012259e-06,0.0016874853852322411,3.3493646471002184e-05,5.3385956732616355,2.0688646082690707,1.2138921793273563e-06,9.079301362620756e-07
2019-09-10,0.0003178556211357481,9.587311494858952e-07,0.0016888961683571844,1.857502785091179e-05,5.3294400001805995,2.6075521970199165,-8.476049155263637e-07,9.217876916862689e-07
2019-09-11,0.0003262680696866319,9.587311494858952e-07,0.001700015348805352,1.857502785091179e-05,5.325723683370977,2.6075521970199165,0.0,9.241732638299864e-07
2019-09-12,0.0003262680696866319,9.895914484219754e-07,0.001700015348805352,1.871574314993384e-05,5.326135141331361,2.6515118228800993,3.086029893608022e-08,9.136591793333046e-07
2019-09-13,0.0003279966442480422,8.786388619070737e-07,0.0017021713837589657,1.841446158173686e-05,5.33258335541779,2.205468838711423,-1.1095258651490173e-07,9.375202159615225e-07
2019-09-16,0.00032572742480359854,8.786388619070737e-07,0.0016992553287378457,1.841446158173686e-05,5.338659360041592,2.205468838711423,0.0,9.564447642944179e-07
2019-09-17,0.00032572742480359854,9.716716258668997e-07,0.0016992553287378457,1.8992805529146618e-05,5.3371638126570735,2.5573138759690455,9.303276395982602e-08,9.67729757577309e-07
2019-09-18,0.00032572742480359854,1.0137891220033467e-06,0.0016992553287378457,1.9259464566755778e-05,5.336183122723501,2.5874747673590464,4.211749613644698e-08,9.75067458547781e-07
2019-09-19,0.0003282556426913148,1.0374751522762887e-06,0.0017024785213168967,1.9301038730580968e-05,5.330804338403535,2.7690009779363103,2.3686030272941988e-08,9.785514770712608e-07
2019-09-20,0.0003282556426913148,1.0579070645095698e-06,0.0017024785213168967,1.9377536631377353e-05,5.331971716138745,2.814523927726535,2.043191223328111e-08,9.172031295766535e-07
2019-09-23,0.0003282556426913148,1.042729381991956e-06,0.0017024785213168967,1.914880254541502e-05,5.321650599657109,2.8615924636536505,-1.5177682517613804e-08,8.569916676775784e-07
2019-09-24,0.0003282556426913148,1.074866913936978e-06,0.0017024785213168967,1.9410059963553852e-05,5.333981146978914,2.832585325420482,3.213753194502191e-08,7.685842424758855e-07
2019-09-25,0.00032652706812990445,2.4454420774086417e-06,0.0017003228758183655,4.109666772791869e-05,5.333877576664938,2.7006806502088785,1.3705751634716638e-06,7.007217963849384e-07
2019-09-26,0.00032652706812990445,2.775995669516189e-06,0.0017003228758183655,4.2637867124421425e-05,5.336491914564136,2.848758594559704,3.305535921075474e-07,6.606667220288571e-07
2019-09-27,0.000332102434469844,3.7116210700637157e-06,0.0017077420554977877,5.038818062570208e-05,5.333728077763714,2.881719932575649,9.356254005475266e-07,7.915276428911399e-07
2019-09-30,0.00032385311153022037,3.546207249479019e-06,0.0016969323507400463,4.9938272748029615e-05,5.33899461446438,2.6498272525669013,-1.6541382058469656e-07,9.320186455333371e-07
2019-10-01,0.0002751157881976412,3.546207249479019e-06,0.0014641261017718683,4.9938272748029615e-05,5.37021320593695,2.6498272525669013,0.0,1.0446871192835922e-06
2019-10-02,0.0002759547831090557,4.3593220998683804e-06,0.0014526344379126852,5.919054919420898e-05,5.370877554830418,2.5915645310456115,8.131148503893613e-07,1.2067992960082018e-06
2019-10-03,0.00027159883951660083,4.33202997821881e-06,0.0014463338776009999,5.916305850221845e-05,5.37341287841711,2.453198885827606,-2.7292121649570343e-08,1.310915629323761e-06
2019-10-04,0.00027159883951660083,4.33202997821881e-06,0.0014463338776009999,5.916305850221845e-05,5.37610959586507,2.453198885827606,0.0,1.379653351293058e-06
2019-10-07,0.00027159883951660083,4.761176834353511e-06,0.0014463338776009999,6.395009943505381e-05,5.3780406761646296,2.4565472728676228,4.2914685613470066e-07,1.5010142387112577e-06
2019-10-08,0.00023493153182324236,3.044820653397336e-06,0.0012637237302486554,4.769432493900112e-05,5.402007783529417,2.4532261466043677,-1.716356180956175e-06,1.4800935877753222e-06
2019-10-09,0.0002430201668196387,3.044820653397336e-06,0.0012778679276281564,4.769432493900112e-05,5.391995436076048,2.4532261466043677,0.0,1.4510018134940973e-06
2019-10-10,0.0002430201668196387,1.1322880534386361e-06,0.0012778679276281564,2.2050463043257214e-05,5.388479942521549,2.508563020782279,-1.9125325999587e-06,1.4438159338880828e-06
2019-10-11,0.0002346077182687549,1.1322880534386361e-06,0.00126303781486481,2.2050463043257214e-05,5.388507283242168,2.3741308796232574,0.0,1.4303435206228663e-06
2019-10-14,0.0002346077182687549,1.073410828193635e-06,0.00126303781486481,2.1646780914400096e-05,5.382972573196202,2.3486134741796025,-5.887722524500116e-08,1.4196180709604867e-06
2019-10-15,0.0002346077182687549,1.1027240237206527e-06,0.00126303781486481,2.1739276718912863e-05,5.3734873581906335,2.550615537246892,2.9313195527017744e-08,1.4126145547816768e-06
2019-10-16,0.0002346077182687549,1.2175128955189916e-06,0.00126303781486481,2.231639440916172e-05,5.381407427395541,2.733888446147666,1.1478887179833884e-07,1.4021939782157036e-06
2019-10-17,0.00023081743522951608,1.5978277882020707e-06,0.0012559171178893036,2.691511258400017e-05,5.387317971120672,2.880561979656312,3.8031489268307914e-07,1.3770465371580513e-06
2019-10-18,0.00023081743522951608,1.5978277882020707e-06,0.0012559171178893036,2.691511258400017e-05,5.387671701016177,2.880561979656312,0.0,1.3520103817767531e-06
2019-10-21,0.00023212827349055546,1.7200807616931485e-06,0.0012583316570697212,2.7442812584197974e-05,5.385851975104449,3.0612532033787327,1.222529734910778e-07,1.3205540719481065e-06
2019-10-22,0.00024239083545297805,1.7200807616931485e-06,0.0012779557998044665,2.7442812584197974e-05,5.37926587803913,2.959618886520168,0.0,1.2894295217030277e-06
2019-10-23,0.00024239083545297805,1.1369334756894184e-06,0.0012779557998044665,1.9303985892623336e-05,5.368696478307828,2.8964616245196297,-5.831472860037301e-07,1.3307369309231176e-06
2019-10-24,0.00023885279710797444,1.1369334756894184e-06,0.0012728023302551084,1.9303985892623336e-05,5.37002828675267,2.8964616245196297,0.0,1.3657251023831436e-06
2019-10-25,0.00023885279710797444,1.2022065330174258e-06,0.0012728023302551084,2.0058022023109044e-05,5.376139909495065,2.8671956592190324,6.52730573280074e-08,1.3601684579695312e-06
2019-10-28,0.00023885279710797444,1.4527216157701957e-06,0.0012728023302551084,2.172858801900496e-05,5.368402140233121,3.111014845780917,2.505150827527699e-07,1.3426418121676851e-06
2019-10-29,0.00023885279710797444,1.4527216157701957e-06,0.0012728023302551084,2.172858801900496e-05,5.381589488382469,3.151413874497996,0.0,1.3161493416856456e-06
2019-10-30,0.00024421986063292506,1.3490071580407114e-06,0.0012811412564314967,2.1157940989429288e-05,5.3744595622407,3.1411597649972642,-1.0371445772948424e-07,1.2157861054593514e-06
2019-10-31,0.0002403586035033685,1.8457132922398074e-06,0.0012748345815899696,2.6929902534447222e-05,5.377499558345213,2.98255279464872,4.96706134199096e-07,1.0820648923090238e-06
2019-11-01,0.0002403586035033685,1.889994534240941e-06,0.0012748345815899696,2.702938927310378e-05,5.377743425174469,3.1263711928623144,4.4281242001133624e-08,9.119772533730963e-07
2019-11-04,8.95392183009326e-05,1.7085297564736337e-06,0.0005133390477911244,2.574489482205853e-05,5.492475669283754,3.2907569274128496,-1.8146477776730735e-07,5.690355919111067e-07
2019-11-05,8.95392183009326e-05,1.701382318426264e-06,0.0005133390477911244,2.5692819004482913e-05,5.491878216975344,3.2716454101780426,-7.147438047369714e-09,4.5453495926759885e-07
2019-11-06,8.95392183009326e-05,1.701382318426264e-06,0.0005133390477911244,2.5692819004482913e-05,5.486815643276202,3.233500338194197,0.0,2.826720120103196e-07
2019-11-07,8.715702482540739e-05,1.6747265894214442e-06,0.000505113762715091,2.562653148409655e-05,5.491368964543958,3.208249803586738,-2.6655729004819743e-08,2.7720235247124046e-07
2019-11-08,8.715702482540739e-05,1.803276612985509e-06,0.000505113762715091,2.6278242376843488e-05,5.495699871137797,3.2689074986180424,1.2855002356406486e-07,2.746820785258516e-07
2019-11-11,8.715702482540739e-05,1.7922493371269653e-06,0.000505113762715091,2.654172889378916e-05,5.500744011366462,3.130055510981408,-1.1027275858543836e-08,2.620807276316471e-07
2019-11-12,9.816112249099022e-05,1.6131503876102644e-06,0.0005511855576350465,2.5438443316134036e-05,5.487136366076353,3.0865970606067745,-1.790989495167009e-07,2.412640141085138e-07
2019-11-13,9.946033108967793e-05,1.176022494003912e-06,0.0005552741430094079,1.9999108163911407e-05,5.47513497437177,3.0069010407638794,-4.3712789360635243e-07,2.4457131846749515e-07
2019-11-14,9.946033108967793e-05,1.1313800147130525e-06,0.0005552741430094079,1.9825277152998303e-05,5.461571706191234,2.835063947817975,-4.464247929085947e-08,2.6270728320307466e-07
2019-11-15,9.946033108967793e-05,1.2122278138519409e-06,0.0005552741430094079,2.125015221895177e-05,5.469437944292172,2.801905415368452,8.084779913888841e-08,2.722409085858787e-07
2019-11-18,9.946033108967793e-05,1.1165821763042589e-06,0.0005552741430094079,2.050921917559854e-05,5.468022055473556,2.593405989187529,-9.564563754768202e-08,2.8227839350711995e-07
2019-11-19,9.946033108967793e-05,1.24312517110425e-06,0.0005552741430094079,2.1284058134604045e-05,5.467922174602062,2.7113127362413234,1.2654299479999115e-07,2.820412303000102e-07
2019-11-20,9.946033108967793e-05,8.299016390883128e-07,0.0005552741430094079,1.550623315091028e-05,5.466636066740055,2.7599706553926957,-4.132235320159372e-07,3.081048205114233e-07
2019-11-21,9.946033108967793e-05,8.769911291587612e-07,0.0005552741430094079,1.6481800407878425e-05,5.465829304975274,2.711202182639116,4.70894900704484e-08,3.2698438389152335e-07
2019-11-22,9.946033108967793e-05,7.678416782685976e-07,0.0005552741430094079,1.5565333573707404e-05,5.46792943195811,2.6616697801929483,-1.0914945089016361e-07,3.5660049255009696e-07
2019-11-25,9.946033108967793e-05,6.355671764299478e-07,0.0005552741430094079,1.4482511150347092e-05,5.466829257541981,2.4152026047940853,-1.3227450183864978e-07,3.968295963453159e-07
2019-11-26,9.946033108967793e-05,6.355671764299478e-07,0.0005552741430094079,1.4482511150347092e-05,5.447293635757744,2.4152026047940853,0.0,4.2926578885387623e-07
2019-11-27,9.946033108967793e-05,4.672655601358283e-07,0.0005552741430094079,1.2427838274205865e-05,5.4519581813814195,2.0156413386838805,-1.6830161629411952e-07,4.7102430007992134e-07
2019-11-29,9.946033108967793e-05,4.3194730027766783e-07,0.0005552741430094079,1.223611530316016e-05,5.449901257616713,1.651273855237266,-3.5318259858160484e-08,4.891533334985142e-07
2019-12-02,9.696540711930564e-05,4.524635555912715e-07,0.000543583352885519,1.228267432269697e-05,5.4475555553794,1.9922702469593807,2.0516255313603674e-08,4.912043846575565e-07
2019-12-03,9.696540711930564e-05,4.524635555912715e-07,0.000543583352885519,1.228267432269697e-05,5.464396323488087,1.9922702469593807,0.0,4.961164960657065e-07
2019-12-04,9.749153903901856e-05,4.627358650197199e-07,0.0005493821273842117,1.2302719269768193e-05,5.462706827503757,2.197683398866223,1.0272309428448386e-08,4.925227674037325e-07
2019-12-05,9.78459521406739e-05,4.627358650197199e-07,0.0005504417575990423,1.2302719269768193e-05,5.447330270044882,2.197683398866223,0.0,4.805734088326567e-07
2019-12-06,9.869889402853296e-05,4.627358650197199e-07,0.0005531413359366247,1.2302719269768193e-05,5.447067371814841,2.310178883438591,0.0,4.6201441264913504e-07
2019-12-09,9.899819825616155e-05,4.3498307898323827e-07,0.0005560690616543241,1.2246254882105879e-05,5.436363745024531,2.001908140552047,-2.7752786036481618e-08,4.2090121700176446e-07
2019-12-10,9.899819825616155e-05,4.3498307898323827e-07,0.0005560690616543241,1.2246254882105879e-05,5.428470590004965,1.9969732048628361,0.0,3.635981314784659e-07
2019-12-11,0.00010272976433712,4.377002936041188e-07,0.0005746840576886389,1.2247662664492547e-05,5.4256222051301615,2.2419948078205514,2.7172146208805163e-09,3.1040119355314816e-07
2019-12-12,8.167870936860518e-05,2.797127545667761e-07,0.0004917266486928093,8.135442911558774e-06,5.453075951675898,2.5012380333376565,-1.5798753903734269e-07,3.0363830187197316e-07
2019-12-13,8.167870936860518e-05,1.4301033032129962e-07,0.0004917266486928093,4.406305540944927e-06,5.450727071137065,2.685472743583482,-1.3670242424547648e-07,3.0355967663049807e-07
2019-12-16,7.885014107293758e-05,1.5357712692668581e-07,0.00048169106244193006,4.461597377000178e-06,5.455091064413322,2.9995687843166747,1.0566796605386192e-08,2.8513333780090813e-07
2019-12-17,7.885014107293758e-05,1.456059869710729e-07,0.00048169106244193006,4.394295394157232e-06,5.4623335214547115,3.114449899987703,-7.971139955612923e-09,2.673219944813438e-07
2019-12-18,5.538557042219188e-05,1.456059869710729e-07,0.0003583309109933357,4.394295394157232e-06,5.495431553470504,3.114449899987703,0.0,2.1692114031540608e-07
2019-12-19,5.538557042219188e-05,1.640893852325071e-07,0.0003583309109933357,4.578384118931814e-06,5.491431486336512,2.9988786668531033,1.8483398261434213e-08,2.0734476068167778e-07
2019-12-20,5.538557042219188e-05,6.753458262452084e-08,0.0003583309109933357,2.524144002569834e-06,5.493924156161374,3.0571594341825676,-9.655480260798626e-08,1.9239853730006903e-07
2019-12-23,5.538557042219188e-05,6.48173680036403e-08,0.0003583309109933357,2.5173042803774577e-06,5.490754651105672,3.0501539831364455,-2.7172146208805427e-09,1.8212399994627362e-07
2019-12-24,5.538557042219188e-05,2.9098586425129405e-08,0.0003583309109933357,1.262347718037552e-06,5.4798949159882575,2.9896306901145597,-3.5718781578510894e-08,1.8199434734666266e-07
2019-12-26,5.538557042219188e-05,2.9098586425129405e-08,0.0003583309109933357,1.262347718037552e-06,5.480107659651487,2.9896306901145597,0.0,1.7646224031381092e-07
2019-12-27,5.538557042219188e-05,7.133728880360312e-07,0.0003583309109933357,1.891065349880673e-05,5.474394085243951,2.2681411715366666,6.842743016109018e-07,1.9713049231459987e-07
2019-12-30,5.223411658832725e-05,7.133728880360312e-07,0.00034547610677676223,1.891065349880673e-05,5.485627282219927,2.2681411715366666,0.0,2.1627810208722404e-07
2019-12-31,5.730329717859514e-05,7.248981341107733e-07,0.00037645052765740325,1.8926376006360845e-05,5.46899227878223,2.3126784509797487,1.1525246074742093e-08,2.3345548016940965e-07
2020-01-02,7.08901810792003e-05,7.248981341107733e-07,0.0004377205236187951,1.8926376006360845e-05,5.443845118000254,2.3126784509797487,0.0,2.486685952532251e-07
2020-01-03,6.392381934838735e-05,7.202262289649955e-08,0.0004009031405312364,2.291214732500981e-06,5.452912816657051,2.8647985006796413,-6.528755112142737e-07,2.537910446294616e-07
2020-01-06,6.392381934838735e-05,2.0605881996026895e-07,0.0004009031405312364,6.301287227009982e-06,5.46579203682556,2.6004296022174493,1.340361970637694e-07,2.526909714537916e-07
2020-01-07,6.392381934838735e-05,2.1484503519243507e-07,0.0004009031405312364,6.329830763265322e-06,5.468798850304081,2.7783591939057777,8.786215232166115e-09,2.507405975096256e-07
2020-01-08,6.392381934838735e-05,2.1249249298176064e-07,0.0004009031405312364,6.306256247757122e-06,5.457538002229958,2.954414814561053,-2.3525422106744326e-09,2.49131895696566e-07
2020-01-09,5.594333014821172e-05,2.1249249298176064e-07,0.0003589013378078146,6.306256247757122e-06,5.473829351602133,2.954414814561053,0.0,2.4698586701434546e-07
2020-01-10,5.5929923303179754e-05,2.0370627774959452e-07,0.0003588360105987666,6.27760552185902e-06,5.475509338351436,2.795839785531417,-8.786215232166115e-09,2.442865932802037e-07
2020-01-13,5.5929923303179754e-05,2.0370627774959452e-07,0.0003588360105987666,6.27760552185902e-06,5.470051649621897,2.6259244087963864,0.0,2.445714584550206e-07
2020-01-14,5.5929923303179754e-05,2.0370627774959452e-07,0.0003588360105987666,6.27760552185902e-06,5.470901142780759,2.6259244087963864,0.0,2.434537695337187e-07
2020-01-15,7.242219581403039e-05,3.341813814607669e-07,0.0004555200727568537,8.43228229493051e-06,5.427871993452711,2.6191119322384675,1.3047510371117237e-07,2.426369253652219e-07
2020-01-16,5.8398135142927575e-05,3.262927773393316e-07,0.0003757017208642167,8.420893478368237e-06,5.4575615998220925,2.353190533068894,-7.888604121435267e-09,2.4114896105527997e-07
2020-01-17,5.8398135142927575e-05,5.471011330844321e-07,0.0003757017208642167,1.2636242344126384e-05,5.45944346555804,2.394607861298104,2.2080835574510052e-07,2.46179048451074e-07
2020-01-21,5.8398135142927575e-05,5.471011330844321e-07,0.0003757017208642167,1.2636242344126384e-05,5.4631165702209366,2.394607861298104,0.0,2.5004889600201907e-07
2020-01-22,5.8398135142927575e-05,5.471011330844321e-07,0.0003757017208642167,1.2636242344126384e-05,5.456638288909575,2.4005838020494017,0.0,2.4779671846124596e-07
2020-01-23,5.8547988530574164e-05,6.240917165543921e-07,0.00037624265315826987,1.3217674897038595e-05,5.444522006192389,2.6499135070761453,7.699058346995993e-08,2.4648113916017263e-07
2020-01-24,6.10515596234641e-05,6.008091030026953e-07,0.0003836978158823556,1.3113097414157288e-05,5.440502954658257,2.6734460483022877,-2.3282613551696788e-08,2.3793131152919824e-07
2020-01-27,9.141318211867004e-05,5.538677687867044e-07,0.0005356728010467924,1.277645937057087e-05,5.394422474324306,2.4597913413874144,-4.6941334215990904e-08,2.2360461314633277e-07
2020-01-28,9.141318211867004e-05,5.88208155413016e-07,0.0005356728010467924,1.2976106634147817e-05,5.3908240669673075,2.6877685103728304,3.434038662631162e-08,2.1673441894294283e-07
2020-01-29,9.141318211867004e-05,5.031013950981248e-07,0.0005356728010467924,1.2370909019151117e-05,5.394105762507968,2.421170649523587,-8.510676031489117e-08,2.0651351592261108e-07
2020-01-30,9.141318211867004e-05,4.839575054890107e-07,0.0005356728010467924,1.2116670293533706e-05,5.393927472931742,2.4321064020963927,-1.914388960911412e-08,1.9365281014596733e-07
2020-01-31,0.00011679366373196066,5.158415154216242e-07,0.000637118747254435,1.2502367763567216e-05,5.361687468093354,2.4162549138710068,3.188400993261353e-08,1.801045195729633e-07
2020-02-03,0.00011679366373196066,6.657238162882366e-07,0.000637118747254435,1.422981139254218e-05,5.36707949440715,2.410866328190499,1.4988230086661232e-07,1.7464270580328642e-07
2020-02-04,0.00014548677538073646,6.657238162882366e-07,0.0007435930049862218,1.422981139254218e-05,5.3378820541171255,2.410866328190499,0.0,1.7597859997843769e-07
2020-02-05,0.00014699535155421515,6.657238162882366e-07,0.0007478027313956945,1.422981139254218e-05,5.334290810537352,2.405940400254267,0.0,1.7480282400681637e-07
2020-02-06,0.00014699535155421515,7.270364447521262e-07,0.0007478027313956945,1.4675707178870202e-05,5.347901174894289,2.4849765035484546,6.131262846388968e-08,1.7428373293843887e-07
2020-02-07,0.0001450215495791521,1.237759216299538e-06,0.0007426714128039865,2.1440074184336677e-05,5.353469826693255,2.5920119539928774,5.107227715474118e-07,2.311245366499587e-07
2020-02-10,0.0001450215495791521,1.2897766850671237e-06,0.0007426714128039865,2.1482847769307685e-05,5.368394645036359,2.807017771161469,5.2017468767585636e-08,2.7251732866558134e-07
2020-02-11,0.0001450215495791521,1.2897766850671237e-06,0.0007426714128039865,2.1482847769307685e-05,5.362045147379883,2.715005063985416,0.0,2.981688869467613e-07
2020-02-12,0.0001450215495791521,1.4508038237302211e-06,0.0007426714128039865,2.2587293555864068e-05,5.363635952484496,2.8275487190300828,1.6102713866309741e-07,3.295851276998565e-07
2020-02-13,0.00016896312361017394,9.400810521828094e-07,0.0008485378865669708,1.6305993694002846e-05,5.3365363754098745,2.6621108593973055,-5.107227715474117e-07,3.211349296263757e-07
2020-02-14,0.00016896312361017394,1.2752263171268128e-06,0.0008485378865669708,2.129179827118886e-05,5.331236266496758,2.6156573123175244,3.3514526494400346e-07,3.2707421745283056e-07
2020-02-18,0.00016896312361017394,1.163856958707411e-06,0.0008485378865669708,2.0651751896212724e-05,5.321447620454543,2.5140024899888997,-1.1136935841940193e-07,3.3240197702005034e-07
2020-02-19,0.00016896312361017394,1.2239730589510585e-06,0.0008485378865669708,2.2447280837903805e-05,5.321382897052132,2.2292153857109045,6.011610024364757e-08,3.3791187656018393e-07
2020-02-20,0.00017888235184626715,1.0472524561337959e-06,0.0008756404168541742,2.0956553568254933e-05,5.312865474162917,2.3522094338225856,-1.7672060281726262e-07,3.3273470886904344e-07
2020-02-21,0.00014972576347201816,1.9923901627388667e-06,0.0007478562991025128,3.24968895221337e-05,5.346125094415012,2.36954155722217,9.451377066050708e-07,4.099939828760875e-07
2020-02-24,0.00039101842786196523,2.0992128390807843e-06,0.0018311354378946546,3.2895585084847923e-05,5.161558396608023,2.4312282982024005,1.0682267634191763e-07,4.7562418584098424e-07
2020-02-25,0.00029703059538167706,2.2830974164731125e-06,0.0013687033620854634,3.6254920802042506e-05,5.228792132243297,2.3659130460346747,1.838845773923282e-07,5.395101899467844e-07
2020-02-26,0.00029703059538167706,2.241760633636089e-06,0.0013687033620854634,3.614469507354463e-05,5.234325726561644,2.2820072194688623,-4.1336782837023716e-08,5.811686705228583e-07
2020-02-27,0.000350858460055544,2.241760633636089e-06,0.001504033079203964,3.614469507354463e-05,5.215501832640176,2.2820072194688623,0.0,6.029402146445814e-07
2020-02-28,0.000350858460055544,2.241760633636089e-06,0.001504033079203964,3.614469507354463e-05,5.23453700946084,2.2820072194688623,0.0,6.096356235397072e-07
2020-03-02,0.0010336659458074016,1.8467749027963402e-06,0.003867018124234492,3.0750694535134336e-05,4.986002072446905,2.3562228551868802,-3.949857308397486e-07,5.844224470502603e-07
2020-03-03,0.0009888593492084234,1.8060007937962374e-06,0.003792596748189128,3.0279831105924014e-05,5.039169962521619,2.402217632444968,-4.07741090001028e-08,5.611496574913144e-07
2020-03-04,0.0007992161228966641,1.8070170410716172e-06,0.003106769941819214,3.0279910751318274e-05,5.127945004837361,2.432470097359894,1.0162472753797649e-09,5.304838240317694e-07
2020-03-05,0.0007992161228966641,1.8060007937962374e-06,0.003106769941819214,3.0279831105924014e-05,5.147086854053918,2.402217632444968,-1.0162472753797649e-09,4.909782905719217e-07
2020-03-06,0.0007992161228966641,1.8440769759059793e-06,0.003106769941819214,3.056250762339753e-05,5.163433300070029,2.4098895219271768,3.807618210974191e-08,4.480359977693921e-07
2020-03-09,0.0025405356260512005,1.4609815756554083e-06,0.007724593111464342,2.7446738419872494e-05,4.831680506659456,2.2756204140848175,-3.83095400250571e-07,4.397617584013371e-07
2020-03-10,0.0025405356260512005,1.3327354242218565e-06,0.007724593111464342,2.6671142959985385e-05,4.844269694421762,2.2311454595752473,-1.2824615143355182e-07,4.3792038636682235e-07
2020-03-11,0.0017640375151590163,1.3327354242218565e-06,0.005161791395039005,2.6671142959985385e-05,4.992350345061551,2.1668394591984135,0.0,4.360601019666347e-07
2020-03-12,0.0021786499907064916,3.929056927384705e-07,0.005788327029881086,9.741939587093788e-06,4.9549497495447845,2.2761677166814205,-9.39829731483386e-07,5.203112593064508e-07
2020-03-13,0.0038920695676718216,2.139933828472056e-07,0.009180983014863137,6.300728498670338e-06,4.802029929957466,2.237245439167273,-1.7891230989126492e-07,5.907388696245549e-07
2020-03-16,0.004642477046667163,2.139933828472056e-07,0.010169093998486442,6.300728498670338e-06,4.747369417710217,2.237245439167273,0.0,6.630444587439312e-07
2020-03-17,0.003676627976828457,2.027429248662105e-07,0.00826990648874161,6.253642548683896e-06,4.823374522307271,2.035713629513705,-1.1250457980995087e-08,7.230619386803988e-07
2020-03-18,0.003401574193429156,1.445204959139099e-07,0.007843538829916423,5.454283234770998e-06,4.8581995731014604,1.6413254816389908,-5.822242895230061e-08,7.812477143930501e-07
2020-03-19,0.003596878001112922,1.6275867687733957e-07,0.008139293322174782,5.911755051801117e-06,4.869185566834105,1.6467731252746938,1.8238180963429673e-08,8.275718876957061e-07
2020-03-20,0.003596878001112922,6.755214029388757e-07,0.008139293322174782,1.6539751050201898e-05,4.901729060290089,2.0191075161743637,5.127627260615362e-07,8.289512251192463e-07
2020-03-23,0.003596878001112922,6.755214029388757e-07,0.008139293322174782,1.6539751050201898e-05,4.924910526228017,2.0191075161743637,0.0,8.193646193110331e-07
2020-03-24,0.003596878001112922,5.647631146745704e-07,0.008139293322174782,1.564942730299446e-05,4.958162808130471,1.8965802469441815,-1.1075828826430536e-07,7.946476397551908e-07
2020-03-25,0.003596878001112922,5.647631146745704e-07,0.008139293322174782,1.564942730299446e-05,4.980594610488793,1.8965802469441815,0.0,7.623617581497703e-07
2020-03-26,0.0034929189179936358,5.322668902147519e-07,0.00795721371567745,1.549105238361642e-05,5.004295794463544,1.532456203365125,-3.249622445981847e-08,7.194727393584412e-07
2020-03-27,0.0034929189179936358,1.9504164153215723e-08,0.00795721371567745,1.165412777426627e-06,5.016730347099943,0.9934779257600956,-5.127627260615362e-07,6.87025158840809e-07
2020-03-30,0.003452941810536589,1.684456696447135e-08,0.007900335476297073,1.1511523312826357e-06,5.051445563688621,0.0,-2.659597188744374e-09,6.732068519793863e-07
2020-03-31,0.003452941810536589,1.684456696447135e-08,0.007900335476297073,1.1511523312826357e-06,5.077703283546963,0.8002645258951153,0.0,6.493303827468635e-07
2020-04-01,0.0034247326088243705,0.0,0.007861348297231983,0.0,5.103470539616138,0.0,-1.684456696447135e-08,6.116711968352253e-07
2020-04-02,0.0034247326088243705,0.0,0.007861348297231983,0.0,5.132777331128472,0.0,0.0,5.564218847663248e-07
2020-04-03,0.0034247326088243705,5.724489580038532e-07,0.007861348297231983,1.7004670270813782e-05,5.154230928946489,0.25220718878374365,5.724489580038532e-07,4.6152401578352255e-07
2020-04-06,0.0031352524028411643,5.724489580038532e-07,0.007398681257458036,1.7004670270813782e-05,5.197994169803146,0.25220718878374365,0.0,3.979576525584642e-07
2020-04-07,0.0031352524028411643,5.236017827705319e-07,0.007398681257458036,1.4233812815758961e-05,5.190716605560258,1.1124148297147791,-4.884717523332135e-08,3.3547743616619136e-07
2020-04-08,0.0029190599906735062,5.236017827705319e-07,0.007039659534875025,1.4233812815758961e-05,5.225601223912766,1.1124148297147791,0.0,2.5154353922307117e-07
2020-04-09,0.002819829252955364,2.7687797329819202e-06,0.0068942009761189865,4.937277211592024e-05,5.257403356394116,1.4244900915873284,2.2451779502113885e-06,6.011507467219964e-07
2020-04-13,0.002819829252955364,5.459619885618307e-06,0.0068942009761189865,7.141526738480075e-05,5.2723011712580075,1.8732191648275098,2.690840152636387e-06,1.2680159930575627e-06
2020-04-14,0.002819829252955364,5.60571329043212e-06,0.0068942009761189865,7.185359714788441e-05,5.27110998820439,1.9802595211696932,1.460934048138127e-07,1.6672099999048955e-06
2020-04-15,0.002819829252955364,5.60571329043212e-06,0.0068942009761189865,7.185359714788441e-05,5.286202021586564,1.9802595211696932,0.0,1.9486089610742624e-06
2020-04-16,0.002819829252955364,5.60571329043212e-06,0.0068942009761189865,7.185359714788441e-05,5.285109532246393,1.9802595211696932,0.0,2.157002345546505e-06
2020-04-17,0.002819829252955364,3.3605353402207314e-06,0.0068942009761189865,5.410979785541557e-05,5.294805636601202,1.594316445978746,-2.2451779502113885e-06,2.1693251234759083e-06
2020-04-20,0.002819829252955364,3.284359120803065e-06,0.0068942009761189865,5.3453819796428006e-05,5.303713378119882,1.5235430834603498,-7.617621941766647e-08,2.1839293098496154e-06
2020-04-21,0.002819829252955364,4.672366234294556e-06,0.0068942009761189865,6.267338877022112e-05,5.3038621873583285,2.0538286900074723,1.3880071134914912e-06,2.255981096702295e-06
2020-04-22,0.002819829252955364,4.672366234294556e-06,0.0068942009761189865,6.267338877022112e-05,5.318537972472961,2.0538286900074723,0.0,2.3036209524060626e-06
2020-04-23,0.002819829252955364,5.747744901267413e-06,0.0068942009761189865,6.829949264588058e-05,5.32661515907809,2.3650760320808826,1.0753786669728565e-06,2.3973713296765157e-06
2020-04-24,0.002819829252955364,1.0101849354751785e-05,0.0068942009761189865,0.00010355888943506394,5.336679969204482,2.5532778248665498,4.354104453484373e-06,2.8924429680464242e-06
2020-04-27,0.002819829252955364,1.6793446989821916e-05,0.0068942009761189865,0.00017069958612355294,5.3467227788495455,2.4106152681348467,6.6915976350701305e-06,4.153154202010521e-06
2020-04-28,0.002819829252955364,1.5718068322849058e-05,0.0068942009761189865,0.0001685273914442719,5.354422744019398,2.136779784939011,-1.0753786669728582e-06,4.830154771854002e-06
2020-04-29,0.002819829252955364,1.665745336405743e-05,0.0068942009761189865,0.0001703155394167239,5.369427533658715,2.4049873705291454,9.393850412083719e-07,5.402074731513396e-06
2020-04-30,0.002819829252955364,2.84195135324947e-05,0.0068942009761189865,0.0002549078933911787,5.373448510054186,2.0386166941777337,1.176206016843727e-05,7.305807867079645e-06
2020-05-01,0.002819829252955364,2.7050838557824182e-05,0.0068942009761189865,0.00025280112453149014,5.3806610840801525,1.7163639062490132,-1.3686749746705174e-06,8.396713015661305e-06
2020-05-04,0.002819829252955364,1.9750533328635696e-05,0.0068942009761189865,0.00020072798108648301,5.375657316063527,1.6822141005686395,-7.3003052291884865e-06,8.574689332823032e-06
2020-05-05,0.002819829252955364,1.973120118981472e-05,0.0068942009761189865,0.00020072544714281682,5.374098603491672,1.5689048832969907,-1.933213882097427e-08,8.636573894267454e-06
2020-05-06,0.002819829252955364,1.95960567322462e-05,0.0068942009761189865,0.00020061656041175355,5.37952753993426,1.4791716409055267,-1.3514445756852131e-07,8.575965210356341e-06
2020-05-07,0.002819829252955364,1.955138613567251e-05,0.0068942009761189865,0.00020060322111976412,5.3695802299738125,1.322940087101807,-4.4670596573691425e-08,8.399634497998911e-06
2020-05-08,0.002819829252955364,2.2390221229717628e-05,0.0068942009761189865,0.00022421598195916464,5.362707104279298,1.303524407633943,2.838835094045119e-06,8.409624309928516e-06
2020-05-11,0.002819829252955364,2.016029380676988e-05,0.0068942009761189865,0.0002076071777240067,5.361307282171505,1.6549518216937191,-2.229927422947746e-06,8.359211842085688e-06
2020-05-12,0.002819829252955364,1.9973326604567162e-05,0.0068942009761189865,0.0002074026108089621,5.366862913848324,1.5863385441815925,-1.8696720220271902e-07,8.241374323926118e-06
2020-05-13,0.002819829252955364,1.9855331478443332e-05,0.0068942009761189865,0.00020733851394615438,5.362456507877157,1.375117411534955,-1.1799512612383015e-07,8.050995757278491e-06
2020-05-14,0.002819829252955364,1.6590843981481292e-05,0.0068942009761189865,0.00017766185130242297,5.360908374234443,1.4080542091380035,-3.26448749696204e-06,7.73372437048707e-06
2020-05-15,0.002819829252955364,1.8879300342728393e-05,0.0068942009761189865,0.00018606560556967794,5.360451367973559,1.5363580118991946,2.2884563612471004e-06,7.18947579525039e-06
2020-05-18,0.002819829252955364,1.8280951963680605e-05,0.0068942009761189865,0.00018240491225626591,5.361434139104838,1.5334154967832485,-5.98348379047788e-07,6.488700821069109e-06
2020-05-19,0.0037434983436247554,1.4904863103388419e-05,0.008931208606079606,0.0001658822479866288,5.3074712716975965,1.4518515001870609,-3.376088860292186e-06,5.814887838975341e-06
2020-05-20,0.003937835104423121,6.126026692140977e-06,0.009162498152821,7.812053276260425e-05,5.2875269264328875,1.5646163569827642,-8.778836411247442e-06,5.649673666668893e-06
2020-05-21,0.003937835104423121,8.390932091841977e-06,0.009162498152821,8.886741979281924e-05,5.278607184767076,2.268328203378979,2.264905399701e-06,5.376890173588884e-06
2020-05-22,0.006456566579244775,5.617729889757097e-06,0.015889466845795987,6.718774530608985e-05,5.148206239162043,2.2807979778850145,-2.7732022020848805e-06,5.798181578024944e-06
2020-05-26,0.006634117091969765,1.4487472033452922e-05,0.015992741909779236,0.00014885229539281792,5.138140801880724,2.3856019975614133,8.869742143695825e-06,5.840390125377078e-06
2020-05-27,0.0018898305595735278,1.4487472033452922e-05,0.005076145578624842,0.00014885229539281792,5.395268630561398,2.3856019975614133,0.0,5.8677517926806244e-06
2020-05-28,0.001919851238591663,1.4487472033452922e-05,0.0051467369231197255,0.00014885229539281792,5.393186303859015,2.3856019975614133,0.0,5.904972870960675e-06
2020-05-29,0.0016491960520689237,1.4487472033452922e-05,0.004652619288392239,0.00014885229539281792,5.403010473526228,2.3856019975614133,0.0,5.335447200042354e-06
2020-06-01,0.001539490756195198,1.4291075360146865e-05,0.0045146246237374845,0.0001486678930269224,5.394603906401207,2.198705779892781,-1.9639667330605718e-07,4.770610969306959e-06
2020-06-02,0.0015954978298505346,1.0661222353539406e-05,0.004613371023517785,0.00011157290444064673,5.382353960394176,2.2723629980571647,-3.6298530066074587e-06,4.837220298762736e-06
2020-06-03,0.0015954978298505346,5.6507876589634035e-06,0.004613371023517785,6.734214671539258e-05,5.376164325709143,2.287775217038307,-5.010434694576003e-06,5.22101502976457e-06
2020-06-04,0.001235866176296288,5.154849807797688e-06,0.003959432562376816,6.559072206859548e-05,5.397850011368882,1.981563141672741,-4.959378511657152e-07,5.5329884830134865e-06
2020-06-05,0.001235866176296288,7.3847315981560415e-06,0.003959432562376816,9.219547724175398e-05,5.394719397876315,1.6128309670751781,2.229881790358353e-06,5.584736868634921e-06
2020-06-08,0.001833739725576813,7.387948517338152e-06,0.006042694271375986,9.219573935318663e-05,5.314732669154046,1.7052427726127537,3.2169191821106996e-09,5.346214798443772e-06
2020-06-09,0.002012765020253399,7.387948517338152e-06,0.006350630432269456,9.219573935318663e-05,5.284834433267322,1.7052427726127537,0.0,5.189196390594682e-06
2020-06-10,0.002012765020253399,3.0873990100772976e-06,0.006350630432269456,5.0611287148052156e-05,5.278960954607194,1.2828700541614293,-4.300549507260855e-06,5.235552612338831e-06
2020-06-11,0.002207908871360177,1.3184314615420137e-06,0.006539898995529336,3.161840647503084e-05,5.263514758928179,0.577826988245944,-1.7689675485352839e-06,5.2966508277365045e-06
2020-06-12,0.0028123591832162342,1.6105543779788127e-06,0.00800002890033142,3.325214255628974e-05,5.167829545370788,1.0817037906442837,2.9212291643679905e-07,5.440289939268644e-06
2020-06-15,0.002819903523905051,1.6769133342093843e-06,0.008003977781135091,3.343359494531601e-05,5.164529000690913,1.494724772149674,6.635895623057157e-08,5.2705647319803975e-06
2020-06-16,0.0028363706380742405,2.6550969887671098e-06,0.008013087816082645,5.280683309466984e-05,5.169416809618982,0.7518989630253687,9.781836545577255e-07,4.946236272933303e-06
2020-06-17,0.0015807834259737171,2.6550969887671098e-06,0.005709180429475745,5.280683309466984e-05,5.305659099104998,0.7518989630253687,0.0,4.810990086190199e-06
2020-06-18,0.0015807834259737171,4.8529310904117364e-06,0.005709180429475745,7.058727607812035e-05,5.310004990528933,1.3122289870596007,2.1978341016446267e-06,4.837781973156914e-06
2020-06-19,0.001663539775027202,4.856720615518469e-06,0.005777442028668373,7.058775114810324e-05,5.293819623470679,1.4185731023372798,3.789525106732802e-09,4.8636469501570464e-06
2020-06-22,0.001663539775027202,4.856720615518469e-06,0.005777442028668373,7.058775114810324e-05,5.280345695136977,1.4185731023372798,0.0,4.879709671836096e-06
2020-06-23,0.001663539775027202,4.884725440493174e-06,0.005777442028668373,7.060300961034243e-05,5.271999150232501,1.6289343893204342,2.800482497470465e-08,4.58557809699398e-06
2020-06-24,0.001663151788857854,4.884725440493174e-06,0.0057771726918469405,7.060300961034243e-05,5.271286490137519,1.6289343893204342,0.0,4.214042745882113e-06
2020-06-25,0.001663151788857854,4.884725440493174e-06,0.0057771726918469405,7.060300961034243e-05,5.25570441233104,1.6654567308511843,0.0,3.742119162036788e-06
2020-06-26,0.001662777170035811,4.95648276296241e-06,0.005776915802779699,7.066110283499985e-05,5.26727630151855,2.0574344510315674,7.17573224692358e-08,3.124246025541701e-06
2020-06-29,0.0016781017429257554,3.838433613096023e-06,0.005791750225650526,5.831215570872311e-05,5.254779804251574,2.126058487208309,-1.1180491498663864e-06,2.298163040404419e-06
2020-06-30,0.0016781017429257554,3.7971418763827326e-06,0.005791750225650526,5.826559469904452e-05,5.242039447783556,1.920634549709325,-4.12917367132907e-08,1.8312555390073208e-06
2020-07-01,0.0016781017429257554,3.7666762906267862e-06,0.005791750225650526,5.824174633008571e-05,5.233581423647565,1.713171492560159,-3.0465585755946366e-08,1.8112887339371312e-06
2020-07-02,0.0016781017429257554,3.7666762906267862e-06,0.005791750225650526,5.824174633008571e-05,5.216311462550753,1.713171492560159,0.0,1.8031808333252824e-06
2020-07-06,0.0016781017429257554,3.898559553486792e-06,0.005791750225650526,5.850016682577206e-05,5.220680988538912,2.01523865349162,1.318832628600057e-07,1.6431078576903147e-06
2020-07-07,0.0016781017429257554,3.995150641057964e-06,0.005791750225650526,5.86769879420807e-05,5.225173686961375,2.26186536852111,9.65910875711717e-08,1.4434959585064471e-06
2020-07-08,0.0016781017429257554,3.995150641057964e-06,0.005791750225650526,5.86769879420807e-05,5.2153521762957675,2.26186536852111,0.0,1.186158975178427e-06
2020-07-09,0.0016781017429257554,3.995150641057964e-06,0.005791750225650526,5.86769879420807e-05,5.202906022073589,2.26186536852111,0.0,1.178346066510604e-06
2020-07-10,0.0016419537203071952,4.127326642720794e-06,0.005766062013852438,5.893788152893196e-05,5.198071567554621,2.462357557001602,1.3217600166283024e-07,1.0304780942528356e-06
2020-07-13,0.0016779052536839948,4.5543480964709865e-06,0.005792780460972248,6.08770745777225e-05,5.193937213927676,2.5184564823248663,4.270214537501926e-07,8.868154175549792e-07
2020-07-14,0.0019003235532169631,4.5543480964709865e-06,0.006472043626388668,6.08770745777225e-05,5.1522719500057885,2.5184564823248663,0.0,6.951095488248255e-07
2020-07-15,0.0019003235532169631,2.7963418630677357e-06,0.006472043626388668,4.1402073781326366e-05,5.160025681249118,2.6257573544247133,-1.7580062334032508e-06,6.792435030041849e-07
2020-07-16,0.0018877374751403283,3.0193802738763633e-06,0.006463164833070874,4.372838671165791e-05,5.17388555952344,2.3814978695462123,2.2303841080862765e-07,6.394723684407705e-07
2020-07-17,0.0018877374751403283,3.0193802738763633e-06,0.006463164833070874,4.372838671165791e-05,5.162142657363629,2.3814978695462123,0.0,6.735872481144522e-07
2020-07-20,0.0018877374751403283,3.267082460925984e-06,0.006463164833070874,4.5155028692554494e-05,5.181599046200702,2.4109923528322885,2.4770218704962064e-07,6.761616100492731e-07
2020-07-21,0.0019020457459844565,1.8002058026647513e-06,0.0064725125608420175,2.9244950085125726e-05,5.184525243894077,2.1907983114504233,-1.4668766582612327e-06,8.139286186258824e-07
2020-07-22,0.0019020457459844565,1.569394720796217e-06,0.0064725125608420175,2.472561504662361e-05,5.181741736499218,2.4892862372851154,-2.308110818685343e-07,9.300238392697439e-07
2020-07-23,0.0019020457459844565,1.569394720796217e-06,0.0064725125608420175,2.472561504662361e-05,5.188003390900086,2.4892862372851154,0.0,1.0047682915645713e-06
2020-07-24,0.001983999607299718,3.2795111198876523e-06,0.006546880936080956,4.1885805477977106e-05,5.1745675893334795,2.86355695010009,1.7101163990914353e-06,9.561977640937913e-07
2020-07-27,0.001983999607299718,3.1538536736946644e-06,0.006546880936080956,4.165717406612518e-05,5.1656939425775255,2.681029146515111,-1.256574461929879e-07,8.923582375387269e-07
2020-07-28,0.0019817147428057296,3.0921358638516634e-06,0.006545386508869816,4.1518401105982654e-05,5.161215652218329,2.5095059557963593,-6.171780984300096e-08,8.881328770056223e-07
2020-07-29,0.0018976362827109934,3.3482720212335742e-06,0.006481209105984148,4.363135112970722e-05,5.155957904076086,2.5114603901889168,2.561361573819108e-07,8.819113675070533e-07
2020-07-30,0.0018976362827109934,2.6353218133489376e-06,0.006481209105984148,3.646086904213368e-05,5.1608746041117985,2.3017930440280145,-7.129502078846367e-07,8.885795018671281e-07
2020-07-31,0.0018976362827109934,2.6353218133489376e-06,0.006481209105984148,3.646086904213368e-05,5.159010263044024,2.3017930440280145,0.0,8.914273694565939e-07
2020-08-03,0.0018976362827109934,2.148694062599355e-06,0.006481209105984148,3.185481291507804e-05,5.152079769629432,2.420021547767429,-4.866277507495824e-07,9.065797748487191e-07
2020-08-04,0.001892281524208247,2.429917508598727e-06,0.006478117483668149,3.329179391514864e-05,5.159304888816693,2.8277662402705723,2.81223445999372e-07,8.952523675204889e-07
2020-08-05,0.001892281524208247,2.429917508598727e-06,0.006478117483668149,3.329179391514864e-05,5.153090089142527,2.8277662402705723,0.0,8.764543434806064e-07
2020-08-06,0.001892281524208247,1.9910903867517718e-06,0.006478117483668149,3.0104292511443658e-05,5.158293842331246,2.6689228903007765,-4.388271218469554e-07,8.677514649769701e-07
2020-08-07,0.001892281524208247,1.9910903867517718e-06,0.006478117483668149,3.0104292511443658e-05,5.150039346661817,2.6689228903007765,0.0,8.35868068860057e-07
2020-08-10,0.001892281524208247,2.0049032832764802e-06,0.006478117483668149,3.0129395606786864e-05,5.156429489305706,2.7553823397704673,1.3812896524708495e-08,7.370641109655193e-07
2020-08-11,0.0018694652192792179,1.8931447020576659e-06,0.006464874157075173,2.9346053205829553e-05,5.168084780363343,2.67200769678275,-1.1175858121881437e-07,6.001675720906307e-07
2020-08-12,0.0018694652192792179,2.668096644066974e-06,0.006464874157075173,3.5852691833061944e-05,5.169100623783518,2.8366155509957367,7.749519420093082e-07,5.975560037686915e-07
2020-08-13,0.0018694652192792179,2.290524914291611e-06,0.006464874157075173,3.103801829189409e-05,5.169626566223481,2.9370842414580407,-3.775717297753632e-07,5.861571973281041e-07
2020-08-14,0.0018694652192792179,2.2397986815591022e-06,0.006464874157075173,3.0789493677047036e-05,5.165173568934014,2.84528717327598,-5.072623273250866e-08,5.728306887610017e-07
2020-08-17,0.0018301574541262971,2.2397986815591022e-06,0.006441654895166754,3.0789493677047036e-05,5.163630791829299,2.84528717327598,0.0,5.380565992405783e-07
2020-08-18,0.0018301574541262971,4.075813350534253e-06,0.006441654895166754,5.24314156558752e-05,5.166724866917185,2.8739394754251544,1.8360146689751506e-06,6.417264328637366e-07
2020-08-19,0.0018301574541262971,4.438002475268913e-06,0.006441654895166754,5.563651471358528e-05,5.177967937389412,2.805719280644718,3.621891247346601e-07,7.395909550798033e-07
2020-08-20,0.0018301574541262971,2.6291363503288664e-06,0.006441654895166754,3.5904570916698405e-05,5.1725395732524655,2.897414399781833,-1.8088661249400466e-06,6.964827519548031e-07
2020-08-21,0.00034941517105727463,2.6291363503288664e-06,0.0015325767372962725,3.5904570916698405e-05,5.47953840733521,2.897414399781833,0.0,6.820878702038682e-07
2020-08-24,0.00034941517105727463,2.4485240774239268e-06,0.0015325767372962725,3.45908817504609e-05,5.478563377974391,2.8964336043443955,-1.8061227290493957e-07,6.727375985118742e-07
2020-08-25,0.0003614669922837134,3.213377365466033e-06,0.0015624554950755536,4.056838901670942e-05,5.472339126019117,3.0536216939774286,7.64853288042106e-07,6.778101333533974e-07
2020-08-26,0.00036659300132983687,2.6074407777206393e-06,0.0015729282347275247,3.626640458221782e-05,5.468877453287273,3.0064958188798716,-6.059365877453935e-07,6.557418713464381e-07
2020-08-27,0.00038926726672402405,3.5464642076139847e-06,0.00162009064525853,4.5516764623700126e-05,5.462335089192677,2.8763472362221347,9.390234298933453e-07,6.903803703289307e-07
2020-08-28,0.00038926726672402405,3.2599883348862624e-06,0.00162009064525853,4.01310178081478e-05,5.465991552223293,3.097794100166653,-2.864758727277223e-07,7.047333900421606e-07
2020-08-31,0.0003696534362251861,6.415991113597371e-06,0.001578607361249598,7.341218074419524e-05,5.473616028488075,2.9185715727747263,3.1560027787111088e-06,1.0853717798907096e-06
2020-09-01,0.0003696534362251861,6.696923328920033e-06,0.001578607361249598,7.470664016994197e-05,5.469289467238581,2.929459362745708,2.8093221532266175e-07,1.3746946126770661e-06
2020-09-02,0.0003696534362251861,6.771170925346818e-06,0.001578607361249598,7.476374411823104e-05,5.479759440366808,3.1299397584707758,7.424759642678468e-08,1.5913969597584958e-06
2020-09-03,0.0005244990725597722,6.771170925346818e-06,0.0020266441197695534,7.476374411823104e-05,5.435569085166064,3.1299397584707758,0.0,1.7364144346915593e-06
2020-09-04,0.0005244990725597722,7.025957359709065e-06,0.0020266441197695534,7.623498943609556e-05,5.433314752539787,3.128153653865381,2.547864343622474e-07,1.8603550223076137e-06
2020-09-08,0.0004981007840174298,7.025957359709065e-06,0.0020446173041999464,7.623498943609556e-05,5.440475219363471,3.128153653865381,0.0,1.9432606398464724e-06
2020-09-09,0.0004901252983737245,6.818234559071009e-06,0.0020322472380037626,7.579356516233385e-05,5.443492888124705,2.975756224571571,-2.0772280063805579e-07,1.9682103660851283e-06
2020-09-10,0.00040444085564028356,7.270101994746749e-06,0.0016545471887319944,7.708511590216982e-05,5.467808884960279,3.014757614885991,4.518674356757396e-07,2.036372002400841e-06
2020-09-11,0.00040444085564028356,7.289988103863536e-06,0.0016545471887319944,7.709122929717357e-05,5.475351816156765,3.1090563214124995,1.9886109116787125e-08,2.0549708052519594e-06
2020-09-14,0.0004025019385685283,7.5810646398134094e-06,0.0016498749631730521,7.622291217112736e-05,5.4842648438871775,3.2061942743216267,2.910765359498735e-07,2.055825788679808e-06
2020-09-15,0.0004032295656897469,7.977702088912825e-06,0.0016513226858015624,8.009793455058255e-05,5.476620869026495,3.068493429382032,3.966374490994158e-07,2.045161407804011e-06
2020-09-16,0.0004032295656897469,7.64722709172053e-06,0.0016513226858015624,7.81283892840173e-05,5.476848982318365,3.1538180961925693,-3.304749971922954e-07,2.0858968179783324e-06
2020-09-17,0.0004032295656897469,7.590722907927999e-06,0.0016513226858015624,7.807869728028189e-05,5.465503423977655,3.047794769536021,-5.650418379253044e-08,2.120012510978041e-06
2020-09-18,0.0004032295656897469,7.326946046533717e-06,0.0016513226858015624,7.762371818451963e-05,5.463877867351759,2.8340692403927803,-2.6377686139428255e-07,2.024534563533123e-06
2020-09-21,0.0005035879121051258,7.409654844989941e-06,0.0019236444853230241,7.77426839608567e-05,5.441566271802002,2.9616256749753975,8.270879845622382e-08,1.8967420032034467e-06
2020-09-22,0.0005035879121051258,7.4089563077789964e-06,0.0019236444853230241,7.774170967649177e-05,5.436788242554318,2.959456792076466,-6.985372109441718e-10,1.7038688869902958e-06
2020-09-23,0.0004733024399765618,7.337157119778911e-06,0.0017976691431222226,7.765957770342334e-05,5.443104125418599,2.8317772273201736,-7.179918800008546e-08,1.5419722498282073e-06
2020-09-24,0.0004586010124989479,7.491145543260533e-06,0.001766978340037307,8.114026229045413e-05,5.443434658464439,2.841389487432685,1.5398842348162184e-07,1.2342692351738117e-06
2020-09-25,0.0004586010124989479,6.85741782249121e-06,0.001766978340037307,7.562801353900691e-05,5.4444861395221364,2.9917888890451967,-6.337277207693229e-07,9.623248282353328e-07
2020-09-28,0.0004586010124989479,7.267805642509304e-06,0.001766978340037307,7.856714292817903e-05,5.445274280441855,2.9818625015117024,4.103878200180941e-07,3.897937659508092e-07
2020-09-29,0.0004586010124989479,7.206553712614276e-06,0.001766978340037307,7.844199906967876e-05,5.44298245940988,2.959973279884324,-6.125192989502769e-08,3.435454972929616e-07
2020-09-30,0.0004586010124989479,6.152236814721741e-06,0.001766978340037307,7.181660256256667e-05,5.4447254877560765,3.096873336948098,-1.0543168978925356e-06,4.048635984111145e-07
2020-10-01,0.0004586010124989479,6.357608339524126e-06,0.001766978340037307,7.390820185733846e-05,5.448102252468791,2.877097183570456,2.0537152480238522e-07,4.3775436172363534e-07
2020-10-02,0.00046838389339821164,9.897163572138217e-06,0.001787002693463846,9.951750098289009e-05,5.446880570663784,2.939599883223347,3.5395552326140915e-06,7.363287245147757e-07
2020-10-05,0.0005292194873830661,9.897163572138217e-06,0.0020001442207608984,9.951750098289009e-05,5.429756054955005,2.939599883223347,0.0,9.259307903895944e-07
2020-10-06,0.0005115018367574014,9.897163572138217e-06,0.0019690859643915256,9.951750098289009e-05,5.443857820628016,2.939599883223347,0.0,1.062603930636588e-06
2020-10-07,0.0005115018367574014,1.1134643359975231e-05,0.0019690859643915256,0.00010403701995413793,5.4439629752912495,3.1159755636641626,1.2374797878370135e-06,1.3000001444168276e-06
2020-10-08,0.0005115018367574014,1.1103869891274968e-05,0.0019690859643915256,0.00010385857639225125,5.434108607265233,3.116237052925479,-3.077346870026298e-08,1.480169094902877e-06
2020-10-09,0.0005115018367574014,9.03862147425337e-06,0.0019690859643915256,9.062431994552453e-05,5.4298353441527905,3.0720861180977668,-2.0652484170215976e-06,1.4850717240741388e-06
2020-10-12,0.0005115018367574014,9.03862147425337e-06,0.0019690859643915256,9.062431994552453e-05,5.432145121467754,3.0720861180977668,0.0,1.4925103685196503e-06
2020-10-13,0.0005115018367574014,6.04893436226626e-06,0.0019690859643915256,7.620153351737123e-05,5.427469588519872,2.9723731165132237,-2.98968711198711e-06,1.5681571385716924e-06
2020-10-14,0.0005115018367574014,4.809902175543469e-06,0.0019690859643915256,6.9436696936953e-05,5.4302225783674745,2.855113002115128,-1.239032186722791e-06,1.731618349701639e-06
2020-10-15,0.0005115018367574014,4.528325883397931e-06,0.0019690859643915256,6.872281067819978e-05,5.430020403699984,2.8630601477281004,-2.81576292145538e-07,1.8941014477415295e-06
2020-10-16,0.0005115018367574014,4.519420627161947e-06,0.0019690859643915256,6.882086674830751e-05,5.419636484693942,2.617493390849759,-8.905256235984691e-09,2.0309192137525583e-06
2020-10-19,0.0004903302876883635,4.444178163026358e-06,0.0018921991013753881,6.871783573353476e-05,5.4194816163871025,2.4348815830589636,-7.52424641355884e-08,2.1553748018756674e-06
2020-10-20,0.0004903302876883635,6.517743618748834e-06,0.0018921991013753881,8.323875987772924e-05,5.411192511129583,2.429496606720873,2.0735654557224756e-06,2.167012641461267e-06
2020-10-21,0.0004938078551610003,4.759948700118829e-06,0.0018979012818539115,6.379553062520862e-05,5.411970316375484,2.52201433969966,-1.7577949186300044e-06,2.2507905811590416e-06
2020-10-22,0.0004938078551610003,5.244361012352757e-06,0.0018979012818539115,6.553794117011516e-05,5.413791204379939,2.751406021376264,4.844123122339274e-07,2.2988488368748517e-06
2020-10-23,0.0004938078551610003,7.631010532770755e-06,0.0018979012818539115,8.900491221019161e-05,5.41371997634564,2.268836144239671,2.3866495204179983e-06,2.298650288598459e-06
2020-10-26,0.00037357772527591793,7.418752532606791e-06,0.0014929366583085074,8.860056124593833e-05,5.455918543843872,2.1505338050496356,-2.1225800016396416e-07,2.2988740369743598e-06
2020-10-27,0.00037357772527591793,8.207523578758248e-06,0.0014929366583085074,9.60578327346255e-05,5.44584559971196,2.1294520234396015,7.887710461514573e-07,2.3080157426244504e-06
2020-10-28,0.0003827705074720613,5.366953311464016e-06,0.0015141938703557367,7.021801919390306e-05,5.44156765879453,2.1975869540889335,-2.8405702672942323e-06,2.3356628201166103e-06
2020-10-29,0.0003827705074720613,5.304270481782285e-06,0.0015141938703557367,7.018913978398071e-05,5.437288504545666,1.8289184821523183,-6.268282968173078e-08,2.369498148552169e-06
2020-10-30,0.0003827705074720613,4.484206758691188e-06,0.0015141938703557367,6.591556989768397e-05,5.437267974724629,1.6959611986414749,-8.200637230910973e-07,2.3591860889182427e-06
2020-11-02,0.0003827705074720613,4.52070958372202e-06,0.0015141938703557367,6.595996977512764e-05,5.437184279528487,1.9023922161799962,3.6502825030831966e-08,2.3139449977644575e-06
2020-11-03,0.0003827705074720613,5.3875736099432095e-06,0.0015141938703557367,6.993317567930057e-05,5.434115664895497,2.243864602585808,8.668640262211898e-07,2.203166578857667e-06
2020-11-04,0.00039260675111668403,4.510903249689393e-06,0.001538753912482631,6.142314721925417e-05,5.434768263580932,1.8712793085954749,-8.766703602538165e-07,1.9491288111800183e-06
2020-11-05,0.00039260675111668403,4.510903249689393e-06,0.001538753912482631,6.142314721925417e-05,5.427660427455749,1.8712793085954749,0.0,1.5907651072552172e-06
2020-11-06,0.00039260675111668403,4.510903249689393e-06,0.001538753912482631,6.142314721925417e-05,5.423384260841704,1.9751659016168794,0.0,1.4209120385390972e-06
2020-11-09,0.0005215771495461438,5.1724105560465745e-06,0.0019510373377442036,6.308565951287333e-05,5.399444661614257,2.3150178182074095,6.615073063571815e-07,1.167123447683317e-06
2020-11-10,0.0005215771495461438,5.1724105560465745e-06,0.0019510373377442036,6.308565951287333e-05,5.416966722978153,2.3150178182074095,0.0,1.1576922048628632e-06
2020-11-11,0.0005215771495461438,4.320537407374832e-06,0.0019510373377442036,5.62152527728184e-05,5.42097671466629,2.4357785036021196,-8.518731486717427e-07,1.174778456048224e-06
2020-11-12,0.0005073528123438048,4.849949399071014e-06,0.001912948149458965,6.080511959005552e-05,5.423403825387283,2.4402279101466426,5.294119916961818e-07,1.1654394354829467e-06
2020-11-13,0.0005218015307989876,4.880838391985327e-06,0.0019452962348795102,6.111692378080866e-05,5.421677988230823,2.439368949692936,3.088899291431349e-08,1.1547545725921572e-06
2020-11-16,0.0005218015307989876,4.880838391985327e-06,0.0019452962348795102,6.111692378080866e-05,5.437117465928302,2.439368949692936,0.0,1.1405523694281343e-06
2020-11-17,0.0005446244678726834,6.014401887219995e-06,0.002003939736155398,6.73445213530613e-05,5.435283210194531,2.6799758149681225,1.1335634952346678e-06,1.1195470664038097e-06
2020-11-18,0.0005446244678726834,7.651116095531422e-06,0.002003939736155398,7.739056754403259e-05,5.430798497259804,2.7580947824876207,1.6367142083114276e-06,1.2204434794496219e-06
2020-11-19,0.0005446244678726834,8.410129044192049e-06,0.002003939736155398,8.112772940037414e-05,5.43377829713396,2.824120000412853,7.590129486606262e-07,1.3801165875415239e-06
2020-11-20,0.0005446244678726834,9.099549180582471e-06,0.002003939736155398,8.34910648921723e-05,5.43102166661772,2.9613458229449146,6.894201363904228e-07,1.522231197227151e-06
2020-11-23,0.0005446244678726834,1.3404087058626774e-05,0.002003939736155398,0.00012224521088497134,5.432376597658766,2.881412176655159,4.304537878044303e-06,2.273766474633551e-06
2020-11-24,0.0005446244678726834,1.326431157063954e-05,0.002003939736155398,0.00012209822197028068,5.425241183851164,2.7512517448676963,-1.397754879872343e-07,2.757906489553487e-06
2020-11-25,0.0005446244678726834,1.1482551256655452e-05,0.002003939736155398,0.00011543607116685767,5.414379257737868,2.5193074645622375,-1.781760313984088e-06,2.980694196405367e-06
2020-11-27,0.0005446244678726834,1.1482551256655452e-05,0.002003939736155398,0.00011543607116685767,5.409725999235359,2.5193074645622375,0.0,3.1552919449149054e-06
2020-11-30,0.0005347073459504528,9.100107754420718e-06,0.0019795735683780266,0.00010711710377477893,5.413421060153745,1.9736744256997163,-2.382443502234734e-06,3.1380143321895462e-06
2020-12-01,0.0005049825482171515,7.210893432190108e-06,0.0019138577420234905,8.975743795603429e-05,5.41861769261712,2.1729729183604913,-1.8892143222306104e-06,3.0772906127698936e-06
2020-12-02,0.0005049825482171515,4.693488185623485e-06,0.0019138577420234905,6.623806499274113e-05,5.417268979496901,2.243479144466372,-2.517405246566623e-06,3.103390894632155e-06
2020-12-03,0.0006077347221799944,5.089378959729687e-06,0.0022732082797096344,6.794893293209958e-05,5.388068474626103,2.262584398768078,3.9589077410620235e-07,3.079305986621693e-06
2020-12-04,0.0006077347221799944,5.452556842258232e-06,0.0022732082797096344,6.898909411185167e-05,5.398910081122848,2.518543215381265,3.6317788252854453e-07,3.042032183518237e-06
2020-12-07,0.0006077347221799944,2.848979570996367e-06,0.0022732082797096344,3.8879390807774764e-05,5.391172099802772,2.739386117593899,-2.6035772712618647e-06,3.143442851200459e-06
2020-12-08,0.0006077347221799944,2.848979570996367e-06,0.0022732082797096344,3.8879390807774764e-05,5.392028793615964,2.739386117593899,0.0,3.263881662723738e-06
2020-12-09,0.0006048089083260246,4.783003502452666e-06,0.0022686534518906623,5.0975633991299095e-05,5.402751404998434,3.206530407066419,1.9340239314562993e-06,3.2771696364723616e-06
2020-12-10,0.0006048089083260246,3.63518594071531e-06,0.0022686534518906623,4.2182391405363406e-05,5.401094896540346,3.0683665947061116,-1.147817561737356e-06,3.3110431765517162e-06
2020-12-11,0.0006048089083260246,3.2878518479429453e-06,0.0022686534518906623,4.053210987388429e-05,5.38924826687089,2.8857716812284457,-3.473340927723649e-07,3.3834085073299855e-06
2020-12-14,0.000598457339803038,3.2878518479429453e-06,0.0022591782066157438,4.053210987388429e-05,5.382194490388739,2.8857716812284457,0.0,3.453355280250625e-06
2020-12-15,0.000598457339803038,3.2878518479429453e-06,0.0022591782066157438,4.053210987388429e-05,5.385137472653203,2.8857716812284457,0.0,3.5200165388904945e-06
2020-12-16,0.000598457339803038,3.319315590976468e-06,0.0022591782066157438,4.304155387697188e-05,5.381820209836551,2.774067209474406,3.1463743033522934e-08,3.602958404107821e-06
2020-12-17,0.000598457339803038,2.973666264968274e-06,0.0022591782066157438,4.0681664340069954e-05,5.372890635026093,2.7537470989728114,-3.456493260081943e-07,3.6875564635398766e-06
2020-12-18,0.000598457339803038,2.5620198628517264e-06,0.0022591782066157438,3.7871358198184855e-05,5.372110165955657,2.8339541516602815,-4.116464021165475e-07,3.7550358641458876e-06
2020-12-21,0.0006008264035759135,2.3659218223157902e-06,0.002262610538963162,3.701786046507704e-05,5.373068283973762,2.764328541974651,-1.9609804053593617e-07,3.7789917783683024e-06
2020-12-22,0.0007179817206389008,3.020650667708738e-06,0.0025296225631925118,4.153791602239043e-05,5.335983564446829,2.944127084172397,6.547288453929477e-07,3.373595608949004e-06
2020-12-23,0.0007179817206389008,3.086297512591253e-06,0.0025296225631925118,4.170201276232438e-05,5.33576508929147,2.988141520315151,6.56468448825151e-08,2.83334920848348e-06
2020-12-24,0.0007179817206389008,3.019106846102352e-06,0.0025296225631925118,4.315860479101996e-05,5.325123673338812,2.621184510584716,-6.719066648890084e-08,2.3765297661133883e-06
2020-12-28,0.0007201433713161614,2.6781897297419568e-06,0.002532835274957565,4.157840936246323e-05,5.328130255822308,2.367095852727038,-3.409171163603954e-07,1.7117079661325538e-06
2020-12-29,0.0007201433713161614,2.1068492103620675e-06,0.002532835274957565,3.325938250172512e-05,5.3371154195477395,2.430758448557588,-5.713405193798893e-07,1.2520186137463852e-06
2020-12-30,0.0007594659026942079,2.8669401086977216e-06,0.002594221079969547,3.9318718817619785e-05,5.316380360561054,2.657879591915647,7.600908983356541e-07,9.218632363737783e-07
2020-12-31,0.0007594659026942079,2.8647474466441925e-06,0.002594221079969547,3.9318433281194694e-05,5.315872487122108,2.616841783441186,-2.1926620535291106e-09,8.720589772493833e-07
2021-01-04,0.0007204859114011715,4.063252641352648e-06,0.0025333070473623097,4.83629783374176e-05,5.33334197877165,2.9598918726385692,1.1985051947084554e-06,7.851989268675316e-07
2021-01-05,0.0007204859114011715,3.99164945413224e-06,0.0025333070473623097,4.8204469320204974e-05,5.3337041119991,2.892591883919544,-7.160318722040824e-08,6.161285013278692e-07
2021-01-06,0.0006908143932695222,3.458471578584037e-06,0.0024203237497568493,4.4998646323424134e-05,5.345411008017463,2.8973957370459846,-5.331778755482028e-07,6.15793775687332e-07
2021-01-07,0.0008450059796024093,3.458471578584037e-06,0.0029769741883337785,4.4998646323424134e-05,5.3086247860251214,2.9058241866176298,0.0,6.13868436749429e-07
2021-01-08,0.0008450059796024093,3.052108794350339e-06,0.0029769741883337785,3.911670930084787e-05,5.312345075921549,3.1295621333431463,-4.063627842336978e-07,4.891630431218429e-07
2021-01-11,0.00045222681832843796,7.385946077586402e-06,0.0017503460816304629,8.687005685951634e-05,5.420954312750049,3.066789161558204,4.333837283236063e-06,1.070683482796107e-06
2021-01-12,0.0004682287861033446,7.3737479908156665e-06,0.001780913250110645,8.686605705075922e-05,5.417370677192532,2.9986386855215437,-1.2198086770735299e-08,1.404605293621948e-06
2021-01-13,0.0004682287861033446,4.344860329827985e-06,0.001780913250110645,5.1343203373914944e-05,5.4101237156470665,3.2028186980325026,-3.0288876609876815e-06,1.4156037595631922e-06
2021-01-14,0.0004682287861033446,3.981682447299441e-06,0.001780913250110645,4.993682922385272e-05,5.412455529638109,3.0371688005347277,-3.631778825285437e-07,1.4169810815317343e-06
2021-01-15,0.0004774473392826472,4.376270413884644e-06,0.001800587813069811,5.082699196567035e-05,5.4049114418173705,3.2602527489067117,3.9458796658520254e-07,1.4256962425730653e-06
2021-01-19,0.0003791385694033207,4.376270413884644e-06,0.0015122941806315932,5.082699196567035e-05,5.4422114387975755,3.2602527489067117,0.0,1.4250934424707249e-06
2021-01-20,0.00035481784418611755,5.399016917421756e-06,0.0014540650260093202,5.7190329896103334e-05,5.45393253716854,3.384663697231205,1.0227465035371123e-06,1.4446488577039003e-06
2021-01-21,0.0003587104695699808,5.4318263135385845e-06,0.0014625567086755113,5.6060615937440613e-05,5.449088863708092,3.4458087930304506,3.2809396116828416e-08,1.440028801903208e-06
2021-01-22,0.000295623192125699,5.7912061377723994e-06,0.0012876455681627283,5.720273990684828e-05,5.471434670852952,3.6370075487335187,3.5937982423381495e-07,1.4720605333298036e-06
2021-01-25,0.00026119438985236927,6.301378261410802e-06,0.0011951651323735928,6.0692749209212506e-05,5.476929222664944,3.6259607823097677,5.101721236384024e-07,1.5238116550249082e-06
2021-01-26,0.00025612376386032533,5.592475825439082e-06,0.0011841233779810523,5.722446175885793e-05,5.470243778823457,3.4884534184829774,-7.089024359717202e-07,1.517162721240958e-06
2021-01-27,0.0003191702379795614,5.053418866699395e-06,0.0013647134558394142,5.487096906381917e-05,5.445421873248294,3.3545993897102706,-5.390569587396863e-07,1.4636192119590357e-06
2021-01-28,0.0003191702379795614,5.127550764049666e-06,0.0013647134558394142,5.499353141952888e-05,5.451846776250192,3.4619861508316023,7.413189735027082e-08,1.3480600595225434e-06
2021-01-29,0.0002611108905896415,5.127550764049666e-06,0.001194734559380148,5.499353141952888e-05,5.473673839771496,3.4619861508316023,0.0,1.2779378075587206e-06
2021-02-01,0.00026063956421696195,5.2142088044311924e-06,0.0011933692029078536,5.53716789148848e-05,5.476256406764573,3.3298029384018477,8.665804038152629e-08,1.1931840713278032e-06
2021-02-02,0.00026814953557847124,8.306029862488526e-06,0.0012109334304125977,8.260713481638488e-05,5.471225934138828,3.2765560643910243,3.0918210580573337e-06,1.3892156602694577e-06
2021-02-03,0.00026814953557847124,8.223689152774044e-06,0.0012109334304125977,8.233107370439226e-05,5.467134587649017,3.2216958603036776,-8.234070971448183e-08,1.5186171443036936e-06
2021-02-04,0.0002794763851813559,5.358470815796113e-06,0.001238038068706021,5.58612193349768e-05,5.459357702114687,3.300979188651284,-2.8652183369779314e-06,1.4507344837009039e-06
2021-02-05,0.0002794763851813559,5.358470815796113e-06,0.001238038068706021,5.58612193349768e-05,5.440781244236344,3.300979188651284,0.0,1.37261176910316e-06
2021-02-08,0.0002794763851813559,5.358470815796113e-06,0.001238038068706021,5.58612193349768e-05,5.432408158069113,3.3233168439682155,0.0,1.2415572254331767e-06
2021-02-09,0.0002794763851813559,5.4188432077934185e-06,0.001238038068706021,5.607277980485113e-05,5.428912579614744,3.4121501159759577,6.037239199730569e-08,1.1749399416655493e-06
2021-02-10,0.00027610466174183635,6.57744743313687e-06,0.0012292850778838065,6.561996467776876e-05,5.4163527906759565,3.2024266059013042,1.1586042253434513e-06,1.1231563761131526e-06
2021-02-11,0.00027610466174183635,6.218061274522853e-06,0.0012292850778838065,6.42994810826614e-05,5.413156428842462,3.1407815240817825,-3.59386158614017e-07,1.0963872692698915e-06
2021-02-12,0.00027610466174183635,4.834620253844335e-06,0.0012292850778838065,5.379144491060993e-05,5.404324571838086,3.187854453146519,-1.3834410206785178e-06,1.0442623256450676e-06
2021-02-16,0.00027571084373314143,5.193786005588577e-06,0.001228268185525102,5.681537552864332e-05,5.391581094854778,3.07550287356867,3.5916575174424195e-07,1.0061682854722395e-06
2021-02-17,0.00027571084373314143,5.193786005588577e-06,0.001228268185525102,5.681537552864332e-05,5.388206316112994,3.07550287356867,0.0,9.64752764769743e-07
2021-02-18,0.00028185369725060403,5.2061182218893405e-06,0.001255179994501373,5.682162593703809e-05,5.385932037392694,3.1095283873568,1.233221630076345e-08,9.694414276447914e-07
2021-02-19,0.00028185369725060403,4.660712295709896e-06,0.001255179994501373,5.349104853839306e-05,5.3866678661522345,3.101286754780078,-5.454059261794444e-07,9.974551121464918e-07
2021-02-22,0.00028185369725060403,4.660712295709896e-06,0.001255179994501373,5.349104853839306e-05,5.405833815851972,3.101286754780078,0.0,1.0240390621351154e-06
2021-02-23,0.000296403099919966,3.1206145478136698e-06,0.0012935525099026367,4.003481082660869e-05,5.392840703115825,2.9091610702857595,-1.5400977478962264e-06,1.1559362147941219e-06
2021-02-24,0.000296403099919966,3.2134753641022375e-06,0.0012935525099026367,4.07834456968206e-05,5.390261217237399,2.8980039007864318,9.286081628856776e-08,1.2623674840591883e-06
2021-02-25,0.00036861925240399564,2.991282921857228e-06,0.0015091817981262511,3.831285095900044e-05,5.37519912692547,2.9133338766701575,-2.2219244224500944e-07,1.3693771542859743e-06
2021-02-26,0.0003708782834098377,3.5105598616388232e-06,0.0015138660427999804,4.358271410803281e-05,5.37004458769123,2.88916750644864,5.192769397815951e-07,1.4247335814643778e-06
2021-03-01,0.00039972800069841964,3.3039775530666194e-06,0.0015834122761175277,4.2889597382607834e-05,5.3649253373315196,2.69312492043267,-2.0658230857220384e-07,1.4858043783994563e-06
2021-03-02,0.00039972800069841964,6.39544227975345e-06,0.0015834122761175277,7.395876685881554e-05,5.379509686721624,2.7514742928206752,3.0914647266868303e-06,1.5139543102953827e-06
2021-03-03,0.0003994643533727148,9.052570619200251e-06,0.0015828253249568424,0.00010458821243524796,5.389759685431612,2.6607435441114817,2.6571283394468013e-06,1.602349517677568e-06
2021-03-04,0.0003994643533727148,7.887185859093897e-06,0.0015828253249568424,0.00010072066912072469,5.392021121003852,2.402492569830798,-1.165384760106354e-06,1.5702925548020029e-06
2021-03-05,0.0003994643533727148,7.4948909980161595e-06,0.0015828253249568424,9.965801462025253e-05,5.39368243879702,2.3257674593071425,-3.9229486107773765e-07,1.6538225674907734e-06
2021-03-08,0.0004208809319053036,7.274845895127652e-06,0.0016325619260894723,9.932221024431565e-05,5.386724220870751,2.078679007106776,-2.2004510288850784e-07,1.712912284827781e-06
2021-03-09,0.0004208809319053036,7.274845895127652e-06,0.0016325619260894723,9.932221024431565e-05,5.391157768326301,2.078679007106776,0.0,1.7645619834449941e-06
2021-03-10,0.00041850065158189427,6.7516877745009785e-06,0.0016246351215532299,9.720237963101282e-05,5.398958583962408,2.0424581863234406,-5.231581206266731e-07,1.7873829334741276e-06
2021-03-11,0.00041850065158189427,6.354499739621337e-06,0.0016246351215532299,9.630152136607364e-05,5.402436954280755,1.7788074848949045,-3.971880348796418e-07,1.7812623443133886e-06
2021-03-12,0.00041850065158189427,6.354499739621337e-06,0.0016246351215532299,9.630152136607364e-05,5.408266456701309,1.7799844655770538,0.0,1.7842961499648378e-06
2021-03-15,0.00041850065158189427,7.275471405465041e-06,0.0016246351215532299,9.896860683375963e-05,5.4109845788839195,2.21197242543367,9.209716658437043e-07,1.8169380411456246e-06
2021-03-16,0.00041850065158189427,6.608821486757943e-06,0.0016246351215532299,9.676852563683856e-05,5.414070507726125,2.11372127634941,-6.666499187070977e-07,1.825418654683903e-06
2021-03-17,0.0004311122721470084,7.2959738448904185e-06,0.0016548711239122065,9.899136824910805e-05,5.406077922781139,2.2264379592209185,6.871523581324753e-07,1.8532708480053706e-06
2021-03-18,0.00041154517509375734,7.616232589601751e-06,0.0015953141539224954,9.943961478165482e-05,5.41576679335623,2.689058380950396,3.2025874471133274e-07,1.8882929530209824e-06
2021-03-19,0.00033471770640245877,7.695390119069785e-06,0.0013604618765259463,9.977256323485296e-05,5.437955513040346,2.689229256094483,7.915752946803357e-08,1.9007087857675366e-06
2021-03-22,0.00033471770640245877,7.686148113303461e-06,0.0013604618765259463,9.977056410230895e-05,5.43794230363394,2.635631372866178,-9.242005766323905e-09,1.8999668285242568e-06
2021-03-23,0.00033504189057728174,7.686148113303461e-06,0.0013613024791363742,9.977056410230895e-05,5.441875845307057,2.635631372866178,0.0,1.773229920445803e-06
2021-03-24,0.00033504189057728174,6.416084960627932e-06,0.0013613024791363742,8.407609077200432e-05,5.442271413039198,2.699790158251923,-1.2700631526755292e-06,1.5980895302478968e-06
2021-03-25,0.00033504189057728174,8.666690285457922e-06,0.0013613024791363742,9.72953720467759e-05,5.4506284166881525,2.676648805112852,2.25060532482999e-06,1.4074222372070106e-06
2021-03-26,0.00033504189057728174,8.632542359773747e-06,0.0013613024791363742,9.724434204753967e-05,5.461437525665559,2.6625022937179326,-3.41479256841751e-08,1.20370582503266e-06
2021-03-29,0.00033504189057728174,8.806253733919604e-06,0.0013613024791363742,9.709259560518725e-05,5.4674352369698935,2.85249801870595,1.7371137414585705e-07,8.450613518721949e-07
2021-03-30,0.00033504189057728174,9.049561249486484e-06,0.0013613024791363742,9.813900018885492e-05,5.467300525192665,2.857690309827681,2.433075155668803e-07,8.766770061285592e-07
2021-03-31,0.00033504189057728174,1.3773537616703636e-05,0.0013613024791363742,0.00014376208256385934,5.467310263721635,2.5304309041196373,4.723976367217152e-06,1.6148554856879464e-06
2021-04-01,0.00033504189057728174,7.630712737737134e-06,0.0013613024791363742,8.982975808524955e-05,5.46972961539681,2.6832566268585167,-6.1428248789665016e-06,1.615396260078087e-06
2021-04-05,0.00033504189057728174,9.655446355017109e-06,0.0013613024791363742,0.00010114812048807662,5.471796323213919,2.60755504598713,2.0247336172799746e-06,1.6642096569610154e-06
2021-04-06,0.00033504189057728174,8.82932291530903e-06,0.0013613024791363742,9.863868065609922e-05,5.4679246409259195,2.4054536597865206,-8.261234397080793e-07,1.6685279205528913e-06
2021-04-07,0.00033504189057728174,8.854263846299484e-06,0.0013613024791363742,9.865340586785272e-05,5.467596435788747,2.506932331764845,2.494093099045468e-08,1.6696273940281178e-06
2021-04-08,0.00033504189057728174,9.134208109247775e-06,0.0013613024791363742,9.90592536614443e-05,5.478100117413804,2.7437710360274767,2.79944262948291e-07,1.6546460520526302e-06
2021-04-09,0.00033504189057728174,8.902734627074584e-06,0.0013613024791363742,9.868909904788447e-05,5.464588287389757,2.5596251107897423,-2.3147348217319068e-07,1.6022508798812562e-06
2021-04-12,0.00033504189057728174,8.902734627074584e-06,0.0013613024791363742,9.868909904788447e-05,5.464956256477949,2.5596251107897423,0.0,1.5370054929359901e-06
2021-04-13,0.0003189992759366242,8.902734627074584e-06,0.0013148336500589932,9.868909904788447e-05,5.472476297759828,2.5596251107897423,0.0,1.5141288383309697e-06
2021-04-14,0.00034213065173065664,1.0268418621900725e-05,0.0013919026543908562,0.00011274336059436704,5.4690231093494175,2.640024924587613,1.3656839948261405e-06,1.489744129973057e-06
2021-04-15,0.00034213065173065664,8.148204771180517e-06,0.0013919026543908562,0.00010266558531425288,5.464811874867113,2.5654241281611716,-2.120213850720208e-06,1.4587261980848838e-06
2021-04-16,0.00034213065173065664,8.505664675213002e-06,0.0013919026543908562,0.00010333905440641107,5.470073035541306,2.7718530154043215,3.574599040324852e-07,1.4352990828909583e-06
2021-04-19,0.00034213065173065664,8.609203314998743e-06,0.0013919026543908562,0.0001034438697891056,5.4686369577725005,2.9136549542982713,1.0353863978574082e-07,1.4124010602471907e-06
2021-04-20,0.00034213065173065664,1.2469931164641899e-05,0.0013919026543908562,0.00013435476063405205,5.465761815348049,2.7641675197083106,3.860727849643156e-06,1.5973461961409495e-06
2021-04-21,0.00034213065173065664,1.166307538560143e-05,0.0013919026543908562,0.00012734129464511253,5.461754006141539,2.787117032366989,-8.068557790404683e-07,1.659426736542105e-06
2021-04-22,0.00034213065173065664,1.3512704714186446e-05,0.0013919026543908562,0.00013462578384653066,5.466029571290685,2.741724363289269,1.8496293285850149e-06,1.7675266304588812e-06
2021-04-23,0.00034213065173065664,1.2923365516295126e-05,0.0013919026543908562,0.00012640064528296065,5.480997656966997,2.964728532112034,-5.893391978913194e-07,1.8950884556534476e-06
2021-04-26,0.00034213065173065664,1.279721979673603e-05,0.0013919026543908562,0.0001254784081857836,5.485300992029905,2.9671823043397207,-1.2614571955909668e-07,1.980162079440751e-06
2021-04-27,0.00034213065173065664,1.2854207092696291e-05,0.0013919026543908562,0.0001256479016371773,5.48541920558953,2.971961161798459,5.6987295960261576e-08,2.0501582130058003e-06
2021-04-28,0.00034213065173065664,1.3532158976150043e-05,0.0013919026543908562,0.00012684036979764463,5.49274985273057,3.2151841657848883,6.779518834537515e-07,2.152270112583368e-06
2021-04-29,0.00034213065173065664,1.3024117384779613e-05,0.0013919026543908562,0.000125643281456073,5.498529749564751,3.213409897763558,-5.080415913704294e-07,2.0979984305898417e-06
2021-04-30,0.00034213065173065664,1.2979055798243447e-05,0.0013919026543908562,0.00012563492269354127,5.4982093318925065,3.1193537930299846,-4.506158653616592e-08,2.0594256362028283e-06
2021-05-03,0.00034213065173065664,1.0788284989977142e-05,0.0013919026543908562,0.00011218658968735827,5.488074530507705,3.158170386544822,-2.190770808266305e-06,2.044026939826927e-06
2021-05-04,0.0003556314793505447,6.719587974268032e-06,0.0014316140188435423,6.990338211797367e-05,5.487555637562835,3.303516816316118,-4.06869701570911e-06,2.198593713294958e-06
2021-05-05,0.0003556314793505447,6.799456791376702e-06,0.0014316140188435423,7.00369944900963e-05,5.48461493536091,3.359976880883,7.986881710866981e-08,2.332092420565019e-06
2021-05-06,0.0003556314793505447,6.637734111963868e-06,0.0014316140188435423,6.972703734311117e-05,5.4707054283856245,3.233605281452327,-1.6172267941283398e-07,2.4754935479398075e-06
2021-05-07,0.000312296376550496,6.139377245047984e-06,0.001303026931913539,6.760272842853821e-05,5.481736342081795,3.0751248335901447,-4.983568669158842e-07,2.638006756275728e-06
2021-05-10,0.000312296376550496,6.139377245047984e-06,0.001303026931913539,6.760272842853821e-05,5.4848647894071245,3.0751248335901447,0.0,2.783864356381743e-06
2021-05-11,0.0002575061557730075,6.139377245047984e-06,0.0011207945876944626,6.760272842853821e-05,5.500530307498324,3.0751248335901447,0.0,2.915567120067836e-06
2021-05-12,0.0002705431674467872,6.1989292625342335e-06,0.001159233664831307,6.766439362808837e-05,5.4951959493731355,3.187304300418045,5.955201748624957e-08,3.037683358820445e-06
2021-05-13,0.0002705431674467872,6.479874696507138e-06,0.001159233664831307,6.824631640375577e-05,5.496643229746755,3.456233122645606,2.809454339729047e-07,3.1083542559619596e-06
2021-05-14,0.0003145763313447353,6.69916297511451e-06,0.001301705987243884,6.875555600183995e-05,5.485804065333988,3.575081626438141,2.1928827860737154e-07,3.171880987793978e-06
2021-05-17,0.0003145763313447353,6.5016909252170335e-06,0.001301705987243884,6.826259977147457e-05,5.473390616533512,3.518238572869467,-1.9747204989747625e-07,3.2426811925752504e-06
2021-05-18,0.0002808448629016991,4.63451823742797e-06,0.0012016077845861813,5.615014515435536e-05,5.483719786200408,3.3306242896629477,-1.867172687789063e-06,3.34309891054135e-06
2021-05-19,0.00026669471381960124,4.63451823742797e-06,0.0011649175332748166,5.615014515435536e-05,5.490533773609413,3.3074876854425836,0.0,3.4341064323728448e-06
2021-05-20,0.0002707173624282749,6.865597994738838e-06,0.0011746431388333022,7.545982241668008e-05,5.4879644238544625,3.1155237008146357,2.2310797573108677e-06,3.2725438849287373e-06
2021-05-21,0.00027476905992122966,6.468399592368973e-06,0.0011851333694917067,7.199882633888126e-05,5.480161668640604,3.055931115183056,-3.971984023698655e-07,3.1256872101739886e-06
2021-05-24,0.00027476905992122966,4.670037681810921e-06,0.0011851333694917067,5.4322252074028086e-05,5.477354960185879,3.136359476072345,-1.7983619105580513e-06,3.0163236082635762e-06
2021-05-25,0.00027476905992122966,6.680102335069027e-06,0.0011851333694917067,7.181789982153004e-05,5.470739354605932,3.092630542758294,2.0100646532581054e-06,2.771977817009503e-06
2021-05-26,0.0002701804329647329,5.80311720484514e-06,0.0011735218733618946,6.77093968523408e-05,5.478411822111677,3.0109102953330544,-8.769851302238864e-07,2.3898732285980667e-06
2021-05-27,0.0002701804329647329,2.5600381701053474e-06,0.0011735218733618946,3.498723975618738e-05,5.479575170089492,3.1724506256754945,-3.243079034739793e-06,2.146179511817199e-06
2021-05-28,0.00032460541097258084,2.9224608444526813e-06,0.0013957181962643776,3.659473176870038e-05,5.45659190174026,3.4404820171504116,3.624226743473339e-07,1.6830547976362552e-06
2021-06-01,0.00032460541097258084,3.983264654222725e-06,0.0013957181962643776,5.385083827480702e-05,5.45051328416555,3.1710648335320446,1.0608038097700438e-06,1.317347581608473e-06
2021-06-02,0.00032460541097258084,3.6156540400685797e-06,0.0013957181962643776,5.259280428259157e-05,5.442535051186421,3.0678785443626735,-3.6761061415414544e-07,1.3706612419222384e-06
2021-06-03,0.00027958566550015574,4.537479437317086e-06,0.0012788803986940615,5.793519557239016e-05,5.4580314079621415,3.203483369061,9.218253972485063e-07,1.3534965329857648e-06
2021-06-04,0.00030953685711049706,4.546655126118472e-06,0.0013557062211802288,5.8000724388059065e-05,5.437996376755769,3.1279745017553733,9.175688801386086e-09,1.334751267362454e-06
2021-06-07,0.00030953685711049706,4.8345573371776965e-06,0.0013557062211802288,6.318079704674915e-05,5.437663151592043,2.841098516210253,2.8790221105922444e-07,1.3239746996862925e-06
2021-06-08,0.00030953685711049706,4.875036529861322e-06,0.0013557062211802288,6.320800960239114e-05,5.432703454644525,2.9807031801526085,4.0479192683625664e-08,1.309161612835706e-06
2021-06-09,0.0002859853420392386,4.784845060721677e-06,0.0013011509415627146,6.2542278689028e-05,5.426100052251844,2.9850711587519143,-9.01914691396451e-08,1.2919797123226676e-06
2021-06-10,0.0002812331658103967,4.7905995228427166e-06,0.0012921974335679965,6.257385796654998e-05,5.426953876677587,2.9887467852112826,5.754462121039521e-09,1.2679368160639492e-06
2021-06-11,0.0002812331658103967,4.783052118476257e-06,0.0012921974335679965,6.256520978885608e-05,5.415823575043919,3.053628057486228,-7.547404366459425e-09,1.2227944767532033e-06
2021-06-14,0.0002795941494960697,4.0568625008173495e-06,0.0012892912952808069,5.934242988126619e-05,5.414221066914177,2.8900966634978653,-7.261896176589076e-07,1.1663877691694229e-06
2021-06-15,0.0002795941494960697,3.9850661965447895e-06,0.0012892912952808069,5.809170323472233e-05,5.413037172833325,3.070430971418577,-7.179630427255999e-08,1.1106772937109341e-06
2021-06-16,0.0002782807473892933,5.625244843859112e-06,0.001287190530144085,7.303330481126964e-05,5.418915987964582,2.8355915582911293,1.6401786473143222e-06,1.129462690825466e-06
2021-06-17,0.0002795041144280631,5.625244843859112e-06,0.0012891373218018695,7.303330481126964e-05,5.418092563003749,2.8900321438794494,0.0,1.1456883927722867e-06
2021-06-18,0.0002864825429624834,7.092569670605161e-06,0.0012975204316347261,8.390504429257624e-05,5.413920796084092,2.9009205966110083,1.4673248267460492e-06,1.1681235188083928e-06
2021-06-21,0.0002864825429624834,6.857113858670637e-06,0.0012975204316347261,7.971042511570782e-05,5.428133113297383,2.9228453328777144,-2.3545581193452427e-07,1.1999342857273342e-06
2021-06-22,0.0002864825429624834,3.8125977843692472e-06,0.0012975204316347261,5.516191407416277e-05,5.435685008865405,2.688896076239305,-3.0445160743013895e-06,1.2211351367675072e-06
2021-06-23,0.0002864825429624834,3.0613451421385393e-06,0.0012975204316347261,5.001051992088931e-05,5.436558101249098,2.835427846184908,-7.512526422307079e-07,1.1939088616690849e-06
2021-06-24,0.0002864825429624834,3.121106752077931e-06,0.0012975204316347261,5.012512408031573e-05,5.432154610787648,2.9908666027302813,5.976160993939153e-08,1.2031517095270957e-06
2021-06-25,0.0002864825429624834,3.299251507445905e-06,0.0012975204316347261,5.103009673716901e-05,5.429474399660062,2.9948737465827215,1.7814475536797427e-07,1.1515218646568878e-06
2021-06-28,0.0002864825429624834,3.479945176823299e-06,0.0012975204316347261,5.150437167066407e-05,5.4311490868829075,3.1636229716118236,1.8069366937739387e-07,1.117296655291759e-06
2021-06-29,0.0002875287126665617,3.1954335589458613e-06,0.0012995605081109064,4.128174397276363e-05,5.434448208922433,3.3918999113400132,-2.845116178774377e-07,1.151269189951594e-06
2021-06-30,0.00031654385094337975,3.1353372790367406e-06,0.0013706407048614312,4.089577675641068e-05,5.411528549036102,3.3933970691103363,-6.009627990912069e-08,1.1754219543962471e-06
2021-07-01,0.00031654385094337975,2.895877196360583e-06,0.0013706407048614312,3.98581321394396e-05,5.410340722836159,3.1999298193389794,-2.394600826761574e-07,1.2270116297485362e-06
2021-07-02,0.00031654385094337975,2.922967366395301e-06,0.0013706407048614312,3.990110441646609e-05,5.410262283332514,3.2551338103563343,2.7090170034718022e-08,1.2692889549634473e-06
2021-07-06,0.00034918929779269097,4.719256668001566e-06,0.0014563478943945413,5.652685207004248e-05,5.395234971386438,3.185079042628837,1.7962893016062648e-06,1.2670490608309664e-06
2021-07-07,0.00034918929779269097,4.676428205640728e-06,0.0014563478943945413,5.649004270854158e-05,5.395445855705229,3.07215830306152,-4.2828462360837676e-08,1.2631262510015163e-06
2021-07-08,0.00034918929779269097,4.697048285166065e-06,0.0014563478943945413,5.682485672495451e-05,5.393408087600529,2.860456629358588,2.062007952533656e-08,1.261489443155164e-06
2021-07-09,0.00032860946210971925,4.332973884041407e-06,0.0013999283076829387,5.4121313434626966e-05,5.40593397470629,2.8657864466206884,-3.640744011246581e-07,1.2561011702699212e-06
2021-07-12,0.00032860946210971925,4.4842121323299165e-06,0.0013999283076829387,5.5153709914831367e-05,5.401249357026954,2.7708906078624413,1.5123824828850977e-07,1.2514298466570598e-06
2021-07-13,0.0003340716962126494,3.4903331497545223e-06,0.0014150157746669748,4.763671487108907e-05,5.401889398621997,2.769233949621467,-9.938789825753943e-07,1.2624850056811038e-06
2021-07-14,0.0003340716962126494,3.8494548762411295e-06,0.0014150157746669748,5.0089031932453014e-05,5.403911925738652,2.9016751557806564,3.591217264866072e-07,1.2642071081642656e-06
2021-07-15,0.0003983515035534977,4.277292339203782e-06,0.0016280994250515517,5.190062506713713e-05,5.371176523713421,3.0810794358184017,4.278374629626522e-07,1.220447582874513e-06
2021-07-16,0.000379599877488577,4.398133852703884e-06,0.0015853668133348157,5.282908592332313e-05,5.374878514990476,3.024429849856984,1.2084151350010254e-07,1.1723447359494284e-06
2021-07-19,0.000379599877488577,4.383622635416898e-06,0.0015853668133348157,5.2819777229296693e-05,5.374221189004195,2.9584725449756153,-1.4511217286986578e-08,9.407993075459426e-07
2021-07-20,0.00036505104725507076,4.322284671937391e-06,0.0015532305485984217,5.2723109292748764e-05,5.38468250731221,2.820040674214079,-6.133796347950653e-08,6.571760072109792e-07
2021-07-21,0.00025679014810890715,4.668474649132918e-06,0.001220864374320577,5.40026637503383e-05,5.434468626764842,3.0072445957187397,3.461899771955271e-07,6.83477802286094e-07
2021-07-22,0.00025679014810890715,4.600381470373931e-06,0.001220864374320577,5.2784088214293686e-05,5.434338733095825,3.122284356531157,-6.809317875898711e-08,6.741520995185112e-07
2021-07-23,0.00014515720076854855,4.794835059964231e-06,0.0007336258053310252,5.331222638108738e-05,5.496391666316463,3.268629436634017,1.9445358959029948e-07,6.700413752985027e-07
2021-07-26,0.00014515720076854855,4.2094042132379144e-06,0.0007336258053310252,4.967143983818882e-05,5.49186498621253,3.1656970814150096,-5.854308467263162e-07,6.48268308741524e-07
2021-07-27,0.00013151440447816572,4.932875963172156e-06,0.0006902213537052261,5.457968709977753e-05,5.498023572023818,3.1733590360211634,7.234717499342416e-07,6.591940390528369e-07
2021-07-28,0.00013254532147678446,4.027106649482454e-06,0.0006931199662205224,4.986601760271075e-05,5.489677307274604,3.106928930956149,-9.057693136897023e-07,6.209768483896696e-07
2021-07-29,0.00013377793248213325,3.486179270146561e-06,0.0006965217643770375,4.5456560905006015e-05,5.482595395021924,3.1258952649197362,-5.409273793358927e-07,5.939557966041288e-07
2021-07-30,0.00013151440447816572,3.2904654422747935e-06,0.0006902213537052261,4.439257383234538e-05,5.498089139952382,3.1138236129403585,-1.9571382787176754e-07,5.532175713064048e-07
2021-08-02,0.00013151440447816572,3.1954066491659984e-06,0.0006902213537052261,4.417529380877512e-05,5.494869836426511,2.9629663007567917,-9.50587931087951e-08,5.218524694165053e-07
2021-08-03,0.00013151440447816572,2.923610114964914e-06,0.0006902213537052261,4.337136990127952e-05,5.495224259879615,2.6545346743707237,-2.7179653420108436e-07,5.859200103030048e-07
2021-08-04,0.00013151440447816572,2.628925627031658e-06,0.0006902213537052261,4.204864391569116e-05,5.501604682808428,2.604326993130298,-2.946844879332559e-07,6.632443132831105e-07
2021-08-05,0.00012927814764651622,4.973499871078334e-06,0.0006828190590391709,6.252751997954698e-05,5.499274299803079,2.5990397785567194,2.3445742440466763e-06,6.801129764841787e-07
2021-08-06,0.00013151440447816572,3.292132614568314e-06,0.0006902213537052261,4.946131260462346e-05,5.497923191711274,2.390984880623316,-1.6813672565100205e-06,6.979929344557794e-07
2021-08-09,0.00013151440447816572,2.6359749246489055e-06,0.0006902213537052261,4.0137916102632046e-05,5.489102825825446,2.455359431862358,-6.561576899194084e-07,7.523384264888961e-07
2021-08-10,0.00013151440447816572,2.901310101693515e-06,0.0006902213537052261,4.103731668201155e-05,5.487003562840371,2.841203700899589,2.6533517704460967e-07,7.809866335756127e-07
2021-08-11,0.00013151440447816572,2.95116873277031e-06,0.0006902213537052261,4.1155292666553754e-05,5.483987780510107,2.9830421575534727,4.985863107679466e-08,8.087515240271491e-07
2021-08-12,0.00013151440447816572,3.0028205914339935e-06,0.0006902213537052261,4.123091264513786e-05,5.49068040797768,3.119255449621042,5.16518586636837e-08,8.229534675929312e-07
2021-08-13,0.0001317025963342311,2.099554350481756e-06,0.0006907189143457984,3.4607284264757494e-05,5.486006065661673,2.935023438494703,-9.032662409522376e-07,8.899943492302628e-07
2021-08-16,0.0001317025963342311,2.1534062149213824e-06,0.0006907189143457984,3.474951414940619e-05,5.484714418931758,3.0910103843628,5.385186443962652e-08,9.339779337371014e-07
2021-08-17,0.00012529060647809088,2.5930534442258324e-06,0.000660682931903938,3.703933315051632e-05,5.4913814763317434,3.324532018300039,4.3964722930445e-07,9.391856317065293e-07
2021-08-18,0.00012529060647809088,2.7728250821227983e-06,0.000660682931903938,3.814706342622645e-05,5.497834691908624,3.320961353073887,1.7977163789696584e-07,9.067550258434846e-07
2021-08-19,0.00012529060647809088,3.0834416177574716e-06,0.000660682931903938,4.043147425422383e-05,5.500332614718835,3.2653546838558207,3.106165356346733e-07,8.609957863572815e-07
2021-08-20,0.00013192071184998336,3.0834416177574716e-06,0.0006811050768814704,4.043147425422383e-05,5.493771300214577,3.2653546838558207,0.0,7.861292112965821e-07
2021-08-23,0.00015248620526663587,3.0834416177574716e-06,0.0007602714254788499,4.043147425422383e-05,5.476835113661256,3.2653546838558207,0.0,7.504357900906854e-07
2021-08-24,0.00013192071184998336,2.23933657743784e-06,0.0006811050768814704,2.922492334126203e-05,5.4954313666229195,3.4196490929523966,-8.441050403196314e-07,6.49600222310762e-07
2021-08-25,0.00013192071184998336,2.23933657743784e-06,0.0006811050768814704,2.922492334126203e-05,5.484419318743881,3.3527639110440197,0.0,6.264373492276917e-07
2021-08-26,0.00013192071184998336,2.2419039777665767e-06,0.0006811050768814704,3.2589744237079966e-05,5.483160700940891,3.044084208925422,2.5674003287365516e-09,6.302226253078845e-07
2021-08-27,0.00013500970221898357,1.790975046717582e-06,0.0006918265833791132,2.9377541211588505e-05,5.476768795461309,2.8750483741886486,-4.5092893104899473e-07,6.656721891421998e-07
2021-08-30,0.00013948900116168695,1.731715902061977e-06,0.0007155992789629238,2.8862239961226774e-05,5.477466653091638,2.8815277249436386,-5.925914465560502e-08,6.98882004818149e-07
2021-08-31,0.00013948900116168695,1.731715902061977e-06,0.0007155992789629238,2.8862239961226774e-05,5.468398814403728,2.8815277249436386,0.0,7.307930114667853e-07
2021-09-01,0.00013948900116168695,1.9277065697804623e-06,0.0007155992789629238,2.9809653665174382e-05,5.465896294374763,3.0195200889753675,1.9599066771848536e-07,7.490314803216001e-07
2021-09-02,0.00013948900116168695,1.8988577390607634e-06,0.0007155992789629238,2.9588663358332012e-05,5.465586123420855,3.01443898679796,-2.8848830719698843e-08,5.235465001962861e-07
2021-09-03,0.00015116685386274196,2.0489849961842813e-06,0.0007573517149131575,3.029350995112015e-05,5.440048868202925,3.1748241957337284,1.5012725712351788e-07,4.941087901038212e-07
2021-09-07,0.00015116685386274196,3.2307286628051737e-06,0.0007573517149131575,4.911977077603519e-05,5.447488394589739,2.980347093131614,1.1817436666208924e-06,5.253028281788966e-07
2021-09-08,0.00015116685386274196,3.343996568372828e-06,0.0007573517149131575,4.983889684568033e-05,5.451268269820011,2.970508522286802,1.1326790556765414e-07,5.542785226434054e-07
2021-09-09,0.00015116685386274196,5.615116722811153e-06,0.0007573517149131575,6.658693445316566e-05,5.459493247713568,3.1188218919096444,2.271120154438325e-06,8.939285309258863e-07
2021-09-10,0.00015116685386274196,5.491120502084821e-06,0.0007573517149131575,6.6424875966513e-05,5.4495511519879365,2.8559038972132327,-1.2399622072633186e-07,1.102427827247585e-06
2021-09-13,0.00015116685386274196,5.491120502084821e-06,0.0007573517149131575,6.6424875966513e-05,5.4507706995975385,2.869402669310786,0.0,1.252584515867853e-06
2021-09-14,0.00014682677599601275,5.47783485271293e-06,0.0007454331736916502,6.623101418284345e-05,5.454181114464311,2.8320204527627766,-1.3285649371890955e-08,1.3652588614072319e-06
2021-09-15,0.0001257572449469659,3.46220188243415e-06,0.0006752425918465092,4.962916933500846e-05,5.467980932645248,2.4674227214547746,-2.01563297027878e-06,1.3635847433803095e-06
2021-09-16,0.0001257572449469659,1.987764156985518e-06,0.0006752425918465092,3.014141764294805e-05,5.47161506497289,2.596698246278842,-1.474437725448632e-06,1.3846146765627377e-06
2021-09-17,0.000130453514300495,1.987764156985518e-06,0.0006882450998900963,3.014141764294805e-05,5.47867218679684,2.596698246278842,0.0,1.4051633035945183e-06
2021-09-20,0.00018084777174542956,1.987764156985518e-06,0.0008785778346420975,3.014141764294805e-05,5.445334629134206,2.596698246278842,0.0,1.42319764897477e-06
2021-09-21,0.00018084777174542956,1.7011036162191574e-06,0.0008785778346420975,2.7654523854633158e-05,5.439145551308294,2.5905501963143682,-2.8666054076636063e-07,1.4497192036259772e-06
2021-09-22,0.00018084777174542956,1.6425561435007773e-06,0.0008785778346420975,2.750246121723727e-05,5.437549050164186,2.3773222448101543,-5.854747271838007e-08,1.4696339355530166e-06
2021-09-23,0.00018084777174542956,1.6775009520013145e-06,0.0008785778346420975,2.7580870003136912e-05,5.437452722557507,2.568185883010558,3.494480850053717e-08,1.4872159795049873e-06
2021-09-24,0.00018084777174542956,1.3701230690990827e-06,0.0008785778346420975,2.6585563692791938e-05,5.431454813820768,1.9067523735195548,-3.073778829022318e-07,1.5176215790980308e-06
2021-09-27,0.00019156245589050332,1.3701230690990827e-06,0.0009069537109690315,2.6585563692791938e-05,5.434305141383558,2.02504803871544,0.0,1.534873829466816e-06
2021-09-28,0.00022088362522003436,1.3701230690990827e-06,0.0010958953770482374,2.6585563692791938e-05,5.41354615509009,2.02504803871544,0.0,1.5496670772034957e-06
2021-09-29,0.00020168725904796196,2.210133787514777e-06,0.0010519355701519985,3.532953188557197e-05,5.422721437946668,1.9994443022238964,8.400107184156945e-07,1.5369123258277009e-06
2021-09-30,0.00020168725904796196,2.210133787514777e-06,0.0010519355701519985,3.532953188557197e-05,5.432212813063387,1.9994443022238964,0.0,1.5301002151949256e-06
2021-10-01,0.00020168725904796196,2.210133787514777e-06,0.0010519355701519985,3.532953188557197e-05,5.426365423942062,1.9994443022238964,0.0,1.5222420175290774e-06
2021-10-04,0.00018404757158738786,2.210133787514777e-06,0.0009029898074363013,3.532953188557197e-05,5.438551048709046,1.9994443022238964,0.0,1.5185111546327e-06
2021-10-05,0.00018404757158738786,2.7258827495874457e-06,0.0009029898074363013,4.237413311422091e-05,5.449015161015192,1.9342437631948848,5.157489620726686e-07,1.5152082711262604e-06
2021-10-06,0.00018404757158738786,2.7258827495874457e-06,0.0009029898074363013,4.237413311422091e-05,5.447572216396608,1.9342437631948848,0.0,1.5093298141285064e-06
2021-10-07,0.00018404757158738786,2.7258827495874457e-06,0.0009029898074363013,4.237413311422091e-05,5.433278096798448,1.9342437631948848,0.0,1.3501646832771412e-06
2021-10-08,0.00018603911016383114,3.6100717560965465e-06,0.000907609663177513,4.947027045945412e-05,5.44269219492829,2.493164342877156,8.841890065091008e-07,1.1948868201564695e-06
2021-10-11,0.00018603911016383114,3.6020744276061015e-06,0.000907609663177513,5.2414933787446065e-05,5.4421216524268585,2.3419744072018824,-7.997328490445008e-09,1.0064479707857748e-06
2021-10-12,0.00018603911016383114,3.6020744276061015e-06,0.000907609663177513,5.2414933787446065e-05,5.452131177047025,2.3419744072018824,0.0,7.64045588977598e-07
2021-10-13,0.00019030348902468642,3.571039695847423e-06,0.0009184454271470595,5.237200637349141e-05,5.450708590252255,2.1819526086373564,-3.103473175867861e-08,7.729487467115471e-07
2021-10-14,0.00019030348902468642,2.1476441668257787e-06,0.0009184454271470595,3.823654011512005e-05,5.447003028897448,1.917268885607325,-1.4233955290216442e-06,7.700998655111522e-07
2021-10-15,0.00019030348902468642,3.1725582935146006e-06,0.0009184454271470595,4.639043853357025e-05,5.44540464083593,2.233736922891452,1.024914126688822e-06,7.875252840136144e-07
2021-10-18,0.0001911529550315497,3.3923977508813526e-06,0.000920822337017229,4.656435899901632e-05,5.446350073527858,2.512170846546075,2.19839457366752e-07,8.118222406049366e-07
2021-10-19,0.00018870304248858077,3.076323245960001e-06,0.0009145026135769676,4.3329676827048574e-05,5.465551562557106,2.6678825053804283,-3.160745049213517e-07,8.021313181579525e-07
2021-10-20,0.00018870304248858077,1.6844979772659604e-06,0.0009145026135769676,2.800644657743781e-05,5.456514035897573,2.5366088948839427,-1.3918252686940405e-06,7.997371902525761e-07
2021-10-21,0.00018870304248858077,1.5300595810596087e-06,0.0009145026135769676,2.6430579788549855e-05,5.450337189242151,2.548951042587798,-1.5443839620635173e-07,8.086703065371002e-07
2021-10-22,0.00018870304248858077,4.144248818807122e-06,0.0009145026135769676,5.9174898119287985e-05,5.452703458292904,2.5504234218744064,2.6141892377475135e-06,8.374034242330641e-07
2021-10-25,0.00018870304248858077,4.594128506184248e-06,0.0009145026135769676,6.0625473471995236e-05,5.456854229699562,2.750660106892651,4.4987968737712557e-07,8.841151293814808e-07
2021-10-26,0.00018870304248858077,4.594128506184248e-06,0.0009145026135769676,6.0625473471995236e-05,5.453834163847206,2.750660106892651,0.0,8.985367299637025e-07
2021-10-27,0.00018870304248858077,4.594128506184248e-06,0.0009145026135769676,6.0625473471995236e-05,5.454215221861265,2.7146853446654733,0.0,9.468869210841732e-07
2021-10-28,0.00019550444798774176,4.594128506184248e-06,0.000939183968626998,6.0625473471995236e-05,5.44279992375053,2.7146853446654733,0.0,9.777058012328302e-07
2021-10-29,0.00019550444798774176,3.0268005604971506e-06,0.000939183968626998,4.263480565012102e-05,5.441709777245158,2.6650538801185246,-1.5673279456870973e-06,9.497268425368116e-07
2021-11-01,0.00020092258309383542,3.0268005604971506e-06,0.0009530276219176427,4.263480565012102e-05,5.442800076656842,2.6650538801185246,0.0,9.189903602723384e-07
2021-11-02,0.00020092258309383542,2.5339776734262223e-06,0.0009530276219176427,3.945988027733077e-05,5.443769869482033,2.609692418113267,-4.928228870709283e-07,9.263499879883837e-07
2021-11-03,0.00020092258309383542,2.68241110049876e-06,0.0009530276219176427,4.036770218864803e-05,5.445107437652839,2.6088580114019506,1.4843342707253773e-07,9.278115247252557e-07
2021-11-04,0.00020092258309383542,2.0571704183141095e-06,0.0009530276219176427,2.9201432387770713e-05,5.4371480250389475,3.0557320396051706,-6.252406821846506e-07,9.608707305654298e-07
2021-11-05,0.00019868679822693976,2.180759172925423e-06,0.0009468347862916572,2.8507259607958455e-05,5.442893270367249,3.3575895057245897,1.2358875461131346e-07,9.864205082241629e-07
2021-11-08,0.00019923749001505404,1.5960679500764348e-06,0.0009483232335770322,2.320802333678419e-05,5.438877847953096,3.1736216281669276,-5.846912228489881e-07,1.0427334700958662e-06
2021-11-09,0.00019923749001505404,1.7879106649722795e-06,0.0009483232335770322,2.6076943942800043e-05,5.436917882944329,3.026072994390499,1.9184271489584465e-07,1.0742799226899488e-06
2021-11-10,0.00017530073913281648,1.7879106649722795e-06,0.0008677340328528426,2.6076943942800043e-05,5.4560711846979,3.092334892040281,0.0,1.098067220219817e-06
2021-11-11,0.00017530073913281648,1.7057269820002474e-06,0.0008677340328528426,2.573340873591026e-05,5.458320509426899,2.997115900251254,-8.218368297203206e-08,1.118475993680989e-06
2021-11-12,0.00017530073913281648,2.422579759565753e-06,0.0008677340328528426,3.285617706675728e-05,5.461923457029107,3.078499156540592,7.168527775655056e-07,1.1210066378870108e-06
2021-11-15,0.00017530073913281648,1.800457830830644e-06,0.0008677340328528426,2.705682716687006e-05,5.452516190121588,2.9699341317286336,-6.22121928735109e-07,1.1369170426911078e-06
2021-11-16,0.00017530073913281648,1.7711416077780278e-06,0.0008677340328528426,2.6982550640041854e-05,5.443618237569318,2.8396946778556114,-2.9316223052616162e-08,1.1557721220141445e-06
2021-11-17,0.00017530073913281648,1.9184470013594353e-06,0.0008677340328528426,2.8527500433131705e-05,5.444434082386543,2.827829057943359,1.4730539358140747e-07,1.1460349872023192e-06
2021-11-18,0.00017530073913281648,2.2525860342881634e-06,0.0008677340328528426,3.035939068503679e-05,5.442555343660242,2.9807148182360836,3.3413903292872804e-07,1.1176721355928063e-06
2021-11-19,0.00019341596214187933,2.433606254806195e-06,0.0009252076652809078,3.2554877980942466e-05,5.434657298985643,2.9669443689105566,1.810202205180315e-07,1.070089084616492e-06
2021-11-22,0.00019341596214187933,2.434314964102317e-06,0.0009252076652809078,3.255491400858493e-05,5.438921329132236,3.0511204388486277,7.087092961222814e-10,9.697614412680427e-07
2021-11-23,0.00020566265261114916,2.433606254806195e-06,0.0009677295775692041,3.2554877980942466e-05,5.429315446036214,2.9669443689105566,-7.087092961222814e-10,8.433466996418715e-07
2021-11-24,0.00020566265261114916,2.0742094796857818e-06,0.0009677295775692041,2.7570105105159112e-05,5.41380694938927,3.251778607999127,-3.593967751204131e-07,6.78624195785799e-07
2021-11-26,0.00024236591831043705,1.9388182060051603e-06,0.0010865425858082494,2.6956710980188488e-05,5.403109450558022,3.094594991942074,-1.3539127368062148e-07,4.2322180649174454e-07
2021-11-29,0.00024236591831043705,1.724254178548841e-06,0.0010865425858082494,2.5727751251292938e-05,5.401750866850587,2.915008750980882,-2.1456402745631918e-07,3.86861591437679e-07
2021-11-30,0.00027199134154308105,1.7343827928692793e-06,0.0011801215502540297,2.573503857070466e-05,5.387277685136171,3.034967258652555,1.0128614320438229e-08,3.3304868381682137e-07
2021-12-01,0.00024603859894256136,1.975951811297129e-06,0.0011046653066772538,2.733039045121614e-05,5.400303976063845,3.0421990499578593,2.415690184278497e-07,3.144143936442957e-07
2021-12-02,0.00024603859894256136,1.8275551286401514e-06,0.0011046653066772538,2.664530986886068e-05,5.414863488489919,2.859445122042796,-1.4839668265697756e-07,2.778372969452214e-07
2021-12-03,0.000247466689281758,1.8275551286401514e-06,0.00110859643910826,2.664530986886068e-05,5.420531794904503,2.859445122042796,0.0,2.797778558793948e-07
2021-12-06,0.00024603859894256136,1.9699674949734368e-06,0.0011046653066772538,2.732640798495679e-05,5.440959713396199,3.041194686000084,1.424123663332853e-07,2.7581448347991573e-07
2021-12-07,0.00027714700614070437,1.662415754440892e-06,0.0011962042225259054,2.5171260390012815e-05,5.429478539260476,2.8573769953077206,-3.0755174053254474e-07,2.714336810519664e-07
2021-12-08,0.00028350396282844805,1.4771415603353672e-06,0.0012457718280422664,2.4152813514495807e-05,5.418018927316846,2.6437758544526715,-1.8527419410552478e-07,2.908575720165113e-07
2021-12-09,0.00028350396282844805,1.5149092204260877e-06,0.0012457718280422664,2.490130617918669e-05,5.4202637741106185,2.59837553232383,3.776766009072049e-08,3.0533689374234916e-07
2021-12-10,0.0002826042994088264,2.4444798333236272e-06,0.0012437095654399453,3.564069866243877e-05,5.421588858337493,2.44672090061131,9.295706128975395e-07,3.192384041902674e-07
2021-12-13,0.00027067670157622677,2.4451885426197495e-06,0.0012100839605303443,3.564073157076145e-05,5.421298000795528,2.553312154280319,7.087092961222814e-10,3.209165509716009e-07
2021-12-14,0.0002630428723369432,2.447268285358787e-06,0.0011923392085197613,3.5641208102321575e-05,5.426332174972135,2.5600173386600567,2.0797427390374574e-09,3.3387694356243284e-07
2021-12-15,0.00023721658393143272,3.41664126523364e-06,0.0011139341366055396,4.144669258484431e-05,5.43577144881181,2.9789247271069144,9.693729798748532e-07,4.5227302578030017e-07
2021-12-16,0.00023721658393143272,2.2826594553966953e-06,0.0011139341366055396,3.198285372911683e-05,5.437619913724691,2.6164594213127006,-1.1339818098369448e-06,4.520094467145675e-07
2021-12-17,0.00026161964538525337,1.7960222465419065e-06,0.0011812111623173349,2.8160893884501928e-05,5.424575353639281,2.509926920591073,-4.866372088547888e-07,4.5625086258343595e-07
2021-12-20,0.00026134616839196446,1.7548785855169015e-06,0.0011804848352165872,2.7754903443689623e-05,5.430416101424411,2.511661211391981,-4.114366102500505e-08,4.5482653627909125e-07
2021-12-21,0.00026134616839196446,1.7548785855169015e-06,0.0011804848352165872,2.7754903443689623e-05,5.431127701978076,2.602461820753276,0.0,4.506821761747831e-07
2021-12-22,0.0002755963577628237,1.023005597098491e-06,0.0012262206619022557,2.1626608921990043e-05,5.425659218232247,2.056178928731157,-7.318729884184105e-07,4.918873822843629e-07
2021-12-23,0.0002755963577628237,2.104480395420508e-06,0.0012262206619022557,3.466436099843473e-05,5.4389027743691,2.4075458101220044,1.081474798322017e-06,4.923211443669635e-07
2021-12-27,0.00028163890196370903,3.3121690475334773e-06,0.0012414946066026309,4.3790240917900835e-05,5.434740522016727,2.6594002819148153,1.2076886521129694e-06,5.780857562365683e-07
2021-12-28,0.00028163890196370903,3.1292391455374272e-06,0.0012414946066026309,4.275619636639092e-05,5.432885906517316,2.6378267564293583,-1.829299019960501e-07,6.232455795915758e-07
2021-12-29,0.00028163890196370903,3.707414170052556e-06,0.0012414946066026309,4.6966670297927796e-05,5.435907803470067,2.658229148749609,5.781750245151289e-07,7.128631003478327e-07
2021-12-30,0.00028163890196370903,2.7255582411810836e-06,0.0012414946066026309,3.858196775110236e-05,5.440051043423732,2.639487024608424,-9.818559288714725e-07,7.20477875801812e-07
2021-12-31,0.00028163890196370903,3.1410696964624915e-06,0.0012414946066026309,4.194196384467475e-05,5.435674153832369,2.8752689940959026,4.155114552814079e-07,7.413153974636709e-07
2022-01-03,0.00028163890196370903,3.1410696964624915e-06,0.0012414946066026309,4.194196384467475e-05,5.450899334001386,2.8752689940959026,0.0,7.555977985663957e-07
2022-01-04,0.00028163890196370903,3.0903113754659127e-06,0.0012414946066026309,4.013188336507085e-05,5.457012271889771,2.8362361163757313,-5.075832099657874e-08,7.664151191204209e-07
2022-01-05,0.0003394693428786561,3.326319517295946e-06,0.001406414376459326,4.105495510256108e-05,5.4458094163376085,3.0210652219187493,2.3600814183003314e-07,7.703164570400433e-07
2022-01-06,0.00032551382629782247,4.2104901123909975e-06,0.0013674912291746378,4.720798414877143e-05,5.458609682638848,3.1734693238684977,8.841705950950516e-07,8.198476372595652e-07
2022-01-07,0.00032551382629782247,4.2104901123909975e-06,0.0013674912291746378,4.720798414877143e-05,5.456533505520783,3.1734693238684977,0.0,8.465647766410694e-07
2022-01-10,0.0003427752018178611,3.478294239682771e-06,0.0014110621829406076,4.3520099204983106e-05,5.445929529356542,2.9918403777738334,-7.321958727082265e-07,8.56936608682167e-07
2022-01-11,0.0003427752018178611,4.016176456111076e-06,0.0014110621829406076,4.678596320371111e-05,5.45025269479925,3.037582966139493,5.378822164283054e-07,8.916015158080167e-07
2022-01-12,0.0003427752018178611,4.016176456111076e-06,0.0014110621829406076,4.678596320371111e-05,5.446375980276041,3.037582966139493,0.0,9.17983637471339e-07
2022-01-13,0.00035239902596384965,4.016176456111076e-06,0.0014325084197141966,4.678596320371111e-05,5.447135462324658,3.037582966139493,0.0,9.423928172486083e-07
2022-01-14,0.00035239902596384965,4.4284514236477326e-06,0.0014325084197141966,4.8302444409945184e-05,5.4457201590466076,3.3208837507955846,4.1227496753665614e-07,9.765359195289548e-07
2022-01-18,0.00024210420680007463,3.624553399832076e-06,0.0010636684533220178,4.365468494005572e-05,5.490658374251818,3.1616106881697794,-8.038980238156565e-07,9.306611948685627e-07
2022-01-19,0.00024210420680007463,3.624553399832076e-06,0.0010636684533220178,4.365468494005572e-05,5.4801367943516865,3.1616106881697794,0.0,8.685763422941802e-07
2022-01-20,0.00024210420680007463,3.624553399832076e-06,0.0010636684533220178,4.365468494005572e-05,5.4888272139454495,3.1616106881697794,0.0,7.901399425272158e-07
2022-01-21,0.0002429818620863805,5.187777140378794e-06,0.0010661527196737057,5.460523645300078e-05,5.485819032799522,3.2471880453321784,1.5632237405467181e-06,6.712703541942276e-07
2022-01-24,0.0002471347626626457,5.187777140378794e-06,0.001079063013978491,5.460523645300078e-05,5.48365559350518,3.2471880453321784,0.0,6.623338927419311e-07
2022-01-25,0.0002413771859689608,3.3733656264443664e-06,0.0010610536520558437,4.2089273396862085e-05,5.49061282029359,3.0661121096035377,-1.8144115139344278e-06,6.602946826617339e-07
2022-01-26,0.0002413771859689608,3.7915900543035473e-06,0.0010610536520558437,4.3835813528779786e-05,5.4886802062840925,3.247146758862173,4.1822442785918095e-07,6.432251604105423e-07
2022-01-27,0.0002413771859689608,4.411970581629518e-06,0.0010610536520558437,4.655566854602013e-05,5.488089943239052,3.4568063958934356,6.203805273259703e-07,6.572523787525212e-07
2022-01-28,0.0002413771859689608,4.411970581629518e-06,0.0010610536520558437,4.655566854602013e-05,5.491282082386443,3.4568063958934356,0.0,6.147239462283613e-07
2022-01-31,0.0002413771859689608,3.8043596720206377e-06,0.0010610536520558437,4.2848302271081626e-05,5.494710835176178,3.4184114816352786,-6.076109096088799e-07,5.880489240273089e-07
2022-02-01,0.00024043019703150583,3.3827688098072307e-06,0.0010575620916152752,4.0255541783220785e-05,5.491586145765331,3.29841308784597,-4.21590862213407e-07,5.728626651420951e-07
2022-02-02,0.00024043019703150583,3.1931769177733883e-06,0.0010575620916152752,3.960637583113943e-05,5.493068511119249,3.148422462567877,-1.8959189203384243e-07,5.650433073919415e-07
2022-02-03,0.00024043019703150583,3.0079885357932932e-06,0.0010575620916152752,3.848884893939788e-05,5.49124758294757,3.1347467119070176,-1.8518838198009508e-07,5.880281286992978e-07
2022-02-04,0.00024043019703150583,2.4482061474035533e-06,0.0010575620916152752,3.468311011208606e-05,5.4932614296265445,3.030636689840939,-5.5978238838974e-07,6.728760275100786e-07
2022-02-07,0.00024043019703150583,2.4513235239990873e-06,0.0010575620916152752,3.494277243912052e-05,5.496606632630021,3.144623350132254,3.1173765955339907e-09,7.368630690616916e-07
2022-02-08,0.00021559238271717614,2.4513235239990873e-06,0.0009748445663566312,3.494277243912052e-05,5.5068844118877465,3.144623350132254,0.0,7.922585452848125e-07
2022-02-09,0.00021559238271717614,1.787456757591608e-06,0.0009748445663566312,2.6385906812660984e-05,5.503857727520188,3.262021269818856,-6.638667664074792e-07,8.984351944143715e-07
2022-02-10,0.00020865678372464105,1.4441597994326634e-06,0.0009523923316048298,2.3261578380822602e-05,5.508055005585795,3.2677121747541964,-3.432969581589446e-07,1.0140646408300696e-06
2022-02-11,0.00021191670292408478,3.6749123757974026e-06,0.0009632884873367567,5.305049399703636e-05,5.506389143389431,3.0323394946334874,2.230752576364739e-06,1.0074648554637651e-06
2022-02-14,0.00021191670292408478,3.0250920745667717e-06,0.0009632884873367567,4.9477021960457244e-05,5.496540521723312,2.9864849662246327,-6.498203012306309e-07,9.855068232280844e-07
2022-02-15,0.00020876936606993292,3.3635744698723003e-06,0.000954231199767677,5.079150590690866e-05,5.502633133456822,3.1566000922253146,3.384823953055286e-07,9.840402567099277e-07
2022-02-16,0.00020876936606993292,3.2718396303115075e-06,0.000954231199767677,5.063510388483924e-05,5.494597253352972,2.9927832758664787,-9.173483956079274e-08,9.826315574829993e-07
2022-02-17,0.0002056162102611616,3.1464527484570674e-06,0.0009443803639958362,5.034128073075046e-05,5.496232614649978,2.8151469572873813,-1.253868818544401e-07,9.817939160547954e-07
2022-02-18,0.00021316230784128063,3.687690061237652e-06,0.0009677685444557769,5.31613825330029e-05,5.487269596232069,2.720966503261702,5.412373127805847e-07,8.858871438130502e-07
2022-02-22,0.00021316230784128063,3.928662126522816e-06,0.0009677685444557769,5.180344650050498e-05,5.480775152776109,2.7407842074329105,2.409720652851639e-07,7.805993624773569e-07
2022-02-23,0.00021316230784128063,3.739068866653659e-06,0.0009677685444557769,5.0474061560278195e-05,5.46605436701205,2.7409342845773406,-1.8959325986915709e-07,7.890403148780206e-07
2022-02-24,0.00021316230784128063,2.670501544808886e-06,0.0009677685444557769,3.927504282990695e-05,5.473532120542054,2.8139401976795098,-1.0685673218447728e-06,7.862015103216004e-07
2022-02-25,0.00023031095217509656,2.670501544808886e-06,0.0010236937288400914,3.927504282990695e-05,5.474063649830536,2.8139401976795098,0.0,7.356535226260091e-07
2022-02-28,0.00023031095217509656,2.530852502925113e-06,0.0010236937288400914,3.8821276910078194e-05,5.474754241732016,2.63960984901996,-1.3964904188377324e-07,6.737832039418015e-07
2022-03-01,0.00023031095217509656,1.2132275473968798e-06,0.0010236937288400914,2.141582462580551e-05,5.477376936331137,2.5541617660146265,-1.3176249555282331e-06,7.522813100153736e-07
2022-03-02,0.00019232136335216055,1.2132275473968798e-06,0.0008955724583597398,2.141582462580551e-05,5.492769060563666,2.5541617660146265,0.0,8.249948418288556e-07
2022-03-03,0.00018852359373384734,2.9119610053900537e-06,0.0008834272270412094,5.092703914909612e-05,5.507963286400033,1.9666028010925154,1.698733457993174e-06,8.193487018800674e-07
2022-03-04,0.00019133329875382668,2.9119610053900537e-06,0.000892176150700793,5.092703914909612e-05,5.507498772816426,1.9992201071222755,0.0,8.179258056168569e-07
2022-03-07,0.00019826122662954164,2.9119610053900537e-06,0.0009144849184183297,5.092703914909612e-05,5.511189423256108,1.9992201071222755,0.0,8.161749189854403e-07
2022-03-08,0.00019826122662954164,4.255688824166841e-06,0.0009144849184183297,6.29873838194057e-05,5.517666463877183,1.957003256539951,1.343727818776787e-06,8.787178312227744e-07
2022-03-09,0.00018526906136602972,4.255688824166841e-06,0.0008700281186608832,6.29873838194057e-05,5.520990224238045,1.957003256539951,0.0,9.279079224866032e-07
2022-03-10,0.00018526906136602972,5.279953420979438e-06,0.0008700281186608832,6.90874338232012e-05,5.516109986857352,1.894798048725914,1.0242645968125972e-06,1.024982446208986e-06
2022-03-11,0.00018526906136602972,4.121826576423442e-06,0.0008700281186608832,5.8547051364315904e-05,5.518771704901939,2.141091930506902,-1.1581268445559962e-06,9.699803102656346e-07
2022-03-14,0.00018526906136602972,4.357722781475632e-06,0.0008700281186608832,5.902983788121786e-05,5.528191592281821,2.4973742300800006,2.3589620505219019e-07,9.977413103927748e-07
2022-03-15,0.00018526906136602972,4.728595321103057e-06,0.0008700281186608832,6.006120110812404e-05,5.532353434742513,2.8650962344488753,3.70872539627425e-07,1.046930353859676e-06
2022-03-16,0.0001852074324047684,4.728595321103057e-06,0.0008698677341051277,6.006120110812404e-05,5.541777096997246,2.8650962344488753,0.0,1.0908480721157544e-06
2022-03-17,0.0001852074324047684,4.872943912685544e-06,0.0008698677341051277,6.034702667892128e-05,5.539927497870479,3.0278182088161736,1.44348591582487e-07,1.1366661097408724e-06
2022-03-18,0.0001852074324047684,5.631423949952245e-06,0.0008698677341051277,6.388419816384189e-05,5.540149810524807,3.190908692915413,7.58480037266701e-07,1.227392202443613e-06
2022-03-21,0.0001852074324047684,5.823483297143749e-06,0.0008698677341051277,6.267644845713785e-05,5.5426721822586345,3.385255720829283,1.9205934719150425e-07,1.3218525822722435e-06
2022-03-22,0.0001852074324047684,4.9079318969328075e-06,0.0008698677341051277,5.781095949149763e-05,5.525506088311282,3.279052587142781,-9.155514002109418e-07,1.3471850127460597e-06
2022-03-23,0.0001852074324047684,2.7126412732795664e-06,0.0008698677341051277,3.2967220207528595e-05,5.529252980140973,3.240244234951995,-2.195290623653241e-06,1.3684839356873117e-06
2022-03-24,0.00018911002898973638,2.6336757675975116e-06,0.0008824423488453326,3.329720449145171e-05,5.521722988462539,3.1809256343631307,-7.896550568205478e-08,1.3700162700298206e-06
2022-03-25,0.00020596569235282024,6.761207448831828e-06,0.0009424367294880934,7.686374509456204e-05,5.514855114054013,3.1703178701208774,4.127531681234317e-06,1.5019411928736976e-06
2022-03-28,0.0002037227415298121,3.135175266960452e-06,0.0009335925344758519,3.668059460091016e-05,5.515329253110409,3.3294377711850935,-3.6260321818713765e-06,1.4780258283212876e-06
2022-03-29,0.00021158753971677779,2.8644219238852338e-06,0.0009607266306169599,3.525832847485332e-05,5.519106931281532,3.182864664205935,-2.707533430752181e-07,1.3572024158562413e-06
2022-03-30,0.00021158753971677779,3.064668471392477e-06,0.0009607266306169599,3.613103260674681e-05,5.514356124540862,3.3768076298073977,2.0024654750724333e-07,1.2084452664998465e-06
2022-03-31,0.00021158753971677779,3.5165264805284385e-06,0.0009607266306169599,3.8305349272591155e-05,5.520635617117281,3.6020726719124747,4.518580091359614e-07,1.1833160247381893e-06
2022-04-01,0.00019690865597687049,3.2555416245348977e-06,0.0009110289079486923,3.699902443126649e-05,5.5295624609833895,3.550744967024914,-2.609848559935408e-07,1.166405966610935e-06
2022-04-04,0.00018990360487308643,3.2555416245348977e-06,0.0008893299732234932,3.699902443126649e-05,5.543421581392429,3.550744967024914,0.0,1.1489767796221212e-06
2022-04-05,0.0001737626430663199,3.240498029961111e-06,0.0008342006823566571,3.6984738363073154e-05,5.548397972677908,3.481834429072083,-1.5043594573786705e-08,1.1690164720512578e-06
2022-04-06,0.0001737626430663199,3.0894686922122404e-06,0.0008342006823566571,3.6476497323132675e-05,5.546246533737246,3.3514401209157536,-1.5102933774887064e-07,1.1927017365294508e-06
2022-04-07,0.00015251074159849408,2.8967583796689903e-06,0.0007526222105019874,3.543012993608139e-05,5.551220218747259,3.165459482269961,-1.927103125432501e-07,1.187553953505562e-06
2022-04-08,0.00015251074159849408,3.5316015147718566e-06,0.0007526222105019874,4.125707043907928e-05,5.554922647065478,3.1468005732923356,6.348431351028664e-07,1.1911704063827028e-06
2022-04-11,0.00017847079183750772,3.4124024024685746e-06,0.0008539007932372395,3.9837644633758006e-05,5.548089824867123,3.2823043638928757,-1.1919911230328207e-07,1.1929119574102302e-06
2022-04-12,0.00021434540133728508,2.675306897821711e-06,0.0009739042562676484,3.5328987581813485e-05,5.531258247436497,2.971675005737849,-7.370955046468637e-07,1.206412688601105e-06
2022-04-13,0.00022475021534985133,2.8662396001505e-06,0.001006355515998394,3.740284008106419e-05,5.520662359335367,2.9708358225073064,1.9093270232878895e-07,1.2028743743798229e-06
2022-04-14,0.00022475021534985133,2.9607003458483583e-06,0.001006355515998394,3.765331155905796e-05,5.519018665401761,3.123762916251535,9.44607456978585e-08,1.1811537375287739e-06
2022-04-18,0.00022883961643323445,3.013194725930255e-06,0.001019228420342285,3.7739132242673395e-05,5.517991341111689,3.2487007623217883,5.2494380081896514e-08,1.0868555436656823e-06
2022-04-19,0.00021014716922008935,5.97273971239508e-06,0.0009571569704727989,7.531059992982101e-05,5.5249176337417545,2.980553206801135,2.9595449864648256e-06,1.1041623259067922e-06
2022-04-20,0.00021170993100823326,6.247440796785065e-06,0.0009619679606272097,7.593969992988768e-05,5.525596041255531,3.1440935455485675,2.7470108438998435e-07,1.2284365540532312e-06
2022-04-21,0.00021170993100823326,3.048706216576324e-06,0.0009619679606272097,3.591105697710896e-05,5.524925337717605,3.3455568845338997,-3.1987345802087407e-06,1.2185624813350913e-06
2022-04-22,0.0002134088377917117,3.048706216576324e-06,0.0009672251395586046,3.591105697710896e-05,5.527727472617489,3.3455568845338997,0.0,1.2052012724695562e-06
2022-04-25,0.00020519519966540783,6.132688374791603e-06,0.0009401939366269628,6.810114208317231e-05,5.533355747338153,3.1056799825905594,3.0839821582152793e-06,1.1236739697465535e-06
2022-04-26,0.00020519519966540783,4.127711442852693e-06,0.0009401939366269628,4.9554298668110826e-05,5.532963560510545,3.0001033568680318,-2.0049769319389103e-06,1.1257739525876592e-06
2022-04-27,0.00020519519966540783,4.1061117860633095e-06,0.0009401939366269628,4.952818409060377e-05,5.520659538528592,2.983919655486708,-2.1599656789383413e-08,1.1166333990308233e-06
2022-04-28,0.0002106771570243246,6.898855503224163e-06,0.0009655191306904191,7.872463302796026e-05,5.517843618152211,2.719051750121552,2.7927437171608537e-06,1.3177049582172412e-06
2022-04-29,0.0002106771570243246,7.239201084128853e-06,0.0009655191306904191,7.953415031119631e-05,5.519556951180795,2.919591718872708,3.4034558090469017e-07,1.5141903879541824e-06
2022-05-02,0.0002590814849637104,7.261151719693631e-06,0.0011506311151804982,7.954497975116183e-05,5.504143538904146,3.0090824030057224,2.195063556477757e-08,1.6612136789075936e-06
2022-05-03,0.0002590814849637104,5.8563455961702316e-06,0.0011506311151804982,7.421872677424189e-05,5.496298157486087,2.630281473553313,-1.4048061235233994e-06,1.6808467160214318e-06
2022-05-04,0.0002590814849637104,5.8563455961702316e-06,0.0011506311151804982,7.421872677424189e-05,5.5018005794978,2.630281473553313,0.0,1.6891590892157653e-06
2022-05-05,0.000299524506877115,5.8563455961702316e-06,0.0012797634453982003,7.421872677424189e-05,5.489347911265701,2.630281473553313,0.0,1.6797922117643018e-06
2022-05-06,0.00027135241071210705,2.6214799014297477e-06,0.001201251959509246,4.0299529588467814e-05,5.486577923514988,2.559898607829005,-3.234865694740484e-06,1.6959676601010387e-06
2022-05-09,0.00026186265560857326,3.116271195457643e-06,0.0011700052013595376,4.308043735647125e-05,5.487418838440837,2.784232073437828,4.947912940278952e-07,1.7126714403893818e-06
2022-05-10,0.00026186265560857326,3.5594793192023752e-06,0.0011700052013595376,4.635042969477243e-05,5.4874967887977295,2.642243518665054,4.432081237447323e-07,1.7075399850684314e-06
2022-05-11,0.0002571418188509794,3.344438705104742e-06,0.0011502534675203917,4.534093073284529e-05,5.488884784690804,2.5932364849612317,-2.1504061409763304e-07,1.6735818960703416e-06
2022-05-12,0.0002571418188509794,4.111517446171051e-06,0.0011502534675203917,5.0027479276528025e-05,5.489178722771132,2.80980361693351,7.670787410663088e-07,1.6259502730019695e-06
2022-05-13,0.00025830477900601513,4.119709562927821e-06,0.0011532781889159291,5.00306117395084e-05,5.476729012268897,2.8726882172570205,8.192116756769697e-09,1.5799900676940846e-06
2022-05-16,0.0002582649494984135,4.023306725069548e-06,0.001153171513251655,4.984670604912012e-05,5.476690814213927,2.647633397516145,-9.640283785827271e-08,1.536181002710985e-06
2022-05-17,0.0003110262809520809,5.12685851061403e-06,0.001331157325510046,5.709454317000215e-05,5.461400011569077,2.851896848621319,1.103551785544482e-06,1.5144798084839373e-06
2022-05-18,0.00030424698891350684,6.700098314179528e-06,0.0013133304638467817,7.08099333499513e-05,5.465470524265019,2.821295292898786,1.573239803565498e-06,1.5406395685779017e-06
2022-05-19,0.000324338424540818,5.680075272212269e-06,0.0013615283218380131,6.522841414130681e-05,5.45776814268975,2.759321045582418,-1.0200230419672587e-06,1.4941686650998253e-06
2022-05-20,0.000324338424540818,5.353894760833126e-06,0.0013615283218380131,6.553391696512758e-05,5.452854825095467,2.386036601491486,-3.2618051137914346e-07,1.4281004751313753e-06
2022-05-23,0.000324338424540818,7.555357312450333e-06,0.0013615283218380131,8.499931662045532e-05,5.457184898052857,2.5635534855736055,2.2014625516172077e-06,1.5172738326334246e-06
2022-05-24,0.000324338424540818,7.555357312450333e-06,0.0013615283218380131,8.499931662045532e-05,5.456487367443218,2.5635534855736055,0.0,1.5904303143573538e-06
2022-05-25,0.000324338424540818,7.555357312450333e-06,0.0013615283218380131,8.499931662045532e-05,5.457131226903797,2.5635534855736055,0.0,1.6407033494097168e-06
2022-05-26,0.00031672847258371967,7.471828568873112e-06,0.0013436577238111285,8.490637031304113e-05,5.475471498489712,2.4027680367105786,-8.352874357722151e-08,1.6716837851997557e-06
2022-05-27,0.00030424698891350684,7.471828568873112e-06,0.0013133304638467817,8.490637031304113e-05,5.478505074262467,2.4027680367105786,0.0,1.685189608040745e-06
2022-05-31,0.0003010542563825848,8.002276872184986e-06,0.001306167514563472,8.641693959697552e-05,5.497275204933016,2.623101644685977,5.304483033118746e-07,1.7331912072344932e-06
2022-06-01,0.0003010542563825848,8.162373147560669e-06,0.001306167514563472,8.661551069874597e-05,5.500906314479587,2.8736773136760454,1.600962753756825e-07,1.8289211479633515e-06
2022-06-02,0.0003010542563825848,8.316434764761693e-06,0.001306167514563472,8.683796421363387e-05,5.498215163223384,3.0192649311041446,1.5406161720102372e-07,1.922973537329104e-06
2022-06-03,0.0003010542563825848,4.593073098986329e-06,0.001306167514563472,5.789198401978437e-05,5.490039851617756,2.7947364689988095,-3.7233616657753638e-06,1.941175251615055e-06
2022-06-06,0.000305002768039429,3.3312918749839555e-06,0.0013150468742491772,4.9469472147728626e-05,5.4864914165009955,2.7780379571550897,-1.2617812240023734e-06,1.8872433591028878e-06
2022-06-07,0.000305002768039429,3.372546919640216e-06,0.0013150468742491772,4.9510402483771557e-05,5.488784244939289,2.8661689173346256,4.125504465626028e-08,1.8691493834044791e-06
2022-06-08,0.000305002768039429,4.947736760334833e-06,0.0013150468742491772,6.173037283973083e-05,5.489144046109273,2.8769853213694927,1.5751898406946176e-06,1.807484947621488e-06
2022-06-09,0.00023329162521229242,4.947736760334833e-06,0.0010456099729898908,6.173037283973083e-05,5.508720860286026,2.8769853213694927,0.0,1.7246442470880555e-06
2022-06-10,0.00019471409416287316,4.947736760334833e-06,0.0009029406755308382,6.173037283973083e-05,5.526382423336207,2.8769853213694927,0.0,1.6882471973602268e-06
2022-06-13,0.0001913794176161094,4.931660454608564e-06,0.0008908769119268416,7.172027088724406e-05,5.527051869511441,2.5183081884999328,-1.6076305726269408e-08,1.6509711892298788e-06
2022-06-14,0.0001926557050256992,5.667373965092614e-06,0.0008948240141290675,7.501994742455768e-05,5.534570924196371,2.7472468960906355,7.357135104840502e-07,1.5869349508847705e-06
2022-06-15,0.0001926557050256992,5.5937130540249685e-06,0.0008948240141290675,7.493545235439151e-05,5.534472326456658,2.586870272161702,-7.366091106764575e-08,1.5754989733073389e-06
2022-06-16,0.0001879079736077016,5.5937130540249685e-06,0.0008778476549608754,7.493545235439151e-05,5.540286362391177,2.586870272161702,0.0,1.573032618918974e-06
2022-06-17,0.00020727581226466846,5.602976332636653e-06,0.0009498861886755425,7.493812628583889e-05,5.537904893497728,2.6814471560759183,9.263278611684893e-09,1.5740876297600586e-06
2022-06-21,0.00020727581226466846,5.616307162661138e-06,0.0009498861886755425,7.49436637560624e-05,5.5480724584251275,2.7338297266549287,1.3330830024484937e-08,1.5690769104204145e-06
2022-06-22,0.00020727581226466846,4.645532548161794e-06,0.0009498861886755425,7.043881299278871e-05,5.540378030163807,2.6959069422150397,-9.707746144993443e-07,1.558170124348669e-06
2022-06-23,0.00020727581226466846,4.604277503505533e-06,0.0009498861886755425,7.041004968257659e-05,5.545788305972618,2.545997129579477,-4.12550446562607e-08,1.5343383890733385e-06
2022-06-24,0.00020727581226466846,4.150541062166528e-06,0.0009498861886755425,6.918915741935986e-05,5.544908555299328,2.235024526406497,-4.537364413390054e-07,1.5144384295704598e-06
2022-06-27,0.00020727581226466846,4.377974418525996e-06,0.0009498861886755425,6.977489999037517e-05,5.546342661280046,2.35255310628059,2.274333563594681e-07,1.4703915384053063e-06
2022-06-28,0.00021068484096301978,4.377974418525996e-06,0.0009619778907748071,6.977489999037517e-05,5.544361705114731,2.35255310628059,0.0,1.4071958634392484e-06
2022-06-29,0.00021068484096301978,4.34395648329217e-06,0.0009619778907748071,6.97555308399607e-05,5.5470730775307615,2.1808946996328014,-3.4017935233826366e-08,1.266721078403168e-06
2022-06-30,0.00020525128976187545,5.42402949492449e-06,0.0009413455763449026,7.433707147933125e-05,5.548488782481189,2.4721025093376414,1.08007301163232e-06,1.0481365247527293e-06
2022-07-01,0.00020525128976187545,6.547750249912009e-06,0.0009413455763449026,7.957438145415884e-05,5.545509466695943,2.707366156049297,1.1237207549875198e-06,7.948882387780968e-07
2022-07-05,0.00020397964728494528,5.689076169697957e-06,0.0009376085784687999,7.617929821892386e-05,5.5432188666490605,2.5320278534726297,-8.586740802140519e-07,8.116050663288739e-07
2022-07-06,0.00022055764557911946,5.689076169697957e-06,0.0009929398513100012,7.617929821892386e-05,5.537299175111951,2.5320278534726297,0.0,7.338029301637191e-07
2022-07-07,0.00022055764557911946,6.69919589510262e-06,0.0009929398513100012,7.930673186970097e-05,5.536473376996971,2.8773664796316107,1.0101197254046625e-06,7.093246602310392e-07
2022-07-08,0.00022991730037111538,2.8325873629528455e-06,0.001022399855299532,3.9122493630749906e-05,5.526149092020487,2.701740866697484,-3.8666085321497745e-06,8.873750643498796e-07
2022-07-11,0.00021844887376698562,4.6913287356635555e-06,0.0009839328789385026,5.656422574945092e-05,5.535028043252528,2.8615359124360555,1.85874137271071e-06,8.917474756895198e-07
2022-07-12,0.00021844887376698562,4.664512425548621e-06,0.0009839328789385026,5.647707526868303e-05,5.530386961022192,2.855845494760021,-2.6816310114934304e-08,8.965510139356584e-07
2022-07-13,0.0002649054599724634,4.664512425548621e-06,0.0011616548199440979,5.647707526868303e-05,5.504181619147921,2.855845494760021,0.0,9.009691474193283e-07
2022-07-14,0.0002649054599724634,5.693768889489316e-06,0.0011616548199440979,6.222836456537175e-05,5.505127543499013,3.118782911063956,1.029256463940695e-06,9.019031966188244e-07
2022-07-15,0.000259760237634302,5.092572539783353e-06,0.0011485231689368689,5.968660778319709e-05,5.507868031142778,2.942396254261415,-6.011963497059635e-07,8.936615139540015e-07
2022-07-18,0.00025998502709648197,5.114889530997433e-06,0.001149045289747326,5.970609004667289e-05,5.49269852563045,3.0326698191739068,2.2316991214080054e-08,8.847000663755579e-07
2022-07-19,0.00028294628165626126,5.114889530997433e-06,0.0012137085894039596,5.970609004667289e-05,5.484372980751638,3.0326698191739068,0.0,8.746252362331528e-07
2022-07-20,0.00029441470826039104,3.5503410662497847e-06,0.0012450968210758727,4.438190731551037e-05,5.480526825700883,3.2355260698258013,-1.564548464747648e-06,9.190917238075604e-07
2022-07-21,0.00031347960377971635,3.5553938378735983e-06,0.001319804687524725,4.438325058361274e-05,5.4755037574860825,3.2816828292118507,5.052771623813563e-09,9.660078349595884e-07
2022-07-22,0.00030201117717558657,3.9170803983693525e-06,0.0012902351953624357,4.746155882889338e-05,5.476854031943024,3.0672877250047716,3.616865604957542e-07,9.869746381792713e-07
2022-07-25,0.00031347960377971635,3.1843091236907294e-06,0.001319804687524725,4.338418036048276e-05,5.474399519402495,2.766916885117276,-7.327712746786231e-07,1.0429900917162032e-06
2022-07-26,0.00029909855725603854,3.1843091236907294e-06,0.001283356551331371,4.338418036048276e-05,5.48046650871214,2.766916885117276,0.0,1.0987400672527971e-06
2022-07-27,0.00029909855725603854,3.1843091236907294e-06,0.001283356551331371,4.338418036048276e-05,5.481323814462007,2.766916885117276,0.0,1.1485347178525284e-06
2022-07-28,0.00029909855725603854,3.4955381401546103e-06,0.001283356551331371,5.027739113711489e-05,5.470974298602782,2.7362111250182384,3.1122901646388087e-07,1.1754704097807754e-06
2022-07-29,0.00029909855725603854,4.143452538990686e-06,0.001283356551331371,6.04377083436969e-05,5.471781722962743,2.34673113706998,6.479143988360758e-07,1.1630031835095608e-06
2022-08-01,0.0002793928659547437,4.170509195557103e-06,0.0012451463460048326,6.046598672703828e-05,5.4634914465653965,2.478313955805631,2.7056656566416462e-08,1.0637617477926927e-06
2022-08-02,0.0002793928659547437,4.1481922043430225e-06,0.0012451463460048326,6.044674938223032e-05,5.471914721863486,2.346666712823718,-2.2316991214080054e-08,1.0217186101851037e-06
2022-08-03,0.0002793928659547437,1.6728822007855141e-06,0.0012451463460048326,2.9904312365516862e-05,5.474267007029713,2.664537970700571,-2.4753100035575084e-06,1.1313146043551928e-06
2022-08-04,0.00027923910393789266,1.7096960602933104e-06,0.0012448236259940246,3.0109823013958328e-05,5.468028531892138,2.649326750787983,3.6813859507796245e-08,1.086206192707374e-06
2022-08-05,0.00027923910393789266,1.7096960602933104e-06,0.0012448236259940246,3.0109823013958328e-05,5.461684730730851,2.649326750787983,0.0,1.1695234641909631e-06
2022-08-08,0.00027923910393789266,1.2536950393266295e-06,0.0012448236259940246,2.693062814889129e-05,5.458916132574385,2.189184008548945,-4.5600102096668085e-07,1.2837832168703554e-06
2022-08-09,0.00028517722903411764,1.9737361585874812e-06,0.0012581516896816593,3.3578808316260276e-05,5.461982784549265,2.419046106861763,7.200411192608517e-07,1.3137515587359783e-06
2022-08-10,0.0002974574230729445,1.9737361585874812e-06,0.0012889061656477852,3.3578808316260276e-05,5.4560380142239495,2.419046106861763,0.0,1.3287890154644366e-06
2022-08-11,0.0002974574230729445,6.139017302692461e-07,0.0012889061656477852,1.4562133398961735e-05,5.446970603926496,2.1415797375958885,-1.359834428318235e-06,1.3510012770084825e-06
2022-08-12,0.0002974574230729445,6.713839183152126e-07,0.0012889061656477852,1.4794028880207885e-05,5.457180482019211,2.642884775972463,5.748218804596642e-08,1.3758588499735949e-06
2022-08-15,0.0002951087144535224,6.94474319439907e-07,0.0012836265934304742,1.4950474575071653e-05,5.456088190347992,2.669311950130611,2.3090401124694422e-08,1.3591700344630517e-06
2022-08-16,0.00030948497952928213,7.119169513516653e-07,0.0013245271714309064,1.4997920222334342e-05,5.45158476179291,2.8495287836883985,1.7442631911758326e-08,1.3021529325566122e-06
2022-08-17,0.00030948497952928213,6.122932193217368e-07,0.0013245271714309064,1.449398136558054e-05,5.45262133640183,2.23145588027667,-9.96237320299285e-08,1.3397487172677398e-06
2022-08-18,0.00030948497952928213,1.1251729787255158e-06,0.0013245271714309064,2.113392236355849e-05,5.455420728846041,2.572106040972915,5.12879759403779e-07,1.332855812309396e-06
2022-08-19,0.00030094636654916555,1.1013823168171752e-06,0.0012996496529408138,2.0784265191520778e-05,5.454505158056002,2.571483568858867,-2.379066190834055e-08,1.2908196348600756e-06
2022-08-22,0.00031959461198868437,1.1013823168171752e-06,0.0013531880092247921,2.0784265191520778e-05,5.448228613399563,2.571483568858867,0.0,1.2798863500872667e-06
2022-08-23,0.0004438690597292307,1.1921135250034233e-06,0.001957215021391353,2.1356904101501384e-05,5.3978815673497476,2.6285850513415734,9.07312081862481e-08,1.2571194849701074e-06
2022-08-24,0.0004438690597292307,1.8803705622169044e-06,0.001957215021391353,2.9044670238131896e-05,5.388361229291512,2.7826120907486263,6.88257037213481e-07,1.218195383757188e-06
2022-08-25,0.0004438690597292307,1.810448884759401e-06,0.001957215021391353,2.870816284019636e-05,5.390896622038434,2.638640373968711,-6.992167745750338e-08,1.1510130283572204e-06
2022-08-26,0.0003580599128147146,1.7182009546402506e-06,0.0015174006288332085,2.836654548321575e-05,5.429721166830961,2.4175163724664492,-9.224793011915038e-08,9.992933070227876e-07
2022-08-29,0.00032531038823820546,2.027330468155198e-06,0.0014417374688316463,3.192846560507476e-05,5.440499992645218,2.5005792030118767,3.091295135149475e-07,8.04114698991891e-07
2022-08-30,0.00032531038823820546,9.046136161051313e-07,0.0014417374688316463,1.851916922231317e-05,5.441291343206783,2.2425147011554105,-1.1227168520500668e-06,5.132084186739142e-07
2022-08-31,0.00032531038823820546,8.523164355377079e-07,0.0014417374688316463,1.8311490213635067e-05,5.4377695937573,2.123293838632062,-5.22971805674234e-08,5.165474836646807e-07
2022-09-01,0.00032531038823820546,9.095014661216428e-07,0.0014417374688316463,1.8926320726579472e-05,5.4490986672111,1.960440919562251,5.718503058393485e-08,5.126427562617137e-07
2022-09-02,0.0003280637431680966,1.1361885405526616e-06,0.0014470663911404559,2.0228014669083836e-05,5.439637804872304,2.5307617678313012,2.2668707443101886e-07,5.010056432651634e-07
2022-09-06,0.0003280637431680966,1.4285551085419143e-06,0.0014470663911404559,2.3804949642479956e-05,5.43658531934582,2.508020824792717,2.9236656798925264e-07,5.032699819226123e-07
2022-09-07,0.0003280637431680966,1.4285551085419143e-06,0.0014470663911404559,2.3804949642479956e-05,5.429747241957745,2.508020824792717,0.0,4.7434031827769635e-07
2022-09-08,0.0003291945499175329,1.921737170627788e-06,0.0014499942192346396,2.965604619443513e-05,5.42938406207342,2.4786373496477614,4.931820620858736e-07,4.6996784270245694e-07
2022-09-09,0.0003291945499175329,1.486745352529699e-06,0.0014499942192346396,2.611947297866365e-05,5.421622939187094,2.3659145567343804,-4.34991818098089e-07,4.536953265096558e-07
2022-09-12,0.00032489077755568167,9.056365249389038e-07,0.0014415920091963917,1.847526093798951e-05,5.430612279033871,2.320150654075074,-5.811088275907951e-07,4.4121119632595926e-07
2022-09-13,0.00039350350258129095,9.056365249389038e-07,0.0016188183162843999,1.847526093798951e-05,5.413467583908276,2.320150654075074,0.0,4.2965747099891414e-07
2022-09-14,0.00039350350258129095,1.055561500764187e-06,0.0016188183162843999,1.9219449846613166e-05,5.408673260028582,2.7848514399991138,1.4992497582528316e-07,4.132268402040053e-07
2022-09-15,0.00039350350258129095,1.8279802227954052e-06,0.0016188183162843999,3.09244829686975e-05,5.400798777191678,2.6739787145004983,7.724187220312182e-07,3.997781709175407e-07
2022-09-16,0.00039350350258129095,1.8279802227954052e-06,0.0016188183162843999,3.09244829686975e-05,5.397983374606513,2.6739787145004983,0.0,4.1100447097707106e-07
2022-09-19,0.00039350350258129095,2.0736900529935867e-06,0.0016188183162843999,3.2547344413239755e-05,5.395471181852669,2.736540361891942,2.457098301981815e-07,4.342665831060378e-07
2022-09-20,0.00039350350258129095,2.073310768795376e-06,0.0016188183162843999,3.254566309666792e-05,5.385065314921575,2.7362674973420673,-3.7928419821063716e-10,4.5083300417666536e-07
2022-09-21,0.0003747797349874657,2.073310768795376e-06,0.0015794106159515281,3.254566309666792e-05,5.401221241233752,2.7362674973420673,0.0,4.652475009734027e-07
2022-09-22,0.0003747797349874657,2.53137531914328e-06,0.0015794106159515281,3.502560651792149e-05,5.405709903179497,3.0917272287540034,4.580645503479038e-07,5.127012559557045e-07
2022-09-23,0.00037225280735882156,1.534658325053494e-06,0.001574842921378817,2.3692527216218256e-05,5.408358462468837,3.0753347159644475,-9.967169940897859e-07,5.088787083059725e-07
2022-09-26,0.00037225280735882156,1.6687183840794667e-06,0.001574842921378817,2.4352189215282328e-05,5.402405163568326,3.2366676079340273,1.3406005902597276e-07,5.080409876877165e-07
2022-09-27,0.00037225280735882156,2.28572994329913e-06,0.001574842921378817,3.4106392299968994e-05,5.39964197016067,3.140297792858459,6.170115592196633e-07,5.244117601970949e-07
2022-09-28,0.00036860445500742266,2.28572994329913e-06,0.001568254170756794,3.4106392299968994e-05,5.402466600098665,3.140297792858459,0.0,5.270462493002586e-07
2022-09-29,0.0003631076037802241,2.28572994329913e-06,0.001545602321401525,3.4106392299968994e-05,5.402472249268682,3.140297792858459,0.0,5.158395532393266e-07
2022-09-30,0.00036149676906081557,2.909003527991133e-06,0.0015428697775290055,3.926696821174794e-05,5.404151692215846,3.124460061159648,6.23273584692003e-07,5.507571713462524e-07
2022-10-03,0.0003648846591679736,2.8815590567942215e-06,0.0015489358214854294,3.922215086183344e-05,5.401809691536368,3.00871439410079,-2.744447119691145e-08,5.804698378926013e-07
2022-10-04,0.00040369220917858763,2.8815590567942215e-06,0.0016351343430769554,3.922215086183344e-05,5.397014056070436,3.00871439410079,0.0,6.124177550175407e-07
2022-10-05,0.00040167904691336843,4.13621256613279e-06,0.0016317186893502326,5.05321514241936e-05,5.401646760773475,2.9835570790286137,1.2546535093385682e-06,7.715087066400543e-07
2022-10-06,0.00038267497423779797,4.748757987731323e-06,0.0015958643718997302,5.406514017297539e-05,5.401665201229003,3.1214307801506656,6.125454215985329e-07,9.738830459853332e-07
2022-10-07,0.00028810481489041255,4.748757987731323e-06,0.0012475832759405974,5.406514017297539e-05,5.4420186619726065,3.1214307801506656,0.0,1.1086340869104656e-06
2022-10-10,0.00028810481489041255,4.748757987731323e-06,0.0012475832759405974,5.406514017297539e-05,5.436954526725909,3.1214307801506656,0.0,1.170591191481869e-06
2022-10-11,0.00028810481489041255,7.734849877121128e-06,0.0012475832759405974,8.334368385046554e-05,5.440944560598331,3.150660369804285,2.986091889389805e-06,1.581998613127695e-06
2022-10-12,0.00028810481489041255,5.239802024266793e-06,0.0012475832759405974,6.442572444825917e-05,5.437269482767051,3.0527735655793444,-2.4950478528543346e-06,1.5996370462929574e-06
2022-10-13,0.00028810481489041255,5.239802024266793e-06,0.0012475832759405974,6.442572444825917e-05,5.428849959439228,3.0527735655793444,0.0,1.6355732562442255e-06
2022-10-14,0.0002707919666573977,5.01966399475559e-06,0.0012008695337213243,6.38958588217377e-05,5.434309564647275,2.8816329778009284,-2.2013802951120345e-07,1.6405536187222187e-06
2022-10-17,0.00023883828694323662,4.841553636437446e-06,0.0010988743430527062,6.272552403594843e-05,5.451017091086317,2.8668354332116484,-1.781103583181436e-07,1.6346268944159378e-06
2022-10-18,0.00023883828694323662,4.704228383162522e-06,0.0010988743430527062,6.246980708491263e-05,5.450715279429016,2.688884733875092,-1.373252532749244e-07,1.6115546078487828e-06
2022-10-19,0.00023883828694323662,4.704228383162522e-06,0.0010988743430527062,6.246980708491263e-05,5.444490413007881,2.688884733875092,0.0,1.5766360643808396e-06
2022-10-20,0.0002615489787685287,4.671015092083126e-06,0.001164015169775504,6.242757530130467e-05,5.428793390023918,2.656020329856323,-3.321329107939578e-08,1.5544211253743644e-06
2022-10-21,0.0002615489787685287,2.39761872715813e-06,0.001164015169775504,3.596700193820225e-05,5.425401801124137,2.579346671884905,-2.273396364924996e-06,1.4942649215222758e-06
2022-10-24,0.0002615489787685287,2.39761872715813e-06,0.001164015169775504,3.596700193820225e-05,5.444358829001041,2.579346671884905,0.0,1.4422241187802621e-06
2022-10-25,0.0002615489787685287,1.9503096582805173e-06,0.001164015169775504,3.1463856180794746e-05,5.448691383709336,2.4136127218960066,-4.4730906887761275e-07,1.4654979453116241e-06
2022-10-26,0.0002615489787685287,1.5454769185954694e-06,0.001164015169775504,2.846832512511027e-05,5.44815381977081,2.0139834075277414,-4.0483273968504784e-07,1.5201031265737485e-06
2022-10-27,0.0002615489787685287,1.5454769185954694e-06,0.001164015169775504,2.846832512511027e-05,5.455100382023471,2.0139834075277414,0.0,1.5718965381336634e-06
2022-10-28,0.0002486793288371973,1.5454769185954694e-06,0.0011255317636749294,2.846832512511027e-05,5.466418561657795,2.0139834075277414,0.0,1.6472899565048461e-06
2022-10-31,0.0002486793288371973,8.835380849982312e-07,0.0011255317636749294,2.0694335029526385e-05,5.46313039294883,1.7039385530703388,-6.619388335972383e-07,1.7674921860863424e-06
2022-11-01,0.0002486793288371973,1.617281294599496e-06,0.0011255317636749294,2.9146489430215165e-05,5.459596791371881,2.0374577136548826,7.337432096012647e-07,1.8232055221789983e-06
2022-11-02,0.00024672978424377864,1.2514324560871612e-06,0.0011205793891784365,2.411635794409826e-05,5.470013567141555,2.082676506787069,-3.6584883851233474e-07,1.9010783220713712e-06
2022-11-03,0.00024672978424377864,1.2514324560871612e-06,0.0011205793891784365,2.411635794409826e-05,5.4669831650117375,2.082676506787069,0.0,1.9478738464929522e-06
2022-11-04,0.0002470743150142143,1.2514324560871612e-06,0.0011214125815864067,2.411635794409826e-05,5.46129032493211,2.082676506787069,0.0,1.977359620362655e-06
2022-11-07,0.00037707070033538487,1.2514324560871612e-06,0.0017129158090923465,2.411635794409826e-05,5.405894087011007,2.082676506787069,0.0,1.9903051087253394e-06
2022-11-08,0.00037707070033538487,2.11739074059412e-06,0.0017129158090923465,3.412101267577089e-05,5.4163757487846045,2.3706676350151263,8.659582845069589e-07,1.6643894899447772e-06
2022-11-09,0.0003752174248678366,1.9797522242226456e-06,0.001709907541187375,3.3499391819432814e-05,5.432800429698238,2.232369528213727,-1.3763851637147448e-07,1.5666822707912694e-06
2022-11-10,0.000976491896993566,1.4904595337099792e-06,0.0036624017387739734,2.8100728801621187e-05,5.273962057878543,2.019557434419172,-4.892926905126663e-07,1.4556120061120038e-06
2022-11-11,0.000976491896993566,1.331845708477012e-06,0.0036624017387739734,2.732369548862e-05,5.274297758707055,1.6352805064035119,-1.5861382523296722e-07,1.3378960149425294e-06
2022-11-14,0.000976491896993566,4.03418765983536e-07,0.0036624017387739734,1.2525717164928082e-05,5.272279474154795,1.2979297880473646,-9.284269424934761e-07,1.2481130183444571e-06
2022-11-15,0.000976491896993566,3.7761887825696414e-07,0.0036624017387739734,1.2401002825661517e-05,5.2750271315766915,0.8194767817920876,-2.5799887726571832e-08,1.1264072884155485e-06
2022-11-16,0.000976491896993566,3.7761887825696414e-07,0.0036624017387739734,1.2401002825661517e-05,5.277364031936372,0.8018047659042041,0.0,9.387633918474091e-07
2022-11-17,0.000976491896993566,3.7761887825696414e-07,0.0036624017387739734,1.2401002825661517e-05,5.278331074783887,0.8018047659042041,0.0,6.378460557036326e-07
2022-11-18,0.0010288038564426644,5.712169529956476e-07,0.0037167685110121485,1.4671725664991303e-05,5.27027926626428,1.4551994009272207,1.935980747386835e-07,6.128101403766098e-07
2022-11-21,0.0010288038564426644,5.362318011194547e-07,0.0037167685110121485,1.2703736115463493e-05,5.26968861903942,1.926882586836,-3.4985151876192914e-08,5.735750787144111e-07
2022-11-22,0.0008244563580892048,5.362318011194547e-07,0.0033977493838250896,1.2703736115463493e-05,5.2918826156099374,1.926882586836,0.0,5.61006751344098e-07
2022-11-23,0.0008327068581272444,1.0057489780129081e-06,0.003405018338610028,1.809300214100023e-05,5.290829000396415,2.5057092693328467,4.695171768934534e-07,5.519722214601969e-07
2022-11-25,0.0008244563580892048,1.0547921314791722e-06,0.0033977493838250896,1.8522942962144586e-05,5.303453163871677,2.514703849680481,4.904315346626413e-08,5.412343889360859e-07
2022-11-28,0.0008238489778471436,1.5116899400996837e-06,0.0033971928078189175,2.36571387475533e-05,5.318257821785354,2.544921926742979,4.5689780862051147e-07,5.396918197015429e-07
2022-11-29,0.0008251037995588642,3.7250435605864127e-06,0.0033982452510842396,5.2754557349488275e-05,5.307828664176609,1.9031985339860438,2.213353620486729e-06,8.015737008101033e-07
2022-11-30,0.0008263915360428327,3.896121161071755e-06,0.0033992638890464246,5.346726780312492e-05,5.319713805932339,2.147310961335626,1.7107760048534268e-07,1.0010176565867481e-06
2022-12-01,0.0008368228609295582,3.3355475611213003e-06,0.003408830623734659,5.079529169214077e-05,5.314109139037496,1.7860311540980927,-5.605735999504551e-07,1.0978541717935473e-06
2022-12-02,0.0008368228609295582,4.090390930881728e-06,0.003408830623734659,5.714476594655e-05,5.314542400503635,1.8822280893883607,7.548433697604277e-07,1.2482599966376097e-06
2022-12-05,0.0008368228609295582,4.090390930881728e-06,0.003408830623734659,5.714476594655e-05,5.318396399195134,1.8822280893883607,0.0,1.366968492681435e-06
2022-12-06,0.0008276481746499815,4.489826946983085e-06,0.0034003407779982725,5.864068813921964e-05,5.320145232250702,2.2056966318257234,3.9943601610135695e-07,1.4963359396977493e-06
2022-12-07,0.0008276481746499815,3.0834499137037015e-06,0.0034003407779982725,4.646143169940839e-05,5.314031269162498,2.0727759654385074,-1.4063770332793834e-06,1.5203143729844692e-06
2022-12-08,0.0008593587046648888,1.8860963230946485e-06,0.0034333360628060485,3.0067896390312057e-05,5.303962798383236,2.164037400168232,-1.197353590609053e-06,1.5202429932374808e-06
2022-12-09,0.0008593587046648888,1.8860963230946485e-06,0.0034333360628060485,3.0067896390312057e-05,5.305363774285462,2.164037400168232,0.0,1.5170868949761758e-06
2022-12-12,0.0008593587046648888,1.4866603069932917e-06,0.0034333360628060485,2.7034651153349596e-05,5.294637609133176,1.7997836261612732,-3.9943601610135674e-07,1.5142754804758278e-06
2022-12-13,0.0008593587046648888,1.4963681230632288e-06,0.0034333360628060485,2.704279018686816e-05,5.294601658462222,2.0350724204288215,9.70781606993704e-09,1.4752719729443105e-06
2022-12-14,0.0008714763719229814,1.624149963050071e-06,0.003486689244832529,2.9593176004842468e-05,5.280772018479435,2.2120794101401553,1.2778183998684224e-07,1.429145161305145e-06
2022-12-15,0.0008714763719229814,2.492510674420972e-06,0.003486689244832529,3.783946271478138e-05,5.298420035202494,2.2990404289432393,8.683607113709008e-07,1.375901966281948e-06
2022-12-16,0.0008714763719229814,2.492510674420972e-06,0.003486689244832529,3.783946271478138e-05,5.296948012814047,2.2990404289432393,0.0,1.3115699253104777e-06
2022-12-19,0.0008702197333158326,1.6065359063008077e-06,0.0034856390333607348,2.955836309032433e-05,5.290827963111393,2.0864544340218685,-8.859747681201641e-07,1.260661927605591e-06
2022-12-20,0.0008702197333158326,1.0375282353093077e-06,0.0034856390333607348,2.149521248206747e-05,5.29041491700393,1.9473493669498312,-5.690076709915e-07,1.2279664661476589e-06
2022-12-21,0.0008288448835350453,1.0482277587872278e-06,0.0034380646724971155,2.1693920399048555e-05,5.3003183310383015,2.1055620695232924,1.0699523477920156e-08,1.1931978764728712e-06
2022-12-22,0.0008288448835350453,1.0482277587872278e-06,0.0034380646724971155,2.1693920399048555e-05,5.297286404638154,2.1055620695232924,0.0,1.1906824506036522e-06
2022-12-23,0.0008288448835350453,1.510179202070501e-06,0.0034380646724971155,2.9609467637532648e-05,5.2900273394058885,1.7761654479813633,4.6195144328327315e-07,1.168371170306234e-06
2022-12-27,0.0008288448835350453,1.510179202070501e-06,0.0034380646724971155,2.9609467637532648e-05,5.2821755250077915,1.8818187179405843,0.0,1.1684311180435164e-06
2022-12-28,0.0008599836296946004,1.510179202070501e-06,0.0034726101248355253,2.9609467637532648e-05,5.2719418875042905,1.8818187179405843,0.0,1.1400332195043755e-06
2022-12-29,0.0008599836296946004,1.510179202070501e-06,0.0034726101248355253,2.9609467637532648e-05,5.271544077920613,1.8818187179405843,0.0,1.085673022518934e-06
2022-12-30,0.0008599836296946004,1.5064700691043967e-06,0.0034726101248355253,2.9608382616740894e-05,5.262847304677616,1.797237480467905,-3.7091329661043385e-09,1.0582853605618274e-06
2023-01-03,0.0008599836296946004,1.4535023814281502e-06,0.0034726101248355253,2.9461640320942602e-05,5.248708772298553,1.3491169847232594,-5.296768767624649e-08,9.523224969333555e-07
2023-01-04,0.0008747316750555245,1.4535023814281502e-06,0.003489849160311242,2.9461640320942602e-05,5.245135913675839,1.3491169847232594,0.0,8.107235541834957e-07
2023-01-05,0.0008747316750555245,1.4535023814281502e-06,0.003489849160311242,2.9461640320942602e-05,5.250499809820784,1.3491169847232594,0.0,5.105365715807113e-07
2023-01-06,0.0008468749546620918,1.4535023814281502e-06,0.003459792905315505,2.9461640320942602e-05,5.261891494273932,1.3491169847232594,0.0,3.851832824028995e-07
2023-01-09,0.0008468749546620918,2.2892017202624937e-06,0.003459792905315505,3.663448544926226e-05,5.260849951163048,1.95758078681788,8.356993388343436e-07,4.120233592884676e-07
2023-01-10,0.0008468749546620918,2.30243599589447e-06,0.003459792905315505,3.664564791125685e-05,5.251423306720752,2.1079994947268483,1.3234275631976433e-08,4.3732711807431257e-07
2023-01-11,0.0008733147890702019,3.00002675198154e-06,0.003495244324766429,4.1709371172137734e-05,5.243172478230155,2.3145941590326053,6.975907560870697e-07,5.342651403993248e-07
2023-01-12,0.0008733147890702019,2.5844662831024306e-06,0.003495244324766429,3.9219700521066005e-05,5.245675747818687,2.1353906494544996,-4.155604688791093e-07,5.678603345054344e-07
2023-01-13,0.0008733147890702019,1.9699023860125055e-06,0.003495244324766429,3.3638741292220735e-05,5.242716770491684,1.9917040458152147,-6.145638970899251e-07,5.69269605766951e-07
2023-01-17,0.0008634399127983369,1.9699023860125055e-06,0.0034877578339971094,3.3638741292220735e-05,5.240921438084134,1.9917040458152147,0.0,5.454516991172692e-07
2023-01-18,0.0008634399127983369,1.9278375237279937e-06,0.0034877578339971094,3.357295775020518e-05,5.239588006272579,1.7297418521449188,-4.2064862284511805e-08,5.181357524414927e-07
2023-01-19,0.0008634399127983369,1.8288792430771333e-06,0.0034877578339971094,3.2415969858031465e-05,5.244643358333788,1.7350559770847915,-9.895828065086042e-08,5.182458338785333e-07
2023-01-20,0.0008431773469981087,2.2113544174441847e-07,0.0034681312829835482,8.214455581136712e-06,5.249647681467136,0.8062169137551728,-1.6077438013327148e-06,6.003451814589792e-07
2023-01-23,0.00083551715368455,2.2794392393807541e-07,0.003461928368334402,8.227622670843722e-06,5.239351711378397,1.095976042481378,6.8084821936569494e-09,6.696258373578597e-07
2023-01-24,0.0008904519595095853,4.2171153159259926e-07,0.0035167481822508413,1.1022327433455848e-05,5.2189716538722095,1.611852792343968,1.9376760765452385e-07,7.119162264800014e-07
2023-01-25,0.00026195488084206525,1.247491860083532e-07,0.0011956434331297566,4.307518442144617e-06,5.446024388111133,1.8745287915638351,-2.969623455842461e-07,7.852754465423719e-07
2023-01-26,0.00026195488084206525,5.628834251152182e-07,0.0011956434331297566,1.486372156506978e-05,5.447485598410722,1.6975757335674273,4.3813423910686506e-07,8.14921333803619e-07
2023-01-27,0.00026195488084206525,2.2532601228207314e-06,0.0011956434331297566,4.18619951816335e-05,5.451338497133793,1.5154923061426695,1.6903766977055132e-06,8.327025187448669e-07
2023-01-30,0.00026195488084206525,1.837571871568279e-06,0.0011956434331297566,3.941867080206158e-05,5.446825804590994,1.2387975122618038,-4.156882512524524e-07,8.355933131461925e-07
2023-01-31,0.0002593489448091387,3.2474143188716254e-06,0.001189531176651424,5.170116073513733e-05,5.446583406677735,1.715068916784622,1.4098424473033464e-06,9.182742155122015e-07
2023-02-01,0.0002593489448091387,3.2474143188716254e-06,0.001189531176651424,5.170116073513733e-05,5.44805162217373,1.715068916784622,0.0,9.853742272712442e-07
2023-02-02,0.00028433847007365386,3.279555170698255e-06,0.0012493190019166919,5.17477981569816e-05,5.443646677493522,1.9285380797916596,3.214085182662976e-08,1.0424391523648557e-06
2023-02-03,0.00028433847007365386,3.5961114966109292e-06,0.0012493190019166919,5.2901987905496666e-05,5.452648052917451,2.248958224497151,3.165563259126741e-07,1.1116551693319448e-06
2023-02-06,0.00028433847007365386,3.5961114966109292e-06,0.0012493190019166919,5.2901987905496666e-05,5.455879495713793,2.21967650891363,0.0,1.1664960682083685e-06
2023-02-07,0.00028433847007365386,3.5877333973408167e-06,0.0012493190019166919,5.289888943312492e-05,5.448618526832762,2.1283917127651995,-8.37809927011252e-09,1.217051306672806e-06
2023-02-08,0.00028433847007365386,3.5621334635882916e-06,0.0012493190019166919,5.286168662722257e-05,5.441350348379218,2.0353371453447666,-2.5599933752525126e-08,1.2604803084758269e-06
2023-02-09,0.0003112546852303297,3.673248798956708e-06,0.0013122498775724539,5.308999171101995e-05,5.426200119878352,2.3631529920143723,1.1111533536841647e-07,1.29288202518083e-06
2023-02-10,0.0003112546852303297,3.614608399615634e-06,0.0013122498775724539,5.301357162712781e-05,5.429188477889831,2.161030607223096,-5.8640399341074194e-08,1.329590858237198e-06
2023-02-13,0.0002333968837428856,3.636962303093198e-06,0.0010595335979811155,5.303557784691482e-05,5.465066702085081,2.296074306575568,2.235390347756412e-08,1.3637475261055382e-06
2023-02-14,0.0002333968837428856,2.651047279338019e-06,0.0010595335979811155,4.144975708485003e-05,5.459051126140055,2.374667070833305,-9.859150237551791e-07,1.3630267335388428e-06
2023-02-15,0.0002333968837428856,2.651047279338019e-06,0.0010595335979811155,4.144975708485003e-05,5.465599326524505,2.374667070833305,0.0,1.3606914316211321e-06
2023-02-16,0.00026200411787123787,2.7536627089500815e-06,0.0012378641796005826,4.1712915375849436e-05,5.448897117734765,2.5923280940568003,1.0261542961206266e-07,1.3562872065509301e-06
2023-02-17,0.00026301627081649356,2.7536627089500815e-06,0.001242618803255479,4.1712915375849436e-05,5.4555682905449245,2.5923280940568003,0.0,1.252759534283374e-06
2023-02-21,0.00023270573213051666,2.7536627089500815e-06,0.0010904917102379102,4.1712915375849436e-05,5.4764791768700585,2.5923280940568003,0.0,1.125748135990275e-06
2023-02-22,0.00023270573213051666,4.875166617012117e-06,0.0010904917102379102,6.144470225764821e-05,5.479208352691774,2.616993926189615,2.121503908062035e-06,1.0934012288896751e-06
2023-02-23,0.00023270573213051666,4.875166617012117e-06,0.0010904917102379102,6.144470225764821e-05,5.467391211657511,2.616993926189615,0.0,9.641843393854854e-07
2023-02-24,0.00023270573213051666,5.0208432576875264e-06,0.0010904917102379102,6.17621932623019e-05,5.461272061397424,2.8390495883021027,1.4567664067540978e-07,8.420786869602234e-07
2023-02-27,0.00023270573213051666,2.7383302172867545e-06,0.0010904917102379102,4.0646022496053235e-05,5.4591622185188,2.7432822436213065,-2.282513040400772e-06,8.146600127562389e-07
2023-02-28,0.00023270573213051666,2.946025751656e-06,0.0010904917102379102,4.169809044696391e-05,5.4613043343594825,2.924538161972001,2.0769553436924563e-07,7.369426995232085e-07
2023-03-01,0.00022783809614699302,2.946025751656e-06,0.0010794207753106926,4.169809044696391e-05,5.4630360659689785,2.924538161972001,0.0,7.444114313931973e-07
2023-03-02,0.00022783809614699302,2.946025751656e-06,0.0010794207753106926,4.169809044696391e-05,5.463999857764471,2.8597788226189715,0.0,7.514879484659493e-07
2023-03-03,0.000225870890588356,4.20312842072861e-06,0.001075208144761407,6.22642236676707e-05,5.471509079727477,2.315061209975338,1.2571026690726098e-06,7.703583619390202e-07
2023-03-06,0.00023813188728309638,3.5917758777853276e-06,0.001104367066819202,5.962308121992884e-05,5.468188008699892,2.076000857222522,-6.113525429432823e-07,7.703213293816548e-07
2023-03-07,0.00023868067133101117,1.3273827261463188e-06,0.0011055433911184892,2.355865555522519e-05,5.466878921418187,2.6279831935319797,-2.2643931516390085e-06,9.057329379758324e-07
2023-03-08,0.00023868067133101117,1.236685245622363e-06,0.0011055433911184892,2.3103866868937844e-05,5.4656986589501795,2.4999594264166705,-9.069748052395574e-08,1.019422136284005e-06
2023-03-09,0.00019843504801347824,1.2313091382729766e-06,0.0009300241169875805,2.3100945445246207e-05,5.485415566169494,2.401636148254085,-5.376107349386505e-09,1.1096353736295594e-06
2023-03-10,0.00019499804668104598,1.2867731010963215e-06,0.0009157877875851042,2.3817667517151528e-05,5.48632959151487,2.392506546246237,5.54639628233449e-08,1.1736256299848261e-06
2023-03-13,0.00019843504801347824,9.980180234248775e-07,0.0009300241169875805,2.048294281013092e-05,5.485939509306082,1.972204016412378,-2.8875507767144395e-07,1.245384899884834e-06
2023-03-14,0.00020159561112468905,3.956748056866565e-07,0.000942535600579099,1.0423085085045516e-05,5.48658613662702,1.7155278466971315,-6.023432177382211e-07,1.3472154985929638e-06
2023-03-15,0.00020174301664072357,1.3702942684692279e-06,0.0009429079691902593,2.8068438635394313e-05,5.485295546113031,1.8250219706238515,9.746194627825714e-07,1.3801552466901965e-06
2023-03-16,0.00021997242688629284,2.088341931600003e-06,0.000994136172815935,3.427366197815666e-05,5.4725886523013845,2.19350602177145,7.180476631307753e-07,1.3857503868420115e-06
2023-03-17,0.0002023555863084778,2.0438463014549934e-06,0.0009289450567233558,3.3979077969273197e-05,5.478302314169352,2.186474667004317,-4.4495630145009696e-08,1.3911424677274564e-06
2023-03-20,0.0002023555863084778,2.4000275873573925e-06,0.0009289450567233558,3.549524169226576e-05,5.483032652908008,2.691747871579861,3.561812859023991e-07,1.3910852160771165e-06
2023-03-21,0.00019268320036581026,2.4000275873573925e-06,0.0008966574522384699,3.549524169226576e-05,5.492251681650288,2.750294798990315,0.0,1.390791354703686e-06
2023-03-22,0.0001921743327204958,2.2118058937856767e-06,0.0008950705063564749,3.4693869676405294e-05,5.499103168006797,2.5539974492525137,-1.8822169357171587e-07,1.2790608550647569e-06
2023-03-23,0.0001921743327204958,2.213195477931365e-06,0.0008950705063564749,3.4397132784698557e-05,5.494621307354258,2.7335398328649285,1.3895841456884106e-09,1.1403283537495047e-06
2023-03-24,0.0001921743327204958,2.1801848111111095e-06,0.0008950705063564749,3.431846237798452e-05,5.5048270179752095,2.6998687442250766,-3.301066682025557e-08,9.403144174165594e-07
2023-03-27,0.0001921743327204958,2.649561072658575e-06,0.0008950705063564749,3.727397690176051e-05,5.504460815635643,2.899337967527248,4.6937626154746564e-07,9.375357332148653e-07
2023-03-28,0.0001921743327204958,2.6062319059140287e-06,0.0008950705063564749,3.672003783188028e-05,5.515276605125008,2.986273319853858,-4.3329166744546405e-08,9.250281343941598e-07
2023-03-29,0.0001921743327204958,2.6062319059140287e-06,0.0008950705063564749,3.672003783188028e-05,5.506225662711966,2.986273319853858,0.0,9.120159890734757e-07
2023-03-30,0.0001921743327204958,2.593253247888307e-06,0.0008950705063564749,3.670932422474602e-05,5.507255033530244,2.929448537406958,-1.2978658025721853e-08,8.980836739140068e-07
2023-03-31,0.0001921743327204958,1.9909890732443476e-06,0.0008950705063564749,3.204116979475053e-05,5.50279755773813,2.7563221205805504,-6.022641746439593e-07,7.464853745293602e-07
2023-04-03,0.0001951308099762916,2.190371955755971e-06,0.0009071027283313186,3.308067764846167e-05,5.505685070333022,2.8157861181163817,1.9938288251162325e-07,6.452582697231429e-07
2023-04-04,0.00018557576322180116,1.175182783412113e-06,0.0008753330812262449,1.995417639382623e-05,5.514355803539121,2.89665916990312,-1.0151891723438578e-06,6.532278238998677e-07
2023-04-05,0.00018163168715966502,1.1106824022237244e-06,0.0008614089580319224,2.00540198697029e-05,5.51703071817749,2.780652055463221,-6.450038118838858e-08,6.604625181179089e-07
2023-04-06,0.00018163168715966502,2.405926712592972e-06,0.0008614089580319224,4.181860296465365e-05,5.513532827068832,2.401337253152004,1.2952443103692474e-06,6.512391757006978e-07
2023-04-10,0.00018163168715966502,1.2515251652591151e-06,0.0008614089580319224,2.1110003223899466e-05,5.51931025977955,2.8683534274742373,-1.1544015473338567e-06,6.531614604759383e-07
2023-04-11,0.00018163168715966502,2.726632807843645e-06,0.0008614089580319224,4.691236173139025e-05,5.520299185653313,2.47128688173979,1.47510764258453e-06,6.355175019352612e-07
2023-04-12,0.00017589977706134515,2.726632807843645e-06,0.0008423455790947629,4.691236173139025e-05,5.528496262784553,2.47128688173979,0.0,5.238546146006016e-07
2023-04-13,0.00017589977706134515,2.726632807843645e-06,0.0008423455790947629,4.691236173139025e-05,5.52058884580203,2.4035241710063624,0.0,5.054774140152366e-07
2023-04-14,0.0001820842855694504,3.6205378572255898e-06,0.0008824552318845316,5.391769226422397e-05,5.518032523831028,2.16100016269381,8.939050493819445e-07,5.93702486071607e-07
2023-04-17,0.0001367341167633759,3.6315687956761268e-06,0.0006980549913755059,5.392296199346769e-05,5.539005502481775,2.2891674445977492,1.1030938450537011e-08,6.611657018051556e-07
2023-04-18,0.0001367341167633759,4.5102180704174154e-06,0.0006980549913755059,6.382071307641968e-05,5.539940901018322,2.432998106885306,8.786492747412887e-07,8.162500284558381e-07
2023-04-19,0.00013772679337959712,3.3227757318199333e-06,0.0007012923482069334,5.666623586905062e-05,5.527400107739278,2.417218622773843,-1.1874423385974821e-06,8.37509465616362e-07
2023-04-20,0.00013772679337959712,3.8054815159317174e-06,0.0007012923482069334,5.8728677056849026e-05,5.525435272336615,2.5000684592850546,4.827057841117841e-07,8.81073451793027e-07
2023-04-21,0.00013772679337959712,3.414255081789828e-06,0.0007012923482069334,5.211161148387874e-05,5.518623268739083,2.6163372977360075,-3.912264341418896e-07,8.940011138897004e-07
2023-04-24,0.0001585672620699713,3.4465878622051065e-06,0.000779309350671747,5.194656759191263e-05,5.504513708790101,2.7975732975862346,3.233278041527865e-08,9.028652542980548e-07
2023-04-25,0.0001585672620699713,5.316879220521827e-06,0.000779309350671747,6.897105089107053e-05,5.5032803593231385,2.550671255495815,1.8702913583167203e-06,1.072173312272588e-06
2023-04-26,0.0001817692055544708,6.770048703903175e-06,0.0008708583799297079,7.516926137369038e-05,5.49109603098931,2.965542310443527,1.453169483381348e-06,1.3804591578874412e-06
2023-04-27,0.0001817692055544708,6.349565406001416e-06,0.0008708583799297079,7.390218970871788e-05,5.493362317682227,2.7749505316509437,-4.2048329790175923e-07,1.5571410972382267e-06
2023-04-28,0.0001665628352220654,6.412509932390446e-06,0.000809099235709277,7.401808480855807e-05,5.503483170814701,2.7128553205169252,6.294452638903018e-08,1.6994913614713968e-06
2023-05-01,0.00017038151383532243,5.00311953737244e-06,0.000820676555833165,6.216911482625629e-05,5.4921105776236905,2.579452560299821,-1.4093903950180058e-06,1.6972978774088641e-06
2023-05-02,0.0001562792153758019,4.723824557789395e-06,0.0007720813794566775,6.461819170772616e-05,5.500569454512912,2.53207884604273,-2.7929497958304466e-07,1.6813463642140534e-06
2023-05-03,0.0001562792153758019,4.723824557789395e-06,0.0007720813794566775,6.461819170772616e-05,5.500572546678132,2.53207884604273,0.0,1.5827285018971348e-06
2023-05-04,0.0001562792153758019,2.5025651014625112e-06,0.0007720813794566775,3.618962841439133e-05,5.511546509946502,2.703006179082203,-2.221259456326884e-06,1.4809551097600875e-06
2023-05-05,0.0001562792153758019,3.1479120385926264e-06,0.0007720813794566775,4.152320674184353e-05,5.513196506735682,2.7145833528402616,6.453469371301152e-07,1.4486648739133198e-06
2023-05-08,0.00015108368155782918,3.1254268672668623e-06,0.000755700018015369,4.139728609319113e-05,5.510371451141253,2.7668021797477413,-2.2485171325764098e-08,1.3155790423109752e-06
2023-05-09,0.00015108368155782918,3.061695232071499e-06,0.000755700018015369,4.2413568521768205e-05,5.50919426883558,2.630947234779943,-6.37316351953635e-08,1.299196261682699e-06
2023-05-10,0.00015383667661513303,3.0766789204689313e-06,0.0007638748370581203,4.2427388645293064e-05,5.505572936313237,2.694248436438823,1.4983688397432495e-08,1.2817187440465584e-06
2023-05-11,0.00015594687228723416,3.007802964382106e-06,0.0007708801971224497,4.026184699527416e-05,5.5058399920868455,2.9006309888571216,-6.887595608682544e-08,1.2669191790662984e-06
2023-05-12,0.00015594687228723416,1.7036917738245582e-06,0.0007708801971224497,2.9537007940527964e-05,5.4933285908376694,2.392842270301582,-1.3041111905575477e-06,1.3767210577495443e-06
2023-05-15,0.00015594687228723416,1.7716395464287958e-06,0.0007708801971224497,2.9844389178485687e-05,5.499132341380448,2.4458751386261017,6.794777260423761e-08,1.4665610924177378e-06
2023-05-16,0.00015594687228723416,6.725642256620617e-07,0.0007708801971224497,1.3799512241822994e-05,5.496672845579324,2.61827546162286,-1.0990753207667343e-06,1.6324344081189644e-06
2023-05-17,0.00013419264541346637,6.725642256620617e-07,0.0006905534142494493,1.3799512241822994e-05,5.511182558109878,2.61827546162286,0.0,1.7720640904686965e-06
2023-05-18,0.0001192040758637762,8.455906487590145e-07,0.0006268190745332525,1.59958811077927e-05,5.5209489476101234,2.603194045601538,1.7302642309695288e-07,1.8775720757934889e-06
2023-05-19,0.0001192040758637762,8.010114260894691e-07,0.0006268190745332525,1.563516972931728e-05,5.515781220147128,2.4649503682392306,-4.457922266954543e-08,1.9715120756014683e-06
2023-05-22,0.0001192040758637762,8.244559257062524e-07,0.0006268190745332525,1.57170462890359e-05,5.512974314475556,2.5586242037884963,2.3444499616783258e-08,2.050816690857963e-06
2023-05-23,0.00011914956505116118,4.974231093791327e-07,0.0006266576148010931,1.1109216520539189e-05,5.513924567493167,2.363140694088783,-3.270328163271197e-07,2.075165637718655e-06
2023-05-24,0.0001197950921976667,4.974231093791327e-07,0.0006286385426453743,1.1109216520539189e-05,5.5001072559992545,2.363140694088783,0.0,1.9427364379380293e-06
2023-05-25,0.00012629379689461034,4.974231093791327e-07,0.0006526043073335166,1.1109216520539189e-05,5.495821605624481,2.363140694088783,0.0,1.794600695393358e-06
2023-05-26,0.00012629379689461034,4.974231093791327e-07,0.0006526043073335166,1.1109216520539189e-05,5.490006052439001,2.363140694088783,0.0,1.5678771823620088e-06
2023-05-30,0.00012629379689461034,4.7397860976234945e-07,0.0006526043073335166,1.0993074188464442e-05,5.477027372707857,2.113134755538427,-2.3444499616783205e-08,1.446230014634753e-06
2023-05-31,0.00012629379689461034,1.3299916873744506e-06,0.0006526043073335166,2.6967425792437243e-05,5.476045583992888,1.8834864976674417,8.560130776121012e-07,1.281817691055336e-06
2023-06-01,0.000121141682927596,1.97969823531188e-06,0.0006335422530807123,3.470062374731086e-05,5.483650749830406,1.846182528745091,6.497065479374294e-07,1.0687544793389182e-06
2023-06-02,0.00016691935011221577,1.97969823531188e-06,0.0008331058480766833,3.470062374731086e-05,5.456218546752731,1.846182528745091,0.0,1.050448415341377e-06
2023-06-05,0.00018133701096238159,2.4002378562126133e-06,0.0008813383115097208,3.7406118581403256e-05,5.449069905362753,2.016247520682463,4.2053962090073333e-07,1.0017605004424516e-06
2023-06-06,0.00021168570232860104,3.5916244123205546e-06,0.0009825569600954915,4.954339943533018e-05,5.430985867254542,2.068148055264265,1.1913865561079413e-06,1.0463518469227696e-06
2023-06-07,0.00023269481851166806,3.5916244123205546e-06,0.001043589901548341,4.954339943533018e-05,5.420891149054526,2.068148055264265,0.0,1.0933885914706267e-06
2023-06-08,0.000217562340311347,3.5916244123205546e-06,0.001001584055761358,4.954339943533018e-05,5.434981274269084,2.068148055264265,0.0,1.1367890892813443e-06
2023-06-09,0.0002202532170788528,3.5916244123205546e-06,0.0010081452975321077,4.954339943533018e-05,5.435778756040955,2.068148055264265,0.0,1.1824643358591756e-06
2023-06-12,0.0002202532170788528,4.001584069322111e-06,0.0010081452975321077,5.135037452191807e-05,5.4326352990082665,2.439059715386309,4.099596570015564e-07,1.299846411436354e-06
2023-06-13,0.00023319258397122317,4.0698991725967234e-06,0.001043288547748927,5.1115643622217637e-05,5.418368850060559,2.6485591173463097,6.831510327461241e-08,1.4034638554593437e-06
2023-06-14,0.00023319258397122317,4.0698991725967234e-06,0.001043288547748927,5.1115643622217637e-05,5.41667678615499,2.6485591173463097,0.0,1.4616197281264952e-06
2023-06-15,0.00023566860692969972,4.0698991725967234e-06,0.001050067587109351,5.1115643622217637e-05,5.413960407047167,2.6426435565728443,0.0,1.4974000480559978e-06
2023-06-16,0.00023566860692969972,3.673866556724203e-06,0.001050067587109351,4.76118627421811e-05,5.401732740887521,2.653677199724595,-3.9603261587252053e-07,1.5002717352869586e-06
2023-06-20,0.00023566860692969972,1.9366712572082293e-06,0.001050067587109351,2.846032071299211e-05,5.398937539751233,2.6751506623637202,-1.7371952995159736e-06,1.4614807130433176e-06
2023-06-21,0.00023566860692969972,2.009671511835984e-06,0.001050067587109351,2.867822111010535e-05,5.402605201151712,2.8584260319871797,7.300025462775459e-08,1.4194367062070664e-06
2023-06-22,0.0002729176232018718,2.042669318248579e-06,0.0011836516434578516,2.9418685703217428e-05,5.388120401308949,2.6657300855502695,3.299780641259507e-08,1.349764609437483e-06
2023-06-23,0.00027044160024339525,2.042669318248579e-06,0.0011776418256103523,2.9418685703217428e-05,5.4000781092884145,2.6657300855502695,0.0,1.2713619252303517e-06
2023-06-26,0.00026590073342858627,3.069443328191307e-06,0.001153818344875598,3.817389488642273e-05,5.40263650194524,2.823033163444009,1.0267740099427279e-06,1.1770440368077096e-06
2023-06-27,0.00025535749016857164,4.9098900776924305e-06,0.0011273469792918707,6.169647806074812e-05,5.4198739274458205,2.7215263345045053,1.8404467495011236e-06,1.1556704171726898e-06
2023-06-28,0.0002580006500797962,5.383686678678386e-06,0.0011360027633780122,6.631258482367448e-05,5.419122490051787,2.591181973541166,4.7379660098595564e-07,1.129612938648828e-06
2023-06-29,0.0002580006500797962,7.800635618665206e-06,0.0011360027633780122,8.422857807931218e-05,5.42976445439835,2.6211625288670155,2.41694893998682e-06,1.4554725372949615e-06
2023-06-30,0.0002580006500797962,8.158904132572457e-06,0.0011360027633780122,8.481621293343438e-05,5.438523248675098,2.9296398541778648,3.582685139072511e-07,1.7449783894061725e-06
2023-07-03,0.0002580006500797962,8.193238391496977e-06,0.0011360027633780122,8.484866253035484e-05,5.436832194616258,2.964700406889814,3.433425892451974e-08,1.945568403677353e-06
2023-07-05,0.0002580006500797962,8.259400762235851e-06,0.0011360027633780122,8.490904369539222e-05,5.437929435498067,3.0777409199805232,6.616237073887444e-08,2.108848719550723e-06
2023-07-06,0.0002580006500797962,8.259400762235851e-06,0.0011360027633780122,8.490904369539222e-05,5.4426778581154265,3.0777409199805232,0.0,2.2667202500935982e-06
2023-07-07,0.00024202340452416456,6.327775410418783e-06,0.0010797377755658018,6.930480537506103e-05,5.452242370461167,3.129814706342188,-1.931625351817068e-06,2.2828620798744696e-06
2023-07-10,0.0002207883138478761,6.678751842203589e-06,0.0010107047996232078,7.031267497001221e-05,5.465165224869768,3.2810024889645284,3.5097643178480594e-07,2.3030493837683e-06
2023-07-11,0.00022388704178925842,4.154017757324556e-06,0.0010199563147966545,4.691331044167476e-05,5.456602864362857,3.2232561007655782,-2.524734084879033e-06,2.2892726179184737e-06
2023-07-12,0.00022388704178925842,3.5334456591514805e-06,0.0010199563147966545,4.407614567857101e-05,5.45992973597941,3.016835695985153,-6.205720981730758e-07,2.301898883827181e-06
2023-07-13,0.00022388704178925842,3.5334456591514805e-06,0.0010199563147966545,4.407614567857101e-05,5.462144132818766,2.96801353213157,0.0,2.3155604530548123e-06
2023-07-14,0.00022388704178925842,3.537258796703205e-06,0.0010199563147966545,4.40769160025846e-05,5.4607133479266325,3.0328948344997535,3.813137551724628e-09,2.3287009543136564e-06
2023-07-17,0.00022388704178925842,2.893418337271258e-06,0.0010199563147966545,3.9925420448306204e-05,5.4554782874807595,2.854317167531828,-6.43840459431947e-07,2.364787527990072e-06
2023-07-18,0.00022388704178925842,2.9810638184667693e-06,0.0010199563147966545,4.0361454249134024e-05,5.468861787583752,2.8780168082088275,8.764548119551123e-08,2.387424577593753e-06
2023-07-19,0.00020646015227938504,3.023406064725892e-06,0.0009726647898912421,4.046368138224049e-05,5.474026101713172,3.0132799526965472,4.234224625912277e-08,2.3308765000532096e-06
2023-07-20,0.00023156383277203108,3.023406064725892e-06,0.0010440601298753688,4.046368138224049e-05,5.475197379123043,3.0132799526965472,0.0,2.27648601087819e-06
2023-07-21,0.00023156383277203108,2.7587510986547345e-06,0.0010440601298753688,3.894460279364157e-05,5.468928222370238,2.987462532939081,-2.6465496607115764e-07,2.2345875556134204e-06
2023-07-24,0.00023156383277203108,6.546254869216228e-06,0.0010440601298753688,8.696834991558881e-05,5.4645997046024535,3.00820055138033,3.7875037705614936e-06,2.1541985953931077e-06
2023-07-25,0.00023156383277203108,3.436003885487971e-06,0.0010440601298753688,4.6176701923545234e-05,5.4668706185364195,3.2476450426278376,-3.110250983728257e-06,2.137045060811304e-06
2023-07-26,0.00023156383277203108,3.422589748029901e-06,0.0010440601298753688,4.617624259180158e-05,5.471545677298796,3.1384834631253384,-1.3414137458070002e-08,2.1721476864757745e-06
2023-07-27,0.00023156383277203108,3.4470824155887314e-06,0.0010440601298753688,4.8662479497917604e-05,5.463394105131621,2.7644098064062708,2.4492667558830532e-08,2.2015783419478247e-06
2023-07-28,0.00023156383277203108,3.4318804477313177e-06,0.0010440601298753688,4.858813857647411e-05,5.459281196190729,2.8247988328591522,-1.5201967857413672e-08,2.124286435907743e-06
2023-07-31,0.00032962893000087915,2.7668412773594927e-06,0.0014727753598987624,4.3883581144955576e-05,5.410602863350708,2.5914251543631925,-6.65039170371825e-07,2.0120831099591634e-06
2023-08-01,0.00032962893000087915,3.114330170759916e-06,0.0014727753598987624,4.591112324138958e-05,5.419339103699286,2.9351546836634803,3.474888934004233e-07,1.8355660156919983e-06
2023-08-02,0.0003562329118932608,3.5590288855221545e-06,0.0015242392597189837,4.8728977560390646e-05,5.4142406860659715,2.8726007331526886,4.4469871476223854e-07,1.5790508914667659e-06
2023-08-03,0.0003562329118932608,3.604069715032173e-06,0.0015242392597189837,4.879086750977473e-05,5.406527589587154,2.9517844318751796,4.504082951001863e-08,1.2248439771751597e-06
2023-08-04,0.0003562329118932608,3.6736115551448773e-06,0.0015242392597189837,4.907980682362618e-05,5.401134190291035,2.8642539867117245,6.954184011270417e-08,1.0691465371731397e-06
2023-08-07,0.0003562329118932608,2.7472463946605892e-06,0.0015242392597189837,3.422787205706316e-05,5.412918477035366,3.149140082357136,-9.263651604842881e-07,8.154382780640198e-07
2023-08-08,0.0003562329118932608,2.7648934793717722e-06,0.0015242392597189837,3.4350907994366166e-05,5.401830645199632,3.150905176967687,1.764708471118301e-08,8.123097858387417e-07
2023-08-09,0.00035593868674413777,2.6588363270943138e-06,0.0015236040290415272,3.3938902522185106e-05,5.400940026308739,3.104430328331968,-1.0605715227745848e-07,8.275741568774552e-07
2023-08-10,0.00035593868674413777,2.7354304845837668e-06,0.0015236040290415272,3.459652254799649e-05,5.394986945013365,3.164011153869289,7.659415748945303e-08,8.372508712515466e-07
2023-08-11,0.00035593868674413777,4.775759182834598e-06,0.0015236040290415272,5.4084366858679244e-05,5.403322125386168,3.3787753835225502,2.0403286982508313e-06,8.987751725676495e-07
2023-08-14,0.00035593868674413777,6.630471960382864e-06,0.0015236040290415272,6.872943026508028e-05,5.4059664431687295,3.4105481237505164,1.854712777548266e-06,1.1486123762231429e-06
2023-08-15,0.00019149802249471398,6.630471960382864e-06,0.0009081051621171984,6.872943026508028e-05,5.4897067353156785,3.4105481237505164,0.0,1.328429304378314e-06
2023-08-16,0.00019149802249471398,6.630471960382864e-06,0.0009081051621171984,6.872943026508028e-05,5.487872368913356,3.4105481237505164,0.0,1.4642843105484455e-06
2023-08-17,0.00017727625419276235,6.630471960382864e-06,0.0008650606372626519,6.872943026508028e-05,5.493663840268018,3.4105481237505164,0.0,1.5668612313029818e-06
2023-08-18,0.00013091255806774984,7.19864072144221e-06,0.0006899535351606819,7.116632362218889e-05,5.516624213296389,3.383165466557949,5.681687610593461e-07,1.6776986987439397e-06
2023-08-21,0.00013091255806774984,9.007841133057476e-06,0.0006899535351606819,8.763596902014801e-05,5.517244142753268,3.1896366456680276,1.8092004116152656e-06,1.922092869138046e-06
2023-08-22,0.00013091255806774984,9.429920481327865e-06,0.0006899535351606819,8.91420654637923e-05,5.515677964857857,3.2121052145981492,4.2207934827038964e-07,2.2034635570018342e-06
2023-08-23,0.00013196030438941887,6.8670994710699354e-06,0.0006923948333258524,6.968132217240571e-05,5.5153058763350495,3.153185136654496,-2.56282101025793e-06,2.2292895028312043e-06
2023-08-24,0.00011841201768222846,6.383711097805096e-06,0.00064469990492331,6.777802189878209e-05,5.520409115267659,3.103766761169336,-4.833883732648396e-07,2.224205958877426e-06
2023-08-25,0.0001100168518380156,5.387484722693517e-06,0.0006169017204724988,6.159205890612892e-05,5.525766270298908,3.2400569840529885,-9.962263751115792e-07,2.1915145061444534e-06
2023-08-28,0.00010715393153085691,5.372580279559409e-06,0.0006086229240425602,6.0666138339866626e-05,5.528276498139097,3.0877956349957665,-1.4904443134107952e-08,2.1179849667218794e-06
2023-08-29,0.00010715393153085691,6.2359300595348985e-06,0.0006086229240425602,6.876242152958677e-05,5.533397717407709,2.846504797763732,8.633497799754898e-07,2.0635257362412523e-06
2023-08-30,0.00010715393153085691,6.198162445038689e-06,0.0006086229240425602,6.91387656303513e-05,5.532803484180833,2.6770686284731497,-3.7767614496209186e-08,2.0204275167515766e-06
2023-08-31,0.00010771370483378208,4.817549090179517e-06,0.0006103062062384128,5.7011727440585064e-05,5.522457926547656,2.8607623409834972,-1.3806133548591725e-06,1.975751702813549e-06
2023-09-01,0.00010771370483378208,4.817549090179517e-06,0.0006103062062384128,5.7011727440585064e-05,5.516691542573992,2.8607623409834972,0.0,1.9319378315899887e-06
2023-09-05,0.00011665131874637863,4.8656955612100525e-06,0.0006389615263346731,5.7076711756744804e-05,5.515960786677815,2.9844875885249906,4.814647103053567e-08,1.8163735930772262e-06
2023-09-06,0.00011665131874637863,4.70708189255164e-06,0.0006389615263346731,5.667817958616695e-05,5.516662780310514,2.8184660553231837,-1.5861366865841277e-07,1.6931980357314493e-06
2023-09-07,0.00011144043667086623,3.9691534956964445e-06,0.0006123772174313445,4.8873097133564976e-05,5.524047461899023,2.933817640755833,-7.379283968551952e-07,1.5829871918795693e-06
2023-09-08,0.00011274617424377701,4.095634804881578e-06,0.0006175482198773582,5.1158435067818036e-05,5.5210751718662525,2.8197079808701138,1.264813091851337e-07,1.461509296059671e-06
2023-09-11,0.00011274617424377701,3.159478928739168e-06,0.0006175482198773582,4.4832753614790594e-05,5.521246387780436,2.576181670088875,-9.3615587614241e-07,1.5749467039421597e-06
2023-09-12,0.00011180885204578352,2.7814558746875152e-06,0.0006150751680124871,4.0625701597793864e-05,5.522561978127981,2.604520965422483,-3.780230540516529e-07,1.7164558769894446e-06
2023-09-13,0.00011180885204578352,2.7814558746875152e-06,0.0006150751680124871,4.0625701597793864e-05,5.52570368699226,2.612656509071441,0.0,1.825927475689224e-06
2023-09-14,0.0001154422428733306,1.869188313373032e-06,0.0006294192738868443,3.2712626116296885e-05,5.516157779204571,2.3012515307378756,-9.122675613144833e-07,1.983541577769507e-06
2023-09-15,0.00011186623225411651,1.821041842342497e-06,0.0006190564042211908,3.2599109623142436e-05,5.518342467787548,2.0622451508552775,-4.8146471030534824e-08,2.105229505487663e-06
2023-09-18,9.942884634850367e-05,1.821041842342497e-06,0.0005762908774948586,3.2599109623142436e-05,5.522957125122704,2.0622451508552775,0.0,2.1641054539106747e-06
2023-09-19,9.942884634850367e-05,1.821041842342497e-06,0.0005762908774948586,3.2599109623142436e-05,5.517570883189967,2.0622451508552775,0.0,2.0241835697103646e-06
2023-09-20,7.972192291661686e-05,1.8844875052610109e-06,0.0004720227162256331,3.2746141228545725e-05,5.5344792843158555,2.317152308366681,6.344566291851378e-08,1.731097057782365e-06
2023-09-21,8.505184738744943e-05,1.934618637691489e-06,0.0004922421096097274,3.2874272801910806e-05,5.530328892371111,2.5285650494635603,5.0131132430478254e-08,1.6635969457656853e-06
2023-09-22,8.946915069832862e-05,1.8844875052610109e-06,0.0005111199206132217,3.2746141228545725e-05,5.50859418589988,2.317152308366681,-5.0131132430478254e-08,1.6041215631331296e-06
2023-09-25,8.946915069832862e-05,1.822696341867303e-06,0.0005111199206132217,3.253437383174212e-05,5.493203478457675,2.1774679828421077,-6.179116339370791e-08,1.5943895882386116e-06
2023-09-26,8.946915069832862e-05,1.7806601617866193e-06,0.0005111199206132217,3.243673053582406e-05,5.491279783379928,1.9972701941343374,-4.203618008068363e-08,1.5664704672456663e-06
2023-09-27,9.024645114808503e-05,1.7806601617866193e-06,0.0005139460521965368,3.243673053582406e-05,5.497067092589596,1.9972701941343374,0.0,1.4309355333725134e-06
2023-09-28,9.024645114808503e-05,1.4746988452100138e-06,0.0005139460521965368,2.560962439265179e-05,5.494368810613534,2.369244128334148,-3.059613165766056e-07,1.260248799606761e-06
2023-09-29,8.076586626550035e-05,1.5837852857393233e-06,0.0004757849532779269,2.606342754267637e-05,5.497399862788186,2.6115839299544015,1.090864405293095e-07,1.1926628881263016e-06
2023-10-02,8.993309988310424e-05,6.021260729302007e-06,0.0005125027710868891,8.226915019687349e-05,5.492587805553082,2.5653049159227668,4.437475443562683e-06,1.3310572043959007e-06
2023-10-03,8.993309988310424e-05,5.900081954711176e-06,0.0005125027710868891,8.189993267650113e-05,5.4911862416921275,2.3752243192243574,-1.2117877459083097e-07,1.4358907375117202e-06
2023-10-04,9.223098216951673e-05,5.367147870254668e-06,0.000520296999338711,8.039207019890985e-05,5.485792493933479,2.219527506809683,-5.329340844565075e-07,1.4899376001606027e-06
2023-10-05,9.223098216951673e-05,5.379437583954032e-06,0.000520296999338711,8.034630514992848e-05,5.488773076713713,2.44727726831748,1.22897136993639e-08,1.579946501149607e-06
2023-10-06,9.611416192014161e-05,1.7936034747975247e-06,0.0005385516022970886,2.9233035551831335e-05,5.4853772362446565,2.9789756921788872,-3.5858341091565075e-06,1.5680961322849542e-06
2023-10-09,9.611416192014161e-05,1.7936034747975247e-06,0.0005385516022970886,2.9233035551831335e-05,5.486028696290251,2.9789756921788872,0.0,1.5782602549784393e-06
2023-10-10,9.396506263298223e-05,2.040621826110111e-06,0.0005315839035677046,3.0590382387593944e-05,5.4912716086193685,3.149081808253644,2.470183513125864e-07,1.5840618172868173e-06
2023-10-11,9.505569031993566e-05,4.15234872517584e-06,0.0005349062337692993,5.267880727265315e-05,5.489683495572586,2.866898366873176,2.1117268990657292e-06,1.6203071224911313e-06
2023-10-12,9.505569031993566e-05,9.483255295751787e-06,0.0005349062337692993,0.00011099677488478061,5.491554604793709,2.625941545152243,5.330906570575947e-06,2.2048041396630107e-06
2023-10-13,9.300601503956657e-05,9.676417484465318e-06,0.0005282108944881525,0.00011128964793368416,5.505940033564036,2.7937488372648245,1.9316218871353099e-07,2.628298851307473e-06
2023-10-16,8.428670242924449e-05,1.0680592941309182e-05,0.0004941851066772759,0.00011703512059684545,5.5115638758958125,2.91909602231916,1.0041754568438637e-06,3.0487592797909226e-06
2023-10-17,8.40790760459054e-05,1.0680592941309182e-05,0.0004933686551362019,0.00011703512059684545,5.514229515305163,2.91909602231916,0.0,3.3569029649115597e-06
2023-10-18,8.439921993243496e-05,8.203619099118322e-06,0.0004946373004165497,0.00010454654519216847,5.5129697068899235,2.9330624423119134,-2.4769738421908593e-06,3.4090398614266233e-06
2023-10-19,8.084625003090831e-05,8.748428430147145e-06,0.000471409112376926,0.0001109570926847601,5.513974287957204,2.907751676941507,5.448093310288223e-07,3.461183804025157e-06
2023-10-20,8.084625003090831e-05,8.834804704721188e-06,0.000471409112376926,0.0001111858940633908,5.515215401169793,2.843250088148231,8.637627457404338e-08,3.479471139340845e-06
2023-10-23,9.370563326918057e-05,8.187772191148563e-06,0.000526746655779051,0.00010366392252011575,5.5066953847248765,2.8139438738298046,-6.470325135726252e-07,3.429644823395252e-06
2023-10-24,9.352225355281782e-05,8.44612151007632e-06,0.0005260682206149761,0.00010432524686958179,5.494496525052667,2.7588555947737228,2.58349318927757e-07,3.3539950027962523e-06
2023-10-25,0.00010722676306627894,8.44612151007632e-06,0.0005793460560612432,0.00010432524686958179,5.484940267822183,2.7588555947737228,0.0,3.2407202579622822e-06
2023-10-26,0.00011989511561553982,8.382675847157805e-06,0.000630406748674717,0.00010427918928175929,5.4755610247877895,2.6230381219188015,-6.344566291851484e-08,3.0572889332150823e-06
2023-10-27,0.00011989511561553982,7.819180984876736e-06,0.000630406748674717,9.759411254596983e-05,5.474006396448539,2.6469795780953715,-5.634948622810692e-07,2.817702312474669e-06
2023-10-30,0.00011989511561553982,7.236526227810265e-06,0.000630406748674717,9.55855728000316e-05,5.472406816221028,2.4787021310886597,-5.826547570664705e-07,2.8085309002414787e-06
2023-10-31,0.00011989511561553982,7.236526227810265e-06,0.000630406748674717,9.55855728000316e-05,5.464469319815113,2.4787021310886597,0.0,2.795282124823324e-06
2023-11-01,0.00011989511561553982,8.268199513954241e-06,0.000630406748674717,0.00010027416450114397,5.481270435401973,2.6530713564720227,1.0316732861439758e-06,2.7742098168780713e-06
2023-11-02,0.00016088052822803783,8.171559072079134e-06,0.000806598835756066,0.00010017641732246823,5.455180263908462,2.557849145672787,-9.664044187510755e-08,2.7439128103677764e-06
2023-11-03,0.00016625382014918055,8.171559072079134e-06,0.0008129148047557624,0.00010017641732246823,5.454770985433117,2.557849145672787,0.0,2.4061497458978406e-06
2023-11-06,0.00016625382014918055,7.62036507185627e-06,0.0008129148047557624,9.880262537157831e-05,5.459402940780601,2.3036523792199364,-5.511940002228639e-07,1.9606653849766632e-06
2023-11-07,0.00016625382014918055,7.62036507185627e-06,0.0008129148047557624,9.880262537157831e-05,5.4691471671868745,2.3036523792199364,0.0,1.373457593073172e-06
2023-11-08,0.00016625382014918055,6.25983037148102e-06,0.0008129148047557624,9.298428497873794e-05,5.463630549226506,2.179198269680825,-1.36053470037525e-06,1.0897708512354044e-06
2023-11-09,0.00016625382014918055,6.075539241868035e-06,0.0008129148047557624,9.034078234128128e-05,5.466916161322202,2.342784435598823,-1.842911296129846e-07,1.175919086682719e-06
2023-11-10,0.00016625382014918055,6.075539241868035e-06,0.0008129148047557624,9.034078234128128e-05,5.472486070021426,2.342784435598823,0.0,1.2190214245661254e-06
2023-11-13,0.00016524937650188074,6.034832480719742e-06,0.0008098226904380482,9.057361785503757e-05,5.466048166762868,2.187593744583827,-4.070676114829318e-08,1.1326043568078423e-06
2023-11-14,0.0003294242355496713,8.886594267574629e-07,0.0015157004926460655,1.7700223077339004e-05,5.376571576144398,2.760045619773362,-5.146173053962279e-06,1.7704758612591474e-06
2023-11-15,0.0003372259558340211,1.208769475494755e-06,0.0015306946814340407,2.0981785026196874e-05,5.370566703749113,2.757882935812877,3.2011004873729214e-07,2.223163454215512e-06
2023-11-16,0.0003372259558340211,2.36441242406376e-06,0.0015306946814340407,3.760106650971864e-05,5.370232060370152,2.528184158544661,1.155642948569005e-06,2.4075575406905006e-06
2023-11-17,0.0003372259558340211,1.9462688217435757e-06,0.0015306946814340407,3.424541901091364e-05,5.369730437876243,2.5304668986076493,-4.181436023201842e-07,2.56853541775212e-06
2023-11-20,0.0003372259558340211,2.28567991159104e-06,0.0015306946814340407,3.6260349524097296e-05,5.370811843927902,2.5053615142997185,3.394110898474645e-07,2.6796645446540175e-06
2023-11-21,0.00034751693874791667,2.323397793749711e-06,0.001552817087928457,3.694126644282961e-05,5.368283098590072,2.3970190183371516,3.771788215867081e-08,2.737969294405798e-06
2023-11-22,0.00034751693874791667,2.349668572311059e-06,0.001552817087928457,3.764489412647083e-05,5.364086338114757,2.171957877782565,2.627077856134795e-08,2.7579936623315276e-06
2023-11-24,0.00034751693874791667,2.2720456383250647e-06,0.001552817087928457,3.7371153287746196e-05,5.363498437184461,2.0205335439473475,-7.762293398599418e-08,2.7506199722482696e-06
2023-11-27,0.00034751693874791667,2.2720456383250647e-06,0.001552817087928457,3.7371153287746196e-05,5.3566002928711525,2.0205335439473475,0.0,2.742877159364834e-06
2023-11-28,0.00034751693874791667,2.71526325675082e-06,0.001552817087928457,4.096835280390113e-05,5.361033328834187,2.3573414663621644,4.432176184257552e-07,2.720678691186061e-06
2023-11-29,0.00034751693874791667,2.9738156764254027e-06,0.001552817087928457,4.2029596955833364e-05,5.366268041316181,2.6081083385900645,2.585524196745828e-07,2.670431227158371e-06
2023-11-30,0.0003696875778782024,1.6164874007287615e-06,0.0016042162341069171,2.6620907788353825e-05,5.353963456480419,2.4517351002122423,-1.3573282756966413e-06,2.575160669933766e-06
2023-12-01,0.0003737667029696897,1.6164874007287615e-06,0.001611373213368318,2.6620907788353825e-05,5.35901627576918,2.4517351002122423,0.0,2.4381313585773292e-06
2023-12-04,0.00036063544043771353,3.587952295833957e-06,0.0015791557850903285,5.052293184482441e-05,5.381987982064607,2.5550923318461276,1.9714648951051955e-06,2.203217615950408e-06
2023-12-05,0.00036063544043771353,2.886286397850174e-06,0.0015791557850903285,4.642485166026967e-05,5.37537746152929,2.2054069324117473,-7.016658979837829e-07,1.9809448351428158e-06
2023-12-06,0.00036063544043771353,1.679753879225338e-06,0.0015791557850903285,2.66619337385994e-05,5.381504718132209,2.5891553169849244,-1.2065325186248361e-06,1.7226285907485889e-06
2023-12-07,0.00036063544043771353,1.679753879225338e-06,0.0015791557850903285,2.66619337385994e-05,5.38383052411382,2.5891553169849244,0.0,1.5591736197798371e-06
2023-12-08,0.00036063544043771353,1.679753879225338e-06,0.0015791557850903285,2.66619337385994e-05,5.378812059951053,2.5891553169849244,0.0,1.3619785571456309e-06
2023-12-11,0.00036063544043771353,1.8974154596859138e-06,0.0015791557850903285,2.7656667300895433e-05,5.376670784430597,2.940941234203266,2.1766158046057588e-07,1.0795078058099272e-06
2023-12-12,0.00036063544043771353,1.6573821267495267e-06,0.0015791557850903285,2.5551994939180224e-05,5.371341606825762,2.928307111680087,-2.400333329363871e-07,6.394613994491273e-07
2023-12-13,0.00026964792272121327,1.6573821267495267e-06,0.0012168257632695452,2.5551994939180224e-05,5.407380698070121,2.928307111680087,0.0,5.838128736267418e-07
2023-12-14,0.00026964792272121327,4.638990857486203e-06,0.0012168257632695452,6.461350045315777e-05,5.409435161655876,2.706729021392232,2.981608730736676e-06,7.715309916030875e-07
2023-12-15,0.00026964792272121327,4.457881300787916e-06,0.0012168257632695452,6.416722008899377e-05,5.412674778587986,2.5293853196139557,-1.8110955669828739e-07,9.09659503926846e-07
2023-12-18,0.00026964792272121327,4.488296376343931e-06,0.0012168257632695452,6.420087640612554e-05,5.400393855817475,2.6593621204825344,3.041507555601562e-08,1.0131997312749836e-06
2023-12-19,0.00026620889252221963,1.957672810720877e-06,0.0012087686738300658,2.8735377181151236e-05,5.413587121112633,3.0106335153372776,-2.5306235656230544e-06,1.0201093659323715e-06
2023-12-20,0.00026620889252221963,1.3837574300468093e-06,0.0012087686738300658,2.3734211155714015e-05,5.418068841284139,2.853608844802817,-5.739153806740676e-07,1.0508346157230261e-06
2023-12-21,0.00026620889252221963,1.6158951783923143e-06,0.0012087686738300658,2.5295696658828957e-05,5.424435914378945,3.0382220205437154,2.3213774834550495e-07,1.0680504883088735e-06
2023-12-22,0.00026620889252221963,1.89639111111779e-06,0.0012087686738300658,2.7310395221487398e-05,5.421966222940697,3.165242500132956,2.8049593272547585e-07,1.0743831490942515e-06
2023-12-26,0.00026620889252221963,2.4561993864171396e-06,0.0012087686738300658,3.303990300972647e-05,5.41899076023274,3.1260641232620485,5.598082752993495e-07,1.0738560462046895e-06
2023-12-27,0.00026620889252221963,1.997661613150405e-06,0.0012087686738300658,2.8829459706066147e-05,5.421868432241209,2.999091253059449,-4.5853777326673454e-07,1.075709306443291e-06
2023-12-28,0.00026620889252221963,1.959058708475237e-06,0.0012087686738300658,2.860271658220605e-05,5.41312987931604,2.8247413016887846,-3.860290467516815e-08,1.070705661692616e-06
2023-12-29,0.00026620889252221963,1.959058708475237e-06,0.0012087686738300658,2.860271658220605e-05,5.407347675403088,2.8247413016887846,0.0,1.0612113579931014e-06
2024-01-02,0.0002724962478939015,1.9098174711614134e-06,0.0012232506838582076,2.7375890787376748e-05,5.420465647228564,2.989419264381138,-4.9241237313823454e-08,1.0524195261641871e-06
2024-01-03,0.00028609808326529384,2.0266511963785577e-06,0.0012574150736893107,2.802295333083946e-05,5.409666030872286,3.0232974884387747,1.1683372521714424e-07,1.0147332088942086e-06
2024-01-04,0.00028609808326529384,2.074172905372817e-06,0.0012574150736893107,2.8146173894023755e-05,5.39742865482362,3.1427913728455934,4.7521708994259496e-08,1.0060067358453776e-06
2024-01-05,0.00028609808326529384,1.6626758936697797e-06,0.0012574150736893107,2.554266040881949e-05,5.391166663661077,3.039030415249275,-4.114970117030374e-07,1.0065266085656594e-06
2024-01-08,0.00027299075416578877,2.5075991680636696e-06,0.001224313425439361,3.951616052723689e-05,5.396755667383762,2.699191362586063,8.449232743938899e-07,9.987124796319748e-07
2024-01-09,0.0002500607735950548,1.9240254992334664e-06,0.0011616649921455408,3.553742542939203e-05,5.404504698095952,2.479954037453345,-5.835736688302032e-07,9.922758108254168e-07
2024-01-10,0.0002500607735950548,1.910337456762141e-06,0.0011616649921455408,3.5525111749140055e-05,5.394645119214438,2.3410321182899234,-1.3688042471325558e-08,9.919996621453627e-07
2024-01-11,0.0002500607735950548,2.4781553843472816e-06,0.0011616649921455408,4.2876530416385314e-05,5.390308676517436,2.5295485099413724,5.678179275851407e-07,9.806210744298698e-07
2024-01-12,0.0002500607735950548,2.5524378638313155e-06,0.0011616649921455408,4.3040117473588394e-05,5.39371263862232,2.724670205784666,7.428247948403395e-08,9.677801858359153e-07
2024-01-16,0.0002500607735950548,7.05998694960122e-07,0.0011616649921455408,1.3078099027505e-05,5.390143599426053,3.0112928970921735,-1.8464391688711935e-06,8.832405875647116e-07
2024-01-17,0.0002437170276299208,1.4301389551139404e-06,0.0011457907536356572,2.400821337051242e-05,5.395845940725234,3.0363269062984557,7.241402601538183e-07,7.194798320214349e-07
2024-01-18,0.0002574179469985061,1.190965504832959e-06,0.0011829612264765796,2.2280355302481826e-05,5.381364525115827,2.8565592858296123,-2.391734502809814e-07,4.6169671080723414e-07
2024-01-19,0.0002574179469985061,2.8468191825911815e-06,0.0011829612264765796,4.328292062573187e-05,5.387761572877641,2.9020412215671962,1.6558536777582225e-06,5.098714274591722e-07
2024-01-22,0.0002574179469985061,2.876538563578618e-06,0.0011829612264765796,4.3322217074345156e-05,5.394886763871664,3.0311989851315815,2.9719380987436604e-08,5.351974318286458e-07
2024-01-23,0.0002574179469985061,3.0338094283095892e-06,0.0011829612264765796,4.3912742672952185e-05,5.3973345609672565,3.080477192025269,1.5727086473097116e-07,5.74261167558917e-07
2024-01-24,0.00029231299824482857,3.2556221311628405e-06,0.001278419456952622,4.467309774197826e-05,5.376966747694951,3.2408891260171813,2.218127028532513e-07,6.303352652218099e-07
2024-01-25,0.00029231299824482857,3.209160204435348e-06,0.001278419456952622,4.4603978034942686e-05,5.3732171755937435,3.1451599042792595,-4.6461926727492516e-08,6.714902557897866e-07
2024-01-26,0.00029231299824482857,3.252404310111292e-06,0.001278419456952622,4.4664510346228986e-05,5.374585314155054,3.318669845783236,4.3244105675943803e-08,7.114245585419249e-07
2024-01-29,0.0002050253585044403,2.5186119794395507e-06,0.0009524687437672061,3.289522404062716e-05,5.425678902799532,3.5480337861693583,-7.337923306717412e-07,7.108685640444259e-07
2024-01-30,0.00020288813124648297,2.781141784376275e-06,0.0009464078628477244,3.531300184907927e-05,5.435640124103742,3.4687677102079872,2.6252980493672414e-07,7.159206138427934e-07
2024-01-31,0.00020288813124648297,2.7609995846728174e-06,0.0009464078628477244,3.5286163232666025e-05,5.434474098741798,3.376859671171708,-2.0142199703457372e-08,7.163444243577269e-07
2024-02-01,0.00020288813124648297,2.5737970053192157e-06,0.0009464078628477244,3.427776808164899e-05,5.432577710113742,3.1373196881729224,-1.8720257935360176e-07,7.137924830314103e-07
2024-02-02,0.0002127815609502487,2.719322146960268e-06,0.0009758921932768862,3.5206758939202304e-05,5.429819658006851,3.1438294311083377,1.455251416410525e-07,7.139517406346583e-07
2024-02-05,0.0002127815609502487,2.4141659951171736e-06,0.0009758921932768862,3.180277378579776e-05,5.422569392244977,3.1697951116978977,-3.051561518430946e-07,6.92015028322007e-07
2024-02-06,0.0002127815609502487,2.391074296803605e-06,0.0009758921932768862,3.175728860839126e-05,5.429967248075234,3.156442918341331,-2.3091698313568628e-08,6.919694094736054e-07
2024-02-07,0.00020288813124648297,2.3807188385202805e-06,0.0009464078628477244,3.1736518867016466e-05,5.446022212174775,3.093875248385164,-1.0355458283324404e-08,6.814574931918147e-07
2024-02-08,0.00020288813124648297,2.187544888677725e-06,0.0009464078628477244,2.9637883693999213e-05,5.451520404929265,3.1679258275588382,-1.9317394984255548e-07,6.72359689269508e-07
2024-02-09,0.00020288813124648297,3.212668960801365e-06,0.0009464078628477244,4.304147002779888e-05,5.459678969871068,2.9053118363173827,1.02512407212364e-06,6.921396473769684e-07
2024-02-12,0.00020416268602246163,3.452441699816356e-06,0.0009499152456176967,4.399088155674956e-05,5.458522340749365,3.0074587432053423,2.397727390149909e-07,7.232794070713867e-07
2024-02-13,0.00024862770081611636,3.452441699816356e-06,0.001102766826600162,4.399088155674956e-05,5.437311572960874,3.0074587432053423,0.0,6.036370470067472e-07
2024-02-14,0.00025803778703001524,3.452441699816356e-06,0.001133030906515001,4.399088155674956e-05,5.432808895667884,3.0074587432053423,0.0,5.469709674536348e-07
2024-02-15,0.00025680280897618735,3.303201547275141e-06,0.0011301795377896063,4.322995673489165e-05,5.436372103128355,2.989313727203149,-1.4924015254121483e-07,4.060976712828788e-07
2024-02-16,0.00025676323225403655,3.4076320951000175e-06,0.0011300919892297588,4.3498122089418025e-05,5.432850763802221,3.138217058964748,1.0443054782487643e-07,4.2104667189792234e-07
2024-02-20,0.00022118948436170377,3.303201547275141e-06,0.001019420390300387,4.322995673489165e-05,5.459561333967009,2.989313727203149,-1.0443054782487643e-07,4.2883686372882026e-07
2024-02-21,0.00022118948436170377,3.0903578700921715e-06,0.001019420390300387,4.5512887232404835e-05,5.455015647231082,2.749888311105708,-2.1284367718296954e-07,4.295826377561628e-07
2024-02-22,0.00025114386302839544,3.1041163185042584e-06,0.001110595013775145,4.552259845925496e-05,5.4424499409526454,2.8544837747889598,1.3758448412086843e-08,4.253348543730946e-07
2024-02-23,0.00025114386302839544,2.814498043807226e-06,0.001110595013775145,4.449743032316647e-05,5.429854053360869,2.486873523505835,-2.8961827469703247e-07,4.217388218091987e-07
2024-02-26,0.00025114386302839544,3.0816231105197284e-06,0.001110595013775145,4.55418189500156e-05,5.4394612533817455,2.7196686871786517,2.6712506671250255e-07,4.1653526629126374e-07
2024-02-27,0.00022220462794316588,3.2416032050703064e-06,0.0010231905069777178,4.615169994187449e-05,5.452055689317703,2.77465999772202,1.5998009455057793e-07,4.111963749951759e-07
2024-02-28,0.00022220462794316588,2.904637177463407e-06,0.0010231905069777178,4.445488899174906e-05,5.44729014411652,2.617370701307376,-3.3696602760689955e-07,4.093515573541971e-07
2024-02-29,0.00022220462794316588,3.5064430861921204e-06,0.0010231905069777178,4.73116402190896e-05,5.4527577628109265,2.953274866372213,6.018059087287136e-07,4.23730633569378e-07
2024-03-01,0.00022220462794316588,1.8900363699599958e-06,0.0010231905069777178,2.5358247856442842e-05,5.455231323754534,3.1035878492822224,-1.6164067162321246e-06,4.832992004136436e-07
2024-03-04,0.00022220462794316588,1.67277320685775e-06,0.0010231905069777178,2.3735916063533845e-05,5.451134329439757,3.0180085197064677,-2.172631631022459e-07,5.616600334975346e-07
2024-03-05,0.00024220258059903102,1.8642260243057374e-06,0.0010808540237532064,2.4838212369665878e-05,5.442377331700184,3.185943396766362,1.914528174479875e-07,5.995589093506522e-07
2024-03-06,0.00024464038555715523,1.890794818608198e-06,0.0010869536973669878,2.4969829620658976e-05,5.4416512395023515,3.2876290422339816,2.6568794302460614e-08,6.308973834807081e-07
2024-03-07,0.00024464038555715523,1.2915427107686595e-06,0.0010869536973669878,2.017281058060349e-05,5.439822509123465,2.839471948928862,-5.992521078395385e-07,7.158024941596068e-07
2024-03-08,0.00024464038555715523,2.047089388879874e-06,0.0010869536973669878,2.846318134970209e-05,5.441785432864015,3.1141736734280014,7.555466781112145e-07,7.228460767747442e-07
2024-03-11,0.00024464038555715523,3.4273607849106265e-06,0.0010869536973669878,4.2736662129129444e-05,5.431145637962789,3.3099695509528684,1.3802713960307525e-06,7.308593445962814e-07
2024-03-12,0.00024464038555715523,3.739712568198642e-06,0.0010869536973669878,4.461830482773931e-05,5.448190145467315,3.2301773020777467,3.1235178328801563e-07,7.468003437447021e-07
2024-03-13,0.00024939086667522637,3.659483679215974e-06,0.0010993554675800433,4.444615845332484e-05,5.433885777258782,3.0955306265157225,-8.022888898266819e-08,7.573268883731306e-07
2024-03-14,0.00024464038555715523,3.659483679215974e-06,0.0010869536973669878,4.444615845332484e-05,5.440934067674905,3.0955306265157225,0.0,7.675621575845452e-07
2024-03-15,0.00027368181133095556,3.468030861767987e-06,0.0011864762269973726,4.383968429303021e-05,5.428454391429247,2.9481103413571335,-1.9145281744798687e-07,7.736021357245458e-07
2024-03-18,0.00027368181133095556,5.161285445641958e-06,0.0011864762269973726,6.587294891680738e-05,5.433619563972359,2.834844555623211,1.6932545838739712e-06,9.244267103763282e-07
2024-03-19,0.00027368181133095556,5.011624094770939e-06,0.0011864762269973726,6.547405518053575e-05,5.43200342045473,2.754417186887585,-1.4966135087101944e-07,1.0323039985909596e-06
2024-03-20,0.00025992698428070344,4.858735238774765e-06,0.0011579989571196925,6.510431542891144e-05,5.435909928420667,2.700131731098394,-1.5288885599617403e-07,1.1108225775432144e-06
2024-03-21,0.00025992698428070344,4.310143276428984e-06,0.0011579989571196925,6.255934222328165e-05,5.4373418830874325,2.4922785650810795,-5.485919623457804e-07,1.1424978198305456e-06
2024-03-22,0.00025992698428070344,4.357174217887101e-06,0.0011579989571196925,6.277721620824137e-05,5.436985155903625,2.4630913363024294,4.7030941458116966e-08,1.1686504138448494e-06
2024-03-25,0.00025992698428070344,4.36250187380407e-06,0.0011579989571196925,6.290831040835165e-05,5.435900087211166,2.3926432289761745,5.327655916968883e-09,1.1936410132459097e-06
2024-03-26,0.00025992698428070344,4.1589849360273176e-06,0.0011579989571196925,6.199249587903265e-05,5.428987077939745,2.368257903349921,-2.0351693777675268e-07,1.2081603733603239e-06
2024-03-27,0.00026026845792709275,7.230285084373195e-06,0.001158656933947925,8.731596616704185e-05,5.443826535208623,2.343991687381606,3.0713001483458773e-06,1.4788219519865611e-06
2024-03-28,0.00025992698428070344,7.242924027972799e-06,0.0011579989571196925,8.809794329162853e-05,5.447883346114873,2.378318999672668,1.2638943599604475e-08,1.69017244317036e-06
2024-04-01,0.00026026845792709275,6.969715425269389e-06,0.001158656933947925,8.299243610335543e-05,5.4446215265603275,2.663619903771018,-2.732086027034099e-07,1.7731832911342063e-06
2024-04-02,0.0002882528828468377,6.625976897303679e-06,0.001260515061666193,8.203608875993708e-05,5.432167406852899,2.5963189068266326,-3.437385279657102e-07,1.7741168325925637e-06
2024-04-03,0.0002882528828468377,3.4852149748096165e-06,0.001260515061666193,5.4372752737805905e-05,5.429547661516484,2.7242361478927553,-3.1407619224940627e-06,1.6937855313852292e-06
2024-04-04,0.00028501515412854804,6.450166682832404e-06,0.0012533019812683115,9.37807306715777e-05,5.431078599561913,2.365548924720544,2.964951708022788e-06,1.65198470221679e-06
2024-04-05,0.0002855364253766364,1.529766743051145e-06,0.001254181225542794,3.0682928590300446e-05,5.430879231114919,2.5011780751131942,-4.920399939781259e-06,1.6277384471055904e-06
2024-04-08,0.0002855364253766364,1.5530946369621104e-06,0.001254181225542794,3.072431686660409e-05,5.422724407893121,2.67463879722692,2.3327893910965424e-08,1.6714809771117365e-06
2024-04-09,0.0002855364253766364,3.49167366117996e-07,0.001254181225542794,8.217615753232295e-06,5.4343069291546895,3.2000760985345877,-1.2039272708441146e-06,1.9067274574434589e-06
2024-04-10,0.0002757788730198326,1.8283908812777146e-06,0.0012204425924786282,3.0373358992981625e-05,5.439132840686406,3.0043095046191084,1.4792235151597187e-06,1.9882045077176993e-06
2024-04-11,0.0002757788730198326,1.8283908812777146e-06,0.0012204425924786282,3.0373358992981625e-05,5.440492358240134,3.0043095046191084,0.0,2.0607480087694503e-06
2024-04-12,0.0002441756263696067,1.8283908812777146e-06,0.0011472423851829046,3.0373358992981625e-05,5.452897092312165,2.9663457643459554,0.0,2.126678325531935e-06
2024-04-15,0.00026034676723815273,1.4274650141928294e-06,0.0011977248057530084,2.6024920495506688e-05,5.446107068619094,3.032380392507536,-4.0092586708488516e-07,2.207544281884708e-06
2024-04-16,0.00026034676723815273,1.4274650141928294e-06,0.0011977248057530084,2.6024920495506688e-05,5.440807971805217,3.032380392507536,0.0,2.2638656761641186e-06
2024-04-17,0.0002633196876125938,3.2495177797747927e-06,0.001203437005247612,4.562540083897684e-05,5.4403844171413,3.013038652893711,1.8220527655819633e-06,2.2501889130317176e-06
2024-04-18,0.0002633196876125938,3.841045411455092e-06,0.001203437005247612,4.914893931903842e-05,5.431871712447996,2.909590956847041,5.915276316802993e-07,2.235342205099311e-06
2024-04-19,0.00028663328279456685,4.56695247392024e-06,0.0012557620326952886,5.318875857606122e-05,5.419691769499302,2.973980567584345,7.259070624651478e-07,2.2397478993111903e-06
2024-04-22,0.0002828568015445468,3.663765649085484e-06,0.0012475430222746396,4.744395131742459e-05,5.420543571045304,2.7893652428857467,-9.031868248347558e-07,2.2346554184175866e-06
2024-04-23,0.0002739161832360458,3.07203585560465e-06,0.001212282420064565,4.413693531640408e-05,5.4241479844044065,2.5662908755129457,-5.917297934808341e-07,2.2325703131730935e-06
2024-04-24,0.0002662694296822914,3.820079156861715e-06,0.0011945798989747634,5.33145763664074e-05,5.425154231973609,2.3009906000513634,7.480433012570649e-07,2.2295196801377553e-06
2024-04-25,0.00020289580905873006,3.8892548740575345e-06,0.000982968586120977,5.337119786409311e-05,5.455868556667756,2.6089964889638084,6.917571719581963e-08,2.062032368593331e-06
2024-04-26,0.0001797189016681121,3.8892548740575345e-06,0.0008740829630895637,5.337119786409311e-05,5.469074809479502,2.621319127127949,0.0,1.8625689991948246e-06
2024-04-29,0.0001797189016681121,3.8892548740575345e-06,0.0008740829630895637,5.337119786409311e-05,5.463951981792709,2.621319127127949,0.0,1.6559766123492717e-06
2024-04-30,0.0001797189016681121,4.906764937253635e-06,0.0008740829630895637,6.21208517299902e-05,5.462530551118222,2.667195671400389,1.0175100631961006e-06,1.5012962344089897e-06
2024-05-01,0.0001838193127428121,3.777142932125935e-06,0.000885648605856997,5.104692957779907e-05,5.453146246248765,2.654377650206947,-1.1296220051277002e-06,1.5074151892998057e-06
2024-05-02,0.0001838193127428121,3.89322731958035e-06,0.000885648605856997,5.122959235142301e-05,5.447860229252358,2.9423454592555824,1.160843874544148e-07,1.2966017002435972e-06
2024-05-03,0.0001418699194858551,3.904201865638071e-06,0.0007141166792157263,5.123508200399829e-05,5.472515542366506,3.0276008227601543,1.0974546057721244e-08,1.2718948770093322e-06
2024-05-06,0.0001418699194858551,4.1468536983244894e-06,0.0007141166792157263,5.229048279836259e-05,5.4745156437961855,3.0507494562878237,2.4265183268641855e-07,1.2453088213909357e-06
2024-05-07,0.0001418699194858551,3.763950830915091e-06,0.0007141166792157263,5.1031273317615366e-05,5.470921562531981,2.610923329878872,-3.8290286740939865e-07,1.0599527547277025e-06
2024-05-08,0.0001418699194858551,3.763950830915091e-06,0.0007141166792157263,5.1031273317615366e-05,5.468603546495728,2.610923329878872,0.0,1.002367358526643e-06
2024-05-09,0.0001418699194858551,3.94962780492183e-06,0.0007141166792157263,5.122298204456093e-05,5.468419194310827,2.8459389285158996,1.856769740067393e-07,9.341692281427633e-07
2024-05-10,0.00013826012020719003,4.0003477937116e-06,0.0007014668616332629,5.180473941476579e-05,5.470426167293722,2.842370466732294,5.071998878976958e-08,8.477650746186791e-07
2024-05-13,0.00013826012020719003,4.187295864758355e-06,0.0007014668616332629,5.2280283077588945e-05,5.468003988000824,3.0967699310648245,1.8694807104675564e-07,6.754008567546671e-07
2024-05-14,0.00013826012020719003,4.274806144201284e-06,0.0007014668616332629,5.294848610552519e-05,5.4791431971563025,3.068697058897543,8.751027944292891e-08,3.954769364811681e-07
2024-05-15,0.00013826012020719003,4.333686624192877e-06,0.0007014668616332629,5.311059836539257e-05,5.4786267700225775,3.0273977936380425,5.8880479991593095e-08,3.719867668496249e-07
2024-05-16,0.00013826012020719003,4.502516412306507e-06,0.0007014668616332629,5.754995359840884e-05,5.477796591905005,2.6957111896654866,1.688297881136295e-07,3.8833962096867317e-07
2024-05-17,0.00013826012020719003,4.8101667617402426e-06,0.0007014668616332629,5.854736530845979e-05,5.473230388894601,2.894565531429197,3.0765034943373574e-07,4.0991533200832026e-07
2024-05-20,0.00015994629504833963,4.27985682423956e-06,0.0008026350305711841,5.687219605411351e-05,5.459588878302444,2.489212697372554,-5.303099375006826e-07,4.047008445391173e-07
2024-05-21,0.0001628625616434712,4.6752242056827155e-06,0.0008114775812041796,6.028522378065956e-05,5.4600708870955605,2.6225844963766733,3.9536738144315557e-07,3.5608632774326254e-07
2024-05-22,0.0001628625616434712,2.3121042890394205e-06,0.0008114775812041796,3.6204177792708e-05,5.459329003144533,2.5072313672313595,-2.363119916643295e-06,5.38653876848766e-07
2024-05-23,0.0001628625616434712,2.007749713241033e-06,0.0008114775812041796,3.207175522056578e-05,5.464194273055419,2.5400052532199844,-3.043545757983875e-07,7.074372842725783e-07
2024-05-24,0.00016385097977953918,1.23015042618981e-06,0.0008169129456417022,1.9942106952977924e-05,5.466110426443355,2.8266249023074637,-7.775992870512231e-07,9.352875304423666e-07
2024-05-28,0.00017719759115871923,1.23015042618981e-06,0.0008808778405221627,1.9942106952977924e-05,5.4585397841044525,2.8266249023074637,0.0,1.1008374490639297e-06
2024-05-29,0.00016458070151416322,1.2413520747463236e-06,0.0008442398111471535,1.995679448548587e-05,5.469133447628226,2.958905260195305,1.1201648556513607e-08,1.190389473024843e-06
2024-05-30,0.00018977243726615126,1.2413520747463236e-06,0.0009232938307899787,1.995679448548587e-05,5.454940281761376,2.958905260195305,0.0,1.2916491662282687e-06
2024-05-31,0.00020070910546631993,1.2413520747463236e-06,0.0009521381758880802,1.995679448548587e-05,5.452151038790572,2.958905260195305,0.0,1.3706891042877455e-06
2024-06-03,0.00020070910546631993,1.847748327056149e-06,0.0009521381758880802,2.7711981517418603e-05,5.454724889879905,3.1283499296707054,6.063962523098254e-07,1.396306191773363e-06
2024-06-04,0.00020070910546631993,1.8365466784996358e-06,0.0009521381758880802,2.770140615943244e-05,5.460272147552398,3.017907346646601,-1.1201648556513183e-08,1.4052085903090647e-06
2024-06-05,0.0002140095357263315,2.6466567707342913e-06,0.00100052755332727,3.7005889026502e-05,5.453043420440774,2.9787619019595124,8.101100922346555e-07,1.3969512115977898e-06
2024-06-06,0.0002140095357263315,2.565540292915536e-06,0.00100052755332727,3.674862183636564e-05,5.454755866594409,2.9518093349305863,-8.111647781875508e-08,1.387251820610137e-06
2024-06-07,0.00020307286752616283,2.552105975377243e-06,0.0009731185831944667,3.673715156104361e-05,5.459883186630238,2.8553340545262964,-1.3434317538293274e-08,1.367757149695697e-06
2024-06-10,0.00020307286752616283,2.6588585383849276e-06,0.0009731185831944667,3.7044172832437245e-05,5.461988162879154,3.027057307205493,1.0675256300768466e-07,1.341050839466865e-06
2024-06-11,0.00020307286752616283,2.6149921758655915e-06,0.0009731185831944667,3.696988233567085e-05,5.461836964847734,2.885908657059584,-4.386636251933609e-08,1.299896669173102e-06
2024-06-12,0.00021741835107079834,5.585037111621532e-06,0.0010097085901053758,6.162791673881683e-05,5.455271233784483,3.1282629022847117,2.9700449357559405e-06,1.4114009588287892e-06
2024-06-13,0.00021741835107079834,5.585037111621532e-06,0.0010097085901053758,6.162791673881683e-05,5.466893864081215,3.1282629022847117,0.0,1.5087181662154336e-06
2024-06-14,0.0002190440511698436,4.3730784216222305e-06,0.0010144496432787009,5.159357276821713e-05,5.467645662753146,3.1662640597116005,-1.2119586899993015e-06,1.501440652122108e-06
2024-06-17,0.0002190440511698436,4.340154468045283e-06,0.0010144496432787009,5.154478233291517e-05,5.462723722080908,3.0604099045897124,-3.292395357694728e-08,1.4721549706280523e-06
2024-06-18,0.0002190440511698436,4.233401905037598e-06,0.0010144496432787009,5.1324576469048554e-05,5.452317589035844,2.9093455669291584,-1.067525630076855e-07,1.4697372477555659e-06
2024-06-20,0.00020765700166586805,4.233401905037598e-06,0.0009672058718510722,5.1324576469048554e-05,5.470163156232651,2.9093455669291584,0.0,1.4431628333336477e-06
2024-06-21,0.0001961682289755603,2.8425729886296648e-06,0.0009371208949271692,3.815820964374527e-05,5.46737274362757,2.8913543891831726,-1.390828916407933e-06,1.4390020605621537e-06
2024-06-24,0.000167898141583798,2.2017782808256333e-06,0.0008265395566329482,3.0564084765172346e-05,5.4820855282658645,2.9428553059908262,-6.407947078040315e-07,1.433987030661888e-06
2024-06-25,0.00018442904491240532,2.2017782808256333e-06,0.000877529295159214,3.0564084765172346e-05,5.473749667608844,2.884793876717436,0.0,1.3933493109423508e-06
2024-06-26,0.00022256374555156463,1.6864403630349779e-06,0.001048058164421646,2.456962563001428e-05,5.4457752957915195,2.851362973913374,-5.153379177906555e-07,1.368712805617098e-06
2024-06-27,0.00022256374555156463,1.6659922424542685e-06,0.001048058164421646,2.4144516726958088e-05,5.451171085422328,2.9000588590843033,-2.0448120580709388e-08,1.3449372171021954e-06
2024-06-28,0.00018147377389865794,1.6659922424542685e-06,0.0009233760093543792,2.4144516726958088e-05,5.475468691953584,2.9000588590843033,0.0,1.3203743570793872e-06
2024-07-01,0.00018147377389865794,1.5419082352599969e-06,0.0009233760093543792,2.3574799700024186e-05,5.476173690198193,2.614525911645817,-1.2408400719427157e-07,1.3017352358011932e-06
2024-07-02,0.00016442451651026035,1.8721804663992322e-06,0.0008764483617923545,2.611936868430629e-05,5.487009570285745,2.830242691345432,3.302722311392353e-07,1.300663389092751e-06
2024-07-03,0.00016442451651026035,2.199303914842886e-06,0.0008764483617923545,2.8634241049054934e-05,5.493388608962467,3.0113035268258477,3.27123448443654e-07,1.2868457707205096e-06
2024-07-05,0.00016442451651026035,2.1788785607035326e-06,0.0008764483617923545,2.846098460693607e-05,5.495546259929071,3.0112450813354226,-2.0425354139353556e-08,1.2971140406453408e-06
2024-07-08,0.00016442451651026035,2.2452370376907064e-06,0.0008764483617923545,2.848036551118983e-05,5.495628358475431,3.2547506476210897,6.635847698717375e-08,1.303939122550411e-06
2024-07-09,0.0001765464153774816,2.3088010394074735e-06,0.0009089691332498915,2.9485266244081357e-05,5.488385619343086,3.1843548005376414,6.35640017167672e-08,1.3087166616569764e-06
2024-07-10,0.0001765464153774816,2.268290604212895e-06,0.0009089691332498915,2.9400264793764294e-05,5.485407656009812,3.0560238659609635,-4.051043519457842e-08,1.3155846933660171e-06
2024-07-11,0.0003619007897425106,4.612181602495462e-06,0.0016403318252924462,6.179482724870682e-05,5.3848949434251985,2.753347931765742,2.343890998282567e-06,1.3681816876701486e-06
2024-07-12,0.0002918375547931958,4.612181602495462e-06,0.0014832478365883783,6.179482724870682e-05,5.412666397833356,2.753347931765742,0.0,1.2859660878066224e-06
2024-07-15,0.0002918375547931958,5.862172187554214e-06,0.0014832478365883783,7.091407650026111e-05,5.418048306406533,2.7311023036840942,1.2499905850587518e-06,1.3170460303541633e-06
2024-07-16,0.00039109663471049706,5.862172187554214e-06,0.0017272046165546036,7.091407650026111e-05,5.369020439506359,2.784420211472362,0.0,1.4378459638468896e-06
2024-07-17,0.0005189277945124193,5.862172187554214e-06,0.0020287890738734256,7.091407650026111e-05,5.314227423702324,2.784420211472362,0.0,1.546884598984955e-06
2024-07-18,0.0005189277945124193,6.726712210972563e-06,0.0020287890738734256,7.459281186394876e-05,5.313676427992763,2.97903346574457,8.645400234183487e-07,1.7317878580248885e-06
2024-07-19,0.0005096464141583649,6.726712210972563e-06,0.002017404013572588,7.459281186394876e-05,5.335836063053982,2.97903346574457,0.0,1.8901342492081596e-06
2024-07-22,0.0005096464141583649,5.925808326300023e-06,0.002017404013572588,7.082991149919533e-05,5.3365494634144754,2.794793171452879,-8.009038846725394e-07,1.970002669782258e-06
2024-07-23,0.0005251431357200605,5.925808326300023e-06,0.002037526974117501,7.082991149919533e-05,5.333476916914133,2.794793171452879,0.0,2.015187399259986e-06
2024-07-24,0.0006570803623767322,5.925808326300023e-06,0.0023204717905835536,7.082991149919533e-05,5.30233824030024,2.794793171452879,0.0,2.041582330334949e-06
2024-07-25,0.0006140664783290079,6.180407933648409e-06,0.0021924778078906792,7.19366499238939e-05,5.321322961184599,2.705453433043617,2.545996073483855e-07,2.034309675025976e-06
2024-07-26,0.0006020839451990119,4.9496343830669104e-06,0.0021636585486474904,5.790941310187756e-05,5.335023605688616,2.7608461756137856,-1.2307735505814984e-06,1.9578837753127767e-06
2024-07-29,0.0006020839451990119,4.128239376428359e-06,0.0021636585486474904,4.9457444270980394e-05,5.329727376103798,2.9519930022785497,-8.213950066385512e-07,1.8603350305455773e-06
2024-07-30,0.0005833175168184966,3.607755879137338e-06,0.0021124345429868303,4.651023410342075e-05,5.3343930639836605,2.851500753678928,-5.204834972910211e-07,1.7474688176250147e-06
2024-07-31,0.0005851733934925294,3.6052683969667375e-06,0.0021150559371562313,4.648836560835786e-05,5.3416171200144715,2.8515822304823857,-2.4874821706005775e-09,1.6506396573792e-06
2024-08-01,0.0005937811754672333,6.333889440619531e-06,0.0020923922976628876,7.824954153340323e-05,5.3439761051408405,2.512072612000946,2.7286210436527937e-06,1.5939745433426568e-06
2024-08-02,0.0005937811754672333,6.3295339568669705e-06,0.0020923922976628876,7.824897541344893e-05,5.357094561188909,2.4458098112621247,-4.355483752560709e-09,1.5034202552561167e-06
2024-08-05,0.0005958394704681587,6.468872481846629e-06,0.00209708288789676,7.848408701816824e-05,5.3465954580518575,2.561831503277981,1.393385249796589e-07,1.3883462638968538e-06
2024-08-06,0.0005958394704681587,6.481378889719917e-06,0.00209708288789676,7.852293432991958e-05,5.341912333170748,2.564537979326427,1.2506407873287938e-08,1.234209189974845e-06
2024-08-07,0.0005934968444986481,4.235822199438214e-06,0.00209055707062607,5.443602493169145e-05,5.344967238334221,2.4407858835880494,-2.245556690281703e-06,1.0315701816047054e-06
2024-08-08,0.0006274350486016662,4.235822199438214e-06,0.0021745963615237324,5.443602493169145e-05,5.329955546910107,2.4407858835880494,0.0,1.0521929399098076e-06
2024-08-09,0.0006274350486016662,4.366135270279998e-06,0.0021745963615237324,5.466347729432936e-05,5.324265483145853,2.745476232991086,1.3031307084178349e-07,1.0644778862510807e-06
2024-08-12,0.0006274350486016662,4.366135270279998e-06,0.0021745963615237324,5.466347729432936e-05,5.311546412674391,2.745476232991086,0.0,1.08900839469773e-06
2024-08-13,0.0005934968444986481,4.366135270279998e-06,0.00209055707062607,5.466347729432936e-05,5.332215364189927,2.745476232991086,0.0,1.1076939036532824e-06
2024-08-14,0.0005934968444986481,4.925094533707416e-06,0.00209055707062607,5.7989879789388216e-05,5.341255584993469,2.8910023388458717,5.589592634274181e-07,1.104141463212836e-06
2024-08-15,0.0005934968444986481,4.925094533707416e-06,0.00209055707062607,5.7989879789388216e-05,5.3475871564037964,2.8910023388458717,0.0,1.0531191517681145e-06
2024-08-16,0.0005934968444986481,4.910714039138657e-06,0.00209055707062607,5.784603623267775e-05,5.329278406443572,2.8917244884312177,-1.43804945687589e-08,9.91059560570915e-07
2024-08-19,0.0005934968444986481,4.205025828515141e-06,0.00209055707062607,5.4837702143068626e-05,5.325884142972042,2.5155145844297944,-7.056882106235154e-07,9.911720770206786e-07
2024-08-20,0.0005934968444986481,4.205025828515141e-06,0.00209055707062607,5.4837702143068626e-05,5.33005643120929,2.5155145844297944,0.0,9.833923037451558e-07
2024-08-21,0.0005934968444986481,6.563742110346084e-06,0.00209055707062607,8.311790893068061e-05,5.343835991052682,2.3928852065859894,2.3587162818309428e-06,1.0265321198473544e-06
2024-08-22,0.0005592746464743124,6.462226169556413e-06,0.0020033239261566214,8.299183584565616e-05,5.3660252461707305,2.1975603707410385,-1.0151594078967147e-07,1.045782649667426e-06
2024-08-23,0.0005204243382823626,6.462226169556413e-06,0.0019126219030518154,8.299183584565616e-05,5.3811139107742125,2.1975603707410385,0.0,1.096655665145404e-06
2024-08-26,0.0005204243382823626,5.556661410126447e-06,0.0019126219030518154,8.001088131888819e-05,5.386355013106497,1.5697972007792227,-9.055647594299658e-07,1.079209269902619e-06
2024-08-27,0.0005204243382823626,5.572940164247316e-06,0.0019126219030518154,8.00571520720781e-05,5.3762428000571,1.5950932166051208,1.6278754120869025e-08,1.021159388327442e-06
2024-08-28,0.0005204243382823626,3.2382733796007074e-06,0.0019126219030518154,4.8854687265894365e-05,5.378839153760481,2.043421076282395,-2.3346667846466085e-06,1.0546197751913093e-06
2024-08-29,0.0005204243382823626,3.303045796427424e-06,0.0019126219030518154,4.895708733268032e-05,5.392662469140252,2.3644768465815664,6.477241682671654e-08,1.1014234481915147e-06
2024-08-30,0.0005204243382823626,5.855882336654011e-06,0.0019126219030518154,7.454246791986126e-05,5.390972570195557,2.0763285410186354,2.5528365402265867e-06,1.0774990972377692e-06
2024-09-03,0.0004494886742840516,5.865469931273244e-06,0.0017456102162654893,7.454062512189728e-05,5.41998329221679,2.0868691224965197,9.587594619233153e-09,1.0431466674861982e-06
2024-09-04,0.0004494886742840516,4.84447376216205e-06,0.0017456102162654893,6.72734324460544e-05,5.424708537515247,2.1925469414137897,-1.0209961691111934e-06,9.837498690124494e-07
2024-09-05,0.0004494886742840516,4.84447376216205e-06,0.0017456102162654893,6.72734324460544e-05,5.419923517663068,2.1925469414137897,0.0,9.70691033788542e-07
2024-09-06,0.0004073718500147637,4.929976003999732e-06,0.0016263815890538557,6.716422891454698e-05,5.442469537405332,2.351774273534763,8.550224183768196e-08,9.559690839679198e-07
2024-09-09,0.0004073718500147637,2.657207233482084e-06,0.0016263815890538557,3.9796100215833356e-05,5.4514646277080825,2.5017770708995872,-2.272768770517648e-06,1.0825168992872477e-06
2024-09-10,0.0004073718500147637,3.241707772322248e-06,0.0016263815890538557,4.4747032297239295e-05,5.440514714143964,2.499332878948687,5.845005388401636e-07,1.139562365977033e-06
2024-09-11,0.0004073718500147637,4.0038396492948766e-06,0.0016263815890538557,5.057880195601014e-05,5.447018591480387,2.518324517977574,7.621318769726288e-07,1.1504325071428327e-06
2024-09-12,0.0004073718500147637,4.629647591823577e-06,0.0016263815890538557,5.619613413773247e-05,5.439593303424531,2.51689326641364,6.258079425287004e-07,1.1510256993028547e-06
2024-09-13,0.0004072134476733212,6.625484657215161e-06,0.0016259695891289731,7.596946498163026e-05,5.452139907112133,2.654034808510098,1.995837065391584e-06,1.22038195895482e-06
2024-09-16,0.0004072134476733212,6.797668948701914e-06,0.0016259695891289731,7.636878695926812e-05,5.4513522277836834,2.714165471767874,1.721842914867531e-07,1.2921719001285676e-06
2024-09-17,0.0004072134476733212,6.797668948701914e-06,0.0016259695891289731,7.636878695926812e-05,5.449926269331752,2.706270457494007,0.0,1.3381644348252031e-06
2024-09-18,0.0004072134476733212,7.424094039484681e-06,0.0016259695891289731,7.902835381591579e-05,5.456515077731247,2.8566989495554087,6.264250907827667e-07,1.413431684464369e-06
2024-09-19,0.0004072134476733212,7.424094039484681e-06,0.0016259695891289731,7.902835381591579e-05,5.4542356562005825,2.8566989495554087,0.0,1.4665306146938226e-06
2024-09-20,0.0002879520426521892,7.424094039484681e-06,0.0012156058184016522,7.902835381591579e-05,5.48069719316415,2.8566989495554087,0.0,1.5205022874478418e-06
2024-09-23,0.0002879520426521892,6.66005127829093e-06,0.0012156058184016522,7.598006404793604e-05,5.47420798567915,2.759593169678297,-7.640427611937505e-07,1.5285696340459192e-06
2024-09-24,0.0002899939704534666,6.312946640393475e-06,0.0012210238444339474,7.35678212783739e-05,5.460760639007549,2.7039448336308007,-3.4710463789745535e-07,1.5423366038251697e-06
2024-09-25,0.0002688814059563475,6.312946640393475e-06,0.0011582134927199525,7.35678212783739e-05,5.467875551758869,2.7337847531202053,0.0,1.5549564104142419e-06
2024-09-26,0.0002432015949033743,6.458128369693195e-06,0.0010758842107727181,7.392193949200191e-05,5.479389547363929,2.7880168847270075,1.4518172929972007e-07,1.477621773912104e-06
2024-09-27,0.0002432015949033743,5.800150822738118e-06,0.0010758842107727181,7.07341574870214e-05,5.473861092044201,2.8188108509102014,-6.57977546955077e-07,1.3733005816659211e-06
2024-09-30,0.0002432015949033743,5.800150822738118e-06,0.0010758842107727181,7.07341574870214e-05,5.46554379473181,2.7885075194591855,0.0,1.3731213472772166e-06
2024-10-01,0.00023315453803408328,4.6266317336602475e-06,0.0010356148457002121,5.756996134655608e-05,5.468169196033443,2.862889153354914,-1.1735190890778702e-06,1.3950592598253401e-06
2024-10-02,0.00023315453803408328,5.115839539720409e-06,0.0010356148457002121,5.991652201675574e-05,5.463547320742879,2.922938476836595,4.892078060601614e-07,1.387798113842177e-06
2024-10-03,0.00023315453803408328,3.7466413983552455e-06,0.0010356148457002121,5.022708363115514e-05,5.4587659146501615,2.753907114842796,-1.3691981413651634e-06,1.4437648918300991e-06
2024-10-04,0.00022929440348020127,3.7240350939390868e-06,0.0010236332785265778,5.020331852084373e-05,5.457615190465072,2.6426433125440307,-2.2606304416158724e-08,1.4990773800267587e-06
2024-10-07,0.00022929440348020127,5.472941795151975e-06,0.0010236332785265778,7.003744227276678e-05,5.458285388494544,2.747160170613818,1.7489067012128886e-06,1.3332692544409934e-06
2024-10-08,0.00022929440348020127,6.293388976593664e-06,0.0010236332785265778,7.35111522187616e-05,5.469829922941228,2.9465156303510813,8.204471814416885e-07,1.2029812326978974e-06
2024-10-09,0.00022929440348020127,6.384325387634085e-06,0.0010236332785265778,7.363405003258624e-05,5.469562034957726,3.077540980326319,9.093641104042157e-08,1.1234988872662167e-06
2024-10-10,0.00022929440348020127,5.709304863690863e-06,0.0010236332785265778,6.801259707070372e-05,5.463631235576435,3.2425531031813137,-6.750205239432223e-07,1.079701563920434e-06
2024-10-11,0.0002503380892083238,5.709304863690863e-06,0.0010939310636731857,6.801259707070372e-05,5.455075082012899,3.2425531031813137,0.0,1.0732165977137766e-06
2024-10-14,0.0002503380892083238,5.186607347075955e-06,0.0010939310636731857,6.51652275711577e-05,5.451124098118997,3.3005470632499034,-5.226975166149078e-07,1.0706303716645676e-06
2024-10-15,0.00022732492247539248,5.238449446078804e-06,0.0010234274299185443,6.52139973312353e-05,5.466932703435457,3.404154068345577,5.1842099002849006e-08,1.0600097303133712e-06
2024-10-16,0.0002170665513689793,5.238449446078804e-06,0.0009975111741561459,6.52139973312353e-05,5.478835239021517,3.404154068345577,0.0,9.991502258449857e-07
2024-10-17,0.0002170665513689793,4.943090029621807e-06,0.0009975111741561459,6.439209437306247e-05,5.474131711235215,3.2621889543100693,-2.9535941645699706e-07,9.29594520523197e-07
2024-10-18,0.0002170665513689793,4.943090029621807e-06,0.0009975111741561459,6.439209437306247e-05,5.4607194921704965,3.2621889543100693,0.0,8.352209466988328e-07
2024-10-21,0.0002170665513689793,4.786304794025858e-06,0.0009975111741561459,6.348037378871594e-05,5.474482133565371,3.2659176605891385,-1.5678523559594934e-07,8.00715524705434e-07
2024-10-22,0.0002170665513689793,4.516231635870086e-06,0.0009975111741561459,6.271222094808209e-05,5.471405618912916,3.113511156989853,-2.700731581557715e-07,7.924805573756307e-07
2024-10-23,0.0002170665513689793,1.6254534640084611e-06,0.0009975111741561459,2.2718008551523572e-05,5.470284857789826,3.4481855421508176,-2.8907781718616252e-06,1.1076980299179043e-06
2024-10-24,0.0002170665513689793,1.6254534640084611e-06,0.0009975111741561459,2.2718008551523572e-05,5.467202161135206,3.4913399795215865,0.0,1.2986590252228718e-06
2024-10-25,0.00024114690461252497,1.6774963722582074e-06,0.0010794786231151606,2.287817985768774e-05,5.454480176038103,3.6060884870548082,5.2042908249746283e-08,1.4535618747264529e-06
2024-10-28,0.00024114690461252497,1.9694546391516518e-06,0.0010794786231151606,2.8062890444507974e-05,5.451806440186705,3.429985721081835,2.9195826689344436e-07,1.5394603092747315e-06
2024-10-29,0.00024114690461252497,2.774191804379284e-06,0.0010794786231151606,3.617561248968397e-05,5.450641572394243,3.306093195064476,8.047371652276322e-07,1.5819338243623282e-06
2024-10-30,0.00023726118935594743,2.5072823586160753e-06,0.0010716567362980955,3.519128342039985e-05,5.45605892942073,2.970027804853898,-2.6690944576320866e-07,1.6211300120575578e-06
2024-10-31,0.00024054484866402255,2.3154570370238935e-06,0.0010781675439984013,3.436607240969971e-05,5.451064221943973,2.7761583874855584,-1.9182532159218176e-07,1.6731151861525959e-06
2024-11-01,0.00024054484866402255,2.3154570370238935e-06,0.0010781675439984013,3.436607240969971e-05,5.4391909485397125,2.721733304836954,0.0,1.7201775692971785e-06
2024-11-04,0.00022541129760752704,2.256963646659973e-06,0.0010474227906276837,3.4119060049688105e-05,5.446796502975724,2.6903717099910356,-5.8493390363920405e-08,1.731577044661646e-06
2024-11-05,0.0001923801321354941,2.233355099748204e-06,0.0009268634591814237,3.383510778308065e-05,5.4668685982567,2.735359986040449,-2.3608546911769085e-08,1.6733266597923535e-06
2024-11-06,0.0006456763127898527,2.233355099748204e-06,0.002765824891341201,3.383510778308065e-05,5.264973605990032,2.735359986040449,0.0,1.5772387181916088e-06
2024-11-07,0.0006505526167645212,2.691976052934206e-06,0.0027700947778499397,3.707715980759977e-05,5.263473627981645,2.8550098287206414,4.586209531860019e-07,1.496024661571338e-06
2024-11-08,0.0006505526167645212,3.430809299654965e-06,0.0027700947778499397,4.179538678326583e-05,5.270102158482119,3.1673363985168086,7.388332467207591e-07,1.3889773623792478e-06
2024-11-11,0.0006505526167645212,3.441080960990014e-06,0.0027700947778499397,4.396832621269533e-05,5.268693231944129,2.9730449544718756,1.0271661335049112e-08,1.3119673265799056e-06
2024-11-12,0.0006095109962537511,3.441080960990014e-06,0.002723392156010751,4.396832621269533e-05,5.2758168324816515,2.9730449544718756,0.0,1.2187776876867262e-06
2024-11-13,0.0006095109962537511,3.021990772541368e-06,0.002723392156010751,4.024303913185803e-05,5.2728291589259095,3.031690564209971,-4.1909018844864616e-07,1.1045664184027728e-06
2024-11-14,0.0006064318160184927,4.94303919474888e-06,0.002720562821340626,6.377196723367238e-05,5.283238691518829,3.0608305856286444,1.921048422207512e-06,1.1045615603883435e-06
2024-11-15,0.0005685868643642241,4.94303919474888e-06,0.0026778465741061734,6.377196723367238e-05,5.300660715586759,3.0608305856286444,0.0,1.104556702346391e-06
2024-11-18,0.0005685868643642241,4.94303919474888e-06,0.0026778465741061734,6.377196723367238e-05,5.284512389881756,3.02432214304099,0.0,1.1188281684200111e-06
2024-11-19,0.0005685868643642241,4.700161616626654e-06,0.0026778465741061734,6.244865249277862e-05,5.29601278685126,3.144189264813049,-2.4287757812222645e-07,1.1330854639321082e-06
2024-11-20,0.0005685868643642241,4.685558024610963e-06,0.0026778465741061734,6.265554426536276e-05,5.286316305140149,3.001569292596292,-1.4603592015690589e-08,1.1506454456502243e-06
2024-11-21,0.0005739865645646772,3.963815927482799e-06,0.0026826693773176207,5.7927506676740457e-05,5.283843853079303,3.0250632428694506,-7.217420971281636e-07,1.1102175088859217e-06
2024-11-22,0.0005739865645646772,3.963815927482799e-06,0.0026826693773176207,5.7927506676740457e-05,5.270423294080683,3.0250632428694506,0.0,1.059081018904915e-06
2024-11-25,0.0005739865645646772,3.8986141443954076e-06,0.0026826693773176207,5.764086200196051e-05,5.265655759588928,3.022145006595059,-6.520178308739181e-08,1.0147286241614882e-06
2024-11-26,0.0005739865645646772,3.6347390055369503e-06,0.0026826693773176207,5.677896536962351e-05,5.264686876240296,2.721888877489432,-2.6387513885845725e-07,1.0034062819332224e-06
2024-11-27,0.0005739865645646772,3.5983202332345853e-06,0.0026826693773176207,5.672994285978268e-05,5.26341436980115,2.571260222933337,-3.641877230236503e-08,9.771553771735712e-07
2024-11-29,0.0006996237761170369,3.5330325548493598e-06,0.003230023451195426,5.6627156177229235e-05,5.205166094502921,2.421126796735564,-6.528767838522552e-08,9.343112301295371e-07
2024-12-02,0.0006996237761170369,3.995346216205372e-06,0.003230023451195426,5.9442666913813566e-05,5.20109224602621,2.274108447994856,4.623136613560123e-07,8.877011189846391e-07
2024-12-03,0.0006996237761170369,4.2014749691259865e-06,0.003230023451195426,6.012636642549316e-05,5.203886357118234,2.3460661831533653,2.0612875292061441e-07,8.284167854839607e-07
2024-12-04,0.0006996237761170369,4.166122371591067e-06,0.003230023451195426,5.9971420040025276e-05,5.21295513231242,2.3391585461673463,-3.5352597534919524e-08,7.479514674871643e-07
2024-12-05,0.0006996237761170369,4.166122371591067e-06,0.003230023451195426,5.9971420040025276e-05,5.215093582350831,2.3391585461673463,0.0,6.425942954169211e-07
2024-12-06,0.0006996237761170369,4.302218640368844e-06,0.003230023451195426,6.031830789264358e-05,5.216929139618857,2.5429317804695355,1.3609626877777686e-07,5.711912838852589e-07
2024-12-09,0.000694440998089901,1.827513558221022e-06,0.0032265106340787523,2.857611548703813e-05,5.216839712192135,2.5333574943935377,-2.474705082147822e-06,7.477049046811384e-07
2024-12-10,0.000694440998089901,2.760862977757547e-06,0.0032265106340787523,4.0300185731348125e-05,5.213075395113214,2.2570277090447624,9.333494195365249e-07,7.873767216661993e-07
2024-12-11,0.0006979077058776035,3.752863706249112e-06,0.0032292592197235744,4.777529833638747e-05,5.212088284530457,2.5198173029322226,9.92000728491565e-07,7.801468073252738e-07
2024-12-12,0.0006979077058776035,3.752863706249112e-06,0.0032292592197235744,4.777529833638747e-05,5.199708277440835,2.5198173029322226,0.0,7.509566196346094e-07
2024-12-13,0.0006979077058776035,3.426797890366213e-06,0.0032292592197235744,4.5787465399519514e-05,5.190294383706824,2.4912943688681355,-3.260658158828988e-07,7.254225475200811e-07
2024-12-16,0.0007134546501815462,3.857953394371146e-06,0.003242858828954544,5.2621530271464654e-05,5.1743438344136194,2.203597372803569,4.311555040049333e-07,6.835264207836886e-07
2024-12-17,0.0007266075252939761,3.857953394371146e-06,0.003252513876339926,5.2621530271464654e-05,5.159324402853469,2.203597372803569,0.0,6.340204747058161e-07
2024-12-18,0.0010350600044620017,1.9112081641054717e-06,0.0038004686899817475,3.3719974312279375e-05,5.04922733300159,1.9134645833375066,-1.9467452302656747e-06,7.261600184653395e-07
2024-12-19,0.0010350600044620017,1.933567597044766e-06,0.0038004686899817475,3.3737656472010736e-05,5.033628271906879,2.1242796949456886,2.235943293929453e-08,7.808472692184645e-07
2024-12-20,0.001021538029610379,2.441187285124115e-06,0.003790114085839698,3.702906023623575e-05,5.060947213231108,2.264976370125795,5.076196880793486e-07,8.095382107109255e-07
2024-12-23,0.001021538029610379,1.975421402340376e-06,0.003790114085839698,3.409374040009767e-05,5.059281540013445,1.9284522148672272,-4.657658827837388e-07,8.633141652943815e-07
2024-12-24,0.0010147499408690145,1.975421402340376e-06,0.003785810798200216,3.409374040009767e-05,5.061317691289128,1.8688902557224105,0.0,9.050545877239244e-07
2024-12-26,0.0010185589383744369,2.7409527408775932e-06,0.0037886595663161,3.8777115780681895e-05,5.0606111383386025,2.4798051263204237,7.655313385372172e-07,9.073054295579171e-07
2024-12-27,0.0010052817059860912,3.1636303833204206e-06,0.003779905733639497,4.1155624994864925e-05,5.083132000763925,2.717525199930217,4.2267764244282734e-07,9.026795954328059e-07
2024-12-30,0.000995975812274359,2.761843270254163e-06,0.0037739980941461256,3.8803387723493734e-05,5.093283147147178,2.6118216548531117,-4.0178711306625773e-07,9.035967775452652e-07
2024-12-31,0.000995975812274359,3.426101649415066e-06,0.0037739980941461256,4.404008866499977e-05,5.099196941689457,2.636689985733371,6.642583791609033e-07,8.842791662820104e-07
2025-01-02,0.000995975812274359,2.9097760189969977e-06,0.0037739980941461256,4.075648777783379e-05,5.09892009731523,2.6731723410729784,-5.163256304180684e-07,8.475504557363321e-07
2025-01-03,0.0009930332592838148,2.919574140005279e-06,0.0037723452580314108,4.076198793931618e-05,5.105673723290696,2.7604193351124504,9.798121008281185e-09,8.064164066248008e-07
2025-01-06,0.0009958198673498124,2.5227841396904936e-06,0.003773900852821962,3.870404249505201e-05,5.096416362750088,2.624749234504178,-3.967900003147853e-07,7.631765275349474e-07
2025-01-07,0.0009969208980796823,2.7010298107412648e-06,0.0037745766803187835,3.933354281601439e-05,5.11966755495569,2.8344020051047503,1.7824567105077117e-07,6.900349745454977e-07
2025-01-08,0.0009969208980796823,2.7010298107412648e-06,0.0037745766803187835,3.933354281601439e-05,5.116783490839515,2.8344020051047503,0.0,6.496409251818111e-07
2025-01-10,0.0009897048651283556,2.7010298107412648e-06,0.0037277269412250113,3.933354281601439e-05,5.1378300298608,2.8344020051047503,0.0,6.50329864692374e-07
2025-01-13,0.0009897048651283556,3.193036630729777e-06,0.0037277269412250113,5.2761444083538495e-05,5.148659184676843,2.5705497156524926,4.920068199885124e-07,6.218279759691837e-07
2025-01-14,0.0009897048651283556,3.177394866241122e-06,0.0037277269412250113,5.275061441205795e-05,5.152451742773935,2.430041530894863,-1.5641764488655206e-08,5.900445038795606e-07
2025-01-15,0.0008450772485462341,3.177394866241122e-06,0.003192646045964857,5.275061441205795e-05,5.199424427273287,2.430041530894863,0.0,5.789629378343668e-07
2025-01-16,0.0008450772485462341,2.0972856222546668e-06,0.003192646045964857,3.298519570602599e-05,5.191662051373493,2.841852383600656,-1.0801092439864552e-06,5.427420899454037e-07
2025-01-17,0.0008450772485462341,2.065391638648151e-06,0.003192646045964857,3.292150228531895e-05,5.189703957142233,2.687081023508999,-3.189398360651577e-08,4.893377143011524e-07
2025-01-21,0.0008450772485462341,4.453711859172287e-06,0.003192646045964857,6.233284163953774e-05,5.194833608821957,2.4912428491660874,2.3883202205241357e-06,6.096722277316387e-07
2025-01-22,0.00041419414805148237,4.533421728556602e-06,0.0019724806185429313,6.24572583512222e-05,5.350391067747634,2.66631518430807,7.970986938431533e-08,6.969333978746266e-07
2025-01-23,0.00041419414805148237,3.7429056286753015e-06,0.0019724806185429313,5.2666686459446144e-05,5.351624327950895,2.5480850932291017,-7.905160998813005e-07,7.141819812144007e-07
2025-01-24,0.00041603636152237356,5.3530881122738675e-06,0.0019744645760976674,6.920918311895962e-05,5.342747604014588,2.7062399691426924,1.610182483598566e-06,8.573587625511514e-07
2025-01-27,0.00046403711321219026,5.3530881122738675e-06,0.0020526484814833283,6.920918311895962e-05,5.331664264086327,2.7062399691426924,0.0,9.486974014157984e-07
2025-01-28,0.00046403711321219026,6.98580229940235e-06,0.0020526484814833283,7.857246600974206e-05,5.331902875779141,2.8897297823911963,1.6327141871284826e-06,1.2481959260276493e-06
2025-01-29,0.00046403711321219026,6.791698946048273e-06,0.0020526484814833283,7.810109637655535e-05,5.31655555355567,2.8366542388576286,-1.9410335335407688e-07,1.44528046191718e-06
2025-01-30,0.0004637856232867629,6.797860798376985e-06,0.002052365091496976,7.750208062986839e-05,5.339241968823416,2.7886177324159602,6.1618523287116145e-09,1.585536781663742e-06
2025-01-31,0.0004659905088339619,6.629413248334496e-06,0.0020568133239596146,7.718740947679496e-05,5.329453501683777,2.6067809165919837,-1.6844755004248872e-07,1.6952520208074601e-06
2025-02-03,0.0004659905088339619,8.256449073836643e-06,0.0020568133239596146,9.288539337904028e-05,5.334231498641671,2.697513191777167,1.627035825502147e-06,1.9149248691068426e-06
2025-02-04,0.0004659905088339619,8.345113935802793e-06,0.0020568133239596146,9.296129947812842e-05,5.347349344592286,2.907337816220714,8.86648619661495e-08,2.084707879977801e-06
2025-02-05,0.0004659905088339619,5.6716417533157334e-06,0.0020568133239596146,6.496132115168285e-05,5.338330980297592,3.0229064706696547,-2.673472182487059e-06,2.0396664550271945e-06
2025-02-06,0.0004659905088339619,5.0873147484349625e-06,0.0020568133239596146,5.9540033531789246e-05,5.344042578348733,3.0387973536524244,-5.843270048807709e-07,1.9833555793425357e-06
2025-02-07,0.0004659905088339619,5.18991953323195e-06,0.0020568133239596146,5.978702479090438e-05,5.345484939554468,3.082276639915149,1.0260478479698777e-07,1.918053288137629e-06
2025-02-10,0.00047065434137081636,4.4317721828242916e-06,0.0020623165699189786,5.524263094440933e-05,5.331110131898389,2.960871293729662,-7.581473504076588e-07,1.847561724756027e-06
2025-02-11,0.00047065434137081636,4.533621083539031e-06,0.0020623165699189786,5.700033695178158e-05,5.324193314743905,2.787160572183634,1.0184890071473949e-07,1.7997067312821162e-06
2025-02-12,0.00047065434137081636,4.8754461028435556e-06,0.0020623165699189786,5.823150419504841e-05,5.332158882652809,2.983784546911777,3.418250193045245e-07,1.7416762827334646e-06
2025-02-13,0.00047065434137081636,4.861862652175061e-06,0.0020623165699189786,5.82249672719854e-05,5.334134566067983,2.888574799389199,-1.3583450668494563e-08,1.6773114964685458e-06
2025-02-14,0.00047065434137081636,5.553261665976101e-06,0.0020623165699189786,5.875489983772364e-05,5.336612237414921,3.248413890638371,6.913990138010403e-07,1.4981399653144137e-06
2025-02-18,0.00047065434137081636,3.4198076416483143e-06,0.0020623165699189786,4.235666606940958e-05,5.345414315585537,3.1710608493050594,-2.133454024327787e-06,1.3601272471320645e-06
2025-02-19,0.00047065434137081636,4.483032685516824e-06,0.0020623165699189786,5.4335941224962974e-05,5.340100167950293,3.1360223480448015,1.0632250438685096e-06,1.3589061854004373e-06
2025-02-20,0.00047065434137081636,4.445727520858494e-06,0.0020623165699189786,5.430580070355345e-05,5.343484992362889,3.0255622911373394,-3.730516465833025e-08,1.3624781748802992e-06
2025-02-21,0.000338432519997339,4.355345215394297e-06,0.0014954949814029836,5.494460066192229e-05,5.401649319910794,2.840441896506046,-9.03823054641966e-08,1.3263553700490727e-06
2025-02-24,0.000338432519997339,4.869847672903397e-06,0.0014954949814029836,5.827598605569344e-05,5.404249058197254,2.850666276406012,5.145024575090997e-07,1.334909162216403e-06
2025-02-25,0.000338432519997339,7.342658192913284e-06,0.0014954949814029836,8.272159379149965e-05,5.413203749053248,2.8412351210648352,2.472810520009887e-06,1.3925918016380314e-06
2025-02-26,0.000338432519997339,5.917827443649293e-06,0.0014954949814029836,7.266531055316719e-05,5.404988308491457,2.9574008057114147,-1.4248307492639905e-06,1.3585892329202421e-06
2025-02-27,0.0003287548279618239,4.1528283932043995e-06,0.0014609340017831185,4.908538833792802e-05,5.41218503605155,3.096122221029856,-1.7649990504448937e-06,1.364174376352035e-06
2025-02-28,0.0003276244622703357,3.845107187396222e-06,0.0014583767095858345,4.685334522597472e-05,5.420227166156023,3.1005523571362383,-3.077212058081772e-07,1.3716425009665842e-06
2025-03-03,0.0003185773657784909,4.18599017952229e-06,0.0014183590058595213,4.924437207338991e-05,5.422383806925137,3.0055572498487533,3.4088299212606785e-07,1.3569956283662396e-06
2025-03-04,0.0003185773657784909,4.109416462402602e-06,0.0014183590058595213,5.1741868337876414e-05,5.425897477573456,2.789034893668198,-7.657371711968797e-08,1.1675920731106763e-06
2025-03-05,0.00018464993096047017,4.109416462402602e-06,0.0008714919047796675,5.1741868337876414e-05,5.4790660768981105,2.789034893668198,0.0,8.727411603998475e-07
2025-03-06,0.00018254710951394346,4.285334322256315e-06,0.0008633580730355807,5.313265149745896e-05,5.485245075352146,2.855015876314925,1.7591785985371261e-07,8.523502200332227e-07
2025-03-07,0.00018748853342369807,6.34225568732108e-06,0.0008779561572153887,7.51519675080983e-05,5.481276761972637,2.82286813079115,2.056921365064765e-06,9.25225282242118e-07
2025-03-10,0.00023970623286462397,5.605570743203485e-06,0.0010762307157040582,6.669699868035895e-05,5.457978287993963,2.8608088500865767,-7.36684944117595e-07,9.39813065734561e-07
2025-03-11,0.00023970623286462397,5.507118460909932e-06,0.0010762307157040582,6.635954380584899e-05,5.470584914849945,2.8470852164635305,-9.845228229355314e-08,9.491763810914705e-07
2025-03-12,0.00023970623286462397,5.507118460909932e-06,0.0010762307157040582,6.635954380584899e-05,5.464226385899591,2.8470852164635305,0.0,9.57558043392661e-07
2025-03-13,0.00021562416357717403,5.294058580320323e-06,0.0010099640938531999,6.571276156303248e-05,5.4782555865973475,2.7556296099662165,-2.1305988058960848e-07,9.618175797599994e-07
2025-03-14,0.00021562416357717403,4.546147121853225e-06,0.0010099640938531999,5.897565620334602e-05,5.479635325745553,2.790547090433073,-7.479114584670979e-07,9.652284557568774e-07
2025-03-17,0.00020912458594739023,4.726583219072878e-06,0.0009933170115211025,5.941059940170439e-05,5.48510825553601,2.9390603367059294,1.8043609721965255e-07,9.531308509505063e-07
2025-03-18,0.00021379807307832065,3.9119727099113295e-06,0.0010051501466167858,5.5159566846756205e-05,5.481342832254238,2.7940738042673026,-8.146105091615484e-07,9.199692265908723e-07
2025-03-19,0.00021379807307832065,6.837467715466538e-06,0.0010051501466167858,8.104444089134167e-05,5.478989620444828,2.709465943516969,2.9254950055552087e-06,1.0128331567345038e-06
2025-03-20,0.00021379807307832065,5.781274435370293e-06,0.0010051501466167858,7.31079260580338e-05,5.480813065263697,2.7742615172772798,-1.0561932800962453e-06,1.0187305552413272e-06
2025-03-21,0.00021379807307832065,5.864094446854138e-06,0.0010051501466167858,7.326793205168055e-05,5.484340139779633,2.8898415569924945,8.282001148384484e-08,1.0195357630999914e-06
2025-03-24,0.00021379807307832065,5.8937145515569995e-06,0.0010051501466167858,7.329506841563307e-05,5.498138080288501,2.935342916048779,2.9620104702861775e-08,1.0310502534339428e-06
2025-03-25,0.00023210392108445984,5.9030844216164735e-06,0.001056117383480437,7.332579963781135e-05,5.476065606337169,2.8857318508450174,9.369870059474037e-09,9.166374557566252e-07
2025-03-26,0.00023210392108445984,6.438529200108233e-06,0.001056117383480437,7.529615143140999e-05,5.473981021678565,2.902421337618767,5.354447784917598e-07,9.474766415771731e-07
2025-03-27,0.00023210392108445984,6.4469848158080634e-06,0.001056117383480437,7.480886087571855e-05,5.457701358727371,2.972646052379111,8.455615699830095e-09,9.601608982837513e-07
2025-03-28,0.00022614812442412898,6.4469848158080634e-06,0.001039949362170228,7.480886087571855e-05,5.460770988959388,2.9530491009482502,0.0,9.347130668256351e-07
2025-03-31,0.00022614812442412898,6.088560818106657e-06,0.001039949362170228,7.354368084056077e-05,5.460046155001022,2.8740913259168965,-3.5842399770140633e-07,9.022854920422168e-07
2025-04-01,0.00022852579540994734,2.3298797866809942e-06,0.001045335393947137,3.1877767553708275e-05,5.452979373579976,2.7966297101523607,-3.758681031425663e-06,1.1088831249024984e-06
2025-04-02,0.00022852579540994734,1.9402755170383413e-06,0.001045335393947137,2.840487861195986e-05,5.45363533809745,2.7890737943632504,-3.8960426964265297e-07,1.3259080132873488e-06
2025-04-03,0.000941106971268571,1.9402755170383413e-06,0.003795441193436557,2.840487861195986e-05,5.216731292349529,2.7890737943632504,0.0,1.5098761413397317e-06
2025-04-04,0.0011516280893809614,1.761939453617994e-06,0.004094392164894331,2.733178150715972e-05,5.1692385109909464,2.480679974638915,-1.783360634203472e-07,1.6620297321874069e-06
2025-04-07,0.0011516280893809614,1.7768834993422206e-06,0.004094392164894331,2.7350855113805195e-05,5.186159785945357,2.5918018443860045,1.4944045724226573e-08,1.7962392425564182e-06
2025-04-08,0.0011390608696262591,1.8660220153708945e-06,0.004085305188025115,2.7666600998518834e-05,5.185945057371864,2.791934140244668,8.913851602867384e-08,1.8968600238419206e-06
2025-04-09,0.0060372560294597545,1.8660220153708945e-06,0.015719411594703886,2.7666600998518834e-05,4.590472540119861,2.791934140244668,0.0,1.9748173913690377e-06
2025-04-10,0.005663635411022162,1.851077969646668e-06,0.015429348519015281,2.7647745219275975e-05,4.668994866454602,2.6923255559777486,-1.4944045724226573e-08,2.0402054377886267e-06
2025-04-11,0.005663635411022162,1.636495326853599e-06,0.015429348519015281,2.5327890819906173e-05,4.676695434618331,2.6953999987491524,-2.1458264279306886e-07,2.1173236048371626e-06
2025-04-14,0.005663635411022162,1.2615895574569008e-06,0.015429348519015281,2.3051509803503544e-05,4.676567445959536,2.221118412489817,-3.749057693966982e-07,2.200502918102317e-06
2025-04-15,0.005663635411022162,3.2631060582004905e-06,0.015429348519015281,4.720250589905062e-05,4.668253191536295,2.359410090431812,2.0015165007435894e-06,2.204974150068952e-06
2025-04-16,0.005663635411022162,3.2631060582004905e-06,0.015429348519015281,4.720250589905062e-05,4.685271209771503,2.359410090431812,0.0,2.0929257206890368e-06
2025-04-17,0.005663635411022162,3.2631060582004905e-06,0.015429348519015281,4.720250589905062e-05,4.710148951728136,2.359410090431812,0.0,2.034864825549111e-06
2025-04-21,0.005661437425727817,3.2631060582004905e-06,0.015428773879017537,4.720250589905062e-05,4.732672729185007,2.359410090431812,0.0,1.9613140151128225e-06
2025-04-22,0.005169682906975497,1.4443640217543431e-06,0.01429718870462224,2.5983555580671653e-05,4.783822896986047,2.1922922130443534,-1.8187420364461474e-06,1.9184308665049672e-06
2025-04-23,0.005169682906975497,1.4443640217543431e-06,0.01429718870462224,2.5983555580671653e-05,4.799203714383271,2.1922922130443534,0.0,1.8457869583109237e-06
2025-04-24,0.005169682906975497,1.4443640217543431e-06,0.01429718870462224,2.5983555580671653e-05,4.806716320611902,2.1922922130443534,0.0,1.6839438407920106e-06
2025-04-25,0.005169682906975497,1.371874153830269e-06,0.01429718870462224,2.573019980370889e-05,4.810024610462898,1.8986631212461955,-7.248986792407412e-08,1.4621110385786562e-06
2025-04-28,0.005169682906975497,1.371874153830269e-06,0.01429718870462224,2.573019980370889e-05,4.813697359191231,1.9823457541226859,0.0,1.1420633461105997e-06
2025-04-29,0.005169682906975497,9.355700989156908e-07,0.01429718870462224,1.8021099823859115e-05,4.810231395178269,2.238402199368752,-4.3630405491457816e-07,7.313678071449738e-07
2025-04-30,0.005169682906975497,1.4202216543141545e-06,0.01429718870462224,2.432514761830543e-05,4.808391057012749,2.223844283806428,4.846515553984637e-07,7.357388998900954e-07
2025-05-01,0.005169682906975497,2.328782669023665e-06,0.01429718870462224,3.571301933523404e-05,4.8218469816425245,2.3369440194283917,9.085610147095105e-07,7.414291368638893e-07
2025-05-02,0.005169682906975497,3.6940812429311106e-06,0.01429718870462224,4.794578224657246e-05,4.8351884013021715,2.698800477328287,1.3652985739074455e-06,8.389269434499477e-07
2025-05-05,0.005169682906975497,3.6940812429311106e-06,0.01429718870462224,4.794578224657246e-05,4.8289862162380155,2.698800477328287,0.0,9.146970250462888e-07
2025-05-06,0.005169682906975497,3.6940812429311106e-06,0.01429718870462224,4.794578224657246e-05,4.83931498089159,2.698800477328287,0.0,9.749883121232542e-07
2025-05-07,0.005169682906975497,6.315057280928925e-06,0.01429718870462224,7.569126951883857e-05,4.819988212876043,2.759842533637769,2.6209760379978143e-06,1.3323118780237225e-06
2025-05-08,0.005169682906975497,5.420358988024317e-06,0.01429718870462224,7.205588320397087e-05,4.815839212162268,2.5290485774713263,-8.946982929046077e-07,1.4803646512368997e-06
2025-05-09,0.005169682906975497,4.9528005234924155e-06,0.01429718870462224,7.020267340942472e-05,4.802427611415453,2.2821893298351834,-4.675584645319016e-07,1.5562064487922474e-06
2025-05-12,0.004108625670090434,3.628987269316287e-06,0.011721283131263149,6.251982640097034e-05,4.912923446451697,2.109320934133536,-1.3238132541761286e-06,1.5432689460969017e-06
2025-05-13,0.004108625670090434,3.5398487532876135e-06,0.011721283131263149,6.238074348589145e-05,4.916122176294683,1.8382017010343632,-8.913851602867342e-08,1.501526117216265e-06
2025-05-14,0.004108625670090434,3.5635332879604045e-06,0.011721283131263149,6.239127934914395e-05,4.902119878638764,2.0366110682173737,2.3684534672790958e-08,1.5059230698767886e-06
2025-05-15,0.004108625670090434,3.527780503899943e-06,0.011721283131263149,6.23647083148934e-05,4.894803351244304,1.665503901518548,-3.575278406046161e-08,1.5094908294416154e-06
2025-05-16,0.004108625670090434,3.527780503899943e-06,0.011721283131263149,6.23647083148934e-05,4.871313484026841,1.665503901518548,0.0,1.5129283321604226e-06
2025-05-19,0.004108625670090434,1.6754992740787182e-07,0.011721283131263149,5.238101012898549e-06,4.867619202480909,1.517395560424521,-3.360230576492071e-06,1.6406827757343055e-06
2025-05-20,0.004257130889016677,1.6754992740787182e-07,0.011800887646933949,5.238101012898549e-06,4.831089110289005,1.517395560424521,0.0,1.7220764525993191e-06
2025-05-21,0.004257130889016677,1.6754992740787182e-07,0.011800887646933949,5.238101012898549e-06,4.83719894796418,1.517395560424521,0.0,1.7974076780668943e-06
2025-05-22,0.004257130889016677,2.982073828563431e-07,0.011800887646933949,8.965190376517922e-06,4.842642988605306,1.4007266570771981,1.306574554484713e-07,1.8583543223276628e-06
2025-05-23,0.004257130889016677,3.2140109212303635e-07,0.011800887646933949,9.104231114035258e-06,4.838147893247314,1.7619298095480997,2.319370926669324e-08,1.9116328051873767e-06
2025-05-27,0.004257130889016677,3.2140109212303635e-07,0.011800887646933949,9.104231114035258e-06,4.837988722034511,1.7619298095480997,0.0,1.9619865736262495e-06
2025-05-28,0.004257130889016677,3.2890202541204884e-07,0.011800887646933949,9.161333133355832e-06,4.832755611846658,1.775231459001844,7.50093328901249e-09,1.993259434739011e-06
2025-05-29,0.004257130889016677,4.6122339940952465e-07,0.011800887646933949,1.075864829530646e-05,4.834044696498935,2.1362869161525166,1.323213739974758e-07,2.0331056464317933e-06
2025-05-30,0.004257130889016677,5.9290714920943e-07,0.011800887646933949,1.2593937522626514e-05,4.820976121790423,2.407755489432144,1.3168374979990538e-07,2.0776362359510224e-06
2025-06-02,0.004257130889016677,4.375745584743999e-07,0.011800887646933949,1.0099054856813142e-05,4.810399143098189,2.349557915108193,-1.5533259073503013e-07,2.0999561683384083e-06
2025-06-03,0.004257130889016677,4.375745584743999e-07,0.011800887646933949,1.0099054856813142e-05,4.808817765492357,2.349557915108193,0.0,2.108849108817252e-06
2025-06-04,0.004257130889016677,4.868547182184772e-07,0.011800887646933949,1.0734720564693497e-05,4.796369480422535,2.3645274099493623,4.928015974407733e-08,2.102673036376387e-06
2025-06-05,0.004257130889016677,3.9999928842885743e-07,0.011800887646933949,9.918199757927717e-06,4.800985222356134,2.0530555885971333,-8.68554297896198e-08,1.8553560909613631e-06
2025-06-06,0.004298841884776117,3.768055791621642e-07,0.011819316316350246,9.790725241145282e-06,4.780110735685235,1.7662076934747406,-2.319370926669324e-08,1.644959230219727e-06
2025-06-09,0.004298841884776117,1.421523262599322e-06,0.011819316316350246,2.6144206093773573e-05,4.783295262230577,1.77575616451897,1.0447176834371577e-06,1.4153810057132776e-06
2025-06-10,0.004298841884776117,1.5189867302311126e-06,0.011819316316350246,2.652446758406507e-05,4.771740746463549,2.0976783042614073,9.746346763179071e-08,1.2993692406679425e-06
2025-06-11,0.004298841884776117,1.8494430329225606e-06,0.011819316316350246,2.834771238385032e-05,4.75467100510332,2.6190193474337766,3.3045630269144797e-07,1.1822315473442612e-06
2025-06-12,0.004298841884776117,1.8494430329225606e-06,0.011819316316350246,2.834771238385032e-05,4.7642426954544925,2.6190193474337766,0.0,1.0418329842781996e-06
2025-06-13,0.004257130889016677,1.8494430329225606e-06,0.011800887646933949,2.834771238385032e-05,4.799727155016867,2.6190193474337766,0.0,8.762696451009512e-07
2025-06-16,0.00423219022039904,5.02025048972007e-06,0.011837212769623467,6.661124764680728e-05,4.780041747150254,2.7926034126077415,3.170807456797509e-06,1.1401961331246637e-06
2025-06-17,0.0038036519229064565,5.02025048972007e-06,0.011546343986680642,6.661124764680728e-05,4.790245946062137,2.7926034126077415,0.0,1.4461043613252323e-06
2025-06-18,0.0038036519229064565,4.371131466130876e-06,0.011546343986680642,6.402636180873648e-05,4.764992760892744,2.4534761044288427,-6.491190235891939e-07,1.591466291764183e-06
2025-06-20,0.0038036519229064565,4.360570136106878e-06,0.011546343986680642,6.400731771491644e-05,4.732051057800925,2.445947017546651,-1.0561330023997784e-08,1.6965322497371226e-06
2025-06-23,0.0004889600442707762,3.454148489981673e-06,0.0019481391140480579,4.6455170793932506e-05,5.310895535929345,2.795469821226476,-9.064216461252049e-07,1.7170745332248738e-06
2025-06-24,0.00029423566042081564,3.3751436998689947e-06,0.001246524176861662,4.629628850493174e-05,5.39362508219362,2.6550542229666325,-7.900479011267848e-08,1.719687545493886e-06
2025-06-25,0.00029423566042081564,3.763540473306448e-06,0.001246524176861662,4.736957294542982e-05,5.38780641742068,3.148286725961562,3.8839677343745313e-07,1.7259693877703943e-06
2025-06-26,0.00029423566042081564,3.264207450468435e-06,0.001246524176861662,4.44881854420451e-05,5.391893987046668,3.0791006458980124,-4.993330228380126e-07,1.6947515392006542e-06
2025-06-27,0.00029690230796617436,3.2860384380211583e-06,0.0012533320690132114,4.451210097682497e-05,5.399121348504974,3.1847175268470433,2.1830987552723102e-08,1.6581659421781499e-06
2025-06-30,0.00027781271374426915,3.3366363971120004e-06,0.0012016821822797446,4.459932765665694e-05,5.403880008314043,3.304282715427315,5.059795909084206e-08,1.6175546096207282e-06
2025-07-01,0.0002642279252476855,3.3366363971120004e-06,0.0011667480138446561,4.459932765665694e-05,5.412138250781279,3.304282715427315,0.0,1.5521500186244627e-06
2025-07-02,0.0002226464549093787,4.071986080688441e-06,0.0010381356144558607,4.917637476697342e-05,5.437698178265009,3.4244830928761565,7.353496835764405e-07,1.4924626531255689e-06
2025-07-03,0.0002973028769104379,1.9022747530087606e-06,0.0013859534798492145,2.495467145260996e-05,5.387985559517345,3.5791728540419374,-2.1697113276796803e-06,1.4070889538362196e-06
2025-07-07,0.0002820384953935156,1.776645609983917e-06,0.0013529567099848769,2.435421700092624e-05,5.394688570801684,3.453574301559923,-1.2562914302484354e-07,1.3090548236736286e-06
2025-07-08,0.0002820384953935156,1.776645609983917e-06,0.0013529567099848769,2.435421700092624e-05,5.389631808704522,3.453574301559923,0.0,1.196213501076475e-06
2025-07-09,0.0002820384953935156,2.290649792645365e-06,0.0013529567099848769,3.0989717222688735e-05,5.385195150323318,3.322291560916151,5.140041826614478e-07,1.1495731597261492e-06
2025-07-10,0.0002820384953935156,1.7033835371470053e-06,0.0013529567099848769,2.595944893098434e-05,5.379679210184176,3.0849111548292596,-5.872662554983596e-07,1.1371196985877377e-06
2025-07-11,0.0002820384953935156,4.4980548198568245e-06,0.0013529567099848769,6.50799767754702e-05,5.385168758060505,2.5547523292245047,2.794671282709819e-06,1.1401326968125967e-06
2025-07-14,0.0002820384953935156,4.444116886509498e-06,0.0013529567099848769,6.502739824366759e-05,5.381789248914597,2.3840684730182566,-5.3937933347326586e-08,1.1240359038655775e-06
2025-07-15,0.0002954824201040025,4.444116886509498e-06,0.0013806812501306962,6.502739824366759e-05,5.370181832940343,2.3840684730182566,0.0,1.0915940323954911e-06
2025-07-16,0.0003471652136815842,4.478277788591764e-06,0.0015184849468331799,6.506929093963475e-05,5.340468881769384,2.5280199424339327,3.4160902082265824e-08,1.057401482943033e-06
2025-07-17,0.0003471652136815842,4.278208963475893e-06,0.0015184849468331799,6.309824454684423e-05,5.328453466967626,2.318478291136532,-2.000688251158706e-07,1.0113355583158967e-06
2025-07-18,0.0003471652136815842,1.968706501376314e-06,0.0015184849468331799,3.1161552630987354e-05,5.336289564581657,2.5409143212767855,-2.3095024620995792e-06,1.0336737212951633e-06
2025-07-21,0.0003471652136815842,2.485082582120202e-06,0.0015184849468331799,3.4765854242871776e-05,5.333818814761074,2.7656610645091555,5.163760807438879e-07,1.016415740813863e-06
2025-07-22,0.0003471652136815842,2.485082582120202e-06,0.0015184849468331799,3.4765854242871776e-05,5.342448405238054,2.7656610645091555,0.0,1.0265458678845881e-06
2025-07-23,0.0003471652136815842,2.034482472417634e-06,0.0015184849468331799,3.184867723393693e-05,5.346241997007963,2.5667956262395433,-4.5060010970256793e-07,1.0543473670807487e-06
2025-07-24,0.0002009119679640049,2.034482472417634e-06,0.0009778441771307175,3.184867723393693e-05,5.440904104008463,2.5667956262395433,0.0,1.066277337637281e-06
2025-07-25,0.00017531942950670994,2.034482472417634e-06,0.0009095097284249627,3.184867723393693e-05,5.445760255707639,2.5667956262395433,0.0,1.0852111881834632e-06
2025-07-28,0.00017531942950670994,1.6740269050826802e-06,0.0009095097284249627,2.9448740659334265e-05,5.422459499390822,2.301830452443775,-3.604555673349537e-07,1.1170307670272865e-06
2025-07-29,0.00017531942950670994,3.205794817001227e-06,0.0009095097284249627,4.340055902926701e-05,5.424287817100382,2.73070185432311,1.5317679119185467e-06,1.1144274485730573e-06
2025-07-30,0.00017531942950670994,3.2493083188442774e-06,0.0009095097284249627,4.349997750905703e-05,5.414771445932879,2.77133235386836,4.3513501843050455e-08,1.1125741097417907e-06
2025-07-31,0.00017531942950670994,1.880232124256156e-06,0.0009095097284249627,2.928937151650519e-05,5.416515856962141,2.775095487047177,-1.3690761945881214e-06,1.0927903897876713e-06
2025-08-01,0.00019945070414245062,1.880232124256156e-06,0.0009731270794302961,2.928937151650519e-05,5.399121665649814,2.749532512347626,0.0,1.0936822173709271e-06
2025-08-04,0.00012900407460143609,1.880232124256156e-06,0.0006698122743790364,2.928937151650519e-05,5.455644651727689,2.749532512347626,0.0,1.0891602601352764e-06
2025-08-05,0.00012900407460143609,2.56234432441098e-06,0.0006698122743790364,3.3780095481278623e-05,5.46072104079896,3.241780616129674,6.821122001548239e-07,1.0666627919611737e-06
2025-08-06,0.00012900407460143609,2.2096563165403754e-06,0.0006698122743790364,3.161007295727063e-05,5.4590147427371525,3.0844316278083492,-3.5268800787060443e-07,1.0687524107373885e-06
2025-08-07,0.0001202824834155579,2.2096563165403754e-06,0.0006419156771603896,3.161007295727063e-05,5.461411956490909,3.0844316278083492,0.0,1.0479143971527016e-06
2025-08-08,0.0001268613747184237,2.2096563165403754e-06,0.0006624333918559646,3.161007295727063e-05,5.457715482906664,3.0844316278083492,0.0,9.7476395718512e-07
2025-08-11,0.0001268613747184237,1.7220287833945938e-06,0.0006624333918559646,2.734158169931196e-05,5.466671277880359,3.2348379933787794,-4.876275331457816e-07,9.032502066833629e-07
2025-08-12,0.00014005352373709976,1.5616268073481131e-06,0.0007094707364534289,2.6785273319118655e-05,5.456352765982313,2.9167366843539213,-1.6040197604648067e-07,8.096074089708221e-07
2025-08-13,0.00014005352373709976,2.340275609133076e-06,0.0007094707364534289,3.527905394942129e-05,5.455039941553655,2.6494915442597113,7.786488017849627e-07,6.455889467210705e-07
2025-08-14,0.00014005352373709976,1.5240342975672323e-06,0.0007094707364534289,2.7512476527522825e-05,5.455246623178943,2.4562935746817387,-8.162413115658436e-07,4.702997440403509e-07
2025-08-15,0.00014005352373709976,1.5240342975672323e-06,0.0007094707364534289,2.7512476527522825e-05,5.4680295584499765,2.4562935746817387,0.0,4.898048812096341e-07
2025-08-18,0.00014005352373709976,1.8471974178555227e-06,0.0007094707364534289,3.322439098110544e-05,5.457161574676531,2.285593688453018,3.231631202882904e-07,4.865899577935318e-07
2025-08-19,0.00014421379251503984,2.0817822108007203e-06,0.0007235470232212056,3.4619466909209004e-05,5.455200258982889,2.3616865371007116,2.3458479294519765e-07,4.782266634707629e-07
2025-08-20,0.00014421379251503984,2.932951369458692e-06,0.0007235470232212056,4.3744335441514924e-05,5.457104382769613,2.318672453470265,8.511691586579715e-07,5.142452322099276e-07
2025-08-21,0.00014421379251503984,3.4687956139825186e-06,0.0007235470232212056,4.661840062615744e-05,5.4570237770277314,2.405789111387215,5.358442445238268e-07,5.942735881047414e-07
2025-08-22,0.00016241423622941902,3.605533496477531e-06,0.0007922760987286683,4.6992291329458604e-05,5.456610046287803,2.6156976822602647,1.3673788249501229e-07,6.702332113032263e-07
2025-08-25,0.00016241423622941902,2.4460837662816625e-06,0.0007922760987286683,3.637837698277385e-05,5.4485190771558845,2.596013216968996,-1.1594497301958684e-06,6.556627002909442e-07
2025-08-26,0.00019173248871799385,2.2921594108533287e-06,0.0009220072627137869,3.569188768935735e-05,5.4285242781106975,2.5251580212024862,-1.5392435542833383e-07,6.214175376776748e-07
2025-08-27,0.00019173248871799385,2.2921594108533287e-06,0.0009220072627137869,3.569188768935735e-05,5.410508234804577,2.5251580212024862,0.0,5.774416265543707e-07
2025-08-28,0.00019174452959997755,1.1659053188952121e-06,0.0009220434086293017,2.183975885166505e-05,5.407117147328862,2.341339964045645,-1.1262540919581166e-06,6.202947668506491e-07
2025-08-29,0.00018966954417634076,1.1659053188952121e-06,0.000916265601708813,2.183975885166505e-05,5.4262840421391285,2.341339964045645,0.0,6.583363653044951e-07
2025-09-02,0.00018966954417634076,1.3164729470907e-06,0.000916265601708813,2.3316296783463824e-05,5.434826467569907,2.345857917761281,1.5056762819548777e-07,6.822254173495746e-07
2025-09-03,0.00018966954417634076,1.4534651800654064e-06,0.000916265601708813,2.3989576386583068e-05,5.441408506695644,2.5994328759700793,1.3699223297470655e-07,6.897366551101072e-07
2025-09-04,0.0002078528254701745,1.4534651800654064e-06,0.0009714547864536952,2.3989576386583068e-05,5.421897584192525,2.5994328759700793,0.0,7.022033375729572e-07
2025-09-05,0.0002078528254701745,1.5356921795760064e-06,0.0009714547864536952,2.5135571968367704e-05,5.4183427948604095,2.587334847035792,8.222699951059997e-08,7.092969967002781e-07
2025-09-08,0.00022344263020626791,1.747897589728912e-06,0.0010267669023974193,2.898647959637491e-05,5.397164148884402,2.3581586156012846,2.1220541015290553e-07,7.095244818806757e-07
2025-09-09,0.00022344263020626791,1.747897589728912e-06,0.0010267669023974193,2.898647959637491e-05,5.399557124796271,2.3581586156012846,0.0,7.090646440046517e-07
2025-09-10,0.00022344263020626791,1.2508657644218957e-06,0.0010267669023974193,2.257333769533117e-05,5.401083488417705,2.1228801129260355,-4.970318253070162e-07,7.218925685782722e-07
2025-09-11,0.00021191517948287238,1.2508657644218957e-06,0.00098525298555725,2.257333769533117e-05,5.406527347630422,2.1228801129260355,0.0,7.326793247852114e-07
2025-09-12,0.00021191517948287238,1.0344681650009542e-06,0.00098525298555725,1.96356690471092e-05,5.405602392298055,2.5304470241101176,-2.1639759942094152e-07,7.539517934687162e-07
2025-09-15,0.00021191517948287238,1.3986967908098269e-06,0.00098525298555725,2.3366876947522184e-05,5.412267000450047,2.5549577566706243,3.6422862580887265e-07,7.575844225250327e-07
2025-09-16,0.0002592563071386643,1.4244520142040594e-06,0.001207101277990005,2.1940186374223648e-05,5.375959626126541,3.042091584936895,2.5755223394232556e-08,7.642518710382903e-07
2025-09-17,0.0002592563071386643,1.5314169374019823e-06,0.001207101277990005,2.226210744809144e-05,5.381661614489684,3.2166393091202123,1.0696492319792292e-07,7.654984728138995e-07
2025-09-18,0.00027050807171195813,1.5314169374019823e-06,0.0012265162130257854,2.226210744809144e-05,5.38419557361419,3.2166393091202123,0.0,7.217053438269758e-07
2025-09-19,0.00027050807171195813,1.5973019687586778e-06,0.0012265162130257854,2.2493854113940886e-05,5.397694668216144,3.432157034149247,6.588503135669541e-08,5.987491527826684e-07
2025-09-22,0.00027050807171195813,1.8118685196957876e-06,0.0012265162130257854,2.4406674764585146e-05,5.3962484523124745,3.4265387084729437,2.1456655093710985e-07,3.904226722727077e-07
2025-09-23,0.00027050807171195813,2.2506040308978673e-06,0.0012265162130257854,3.0218030758636297e-05,5.404755965891937,3.3586204569111455,4.387355112020797e-07,3.692740455627598e-07
2025-09-24,0.00027050807171195813,2.2506040308978673e-06,0.0012265162130257854,3.0218030758636297e-05,5.400360046084547,3.3586204569111455,0.0,3.6504602622026783e-07
2025-09-25,0.00027050807171195813,2.6390953448032705e-06,0.0012265162130257854,3.586490847625152e-05,5.397913828103881,3.3102973531908324,3.8849131390540316e-07,4.074237609918302e-07
2025-09-26,0.00027050807171195813,2.6390953448032705e-06,0.0012265162130257854,3.586490847625152e-05,5.397489649878704,3.3102973531908324,0.0,4.589299408798101e-07
2025-09-29,0.00027050807171195813,2.7901671237763165e-06,0.0012265162130257854,3.71157692681455e-05,5.393407133230031,3.226696814104843,1.5107177897304607e-07,5.094018709001096e-07
2025-09-30,0.00027050807171195813,2.9355680083514495e-06,0.0012265162130257854,3.779196883695085e-05,5.392136476069512,3.25656089098209,1.4540088457513298e-07,5.653408446001348e-07
2025-10-01,0.00027050807171195813,2.9279539974197557e-06,0.0012265162130257854,3.779536323395366e-05,5.376112587718725,3.0968711286324124,-7.614010931693825e-09,6.102436424651303e-07
2025-10-02,0.00027050807171195813,2.861153599648296e-06,0.0012265162130257854,3.725995479473557e-05,5.370615047017124,3.165310054483602,-6.680039777145982e-08,6.380962615072489e-07
2025-10-03,0.00027050807171195813,2.657874517409746e-06,0.0012265162130257854,3.594933642797383e-05,5.37212489814785,3.1679119990388167,-2.0327908223854985e-07,6.482776050621563e-07
2025-10-06,0.00027050807171195813,2.5465526799941264e-06,0.0012265162130257854,3.5608324857366595e-05,5.372202245654813,3.009244807360159,-1.113218374156196e-07,6.555825595640814e-07
2025-10-07,0.00027050807171195813,2.3775623809157847e-06,0.0012265162130257854,3.495509144099454e-05,5.370331934947205,2.82322816423004,-1.689902990783417e-07,6.552332819635327e-07
2025-10-08,0.00027050807171195813,2.7392794063106216e-06,0.0012265162130257854,3.6885845610059287e-05,5.376194750977635,3.126627417371119,3.617170253948369e-07,6.398061581858963e-07
2025-10-09,0.00027050807171195813,2.808395509686097e-06,0.0012265162130257854,3.6869627760003765e-05,5.380225824543113,3.332109183235906,6.911610337547528e-08,6.177593896192037e-07
2025-10-10,0.0003552921756940433,2.769491349053343e-06,0.0014895540609081424,3.681949100799753e-05,5.341072081277305,3.2184238673364094,-3.8904160632753954e-08,5.589232381449038e-07
2025-10-13,0.0005925001219159217,2.769491349053343e-06,0.0026529622806058853,3.681949100799753e-05,5.239989162468475,3.2184238673364094,0.0,5.222753391048309e-07
2025-10-14,0.0005925001219159217,3.1462003740735186e-06,0.0026529622806058853,3.8913530204067016e-05,5.239963898351518,3.3632895143630597,3.7670902502017564e-07,4.95441141265422e-07
2025-10-15,0.0005925001219159217,3.1462003740735186e-06,0.0026529622806058853,3.8913530204067016e-05,5.234697396518199,3.3632895143630597,0.0,4.63423553219339e-07
2025-10-16,0.0005677653676371122,2.5985199386838905e-06,0.0025244856693780932,3.599267318646221e-05,5.2507528615181105,3.190146400316591,-5.476804353896281e-07,3.951995908150484e-07
2025-10-17,0.0005677653676371122,2.591458401445778e-06,0.0025244856693780932,3.599104500060318e-05,5.238630554835505,3.093562601884163,-7.061537238112425e-09,3.1510896784071237e-07
2025-10-20,0.000555882495779794,2.872296754957242e-06,0.0025111843121563837,3.734979948685001e-05,5.245051091974259,3.253359425610853,2.8083835351146393e-07,2.460250501015766e-07
2025-10-21,0.000555882495779794,4.524328533251635e-06,0.0025111843121563837,5.226893045820212e-05,5.2554896820338115,3.062663974961659,1.652031778294393e-06,4.5569839186762784e-07
2025-10-22,0.0005372697342907839,4.4926953935847635e-06,0.00243496709969344,5.210669534027814e-05,5.262497118626372,3.0607892442949605,-3.163313966687145e-08,5.677759075728048e-07
2025-10-23,0.0005368487240721442,3.7245474835444767e-06,0.002434467334104369,4.9402043255105056e-05,5.2576756338354365,2.4944797251748714,-7.681479100402868e-07,5.888194114943009e-07
2025-10-24,0.0005365531625832679,3.5654622897364506e-06,0.002434175761836437,4.893721921665104e-05,5.249113609558917,2.318557811619225,-1.5908519380802608e-07,5.956670042848304e-07
2025-10-27,0.000561239039100125,2.2176807825327184e-06,0.002461485173211059,3.453791425849516e-05,5.249158865921089,2.4388849381335818,-1.3477815072037322e-06,6.216090083654543e-07
2025-10-28,0.000561239039100125,2.2188592961614633e-06,0.002461485173211059,3.4371101628440106e-05,5.246699792365326,2.429486002998615,1.1785136287449008e-09,6.46506757495112e-07
2025-10-29,0.000561239039100125,4.023468849628996e-06,0.002461485173211059,5.323309715356003e-05,5.246507671512424,2.4406681550503735,1.8046095534675328e-06,6.871902884592066e-07
2025-10-30,0.0005412080987864666,4.044877312853324e-06,0.002379429676115256,5.387298348366765e-05,5.2568667659306145,2.214332706862877,2.1408463224327585e-08,7.21755450013314e-07
2025-10-31,0.0005412080987864666,2.9624993980086975e-06,0.002379429676115256,4.6024531691259446e-05,5.243733578204524,2.1008430617977885,-1.0823779148446262e-06,7.153025943796991e-07
2025-11-03,0.0005205763360839613,2.3604268884070955e-06,0.002356653832054934,3.659505837329148e-05,5.246880007894035,2.60218393937044,-6.02072509601602e-07,7.241341051078093e-07
2025-11-04,0.00036548365470095247,2.3604268884070955e-06,0.001636983488392979,3.659505837329148e-05,5.323825875128263,2.60218393937044,0.0,7.250405494593214e-07
2025-11-05,0.0003541063162225201,2.5431670212907608e-06,0.0016174127778858796,3.750670416284069e-05,5.335133155668488,2.5992413985201925,1.8274013288366528e-07,7.31428651099176e-07
2025-11-06,0.0003459517300921439,2.6438718663027707e-06,0.0015809864278314464,3.829867934064201e-05,5.342489089619649,2.820708147572127,1.0070484501200992e-07,7.356403000925158e-07
2025-11-07,0.0003459517300921439,2.2945055660747514e-06,0.0015809864278314464,3.5947906986965926e-05,5.359075147069463,2.6907176756956566,-3.493663002280193e-07,7.53599443898897e-07
2025-11-10,0.0003459517300921439,2.2945055660747514e-06,0.0015809864278314464,3.5947906986965926e-05,5.363926675564876,2.6907176756956566,0.0,7.703701471716633e-07
2025-11-11,0.0003459517300921439,2.2945055660747514e-06,0.0015809864278314464,3.5947906986965926e-05,5.364469339092714,2.6907176756956566,0.0,7.870440287979893e-07
2025-11-12,0.0003459517300921439,2.810768615772544e-06,0.0015809864278314464,4.325346152112486e-05,5.358075809217222,2.618356169296189,5.162630496977927e-07,7.87085411380938e-07
2025-11-13,0.00024272192632963482,2.810768615772544e-06,0.0010786597093310308,4.325346152112486e-05,5.416300827926746,2.618356169296189,0.0,7.832068057963097e-07
2025-11-14,0.00024272192632963482,2.7745637142917253e-06,0.0010786597093310308,4.320448268789069e-05,5.415428683117245,2.4502883095301637,-3.620490148081874e-08,7.794556863894064e-07
2025-11-17,0.00024042064131406737,3.0051528095158522e-06,0.0010725851874847838,4.4785769757354055e-05,5.430804378130441,2.457604407277545,2.3058909522412693e-07,7.789503893583506e-07
2025-11-18,0.00024042064131406737,1.5190839377274049e-06,0.0010725851874847838,2.7314002798278587e-05,5.433344956155851,2.5034821487221843,-1.4860688717884474e-06,7.586892470459862e-07
2025-11-19,0.00024042064131406737,1.8780166975149075e-06,0.0010725851874847838,3.396018338077366e-05,5.423435022397511,2.1137700656487732,3.589327597875026e-07,6.817576384887554e-07
2025-11-20,0.0002319418206840008,1.8780166975149075e-06,0.0010454618325692645,3.396018338077366e-05,5.425612650563721,2.1137700656487732,0.0,6.629541259896453e-07
2025-11-21,0.0002319418206840008,3.0867208360761786e-06,0.0010454618325692645,4.601357153038507e-05,5.4264746752969515,2.0657020897799065,1.208704138561271e-06,6.352762563758949e-07
2025-11-24,0.0002319418206840008,4.324697163163218e-06,0.0010454618325692645,5.504287840883302e-05,5.428568244586928,2.357608289397199,1.237976327087039e-06,7.351966197587674e-07
2025-11-25,0.0002319418206840008,4.34748327980265e-06,0.0010454618325692645,5.504688894751656e-05,5.431995166535785,2.5484836429809663,2.2786116639432e-08,8.110578353878011e-07
2025-11-26,0.0002305608182179819,4.803690542526994e-06,0.0010414999950066957,5.673884122807666e-05,5.430280629079405,2.5895135682575434,4.562072627243447e-07,8.87511336217966e-07
2025-11-28,0.0002305608182179819,3.7853219124027886e-06,0.0010414999950066957,4.901779701879171e-05,5.424214109415409,2.369737677583893,-1.0183686301242057e-06,8.70890581633811e-07
2025-12-01,0.0002305608182179819,3.821892206286247e-06,0.0010414999950066957,4.9081467340375525e-05,5.433593698810773,2.521185507639211,3.657029388345824e-08,8.980859801915749e-07
2025-12-02,0.0002305608182179819,4.0935131813300135e-06,0.0010414999950066957,5.126151579890018e-05,5.439296650434679,2.521375498856341,2.7162097504376665e-07,9.282290637396241e-07
2025-12-03,0.0002485180402638827,5.938184199344549e-06,0.0010958653575216869,6.293159978181252e-05,5.428713258512169,3.0464163653874574,1.844671018014536e-06,1.128100126124069e-06
2025-12-04,0.0002485180402638827,6.081060180680924e-06,0.0010958653575216869,6.325676159213051e-05,5.431820459308819,3.1257602706123575,1.4287598133637452e-07,1.293605040836292e-06
2025-12-05,0.0002485180402638827,4.915790008598041e-06,0.0010958653575216869,5.582377282615562e-05,5.434927187590311,2.962771738097511,-1.1652701720828833e-06,1.3299499399747898e-06
2025-12-08,0.0002452698591305181,7.025117195426837e-06,0.0010851711023813844,7.094151075298935e-05,5.437608676058015,3.1062870091575605,2.1093271868287968e-06,1.5226068007162857e-06
2025-12-09,0.0002452698591305181,7.220951877561031e-06,0.0010851711023813844,7.162277691023589e-05,5.446157793335216,3.1291350825870436,1.9583468213419386e-07,1.6781616765668232e-06
2025-12-10,0.0002452698591305181,6.505777097478009e-06,0.0010851711023813844,6.57909304782609e-05,5.456894808781876,3.2679775699467286,-7.151747800830219e-07,1.7268641089456521e-06
2025-12-11,0.0002452698591305181,7.71672793435172e-06,0.0010851711023813844,7.313402372280582e-05,5.467146991354408,3.2720134227739286,1.2109508368737101e-06,1.8717698048076791e-06
2025-12-12,0.0002452698591305181,7.313517166516575e-06,0.0010851711023813844,7.171103290840508e-05,5.482607822319348,3.246702987509289,-4.032107678351444e-07,1.9429575996969204e-06
2025-12-15,0.0002452698591305181,9.626702701814338e-06,0.0010851711023813844,8.432988320448292e-05,5.480838905211254,3.469585551148042,2.3131855352977633e-06,2.191975305050204e-06
2025-12-16,0.0002452698591305181,9.446479370125133e-06,0.0010851711023813844,8.408231185017658e-05,5.482679263418878,3.393192204415482,-1.802233316892049e-07,2.3589051736087194e-06
2025-12-17,0.0002452698591305181,9.441523648671498e-06,0.0010851711023813844,8.408162978356446e-05,5.482120547579501,3.3495066890445715,-4.955721453635855e-09,2.3616973872382375e-06
2025-12-18,0.00023379166082188353,9.441523648671498e-06,0.0010530206113823339,8.408162978356446e-05,5.491568467306914,3.3495066890445715,0.0,2.3291307954937625e-06
2025-12-19,0.00023379166082188353,8.983496570247168e-06,0.0010530206113823339,8.501479934368323e-05,5.488734740344345,3.3056737539729295,-4.580270784243295e-07,2.1990355693840835e-06
2025-12-22,0.00018609327958575157,8.684543380196426e-06,0.0008779133682923994,8.342151504622717e-05,5.506524858218527,3.273367901654749,-2.989531900507422e-07,2.1101087158668826e-06
2025-12-23,0.00017147805900619094,7.69938333464575e-06,0.0008280687042187455,7.883669524799774e-05,5.510329222446678,3.2289666228299736,-9.851600455506766e-07,2.046158883501422e-06
2025-12-24,0.00016734066818487053,6.3314618002418285e-06,0.0008154861472241793,6.986332163980002e-05,5.514283744006499,3.3344890945548764,-1.3679215344039208e-06,1.965215039989398e-06
2025-12-26,0.00016734066818487053,5.439544208806642e-06,0.0008154861472241793,6.624410513833197e-05,5.515623358080409,3.14962881855995,-8.919175914351867e-07,1.9336601859426135e-06
2025-12-29,0.00016134057576352553,2.776658628478858e-06,0.0007955109116415332,3.641082842075334e-05,5.519294982107284,3.3014430522650913,-2.6628855803277837e-06,2.031906137351388e-06
2025-12-30,0.00016134057576352553,2.776658628478858e-06,0.0007955109116415332,3.641082842075334e-05,5.514630406658355,3.3014430522650913,0.0,2.127135994021071e-06
2025-12-31,0.00015609000505563674,3.535411819200951e-06,0.0007716146071397715,4.40785087703478e-05,5.516796095153054,3.2477913193813848,7.587531907220927e-07,2.168770448733918e-06
